OK	/htdocs/application/.htaccess
OK	/htdocs/application/config/form-builder.php
OK	/htdocs/application/config/routes.php
OK	/htdocs/application/controllers/Common.php
OK	/htdocs/application/controllers/School.php
OK	/htdocs/application/controllers/admin/Addons.php
OK	/htdocs/application/controllers/admin/Certificate.php
OK	/htdocs/application/controllers/admin/Enquiry.php
OK	/htdocs/application/controllers/admin/Feesforward.php
OK	/htdocs/application/controllers/admin/Incomehead.php
OK	/htdocs/application/controllers/admin/Mark.php
OK	/htdocs/application/controllers/admin/Pickuppoint.php
OK	/htdocs/application/controllers/admin/Staff.php
OK	/htdocs/application/controllers/admin/Timeline.php
OK	/htdocs/application/controllers/admin/Visitorspurpose.php
OK	/htdocs/application/controllers/gateway_ins/Toyyibpay.php
OK	/htdocs/application/controllers/onlineadmission/Midtrans.php
OK	/htdocs/application/controllers/onlineadmission/Skrill.php
OK	/htdocs/application/controllers/user/Default.php
OK	/htdocs/application/controllers/user/Subject.php
OK	/htdocs/application/controllers/user/gateway/Flutterwave.php
OK	/htdocs/application/controllers/user/gateway/Paypal.php
OK	/htdocs/application/core/index.html
OK	/htdocs/application/helpers/secure_upload_helper.php
OK	/htdocs/application/language/Amharic/db_lang.php
OK	/htdocs/application/language/Bengali/db_lang.php
OK	/htdocs/application/language/Chinese/db_lang.php
OK	/htdocs/application/language/Dutch/db_lang.php
OK	/htdocs/application/language/Finnish/db_lang.php
OK	/htdocs/application/language/German/db_lang.php
OK	/htdocs/application/language/Hebrew/db_lang.php
OK	/htdocs/application/language/Indonesian/db_lang.php
OK	/htdocs/application/language/Javanese/db_lang.php
OK	/htdocs/application/language/Lao/db_lang.php
OK	/htdocs/application/language/Macedonian/db_lang.php
OK	/htdocs/application/language/Maltese/db_lang.php
OK	/htdocs/application/language/Nepali/db_lang.php
OK	/htdocs/application/language/Portuguese/db_lang.php
OK	/htdocs/application/language/Scottish/db_lang.php
OK	/htdocs/application/language/Spanish/db_lang.php
OK	/htdocs/application/language/Tagalog/db_lang.php
OK	/htdocs/application/language/Turkish/db_lang.php
OK	/htdocs/application/language/Welsh/db_lang.php
OK	/htdocs/application/libraries/Ajax_pagination.php
OK	/htdocs/application/libraries/Datatables.php
OK	/htdocs/application/libraries/Media_storage.php
OK	/htdocs/application/libraries/Paypal_payment.php
OK	/htdocs/application/libraries/Smsgateway.php
OK	/htdocs/application/libraries/PHPMailer/class.phpmailer.php
OK	/htdocs/application/libraries/PHPMailer/extras/README.md
OK	/htdocs/application/libraries/PHPMailer/language/phpmailer.lang-eo.php
OK	/htdocs/application/libraries/PHPMailer/language/phpmailer.lang-it.php
OK	/htdocs/application/libraries/PHPMailer/language/phpmailer.lang-ro.php
OK	/htdocs/application/libraries/Zend/Exception.php
OK	/htdocs/application/libraries/Zend/Barcode/Object/Error.php
OK	/htdocs/application/libraries/Zend/Barcode/Renderer/Image.php
OK	/htdocs/application/libraries/Zend/Validate/Date.php
OK	/htdocs/application/libraries/Zend/Validate/Interface.php
OK	/htdocs/application/libraries/Zend/Validate/Barcode/Code39.php
OK	/htdocs/application/libraries/Zend/Validate/Barcode/Gtin13.php
OK	/htdocs/application/libraries/Zend/Validate/Barcode/Upce.php
OK	/htdocs/application/libraries/Zend/Validate/File/ImageSize.php
OK	/htdocs/application/libraries/Zend/Validate/Hostname/Com.php
OK	/htdocs/application/models/Apply_leave_model.php
OK	/htdocs/application/models/Chat_model.php
OK	/htdocs/application/models/Complaint_Model.php
OK	/htdocs/application/models/Examgroup_model.php
OK	/htdocs/application/models/Feemaster_model.php
OK	/htdocs/application/models/Holiday_model.php
OK	/htdocs/application/models/Itemsupplier_model.php
OK	/htdocs/application/models/Mark_model.php
OK	/htdocs/application/models/Payroll_model.php
OK	/htdocs/application/models/Session_model.php
OK	/htdocs/application/models/StudentAppliedDiscount_model.php
OK	/htdocs/application/models/Subjecttimetable_model.php
OK	/htdocs/application/models/User_model.php
OK	/htdocs/application/third_party/billplz/billplz/billplz-api/src/Connect.php
OK	/htdocs/application/third_party/billplz/firebase/php-jwt/LICENSE
OK	/htdocs/application/third_party/billplz/guzzlehttp/guzzle/UPGRADING.md
OK	/htdocs/application/third_party/billplz/guzzlehttp/guzzle/src/RequestOptions.php
OK	/htdocs/application/third_party/billplz/guzzlehttp/guzzle/src/Exception/GuzzleException.php
OK	/htdocs/application/third_party/billplz/guzzlehttp/guzzle/src/Handler/Proxy.php
OK	/htdocs/application/third_party/billplz/guzzlehttp/promises/src/functions.php
OK	/htdocs/application/third_party/billplz/guzzlehttp/psr7/README.md
OK	/htdocs/application/third_party/billplz/guzzlehttp/psr7/src/MultipartStream.php
OK	/htdocs/application/third_party/billplz/guzzlehttp/psr7/src/UriNormalizer.php
OK	/htdocs/application/third_party/billplz/monolog/monolog/src/Monolog/SignalHandler.php
OK	/htdocs/application/third_party/billplz/monolog/monolog/src/Monolog/Formatter/LogglyFormatter.php
OK	/htdocs/application/third_party/billplz/monolog/monolog/src/Monolog/Handler/BufferHandler.php
OK	/htdocs/application/third_party/billplz/monolog/monolog/src/Monolog/Handler/FingersCrossedHandler.php
OK	/htdocs/application/third_party/billplz/monolog/monolog/src/Monolog/Handler/InsightOpsHandler.php
OK	/htdocs/application/third_party/billplz/monolog/monolog/src/Monolog/Handler/OverflowHandler.php
OK	/htdocs/application/third_party/billplz/monolog/monolog/src/Monolog/Handler/SlackHandler.php
OK	/htdocs/application/third_party/billplz/monolog/monolog/src/Monolog/Handler/ZendMonitorHandler.php
OK	/htdocs/application/third_party/billplz/monolog/monolog/src/Monolog/Processor/MemoryUsageProcessor.php
OK	/htdocs/application/third_party/billplz/psr/cache/README.md
OK	/htdocs/application/third_party/billplz/psr/http-client/src/RequestExceptionInterface.php
OK	/htdocs/application/third_party/billplz/psr/log/composer.json
OK	/htdocs/application/third_party/billplz/psr/log/Psr/Log/Test/LoggerInterfaceTest.php
OK	/htdocs/application/third_party/billplz/rize/uri-template/src/Rize/UriTemplate/Parser.php
OK	/htdocs/application/third_party/billplz/rize/uri-template/test/fixtures/README.md
OK	/htdocs/application/third_party/firebase/php-jwt/src/JWT.php
OK	/htdocs/application/third_party/jwt/composer/InstalledVersions.php
OK	/htdocs/application/third_party/midtrans/midtrans-php/.drone.yml
OK	/htdocs/application/third_party/midtrans/midtrans-php/examples/core-api/transaction-manipulation.php
OK	/htdocs/application/third_party/midtrans/midtrans-php/Midtrans/SnapApiRequestor.php
OK	/htdocs/application/third_party/midtrans/midtrans-php/tests/integration/VtIntegrationTest.php
OK	/htdocs/application/third_party/omnipay/vendor/aws/aws-crt-php/NOTICE
OK	/htdocs/application/third_party/omnipay/vendor/aws/aws-crt-php/src/AWS/CRT/Auth/SigningAlgorithm.php
OK	/htdocs/application/third_party/omnipay/vendor/aws/aws-sdk-php/CODE_OF_CONDUCT.md
OK	/htdocs/application/third_party/omnipay/vendor/aws/aws-sdk-php/src/Command.php
OK	/htdocs/application/third_party/omnipay/vendor/aws/aws-sdk-php/src/History.php
OK	/htdocs/application/third_party/omnipay/vendor/aws/aws-sdk-php/src/Psr16CacheAdapter.php
OK	/htdocs/application/third_party/omnipay/vendor/aws/aws-sdk-php/src/TraceMiddleware.php
OK	/htdocs/application/third_party/omnipay/vendor/aws/aws-sdk-php/src/Amplify/AmplifyClient.php
OK	/htdocs/application/third_party/omnipay/vendor/aws/aws-sdk-php/src/Api/Operation.php
OK	/htdocs/application/third_party/omnipay/vendor/aws/aws-sdk-php/src/Api/ErrorParser/XmlErrorParser.php
OK	/htdocs/application/third_party/omnipay/vendor/aws/aws-sdk-php/src/Api/Parser/RestJsonParser.php
OK	/htdocs/application/third_party/omnipay/vendor/aws/aws-sdk-php/src/Api/Serializer/XmlBody.php
OK	/htdocs/application/third_party/omnipay/vendor/aws/aws-sdk-php/src/AppFabric/Exception/AppFabricException.php
OK	/htdocs/application/third_party/omnipay/vendor/aws/aws-sdk-php/src/ApplicationInsights/Exception/ApplicationInsightsException.php
OK	/htdocs/application/third_party/omnipay/vendor/aws/aws-sdk-php/src/AppSync/Exception/AppSyncException.php
OK	/htdocs/application/third_party/omnipay/vendor/aws/aws-sdk-php/src/Arn/Exception/InvalidArnException.php
OK	/htdocs/application/third_party/omnipay/vendor/aws/aws-sdk-php/src/AuditManager/Exception/AuditManagerException.php
OK	/htdocs/application/third_party/omnipay/vendor/aws/aws-sdk-php/src/B2bi/Exception/B2biException.php
OK	/htdocs/application/third_party/omnipay/vendor/aws/aws-sdk-php/src/BCMPricingCalculator/Exception/BCMPricingCalculatorException.php
OK	/htdocs/application/third_party/omnipay/vendor/aws/aws-sdk-php/src/BedrockRuntime/Exception/BedrockRuntimeException.php
OK	/htdocs/application/third_party/omnipay/vendor/aws/aws-sdk-php/src/Chime/Exception/ChimeException.php
OK	/htdocs/application/third_party/omnipay/vendor/aws/aws-sdk-php/src/CleanRooms/Exception/CleanRoomsException.php
OK	/htdocs/application/third_party/omnipay/vendor/aws/aws-sdk-php/src/Cloud9/Exception/Cloud9Exception.php
OK	/htdocs/application/third_party/omnipay/vendor/aws/aws-sdk-php/src/CloudFrontKeyValueStore/CloudFrontKeyValueStoreClient.php
OK	/htdocs/application/third_party/omnipay/vendor/aws/aws-sdk-php/src/CloudTrail/LogFileReader.php
OK	/htdocs/application/third_party/omnipay/vendor/aws/aws-sdk-php/src/CloudWatchLogs/Exception/CloudWatchLogsException.php
OK	/htdocs/application/third_party/omnipay/vendor/aws/aws-sdk-php/src/CodeConnections/Exception/CodeConnectionsException.php
OK	/htdocs/application/third_party/omnipay/vendor/aws/aws-sdk-php/src/CodeStarconnections/Exception/CodeStarconnectionsException.php
OK	/htdocs/application/third_party/omnipay/vendor/aws/aws-sdk-php/src/ComprehendMedical/ComprehendMedicalClient.php
OK	/htdocs/application/third_party/omnipay/vendor/aws/aws-sdk-php/src/ConnectCampaignsV2/Exception/ConnectCampaignsV2Exception.php
OK	/htdocs/application/third_party/omnipay/vendor/aws/aws-sdk-php/src/ControlTower/Exception/ControlTowerException.php
OK	/htdocs/application/third_party/omnipay/vendor/aws/aws-sdk-php/src/Credentials/CredentialSources.php
OK	/htdocs/application/third_party/omnipay/vendor/aws/aws-sdk-php/src/Crypto/DecryptionTrait.php
OK	/htdocs/application/third_party/omnipay/vendor/aws/aws-sdk-php/src/Crypto/Cipher/Cbc.php
OK	/htdocs/application/third_party/omnipay/vendor/aws/aws-sdk-php/src/data/endpoints_prefix_history.json.php
OK	/htdocs/application/third_party/omnipay/vendor/aws/aws-sdk-php/src/data/acm/2015-12-08/api-2.json.php
OK	/htdocs/application/third_party/omnipay/vendor/aws/aws-sdk-php/src/data/amp/2020-08-01/waiters-2.json.php
OK	/htdocs/application/third_party/omnipay/vendor/aws/aws-sdk-php/src/data/apigateway/2015-07-09/api-2.json.php
OK	/htdocs/application/third_party/omnipay/vendor/aws/aws-sdk-php/src/data/appconfig/2019-10-09/paginators-1.json.php
OK	/htdocs/application/third_party/omnipay/vendor/aws/aws-sdk-php/src/data/appintegrations/2020-07-29/api-2.json.php
OK	/htdocs/application/third_party/omnipay/vendor/aws/aws-sdk-php/src/data/application-signals/2024-04-15/paginators-1.json.php
OK	/htdocs/application/third_party/omnipay/vendor/aws/aws-sdk-php/src/data/apprunner/2020-05-15/paginators-1.json.php
OK	/htdocs/application/third_party/omnipay/vendor/aws/aws-sdk-php/src/data/apptest/2022-12-06/smoke.json.php
OK	/htdocs/application/third_party/omnipay/vendor/aws/aws-sdk-php/src/data/athena/2017-05-18/paginators-1.json.php
OK	/htdocs/application/third_party/omnipay/vendor/aws/aws-sdk-php/src/data/autoscaling-plans/2018-01-06/paginators-1.json.php
OK	/htdocs/application/third_party/omnipay/vendor/aws/aws-sdk-php/src/data/backupsearch/2018-05-10/paginators-1.json.php
OK	/htdocs/application/third_party/omnipay/vendor/aws/aws-sdk-php/src/data/bcm-pricing-calculator/2024-06-19/paginators-1.json.php
OK	/htdocs/application/third_party/omnipay/vendor/aws/aws-sdk-php/src/data/bedrock-agent-runtime/2023-07-26/endpoint-rule-set-1.json.php
OK	/htdocs/application/third_party/omnipay/vendor/aws/aws-sdk-php/src/data/bedrock-runtime/2023-09-30/waiters-2.json.php
OK	/htdocs/application/third_party/omnipay/vendor/aws/aws-sdk-php/src/data/braket/2019-09-01/endpoint-rule-set-1.json.php
OK	/htdocs/application/third_party/omnipay/vendor/aws/aws-sdk-php/src/data/chime/2018-05-01/endpoint-rule-set-1.json.php
OK	/htdocs/application/third_party/omnipay/vendor/aws/aws-sdk-php/src/data/chime-sdk-messaging/2021-05-15/endpoint-rule-set-1.json.php
OK	/htdocs/application/third_party/omnipay/vendor/aws/aws-sdk-php/src/data/cleanroomsml/2023-09-06/paginators-1.json.php
OK	/htdocs/application/third_party/omnipay/vendor/aws/aws-sdk-php/src/data/clouddirectory/2016-05-10/endpoint-rule-set-1.json.php
OK	/htdocs/application/third_party/omnipay/vendor/aws/aws-sdk-php/src/data/cloudfront/2015-07-27/paginators-1.json.php
OK	/htdocs/application/third_party/omnipay/vendor/aws/aws-sdk-php/src/data/cloudfront/2016-08-20/paginators-1.json.php
OK	/htdocs/application/third_party/omnipay/vendor/aws/aws-sdk-php/src/data/cloudfront/2016-11-25/api-2.json.php
OK	/htdocs/application/third_party/omnipay/vendor/aws/aws-sdk-php/src/data/cloudfront/2017-10-30/paginators-1.json.php
OK	/htdocs/application/third_party/omnipay/vendor/aws/aws-sdk-php/src/data/cloudfront/2018-11-05/paginators-1.json.php
OK	/htdocs/application/third_party/omnipay/vendor/aws/aws-sdk-php/src/data/cloudfront/2020-05-31/paginators-1.json.php
OK	/htdocs/application/third_party/omnipay/vendor/aws/aws-sdk-php/src/data/cloudhsmv2/2017-04-28/paginators-1.json.php
OK	/htdocs/application/third_party/omnipay/vendor/aws/aws-sdk-php/src/data/cloudtrail-data/2021-08-11/api-2.json.php
OK	/htdocs/application/third_party/omnipay/vendor/aws/aws-sdk-php/src/data/codecatalyst/2022-09-28/paginators-1.json.php
OK	/htdocs/application/third_party/omnipay/vendor/aws/aws-sdk-php/src/data/codedeploy/2014-10-06/paginators-1.json.php
OK	/htdocs/application/third_party/omnipay/vendor/aws/aws-sdk-php/src/data/codeguruprofiler/2019-07-18/endpoint-rule-set-1.json.php
OK	/htdocs/application/third_party/omnipay/vendor/aws/aws-sdk-php/src/data/cognito-identity/2014-06-30/api-2.json.php
OK	/htdocs/application/third_party/omnipay/vendor/aws/aws-sdk-php/src/data/comprehend/2017-11-27/api-2.json.php
OK	/htdocs/application/third_party/omnipay/vendor/aws/aws-sdk-php/src/data/config/2014-11-12/smoke.json.php
OK	/htdocs/application/third_party/omnipay/vendor/aws/aws-sdk-php/src/data/connectcampaignsv2/2024-04-23/paginators-1.json.php
OK	/htdocs/application/third_party/omnipay/vendor/aws/aws-sdk-php/src/data/controltower/2018-05-10/api-2.json.php
OK	/htdocs/application/third_party/omnipay/vendor/aws/aws-sdk-php/src/data/customer-profiles/2020-08-15/api-2.json.php
OK	/htdocs/application/third_party/omnipay/vendor/aws/aws-sdk-php/src/data/dataexchange/2017-07-25/paginators-1.json.php
OK	/htdocs/application/third_party/omnipay/vendor/aws/aws-sdk-php/src/data/dax/2017-04-19/api-2.json.php
OK	/htdocs/application/third_party/omnipay/vendor/aws/aws-sdk-php/src/data/devicefarm/2015-06-23/paginators-1.json.php
OK	/htdocs/application/third_party/omnipay/vendor/aws/aws-sdk-php/src/data/discovery/2015-11-01/api-2.json.php
OK	/htdocs/application/third_party/omnipay/vendor/aws/aws-sdk-php/src/data/docdb/2014-10-31/api-2.json.php
OK	/htdocs/application/third_party/omnipay/vendor/aws/aws-sdk-php/src/data/ds/2015-04-16/endpoint-rule-set-1.json.php
OK	/htdocs/application/third_party/omnipay/vendor/aws/aws-sdk-php/src/data/dynamodb/2011-12-05/waiters-2.json.php
OK	/htdocs/application/third_party/omnipay/vendor/aws/aws-sdk-php/src/data/ec2/2015-10-01/paginators-1.json.php
OK	/htdocs/application/third_party/omnipay/vendor/aws/aws-sdk-php/src/data/ec2/2016-11-15/api-2.json.php
OK	/htdocs/application/third_party/omnipay/vendor/aws/aws-sdk-php/src/data/ecr/2015-09-21/smoke.json.php
OK	/htdocs/application/third_party/omnipay/vendor/aws/aws-sdk-php/src/data/eks/2017-11-01/paginators-1.json.php
OK	/htdocs/application/third_party/omnipay/vendor/aws/aws-sdk-php/src/data/elasticbeanstalk/2010-12-01/api-2.json.php
OK	/htdocs/application/third_party/omnipay/vendor/aws/aws-sdk-php/src/data/elasticloadbalancing/2012-06-01/smoke.json.php
OK	/htdocs/application/third_party/omnipay/vendor/aws/aws-sdk-php/src/data/elastictranscoder/2012-09-25/api-2.json.php
OK	/htdocs/application/third_party/omnipay/vendor/aws/aws-sdk-php/src/data/emr-containers/2020-10-01/api-2.json.php
OK	/htdocs/application/third_party/omnipay/vendor/aws/aws-sdk-php/src/data/es/2015-01-01/api-2.json.php
OK	/htdocs/application/third_party/omnipay/vendor/aws/aws-sdk-php/src/data/evidently/2021-02-01/api-2.json.php
OK	/htdocs/application/third_party/omnipay/vendor/aws/aws-sdk-php/src/data/firehose/2015-08-04/smoke.json.php
OK	/htdocs/application/third_party/omnipay/vendor/aws/aws-sdk-php/src/data/forecastquery/2018-06-26/paginators-1.json.php
OK	/htdocs/application/third_party/omnipay/vendor/aws/aws-sdk-php/src/data/gamelift/2015-10-01/paginators-1.json.php
OK	/htdocs/application/third_party/omnipay/vendor/aws/aws-sdk-php/src/data/glacier/2012-06-01/endpoint-rule-set-1.json.php
OK	/htdocs/application/third_party/omnipay/vendor/aws/aws-sdk-php/src/data/grafana/2020-08-18/api-2.json.php
OK	/htdocs/application/third_party/omnipay/vendor/aws/aws-sdk-php/src/data/groundstation/2019-05-23/waiters-2.json.php
OK	/htdocs/application/third_party/omnipay/vendor/aws/aws-sdk-php/src/data/iam/2010-05-08/paginators-1.json.php
OK	/htdocs/application/third_party/omnipay/vendor/aws/aws-sdk-php/src/data/inspector/2016-02-16/api-2.json.php
OK	/htdocs/application/third_party/omnipay/vendor/aws/aws-sdk-php/src/data/internetmonitor/2021-06-03/paginators-1.json.php
OK	/htdocs/application/third_party/omnipay/vendor/aws/aws-sdk-php/src/data/iot-jobs-data/2017-09-29/api-2.json.php
OK	/htdocs/application/third_party/omnipay/vendor/aws/aws-sdk-php/src/data/iotevents-data/2018-10-23/api-2.json.php
OK	/htdocs/application/third_party/omnipay/vendor/aws/aws-sdk-php/src/data/iotsecuretunneling/2018-10-05/endpoint-rule-set-1.json.php
OK	/htdocs/application/third_party/omnipay/vendor/aws/aws-sdk-php/src/data/iottwinmaker/2021-11-29/smoke.json.php
OK	/htdocs/application/third_party/omnipay/vendor/aws/aws-sdk-php/src/data/ivs-realtime/2020-07-14/waiters-2.json.php
OK	/htdocs/application/third_party/omnipay/vendor/aws/aws-sdk-php/src/data/kafkaconnect/2021-09-14/smoke.json.php
OK	/htdocs/application/third_party/omnipay/vendor/aws/aws-sdk-php/src/data/keyspaces/2022-02-10/waiters-2.json.php
OK	/htdocs/application/third_party/omnipay/vendor/aws/aws-sdk-php/src/data/kinesis-video-signaling/2019-12-04/api-2.json.php
OK	/htdocs/application/third_party/omnipay/vendor/aws/aws-sdk-php/src/data/kinesisvideo/2017-09-30/api-2.json.php
OK	/htdocs/application/third_party/omnipay/vendor/aws/aws-sdk-php/src/data/lambda/2015-03-31/paginators-1.json.php
OK	/htdocs/application/third_party/omnipay/vendor/aws/aws-sdk-php/src/data/license-manager-linux-subscriptions/2018-05-10/api-2.json.php
OK	/htdocs/application/third_party/omnipay/vendor/aws/aws-sdk-php/src/data/location/2020-11-19/paginators-1.json.php
OK	/htdocs/application/third_party/omnipay/vendor/aws/aws-sdk-php/src/data/lookoutvision/2020-11-20/endpoint-rule-set-1.json.php
OK	/htdocs/application/third_party/omnipay/vendor/aws/aws-sdk-php/src/data/macie2/2020-01-01/waiters-2.json.php
OK	/htdocs/application/third_party/omnipay/vendor/aws/aws-sdk-php/src/data/marketplace-agreement/2020-03-01/api-2.json.php
OK	/htdocs/application/third_party/omnipay/vendor/aws/aws-sdk-php/src/data/marketplace-reporting/2018-05-10/smoke.json.php
OK	/htdocs/application/third_party/omnipay/vendor/aws/aws-sdk-php/src/data/mediaconvert/2017-08-29/paginators-1.json.php
OK	/htdocs/application/third_party/omnipay/vendor/aws/aws-sdk-php/src/data/mediapackagev2/2022-12-25/endpoint-rule-set-1.json.php
OK	/htdocs/application/third_party/omnipay/vendor/aws/aws-sdk-php/src/data/mediatailor/2018-04-23/paginators-1.json.php
OK	/htdocs/application/third_party/omnipay/vendor/aws/aws-sdk-php/src/data/mgh/2017-05-31/api-2.json.php
OK	/htdocs/application/third_party/omnipay/vendor/aws/aws-sdk-php/src/data/migrationhuborchestrator/2021-08-28/api-2.json.php
OK	/htdocs/application/third_party/omnipay/vendor/aws/aws-sdk-php/src/data/monitoring/2010-08-01/api-2.json.php
OK	/htdocs/application/third_party/omnipay/vendor/aws/aws-sdk-php/src/data/mwaa/2020-07-01/api-2.json.php
OK	/htdocs/application/third_party/omnipay/vendor/aws/aws-sdk-php/src/data/neptunedata/2023-08-01/api-2.json.php
OK	/htdocs/application/third_party/omnipay/vendor/aws/aws-sdk-php/src/data/networkmanager/2019-07-05/endpoint-rule-set-1.json.php
OK	/htdocs/application/third_party/omnipay/vendor/aws/aws-sdk-php/src/data/notificationscontacts/2018-05-10/api-2.json.php
OK	/htdocs/application/third_party/omnipay/vendor/aws/aws-sdk-php/src/data/observabilityadmin/2018-05-10/waiters-2.json.php
OK	/htdocs/application/third_party/omnipay/vendor/aws/aws-sdk-php/src/data/opensearchserverless/2021-11-01/endpoint-rule-set-1.json.php
OK	/htdocs/application/third_party/omnipay/vendor/aws/aws-sdk-php/src/data/opsworkscm/2016-11-01/waiters-2.json.php
OK	/htdocs/application/third_party/omnipay/vendor/aws/aws-sdk-php/src/data/panorama/2019-07-24/paginators-1.json.php
OK	/htdocs/application/third_party/omnipay/vendor/aws/aws-sdk-php/src/data/payment-cryptography-data/2022-02-03/smoke.json.php
OK	/htdocs/application/third_party/omnipay/vendor/aws/aws-sdk-php/src/data/pcs/2023-02-10/paginators-1.json.php
OK	/htdocs/application/third_party/omnipay/vendor/aws/aws-sdk-php/src/data/pi/2018-02-27/api-2.json.php
OK	/htdocs/application/third_party/omnipay/vendor/aws/aws-sdk-php/src/data/pinpoint-sms-voice-v2/2022-03-31/waiters-2.json.php
OK	/htdocs/application/third_party/omnipay/vendor/aws/aws-sdk-php/src/data/pricing/2017-10-15/paginators-1.json.php
OK	/htdocs/application/third_party/omnipay/vendor/aws/aws-sdk-php/src/data/qapps/2023-11-27/endpoint-rule-set-1.json.php
OK	/htdocs/application/third_party/omnipay/vendor/aws/aws-sdk-php/src/data/qldb/2019-01-02/api-2.json.php
OK	/htdocs/application/third_party/omnipay/vendor/aws/aws-sdk-php/src/data/rbin/2021-06-15/api-2.json.php
OK	/htdocs/application/third_party/omnipay/vendor/aws/aws-sdk-php/src/data/rds/2014-10-31/waiters-2.json.php
OK	/htdocs/application/third_party/omnipay/vendor/aws/aws-sdk-php/src/data/redshift-data/2019-12-20/paginators-1.json.php
OK	/htdocs/application/third_party/omnipay/vendor/aws/aws-sdk-php/src/data/resiliencehub/2020-04-30/api-2.json.php
OK	/htdocs/application/third_party/omnipay/vendor/aws/aws-sdk-php/src/data/robomaker/2018-06-29/api-2.json.php
OK	/htdocs/application/third_party/omnipay/vendor/aws/aws-sdk-php/src/data/route53-recovery-cluster/2019-12-02/endpoint-rule-set-1.json.php
OK	/htdocs/application/third_party/omnipay/vendor/aws/aws-sdk-php/src/data/route53domains/2014-05-15/smoke.json.php
OK	/htdocs/application/third_party/omnipay/vendor/aws/aws-sdk-php/src/data/runtime.lex/2016-11-28/endpoint-rule-set-1.json.php
OK	/htdocs/application/third_party/omnipay/vendor/aws/aws-sdk-php/src/data/s3/2006-03-01/waiters-1.json.php
OK	/htdocs/application/third_party/omnipay/vendor/aws/aws-sdk-php/src/data/s3tables/2018-05-10/waiters-2.json.php
OK	/htdocs/application/third_party/omnipay/vendor/aws/aws-sdk-php/src/data/sagemaker-featurestore-runtime/2020-07-01/endpoint-rule-set-1.json.php
OK	/htdocs/application/third_party/omnipay/vendor/aws/aws-sdk-php/src/data/scheduler/2021-06-30/endpoint-rule-set-1.json.php
OK	/htdocs/application/third_party/omnipay/vendor/aws/aws-sdk-php/src/data/security-ir/2018-05-10/paginators-1.json.php
OK	/htdocs/application/third_party/omnipay/vendor/aws/aws-sdk-php/src/data/service-quotas/2019-06-24/api-2.json.php
OK	/htdocs/application/third_party/omnipay/vendor/aws/aws-sdk-php/src/data/servicediscovery/2017-03-14/paginators-1.json.php
OK	/htdocs/application/third_party/omnipay/vendor/aws/aws-sdk-php/src/data/simspaceweaver/2022-10-28/api-2.json.php
OK	/htdocs/application/third_party/omnipay/vendor/aws/aws-sdk-php/src/data/snowball/2016-06-30/api-2.json.php
OK	/htdocs/application/third_party/omnipay/vendor/aws/aws-sdk-php/src/data/sqs/2012-11-05/endpoint-rule-set-1.json.php
OK	/htdocs/application/third_party/omnipay/vendor/aws/aws-sdk-php/src/data/ssm-incidents/2018-05-10/api-2.json.php
OK	/htdocs/application/third_party/omnipay/vendor/aws/aws-sdk-php/src/data/sso/2019-06-10/paginators-1.json.php
OK	/htdocs/application/third_party/omnipay/vendor/aws/aws-sdk-php/src/data/storagegateway/2013-06-30/endpoint-rule-set-1.json.php
OK	/htdocs/application/third_party/omnipay/vendor/aws/aws-sdk-php/src/data/support/2013-04-15/api-2.json.php
OK	/htdocs/application/third_party/omnipay/vendor/aws/aws-sdk-php/src/data/synthetics/2017-10-11/endpoint-rule-set-1.json.php
OK	/htdocs/application/third_party/omnipay/vendor/aws/aws-sdk-php/src/data/timestream-query/2018-11-01/endpoint-rule-set-1.json.php
OK	/htdocs/application/third_party/omnipay/vendor/aws/aws-sdk-php/src/data/transfer/2018-11-05/api-2.json.php
OK	/htdocs/application/third_party/omnipay/vendor/aws/aws-sdk-php/src/data/verifiedpermissions/2021-12-01/paginators-1.json.php
OK	/htdocs/application/third_party/omnipay/vendor/aws/aws-sdk-php/src/data/waf/2015-08-24/smoke.json.php
OK	/htdocs/application/third_party/omnipay/vendor/aws/aws-sdk-php/src/data/wisdom/2020-10-19/api-2.json.php
OK	/htdocs/application/third_party/omnipay/vendor/aws/aws-sdk-php/src/data/workspaces/2015-04-08/api-2.json.php
OK	/htdocs/application/third_party/omnipay/vendor/aws/aws-sdk-php/src/data/xray/2016-04-12/paginators-1.json.php
OK	/htdocs/application/third_party/omnipay/vendor/aws/aws-sdk-php/src/DAX/Exception/DAXException.php
OK	/htdocs/application/third_party/omnipay/vendor/aws/aws-sdk-php/src/DevOpsGuru/Exception/DevOpsGuruException.php
OK	/htdocs/application/third_party/omnipay/vendor/aws/aws-sdk-php/src/DocDBElastic/Exception/DocDBElasticException.php
OK	/htdocs/application/third_party/omnipay/vendor/aws/aws-sdk-php/src/DynamoDb/SessionConnectionInterface.php
OK	/htdocs/application/third_party/omnipay/vendor/aws/aws-sdk-php/src/EC2InstanceConnect/EC2InstanceConnectClient.php
OK	/htdocs/application/third_party/omnipay/vendor/aws/aws-sdk-php/src/EKSAuth/EKSAuthClient.php
OK	/htdocs/application/third_party/omnipay/vendor/aws/aws-sdk-php/src/ElasticTranscoder/ElasticTranscoderClient.php
OK	/htdocs/application/third_party/omnipay/vendor/aws/aws-sdk-php/src/Endpoint/PatternEndpointProvider.php
OK	/htdocs/application/third_party/omnipay/vendor/aws/aws-sdk-php/src/EndpointDiscovery/EndpointDiscoveryMiddleware.php
OK	/htdocs/application/third_party/omnipay/vendor/aws/aws-sdk-php/src/EndpointV2/Ruleset/Ruleset.php
OK	/htdocs/application/third_party/omnipay/vendor/aws/aws-sdk-php/src/Exception/CredentialsException.php
OK	/htdocs/application/third_party/omnipay/vendor/aws/aws-sdk-php/src/finspace/finspaceClient.php
OK	/htdocs/application/third_party/omnipay/vendor/aws/aws-sdk-php/src/ForecastService/ForecastServiceClient.php
OK	/htdocs/application/third_party/omnipay/vendor/aws/aws-sdk-php/src/GeoPlaces/GeoPlacesClient.php
OK	/htdocs/application/third_party/omnipay/vendor/aws/aws-sdk-php/src/GlueDataBrew/GlueDataBrewClient.php
OK	/htdocs/application/third_party/omnipay/vendor/aws/aws-sdk-php/src/Handler/GuzzleV5/PsrStream.php
OK	/htdocs/application/third_party/omnipay/vendor/aws/aws-sdk-php/src/Identity/S3/S3ExpressIdentityProvider.php
OK	/htdocs/application/third_party/omnipay/vendor/aws/aws-sdk-php/src/InspectorScan/Exception/InspectorScanException.php
OK	/htdocs/application/third_party/omnipay/vendor/aws/aws-sdk-php/src/IoTDeviceAdvisor/Exception/IoTDeviceAdvisorException.php
OK	/htdocs/application/third_party/omnipay/vendor/aws/aws-sdk-php/src/IoTSecureTunneling/Exception/IoTSecureTunnelingException.php
OK	/htdocs/application/third_party/omnipay/vendor/aws/aws-sdk-php/src/ivschat/Exception/ivschatException.php
OK	/htdocs/application/third_party/omnipay/vendor/aws/aws-sdk-php/src/Keyspaces/Exception/KeyspacesException.php
OK	/htdocs/application/third_party/omnipay/vendor/aws/aws-sdk-php/src/KinesisVideoMedia/Exception/KinesisVideoMediaException.php
OK	/htdocs/application/third_party/omnipay/vendor/aws/aws-sdk-php/src/LaunchWizard/Exception/LaunchWizardException.php
OK	/htdocs/application/third_party/omnipay/vendor/aws/aws-sdk-php/src/LicenseManagerLinuxSubscriptions/Exception/LicenseManagerLinuxSubscriptionsException.php
OK	/htdocs/application/third_party/omnipay/vendor/aws/aws-sdk-php/src/LookoutMetrics/Exception/LookoutMetricsException.php
OK	/htdocs/application/third_party/omnipay/vendor/aws/aws-sdk-php/src/ManagedBlockchainQuery/Exception/ManagedBlockchainQueryException.php
OK	/htdocs/application/third_party/omnipay/vendor/aws/aws-sdk-php/src/MarketplaceEntitlementService/Exception/MarketplaceEntitlementServiceException.php
OK	/htdocs/application/third_party/omnipay/vendor/aws/aws-sdk-php/src/MediaPackage/Exception/MediaPackageException.php
OK	/htdocs/application/third_party/omnipay/vendor/aws/aws-sdk-php/src/MedicalImaging/Exception/MedicalImagingException.php
OK	/htdocs/application/third_party/omnipay/vendor/aws/aws-sdk-php/src/MigrationHubRefactorSpaces/Exception/MigrationHubRefactorSpacesException.php
OK	/htdocs/application/third_party/omnipay/vendor/aws/aws-sdk-php/src/Neptune/NeptuneClient.php
OK	/htdocs/application/third_party/omnipay/vendor/aws/aws-sdk-php/src/NetworkMonitor/NetworkMonitorClient.php
OK	/htdocs/application/third_party/omnipay/vendor/aws/aws-sdk-php/src/OpenSearchServerless/OpenSearchServerlessClient.php
OK	/htdocs/application/third_party/omnipay/vendor/aws/aws-sdk-php/src/Outposts/OutpostsClient.php
OK	/htdocs/application/third_party/omnipay/vendor/aws/aws-sdk-php/src/PcaConnectorScep/PcaConnectorScepClient.php
OK	/htdocs/application/third_party/omnipay/vendor/aws/aws-sdk-php/src/Pinpoint/PinpointClient.php
OK	/htdocs/application/third_party/omnipay/vendor/aws/aws-sdk-php/src/Pricing/PricingClient.php
OK	/htdocs/application/third_party/omnipay/vendor/aws/aws-sdk-php/src/QConnect/QConnectClient.php
OK	/htdocs/application/third_party/omnipay/vendor/aws/aws-sdk-php/src/Rds/Exception/RdsException.php
OK	/htdocs/application/third_party/omnipay/vendor/aws/aws-sdk-php/src/Rekognition/Exception/RekognitionException.php
OK	/htdocs/application/third_party/omnipay/vendor/aws/aws-sdk-php/src/Retry/ConfigurationInterface.php
OK	/htdocs/application/third_party/omnipay/vendor/aws/aws-sdk-php/src/Route53Domains/Route53DomainsClient.php
OK	/htdocs/application/third_party/omnipay/vendor/aws/aws-sdk-php/src/S3/AmbiguousSuccessParser.php
OK	/htdocs/application/third_party/omnipay/vendor/aws/aws-sdk-php/src/S3/ObjectCopier.php
OK	/htdocs/application/third_party/omnipay/vendor/aws/aws-sdk-php/src/S3/S3UriParser.php
OK	/htdocs/application/third_party/omnipay/vendor/aws/aws-sdk-php/src/S3/Crypto/S3EncryptionMultipartUploaderV2.php
OK	/htdocs/application/third_party/omnipay/vendor/aws/aws-sdk-php/src/S3/RegionalEndpoint/ConfigurationProvider.php
OK	/htdocs/application/third_party/omnipay/vendor/aws/aws-sdk-php/src/S3Tables/Exception/S3TablesException.php
OK	/htdocs/application/third_party/omnipay/vendor/aws/aws-sdk-php/src/SageMakerRuntime/Exception/SageMakerRuntimeException.php
OK	/htdocs/application/third_party/omnipay/vendor/aws/aws-sdk-php/src/SecurityIR/SecurityIRClient.php
OK	/htdocs/application/third_party/omnipay/vendor/aws/aws-sdk-php/src/Ses/SesClient.php
OK	/htdocs/application/third_party/omnipay/vendor/aws/aws-sdk-php/src/Signature/SignatureProvider.php
OK	/htdocs/application/third_party/omnipay/vendor/aws/aws-sdk-php/src/SnowDeviceManagement/Exception/SnowDeviceManagementException.php
OK	/htdocs/application/third_party/omnipay/vendor/aws/aws-sdk-php/src/SSMIncidents/Exception/SSMIncidentsException.php
OK	/htdocs/application/third_party/omnipay/vendor/aws/aws-sdk-php/src/StorageGateway/Exception/StorageGatewayException.php
OK	/htdocs/application/third_party/omnipay/vendor/aws/aws-sdk-php/src/SupportApp/Exception/SupportAppException.php
OK	/htdocs/application/third_party/omnipay/vendor/aws/aws-sdk-php/src/TimestreamQuery/Exception/TimestreamQueryException.php
OK	/htdocs/application/third_party/omnipay/vendor/aws/aws-sdk-php/src/Token/TokenInterface.php
OK	/htdocs/application/third_party/omnipay/vendor/aws/aws-sdk-php/src/VoiceID/VoiceIDClient.php
OK	/htdocs/application/third_party/omnipay/vendor/aws/aws-sdk-php/src/WorkDocs/WorkDocsClient.php
OK	/htdocs/application/third_party/omnipay/vendor/aws/aws-sdk-php/src/XRay/XRayClient.php
OK	/htdocs/application/third_party/omnipay/vendor/chillerlan/php-qrcode/src/QROptionsTrait.php
OK	/htdocs/application/third_party/omnipay/vendor/chillerlan/php-qrcode/src/Common/Version.php
OK	/htdocs/application/third_party/omnipay/vendor/chillerlan/php-qrcode/src/Data/ReedSolomonEncoder.php
OK	/htdocs/application/third_party/omnipay/vendor/chillerlan/php-qrcode/src/Detector/GridSampler.php
OK	/htdocs/application/third_party/omnipay/vendor/chillerlan/php-qrcode/src/Output/QRGdImageWEBP.php
OK	/htdocs/application/third_party/omnipay/vendor/chillerlan/php-settings-container/LICENSE
OK	/htdocs/application/third_party/omnipay/vendor/clue/stream-filter/src/functions_include.php
OK	/htdocs/application/third_party/omnipay/vendor/composer/platform_check.php
OK	/htdocs/application/third_party/omnipay/vendor/firebase/php-jwt/src/SignatureInvalidException.php
OK	/htdocs/application/third_party/omnipay/vendor/google/apiclient/src/AccessToken/Revoke.php
OK	/htdocs/application/third_party/omnipay/vendor/google/apiclient/src/Task/Exception.php
OK	/htdocs/application/third_party/omnipay/vendor/google/apiclient-services/src/AccessContextManager.php
OK	/htdocs/application/third_party/omnipay/vendor/google/apiclient-services/src/AIPlatformNotebooks.php
OK	/htdocs/application/third_party/omnipay/vendor/google/apiclient-services/src/Apigee.php
OK	/htdocs/application/third_party/omnipay/vendor/google/apiclient-services/src/BackupforGKE.php
OK	/htdocs/application/third_party/omnipay/vendor/google/apiclient-services/src/BlockchainNodeEngine.php
OK	/htdocs/application/third_party/omnipay/vendor/google/apiclient-services/src/CivicInfo.php
OK	/htdocs/application/third_party/omnipay/vendor/google/apiclient-services/src/CloudDebugger.php
OK	/htdocs/application/third_party/omnipay/vendor/google/apiclient-services/src/CloudMachineLearningEngine.php
OK	/htdocs/application/third_party/omnipay/vendor/google/apiclient-services/src/CloudSecurityToken.php
OK	/htdocs/application/third_party/omnipay/vendor/google/apiclient-services/src/Contactcenterinsights.php
OK	/htdocs/application/third_party/omnipay/vendor/google/apiclient-services/src/Datalineage.php
OK	/htdocs/application/third_party/omnipay/vendor/google/apiclient-services/src/Digitalassetlinks.php
OK	/htdocs/application/third_party/omnipay/vendor/google/apiclient-services/src/DriveActivity.php
OK	/htdocs/application/third_party/omnipay/vendor/google/apiclient-services/src/FirebaseManagement.php
OK	/htdocs/application/third_party/omnipay/vendor/google/apiclient-services/src/Genomics.php
OK	/htdocs/application/third_party/omnipay/vendor/google/apiclient-services/src/Ideahub.php
OK	/htdocs/application/third_party/omnipay/vendor/google/apiclient-services/src/Looker.php
OK	/htdocs/application/third_party/omnipay/vendor/google/apiclient-services/src/MyBusinessNotificationSettings.php
OK	/htdocs/application/third_party/omnipay/vendor/google/apiclient-services/src/OrgPolicyAPI.php
OK	/htdocs/application/third_party/omnipay/vendor/google/apiclient-services/src/PolicySimulator.php
OK	/htdocs/application/third_party/omnipay/vendor/google/apiclient-services/src/Recommender.php
OK	/htdocs/application/third_party/omnipay/vendor/google/apiclient-services/src/SecurityCommandCenter.php
OK	/htdocs/application/third_party/omnipay/vendor/google/apiclient-services/src/SiteVerification.php
OK	/htdocs/application/third_party/omnipay/vendor/google/apiclient-services/src/Tasks.php
OK	/htdocs/application/third_party/omnipay/vendor/google/apiclient-services/src/Vision.php
OK	/htdocs/application/third_party/omnipay/vendor/google/apiclient-services/src/YouTubeAnalytics.php
OK	/htdocs/application/third_party/omnipay/vendor/google/apiclient-services/src/AccessApproval/AccessApprovalServiceAccount.php
OK	/htdocs/application/third_party/omnipay/vendor/google/apiclient-services/src/AccessApproval/ListApprovalRequestsResponse.php
OK	/htdocs/application/third_party/omnipay/vendor/google/apiclient-services/src/AccessContextManager/AccessPolicy.php
OK	/htdocs/application/third_party/omnipay/vendor/google/apiclient-services/src/AccessContextManager/CommitServicePerimetersRequest.php
OK	/htdocs/application/third_party/omnipay/vendor/google/apiclient-services/src/AccessContextManager/GetIamPolicyRequest.php
OK	/htdocs/application/third_party/omnipay/vendor/google/apiclient-services/src/AccessContextManager/ListSupportedServicesResponse.php
OK	/htdocs/application/third_party/omnipay/vendor/google/apiclient-services/src/AccessContextManager/ServicePerimeterConfig.php
OK	/htdocs/application/third_party/omnipay/vendor/google/apiclient-services/src/AccessContextManager/Resource/AccessPoliciesAuthorizedOrgsDescs.php
OK	/htdocs/application/third_party/omnipay/vendor/google/apiclient-services/src/AddressValidation/GoogleMapsAddressvalidationV1AddressComponent.php
OK	/htdocs/application/third_party/omnipay/vendor/google/apiclient-services/src/AddressValidation/GoogleMapsAddressvalidationV1ValidationResult.php
OK	/htdocs/application/third_party/omnipay/vendor/google/apiclient-services/src/AdExchangeBuyer/BillingInfo.php
OK	/htdocs/application/third_party/omnipay/vendor/google/apiclient-services/src/AdExchangeBuyer/CreativeDealIdsDealStatuses.php
OK	/htdocs/application/third_party/omnipay/vendor/google/apiclient-services/src/AdExchangeBuyer/DealServingMetadataDealPauseStatus.php
OK	/htdocs/application/third_party/omnipay/vendor/google/apiclient-services/src/AdExchangeBuyer/DimensionDimensionValue.php
OK	/htdocs/application/third_party/omnipay/vendor/google/apiclient-services/src/AdExchangeBuyer/MobileApplication.php
OK	/htdocs/application/third_party/omnipay/vendor/google/apiclient-services/src/AdExchangeBuyer/Product.php
OK	/htdocs/application/third_party/omnipay/vendor/google/apiclient-services/src/AdExchangeBuyer/TargetingValueRequestPlatformTargeting.php
OK	/htdocs/application/third_party/omnipay/vendor/google/apiclient-services/src/AdExchangeBuyer/Resource/Products.php
OK	/htdocs/application/third_party/omnipay/vendor/google/apiclient-services/src/AdExchangeBuyerII/BidMetricsRow.php
OK	/htdocs/application/third_party/omnipay/vendor/google/apiclient-services/src/AdExchangeBuyerII/CreativeDealAssociation.php
OK	/htdocs/application/third_party/omnipay/vendor/google/apiclient-services/src/AdExchangeBuyerII/DealTerms.php
OK	/htdocs/application/third_party/omnipay/vendor/google/apiclient-services/src/AdExchangeBuyerII/InventorySizeTargeting.php
OK	/htdocs/application/third_party/omnipay/vendor/google/apiclient-services/src/AdExchangeBuyerII/ListFilteredBidsResponse.php
OK	/htdocs/application/third_party/omnipay/vendor/google/apiclient-services/src/AdExchangeBuyerII/Money.php
OK	/htdocs/application/third_party/omnipay/vendor/google/apiclient-services/src/AdExchangeBuyerII/PricePerBuyer.php
OK	/htdocs/application/third_party/omnipay/vendor/google/apiclient-services/src/AdExchangeBuyerII/SecurityContext.php
OK	/htdocs/application/third_party/omnipay/vendor/google/apiclient-services/src/AdExchangeBuyerII/VideoContent.php
OK	/htdocs/application/third_party/omnipay/vendor/google/apiclient-services/src/AdExchangeBuyerII/Resource/AccountsPublisherProfiles.php
OK	/htdocs/application/third_party/omnipay/vendor/google/apiclient-services/src/AdExchangeBuyerII/Resource/BiddersAccountsFilterSetsLosingBids.php
OK	/htdocs/application/third_party/omnipay/vendor/google/apiclient-services/src/AdExchangeBuyerII/Resource/BiddersFilterSetsNonBillableWinningBids.php
OK	/htdocs/application/third_party/omnipay/vendor/google/apiclient-services/src/AdExchangeBuyerII/Resource/BuyersFilterSetsNonBillableWinningBids.php
OK	/htdocs/application/third_party/omnipay/vendor/google/apiclient-services/src/AdMob/GenerateMediationReportRequest.php
OK	/htdocs/application/third_party/omnipay/vendor/google/apiclient-services/src/AdMob/NetworkReportSpecDimensionFilter.php
OK	/htdocs/application/third_party/omnipay/vendor/google/apiclient-services/src/AdMob/Resource/AccountsApps.php
OK	/htdocs/application/third_party/omnipay/vendor/google/apiclient-services/src/Adsense/ContentAdsSettings.php
OK	/htdocs/application/third_party/omnipay/vendor/google/apiclient-services/src/Adsense/ListLinkedCustomChannelsResponse.php
OK	/htdocs/application/third_party/omnipay/vendor/google/apiclient-services/src/Adsense/Site.php
OK	/htdocs/application/third_party/omnipay/vendor/google/apiclient-services/src/Adsense/Resource/AccountsReportsSaved.php
OK	/htdocs/application/third_party/omnipay/vendor/google/apiclient-services/src/AdSenseHost/AdUnitContentAdsSettingsBackupOption.php
OK	/htdocs/application/third_party/omnipay/vendor/google/apiclient-services/src/AdSenseHost/Resource/AccountsAdunits.php
OK	/htdocs/application/third_party/omnipay/vendor/google/apiclient-services/src/AdSensePlatform/Event.php
OK	/htdocs/application/third_party/omnipay/vendor/google/apiclient-services/src/Advisorynotifications/GoogleCloudAdvisorynotificationsV1Attachment.php
OK	/htdocs/application/third_party/omnipay/vendor/google/apiclient-services/src/Advisorynotifications/Resource/OrganizationsLocations.php
OK	/htdocs/application/third_party/omnipay/vendor/google/apiclient-services/src/Aiplatform/CloudAiLargeModelsVisionRaiInfo.php
OK	/htdocs/application/third_party/omnipay/vendor/google/apiclient-services/src/Aiplatform/GoogleCloudAiplatformV1AddContextChildrenResponse.php
OK	/htdocs/application/third_party/omnipay/vendor/google/apiclient-services/src/Aiplatform/GoogleCloudAiplatformV1AugmentPromptRequest.php
OK	/htdocs/application/third_party/omnipay/vendor/google/apiclient-services/src/Aiplatform/GoogleCloudAiplatformV1BatchCreateTensorboardRunsResponse.php
OK	/htdocs/application/third_party/omnipay/vendor/google/apiclient-services/src/Aiplatform/GoogleCloudAiplatformV1BatchMigrateResourcesResponse.php
OK	/htdocs/application/third_party/omnipay/vendor/google/apiclient-services/src/Aiplatform/GoogleCloudAiplatformV1BigQueryDestination.php
OK	/htdocs/application/third_party/omnipay/vendor/google/apiclient-services/src/Aiplatform/GoogleCloudAiplatformV1CachedContentUsageMetadata.php
OK	/htdocs/application/third_party/omnipay/vendor/google/apiclient-services/src/Aiplatform/GoogleCloudAiplatformV1CheckTrialEarlyStoppingStateResponse.php
OK	/htdocs/application/third_party/omnipay/vendor/google/apiclient-services/src/Aiplatform/GoogleCloudAiplatformV1CometResult.php
OK	/htdocs/application/third_party/omnipay/vendor/google/apiclient-services/src/Aiplatform/GoogleCloudAiplatformV1CopyModelResponse.php
OK	/htdocs/application/third_party/omnipay/vendor/google/apiclient-services/src/Aiplatform/GoogleCloudAiplatformV1CreateEntityTypeOperationMetadata.php
OK	/htdocs/application/third_party/omnipay/vendor/google/apiclient-services/src/Aiplatform/GoogleCloudAiplatformV1CreateNotebookRuntimeTemplateOperationMetadata.php
OK	/htdocs/application/third_party/omnipay/vendor/google/apiclient-services/src/Aiplatform/GoogleCloudAiplatformV1DataItem.php
OK	/htdocs/application/third_party/omnipay/vendor/google/apiclient-services/src/Aiplatform/GoogleCloudAiplatformV1DeleteFeatureValuesRequestSelectTimeRangeAndFeature.php
OK	/htdocs/application/third_party/omnipay/vendor/google/apiclient-services/src/Aiplatform/GoogleCloudAiplatformV1DeployedModelStatus.php
OK	/htdocs/application/third_party/omnipay/vendor/google/apiclient-services/src/Aiplatform/GoogleCloudAiplatformV1DirectRawPredictResponse.php
OK	/htdocs/application/third_party/omnipay/vendor/google/apiclient-services/src/Aiplatform/GoogleCloudAiplatformV1ErrorAnalysisAnnotationAttributedItem.php
OK	/htdocs/application/third_party/omnipay/vendor/google/apiclient-services/src/Aiplatform/GoogleCloudAiplatformV1ExactMatchSpec.php
OK	/htdocs/application/third_party/omnipay/vendor/google/apiclient-services/src/Aiplatform/GoogleCloudAiplatformV1ExplanationMetadataInputMetadataFeatureValueDomain.php
OK	/htdocs/application/third_party/omnipay/vendor/google/apiclient-services/src/Aiplatform/GoogleCloudAiplatformV1ExportFeatureValuesOperationMetadata.php
OK	/htdocs/application/third_party/omnipay/vendor/google/apiclient-services/src/Aiplatform/GoogleCloudAiplatformV1ExportTensorboardTimeSeriesDataRequest.php
OK	/htdocs/application/third_party/omnipay/vendor/google/apiclient-services/src/Aiplatform/GoogleCloudAiplatformV1FeatureOnlineStoreBigtable.php
OK	/htdocs/application/third_party/omnipay/vendor/google/apiclient-services/src/Aiplatform/GoogleCloudAiplatformV1FeaturestoreOnlineServingConfigScaling.php
OK	/htdocs/application/third_party/omnipay/vendor/google/apiclient-services/src/Aiplatform/GoogleCloudAiplatformV1FeatureViewIndexConfigBruteForceConfig.php
OK	/htdocs/application/third_party/omnipay/vendor/google/apiclient-services/src/Aiplatform/GoogleCloudAiplatformV1FileData.php
OK	/htdocs/application/third_party/omnipay/vendor/google/apiclient-services/src/Aiplatform/GoogleCloudAiplatformV1FluencySpec.php
OK	/htdocs/application/third_party/omnipay/vendor/google/apiclient-services/src/Aiplatform/GoogleCloudAiplatformV1GenAiAdvancedFeaturesConfig.php
OK	/htdocs/application/third_party/omnipay/vendor/google/apiclient-services/src/Aiplatform/GoogleCloudAiplatformV1GoogleDriveSource.php
OK	/htdocs/application/third_party/omnipay/vendor/google/apiclient-services/src/Aiplatform/GoogleCloudAiplatformV1GroundingMetadata.php
OK	/htdocs/application/third_party/omnipay/vendor/google/apiclient-services/src/Aiplatform/GoogleCloudAiplatformV1ImportModelEvaluationRequest.php
OK	/htdocs/application/third_party/omnipay/vendor/google/apiclient-services/src/Aiplatform/GoogleCloudAiplatformV1InputDataConfig.php
OK	/htdocs/application/third_party/omnipay/vendor/google/apiclient-services/src/Aiplatform/GoogleCloudAiplatformV1ListCustomJobsResponse.php
OK	/htdocs/application/third_party/omnipay/vendor/google/apiclient-services/src/Aiplatform/GoogleCloudAiplatformV1ListFeaturestoresResponse.php
OK	/htdocs/application/third_party/omnipay/vendor/google/apiclient-services/src/Aiplatform/GoogleCloudAiplatformV1ListModelVersionCheckpointsResponse.php
OK	/htdocs/application/third_party/omnipay/vendor/google/apiclient-services/src/Aiplatform/GoogleCloudAiplatformV1ListRagFilesResponse.php
OK	/htdocs/application/third_party/omnipay/vendor/google/apiclient-services/src/Aiplatform/GoogleCloudAiplatformV1ListTuningJobsResponse.php
OK	/htdocs/application/third_party/omnipay/vendor/google/apiclient-services/src/Aiplatform/GoogleCloudAiplatformV1MetadataStoreDataplexConfig.php
OK	/htdocs/application/third_party/omnipay/vendor/google/apiclient-services/src/Aiplatform/GoogleCloudAiplatformV1MigratableResourceMlEngineModelVersion.php
OK	/htdocs/application/third_party/omnipay/vendor/google/apiclient-services/src/Aiplatform/GoogleCloudAiplatformV1ModelDataStats.php
OK	/htdocs/application/third_party/omnipay/vendor/google/apiclient-services/src/Aiplatform/GoogleCloudAiplatformV1ModelEvaluationSliceSliceSliceSpecSliceConfig.php
OK	/htdocs/application/third_party/omnipay/vendor/google/apiclient-services/src/Aiplatform/GoogleCloudAiplatformV1ModelMonitoringObjectiveConfigTrainingPredictionSkewDetectionConfig.php
OK	/htdocs/application/third_party/omnipay/vendor/google/apiclient-services/src/Aiplatform/GoogleCloudAiplatformV1NasJobOutput.php
OK	/htdocs/application/third_party/omnipay/vendor/google/apiclient-services/src/Aiplatform/GoogleCloudAiplatformV1NearestNeighborQueryParameters.php
OK	/htdocs/application/third_party/omnipay/vendor/google/apiclient-services/src/Aiplatform/GoogleCloudAiplatformV1NotebookExecutionJobCustomEnvironmentSpec.php
OK	/htdocs/application/third_party/omnipay/vendor/google/apiclient-services/src/Aiplatform/GoogleCloudAiplatformV1PairwiseMetricInput.php
OK	/htdocs/application/third_party/omnipay/vendor/google/apiclient-services/src/Aiplatform/GoogleCloudAiplatformV1Part.php
OK	/htdocs/application/third_party/omnipay/vendor/google/apiclient-services/src/Aiplatform/GoogleCloudAiplatformV1PipelineTaskExecutorDetail.php
OK	/htdocs/application/third_party/omnipay/vendor/google/apiclient-services/src/Aiplatform/GoogleCloudAiplatformV1PredictLongRunningRequest.php
OK	/htdocs/application/third_party/omnipay/vendor/google/apiclient-services/src/Aiplatform/GoogleCloudAiplatformV1ProbeHttpHeader.php
OK	/htdocs/application/third_party/omnipay/vendor/google/apiclient-services/src/Aiplatform/GoogleCloudAiplatformV1PublisherModelCallToActionOpenNotebooks.php
OK	/htdocs/application/third_party/omnipay/vendor/google/apiclient-services/src/Aiplatform/GoogleCloudAiplatformV1PurgeExecutionsRequest.php
OK	/htdocs/application/third_party/omnipay/vendor/google/apiclient-services/src/Aiplatform/GoogleCloudAiplatformV1QuestionAnsweringHelpfulnessResult.php
OK	/htdocs/application/third_party/omnipay/vendor/google/apiclient-services/src/Aiplatform/GoogleCloudAiplatformV1RagCorpus.php
OK	/htdocs/application/third_party/omnipay/vendor/google/apiclient-services/src/Aiplatform/GoogleCloudAiplatformV1RagVectorDbConfigRagManagedDb.php
OK	/htdocs/application/third_party/omnipay/vendor/google/apiclient-services/src/Aiplatform/GoogleCloudAiplatformV1ReadIndexDatapointsRequest.php
OK	/htdocs/application/third_party/omnipay/vendor/google/apiclient-services/src/Aiplatform/GoogleCloudAiplatformV1RebootPersistentResourceOperationMetadata.php
OK	/htdocs/application/third_party/omnipay/vendor/google/apiclient-services/src/Aiplatform/GoogleCloudAiplatformV1ResourcesConsumed.php
OK	/htdocs/application/third_party/omnipay/vendor/google/apiclient-services/src/Aiplatform/GoogleCloudAiplatformV1RougeInstance.php
OK	/htdocs/application/third_party/omnipay/vendor/google/apiclient-services/src/Aiplatform/GoogleCloudAiplatformV1SamplingStrategy.php
OK	/htdocs/application/third_party/omnipay/vendor/google/apiclient-services/src/Aiplatform/GoogleCloudAiplatformV1SchemaImageDatasetMetadata.php
OK	/htdocs/application/third_party/omnipay/vendor/google/apiclient-services/src/Aiplatform/GoogleCloudAiplatformV1SchemaModelevaluationMetricsForecastingEvaluationMetricsQuantileMetricsEntry.php
OK	/htdocs/application/third_party/omnipay/vendor/google/apiclient-services/src/Aiplatform/GoogleCloudAiplatformV1SchemaModelevaluationMetricsTrackMetrics.php
OK	/htdocs/application/third_party/omnipay/vendor/google/apiclient-services/src/Aiplatform/GoogleCloudAiplatformV1SchemaPredictInstanceVideoActionRecognitionPredictionInstance.php
OK	/htdocs/application/third_party/omnipay/vendor/google/apiclient-services/src/Aiplatform/GoogleCloudAiplatformV1SchemaPredictParamsVideoObjectTrackingPredictionParams.php
OK	/htdocs/application/third_party/omnipay/vendor/google/apiclient-services/src/Aiplatform/GoogleCloudAiplatformV1SchemaPredictPredictionVideoObjectTrackingPredictionResult.php
OK	/htdocs/application/third_party/omnipay/vendor/google/apiclient-services/src/Aiplatform/GoogleCloudAiplatformV1SchemaPromptSpecTranslationFileInputSource.php
OK	/htdocs/application/third_party/omnipay/vendor/google/apiclient-services/src/Aiplatform/GoogleCloudAiplatformV1SchemaTextExtractionAnnotation.php
OK	/htdocs/application/third_party/omnipay/vendor/google/apiclient-services/src/Aiplatform/GoogleCloudAiplatformV1SchemaTrainingjobDefinitionAutoMlForecastingInputsGranularity.php
OK	/htdocs/application/third_party/omnipay/vendor/google/apiclient-services/src/Aiplatform/GoogleCloudAiplatformV1SchemaTrainingjobDefinitionAutoMlImageObjectDetectionInputs.php
OK	/htdocs/application/third_party/omnipay/vendor/google/apiclient-services/src/Aiplatform/GoogleCloudAiplatformV1SchemaTrainingjobDefinitionAutoMlTablesInputsTransformationNumericArrayTransformation.php
OK	/htdocs/application/third_party/omnipay/vendor/google/apiclient-services/src/Aiplatform/GoogleCloudAiplatformV1SchemaTrainingjobDefinitionAutoMlVideoActionRecognition.php
OK	/htdocs/application/third_party/omnipay/vendor/google/apiclient-services/src/Aiplatform/GoogleCloudAiplatformV1SchemaTrainingjobDefinitionHyperparameterTuningTask.php
OK	/htdocs/application/third_party/omnipay/vendor/google/apiclient-services/src/Aiplatform/GoogleCloudAiplatformV1SchemaTrainingjobDefinitionTftForecastingInputs.php
OK	/htdocs/application/third_party/omnipay/vendor/google/apiclient-services/src/Aiplatform/GoogleCloudAiplatformV1SchemaVideoClassificationAnnotation.php
OK	/htdocs/application/third_party/omnipay/vendor/google/apiclient-services/src/Aiplatform/GoogleCloudAiplatformV1SearchModelDeploymentMonitoringStatsAnomaliesRequestStatsAnomaliesObjective.php
OK	/htdocs/application/third_party/omnipay/vendor/google/apiclient-services/src/Aiplatform/GoogleCloudAiplatformV1SmoothGradConfig.php
OK	/htdocs/application/third_party/omnipay/vendor/google/apiclient-services/src/Aiplatform/GoogleCloudAiplatformV1StreamingPredictResponse.php
OK	/htdocs/application/third_party/omnipay/vendor/google/apiclient-services/src/Aiplatform/GoogleCloudAiplatformV1StudySpecMetricSpec.php
OK	/htdocs/application/third_party/omnipay/vendor/google/apiclient-services/src/Aiplatform/GoogleCloudAiplatformV1StudyTimeConstraint.php
OK	/htdocs/application/third_party/omnipay/vendor/google/apiclient-services/src/Aiplatform/GoogleCloudAiplatformV1SummarizationVerbosityInput.php
OK	/htdocs/application/third_party/omnipay/vendor/google/apiclient-services/src/Aiplatform/GoogleCloudAiplatformV1Tensorboard.php
OK	/htdocs/application/third_party/omnipay/vendor/google/apiclient-services/src/Aiplatform/GoogleCloudAiplatformV1TimestampSplit.php
OK	/htdocs/application/third_party/omnipay/vendor/google/apiclient-services/src/Aiplatform/GoogleCloudAiplatformV1ToolNameMatchInput.php
OK	/htdocs/application/third_party/omnipay/vendor/google/apiclient-services/src/Aiplatform/GoogleCloudAiplatformV1ToolParameterKVMatchMetricValue.php
OK	/htdocs/application/third_party/omnipay/vendor/google/apiclient-services/src/Aiplatform/GoogleCloudAiplatformV1TrajectoryExactMatchInstance.php
OK	/htdocs/application/third_party/omnipay/vendor/google/apiclient-services/src/Aiplatform/GoogleCloudAiplatformV1TrajectoryPrecisionResults.php
OK	/htdocs/application/third_party/omnipay/vendor/google/apiclient-services/src/Aiplatform/GoogleCloudAiplatformV1Trial.php
OK	/htdocs/application/third_party/omnipay/vendor/google/apiclient-services/src/Aiplatform/GoogleCloudAiplatformV1UndeployModelResponse.php
OK	/htdocs/application/third_party/omnipay/vendor/google/apiclient-services/src/Aiplatform/GoogleCloudAiplatformV1UpdateIndexOperationMetadata.php
OK	/htdocs/application/third_party/omnipay/vendor/google/apiclient-services/src/Aiplatform/GoogleCloudAiplatformV1UploadRagFileResponse.php
OK	/htdocs/application/third_party/omnipay/vendor/google/apiclient-services/src/Aiplatform/GoogleCloudAiplatformV1WriteFeatureValuesRequest.php
OK	/htdocs/application/third_party/omnipay/vendor/google/apiclient-services/src/Aiplatform/GoogleIamV1TestIamPermissionsResponse.php
OK	/htdocs/application/third_party/omnipay/vendor/google/apiclient-services/src/Aiplatform/IntelligenceCloudAutomlXpsMetricEntryLabel.php
OK	/htdocs/application/third_party/omnipay/vendor/google/apiclient-services/src/Aiplatform/Resource/ProjectsLocationsDataLabelingJobs.php
OK	/htdocs/application/third_party/omnipay/vendor/google/apiclient-services/src/Aiplatform/Resource/ProjectsLocationsDatasetsSavedQueriesOperations.php
OK	/htdocs/application/third_party/omnipay/vendor/google/apiclient-services/src/Aiplatform/Resource/ProjectsLocationsFeatureOnlineStoresFeatureViewsFeatureViewSyncs.php
OK	/htdocs/application/third_party/omnipay/vendor/google/apiclient-services/src/Aiplatform/Resource/ProjectsLocationsIndexEndpointsOperations.php
OK	/htdocs/application/third_party/omnipay/vendor/google/apiclient-services/src/Aiplatform/Resource/ProjectsLocationsMigratableResources.php
OK	/htdocs/application/third_party/omnipay/vendor/google/apiclient-services/src/Aiplatform/Resource/ProjectsLocationsNotebookExecutionJobsOperations.php
OK	/htdocs/application/third_party/omnipay/vendor/google/apiclient-services/src/Aiplatform/Resource/ProjectsLocationsRagCorpora.php
OK	/htdocs/application/third_party/omnipay/vendor/google/apiclient-services/src/Aiplatform/Resource/ProjectsLocationsStudiesTrials.php
OK	/htdocs/application/third_party/omnipay/vendor/google/apiclient-services/src/Aiplatform/Resource/ProjectsLocationsTuningJobs.php
OK	/htdocs/application/third_party/omnipay/vendor/google/apiclient-services/src/AIPlatformNotebooks/ContainerImage.php
OK	/htdocs/application/third_party/omnipay/vendor/google/apiclient-services/src/AIPlatformNotebooks/ExecutionTemplate.php
OK	/htdocs/application/third_party/omnipay/vendor/google/apiclient-services/src/AIPlatformNotebooks/ListInstancesResponse.php
OK	/htdocs/application/third_party/omnipay/vendor/google/apiclient-services/src/AIPlatformNotebooks/Policy.php
OK	/htdocs/application/third_party/omnipay/vendor/google/apiclient-services/src/AIPlatformNotebooks/RestoreInstanceRequest.php
OK	/htdocs/application/third_party/omnipay/vendor/google/apiclient-services/src/AIPlatformNotebooks/SetIamPolicyRequest.php
OK	/htdocs/application/third_party/omnipay/vendor/google/apiclient-services/src/AIPlatformNotebooks/SwitchRuntimeRequest.php
OK	/htdocs/application/third_party/omnipay/vendor/google/apiclient-services/src/AIPlatformNotebooks/UpgradeRuntimeRequest.php
OK	/htdocs/application/third_party/omnipay/vendor/google/apiclient-services/src/AIPlatformNotebooks/Resource/ProjectsLocationsSchedules.php
OK	/htdocs/application/third_party/omnipay/vendor/google/apiclient-services/src/AirQuality/LookupCurrentConditionsRequest.php
OK	/htdocs/application/third_party/omnipay/vendor/google/apiclient-services/src/AlertCenter/AbuseDetected.php
OK	/htdocs/application/third_party/omnipay/vendor/google/apiclient-services/src/AlertCenter/AppMakerSqlSetupNotification.php
OK	/htdocs/application/third_party/omnipay/vendor/google/apiclient-services/src/AlertCenter/DeviceCompromised.php
OK	/htdocs/application/third_party/omnipay/vendor/google/apiclient-services/src/AlertCenter/LoginDetails.php
OK	/htdocs/application/third_party/omnipay/vendor/google/apiclient-services/src/AlertCenter/RequestInfo.php
OK	/htdocs/application/third_party/omnipay/vendor/google/apiclient-services/src/AlertCenter/SupportTicket.php
OK	/htdocs/application/third_party/omnipay/vendor/google/apiclient-services/src/AlertCenter/Resource/Alerts.php
OK	/htdocs/application/third_party/omnipay/vendor/google/apiclient-services/src/Analytics/AccountTreeResponse.php
OK	/htdocs/application/third_party/omnipay/vendor/google/apiclient-services/src/Analytics/CustomMetric.php
OK	/htdocs/application/third_party/omnipay/vendor/google/apiclient-services/src/Analytics/Experiments.php
OK	/htdocs/application/third_party/omnipay/vendor/google/apiclient-services/src/Analytics/GaDataColumnHeaders.php
OK	/htdocs/application/third_party/omnipay/vendor/google/apiclient-services/src/Analytics/GoalUrlDestinationDetails.php
OK	/htdocs/application/third_party/omnipay/vendor/google/apiclient-services/src/Analytics/McfDataRows.php
OK	/htdocs/application/third_party/omnipay/vendor/google/apiclient-services/src/Analytics/RealtimeDataColumnHeaders.php
OK	/htdocs/application/third_party/omnipay/vendor/google/apiclient-services/src/Analytics/UnsampledReportDriveDownloadDetails.php
OK	/htdocs/application/third_party/omnipay/vendor/google/apiclient-services/src/Analytics/WebPropertyRef.php
OK	/htdocs/application/third_party/omnipay/vendor/google/apiclient-services/src/Analytics/Resource/ManagementCustomDimensions.php
OK	/htdocs/application/third_party/omnipay/vendor/google/apiclient-services/src/Analytics/Resource/ManagementWebproperties.php
OK	/htdocs/application/third_party/omnipay/vendor/google/apiclient-services/src/AnalyticsData/BatchRunPivotReportsResponse.php
OK	/htdocs/application/third_party/omnipay/vendor/google/apiclient-services/src/AnalyticsData/ComparisonMetadata.php
OK	/htdocs/application/third_party/omnipay/vendor/google/apiclient-services/src/AnalyticsData/FilterExpression.php
OK	/htdocs/application/third_party/omnipay/vendor/google/apiclient-services/src/AnalyticsData/NumericFilter.php
OK	/htdocs/application/third_party/omnipay/vendor/google/apiclient-services/src/AnalyticsData/QuotaStatus.php
OK	/htdocs/application/third_party/omnipay/vendor/google/apiclient-services/src/AnalyticsData/StringFilter.php
OK	/htdocs/application/third_party/omnipay/vendor/google/apiclient-services/src/AnalyticsHub/BigQueryDatasetSource.php
OK	/htdocs/application/third_party/omnipay/vendor/google/apiclient-services/src/AnalyticsHub/Expr.php
OK	/htdocs/application/third_party/omnipay/vendor/google/apiclient-services/src/AnalyticsHub/ListListingsResponse.php
OK	/htdocs/application/third_party/omnipay/vendor/google/apiclient-services/src/AnalyticsHub/Publisher.php
OK	/htdocs/application/third_party/omnipay/vendor/google/apiclient-services/src/AnalyticsHub/SetIamPolicyRequest.php
OK	/htdocs/application/third_party/omnipay/vendor/google/apiclient-services/src/AnalyticsHub/Resource/OrganizationsLocations.php
OK	/htdocs/application/third_party/omnipay/vendor/google/apiclient-services/src/AnalyticsReporting/DateRange.php
OK	/htdocs/application/third_party/omnipay/vendor/google/apiclient-services/src/AnalyticsReporting/Metric.php
OK	/htdocs/application/third_party/omnipay/vendor/google/apiclient-services/src/AnalyticsReporting/ProductData.php
OK	/htdocs/application/third_party/omnipay/vendor/google/apiclient-services/src/AnalyticsReporting/SegmentFilter.php
OK	/htdocs/application/third_party/omnipay/vendor/google/apiclient-services/src/AndroidEnterprise/AdministratorWebToken.php
OK	/htdocs/application/third_party/omnipay/vendor/google/apiclient-services/src/AndroidEnterprise/ApprovalUrlInfo.php
OK	/htdocs/application/third_party/omnipay/vendor/google/apiclient-services/src/AndroidEnterprise/DevicesListResponse.php
OK	/htdocs/application/third_party/omnipay/vendor/google/apiclient-services/src/AndroidEnterprise/GroupLicensesListResponse.php
OK	/htdocs/application/third_party/omnipay/vendor/google/apiclient-services/src/AndroidEnterprise/ManagedConfigurationsSettingsListResponse.php
OK	/htdocs/application/third_party/omnipay/vendor/google/apiclient-services/src/AndroidEnterprise/ProductAvailabilityChangeEvent.php
OK	/htdocs/application/third_party/omnipay/vendor/google/apiclient-services/src/AndroidEnterprise/ServiceAccountKeysListResponse.php
OK	/htdocs/application/third_party/omnipay/vendor/google/apiclient-services/src/AndroidEnterprise/WebApp.php
OK	/htdocs/application/third_party/omnipay/vendor/google/apiclient-services/src/AndroidEnterprise/Resource/Managedconfigurationssettings.php
OK	/htdocs/application/third_party/omnipay/vendor/google/apiclient-services/src/AndroidManagement/AndroidmanagementEmpty.php
OK	/htdocs/application/third_party/omnipay/vendor/google/apiclient-services/src/AndroidManagement/BatchUsageLogEvents.php
OK	/htdocs/application/third_party/omnipay/vendor/google/apiclient-services/src/AndroidManagement/ContactInfo.php
OK	/htdocs/application/third_party/omnipay/vendor/google/apiclient-services/src/AndroidManagement/DpcMigrationInfo.php
OK	/htdocs/application/third_party/omnipay/vendor/google/apiclient-services/src/AndroidManagement/InstallConstraint.php
OK	/htdocs/application/third_party/omnipay/vendor/google/apiclient-services/src/AndroidManagement/ListDevicesResponse.php
OK	/htdocs/application/third_party/omnipay/vendor/google/apiclient-services/src/AndroidManagement/LostModeOutgoingPhoneCallEvent.php
OK	/htdocs/application/third_party/omnipay/vendor/google/apiclient-services/src/AndroidManagement/OncCertificateProvider.php
OK	/htdocs/application/third_party/omnipay/vendor/google/apiclient-services/src/AndroidManagement/PersonalUsagePolicies.php
OK	/htdocs/application/third_party/omnipay/vendor/google/apiclient-services/src/AndroidManagement/SigninDetail.php
OK	/htdocs/application/third_party/omnipay/vendor/google/apiclient-services/src/AndroidManagement/SystemUpdateInfo.php
OK	/htdocs/application/third_party/omnipay/vendor/google/apiclient-services/src/AndroidManagement/WifiSsid.php
OK	/htdocs/application/third_party/omnipay/vendor/google/apiclient-services/src/AndroidManagement/Resource/EnterprisesWebTokens.php
OK	/htdocs/application/third_party/omnipay/vendor/google/apiclient-services/src/AndroidProvisioningPartner/CustomerListCustomersResponse.php
OK	/htdocs/application/third_party/omnipay/vendor/google/apiclient-services/src/AndroidProvisioningPartner/Dpc.php
OK	/htdocs/application/third_party/omnipay/vendor/google/apiclient-services/src/AndroidProvisioningPartner/OperationPerDevice.php
OK	/htdocs/application/third_party/omnipay/vendor/google/apiclient-services/src/AndroidProvisioningPartner/Resource/CustomersDevices.php
OK	/htdocs/application/third_party/omnipay/vendor/google/apiclient-services/src/AndroidPublisher/ActivateSubscriptionOfferRequest.php
OK	/htdocs/application/third_party/omnipay/vendor/google/apiclient-services/src/AndroidPublisher/ApkTargeting.php
OK	/htdocs/application/third_party/omnipay/vendor/google/apiclient-services/src/AndroidPublisher/BatchGetSubscriptionOffersRequest.php
OK	/htdocs/application/third_party/omnipay/vendor/google/apiclient-services/src/AndroidPublisher/BatchUpdateSubscriptionsResponse.php
OK	/htdocs/application/third_party/omnipay/vendor/google/apiclient-services/src/AndroidPublisher/CountryTargeting.php
OK	/htdocs/application/third_party/omnipay/vendor/google/apiclient-services/src/AndroidPublisher/DeviceFeatureTargeting.php
OK	/htdocs/application/third_party/omnipay/vendor/google/apiclient-services/src/AndroidPublisher/ExternalAccountIdentifiers.php
OK	/htdocs/application/third_party/omnipay/vendor/google/apiclient-services/src/AndroidPublisher/GeneratedSplitApk.php
OK	/htdocs/application/third_party/omnipay/vendor/google/apiclient-services/src/AndroidPublisher/InappproductsBatchGetResponse.php
OK	/htdocs/application/third_party/omnipay/vendor/google/apiclient-services/src/AndroidPublisher/ListDeviceTierConfigsResponse.php
OK	/htdocs/application/third_party/omnipay/vendor/google/apiclient-services/src/AndroidPublisher/Money.php
OK	/htdocs/application/third_party/omnipay/vendor/google/apiclient-services/src/AndroidPublisher/OtherRegionsSubscriptionOfferPhasePrices.php
OK	/htdocs/application/third_party/omnipay/vendor/google/apiclient-services/src/AndroidPublisher/RegionalBasePlanConfig.php
OK	/htdocs/application/third_party/omnipay/vendor/google/apiclient-services/src/AndroidPublisher/RestrictedPaymentCountries.php
OK	/htdocs/application/third_party/omnipay/vendor/google/apiclient-services/src/AndroidPublisher/SafetyLabelsUpdateResponse.php
OK	/htdocs/application/third_party/omnipay/vendor/google/apiclient-services/src/AndroidPublisher/SubscriptionDeferralInfo.php
OK	/htdocs/application/third_party/omnipay/vendor/google/apiclient-services/src/AndroidPublisher/SubscriptionPurchaseV2.php
OK	/htdocs/application/third_party/omnipay/vendor/google/apiclient-services/src/AndroidPublisher/TargetingUpdate.php
OK	/htdocs/application/third_party/omnipay/vendor/google/apiclient-services/src/AndroidPublisher/TrackTargetedCountry.php
OK	/htdocs/application/third_party/omnipay/vendor/google/apiclient-services/src/AndroidPublisher/UsesPermission.php
OK	/htdocs/application/third_party/omnipay/vendor/google/apiclient-services/src/AndroidPublisher/Resource/EditsBundles.php
OK	/htdocs/application/third_party/omnipay/vendor/google/apiclient-services/src/AndroidPublisher/Resource/Inappproducts.php
OK	/htdocs/application/third_party/omnipay/vendor/google/apiclient-services/src/AndroidPublisher/Resource/Reviews.php
OK	/htdocs/application/third_party/omnipay/vendor/google/apiclient-services/src/Apigateway/ApigatewayCancelOperationRequest.php
OK	/htdocs/application/third_party/omnipay/vendor/google/apiclient-services/src/Apigateway/ApigatewayOperationMetadataDiagnostic.php
OK	/htdocs/application/third_party/omnipay/vendor/google/apiclient-services/src/Apigee/EdgeConfigstoreBundleBadBundle.php
OK	/htdocs/application/third_party/omnipay/vendor/google/apiclient-services/src/Apigee/GoogleCloudApigeeV1Alias.php
OK	/htdocs/application/third_party/omnipay/vendor/google/apiclient-services/src/Apigee/GoogleCloudApigeeV1APIProductAssociation.php
OK	/htdocs/application/third_party/omnipay/vendor/google/apiclient-services/src/Apigee/GoogleCloudApigeeV1AsyncQuery.php
OK	/htdocs/application/third_party/omnipay/vendor/google/apiclient-services/src/Apigee/GoogleCloudApigeeV1CanaryEvaluation.php
OK	/htdocs/application/third_party/omnipay/vendor/google/apiclient-services/src/Apigee/GoogleCloudApigeeV1CreditDeveloperBalanceRequest.php
OK	/htdocs/application/third_party/omnipay/vendor/google/apiclient-services/src/Apigee/GoogleCloudApigeeV1DeleteResponse.php
OK	/htdocs/application/third_party/omnipay/vendor/google/apiclient-services/src/Apigee/GoogleCloudApigeeV1DeveloperBalanceWallet.php
OK	/htdocs/application/third_party/omnipay/vendor/google/apiclient-services/src/Apigee/GoogleCloudApigeeV1EnvironmentClientIPResolutionConfigHeaderIndexAlgorithm.php
OK	/htdocs/application/third_party/omnipay/vendor/google/apiclient-services/src/Apigee/GoogleCloudApigeeV1GenerateDownloadUrlRequest.php
OK	/htdocs/application/third_party/omnipay/vendor/google/apiclient-services/src/Apigee/GoogleCloudApigeeV1GrpcOperationGroup.php
OK	/htdocs/application/third_party/omnipay/vendor/google/apiclient-services/src/Apigee/GoogleCloudApigeeV1KeyValueMap.php
OK	/htdocs/application/third_party/omnipay/vendor/google/apiclient-services/src/Apigee/GoogleCloudApigeeV1ListDataCollectorsResponse.php
OK	/htdocs/application/third_party/omnipay/vendor/google/apiclient-services/src/Apigee/GoogleCloudApigeeV1ListInstanceAttachmentsResponse.php
OK	/htdocs/application/third_party/omnipay/vendor/google/apiclient-services/src/Apigee/GoogleCloudApigeeV1ListSecurityReportsResponse.php
OK	/htdocs/application/third_party/omnipay/vendor/google/apiclient-services/src/Apigee/GoogleCloudApigeeV1OperationGroup.php
OK	/htdocs/application/third_party/omnipay/vendor/google/apiclient-services/src/Apigee/GoogleCloudApigeeV1ProfileConfigAuthorization.php
OK	/htdocs/application/third_party/omnipay/vendor/google/apiclient-services/src/Apigee/GoogleCloudApigeeV1QueryTabularStatsRequest.php
OK	/htdocs/application/third_party/omnipay/vendor/google/apiclient-services/src/Apigee/GoogleCloudApigeeV1ReportProperty.php
OK	/htdocs/application/third_party/omnipay/vendor/google/apiclient-services/src/Apigee/GoogleCloudApigeeV1RuntimeConfig.php
OK	/htdocs/application/third_party/omnipay/vendor/google/apiclient-services/src/Apigee/GoogleCloudApigeeV1SecurityAction.php
OK	/htdocs/application/third_party/omnipay/vendor/google/apiclient-services/src/Apigee/GoogleCloudApigeeV1SecurityAssessmentResultScoringResultAssessmentRecommendationRecommendationLink.php
OK	/htdocs/application/third_party/omnipay/vendor/google/apiclient-services/src/Apigee/GoogleCloudApigeeV1SecurityReportResultMetadata.php
OK	/htdocs/application/third_party/omnipay/vendor/google/apiclient-services/src/Apigee/GoogleCloudApigeeV1Subscription.php
OK	/htdocs/application/third_party/omnipay/vendor/google/apiclient-services/src/Apigee/GoogleCloudApigeeV1UpdateError.php
OK	/htdocs/application/third_party/omnipay/vendor/google/apiclient-services/src/Apigee/GoogleRpcPreconditionFailure.php
OK	/htdocs/application/third_party/omnipay/vendor/google/apiclient-services/src/Apigee/Resource/OrganizationsApiproductsAttributes.php
OK	/htdocs/application/third_party/omnipay/vendor/google/apiclient-services/src/Apigee/Resource/OrganizationsAppgroupsAppsKeysApiproducts.php
OK	/htdocs/application/third_party/omnipay/vendor/google/apiclient-services/src/Apigee/Resource/OrganizationsDevelopersSubscriptions.php
OK	/htdocs/application/third_party/omnipay/vendor/google/apiclient-services/src/Apigee/Resource/OrganizationsEnvironmentsApisRevisionsDebugsessions.php
OK	/htdocs/application/third_party/omnipay/vendor/google/apiclient-services/src/Apigee/Resource/OrganizationsEnvironmentsQueries.php
OK	/htdocs/application/third_party/omnipay/vendor/google/apiclient-services/src/Apigee/Resource/OrganizationsEnvironmentsTraceConfig.php
OK	/htdocs/application/third_party/omnipay/vendor/google/apiclient-services/src/Apigee/Resource/OrganizationsOptimizedHostStats.php
OK	/htdocs/application/third_party/omnipay/vendor/google/apiclient-services/src/Apigee/Resource/OrganizationsSitesApidocs.php
OK	/htdocs/application/third_party/omnipay/vendor/google/apiclient-services/src/ApigeeRegistry/Expr.php
OK	/htdocs/application/third_party/omnipay/vendor/google/apiclient-services/src/ApigeeRegistry/Location.php
OK	/htdocs/application/third_party/omnipay/vendor/google/apiclient-services/src/ApigeeRegistry/Resource/Projects.php
OK	/htdocs/application/third_party/omnipay/vendor/google/apiclient-services/src/ApigeeRegistry/Resource/ProjectsLocationsInstances.php
OK	/htdocs/application/third_party/omnipay/vendor/google/apiclient-services/src/ApiKeysService/V2Key.php
OK	/htdocs/application/third_party/omnipay/vendor/google/apiclient-services/src/APIManagement/ApiObservation.php
OK	/htdocs/application/third_party/omnipay/vendor/google/apiclient-services/src/APIManagement/HttpOperationHttpRequest.php
OK	/htdocs/application/third_party/omnipay/vendor/google/apiclient-services/src/APIManagement/ObservationJob.php
OK	/htdocs/application/third_party/omnipay/vendor/google/apiclient-services/src/APIManagement/Resource/ProjectsLocationsOperations.php
OK	/htdocs/application/third_party/omnipay/vendor/google/apiclient-services/src/Appengine/CloudBuildOptions.php
OK	/htdocs/application/third_party/omnipay/vendor/google/apiclient-services/src/Appengine/EndpointsApiService.php
OK	/htdocs/application/third_party/omnipay/vendor/google/apiclient-services/src/Appengine/IdentityAwareProxy.php
OK	/htdocs/application/third_party/omnipay/vendor/google/apiclient-services/src/Appengine/ListVersionsResponse.php
OK	/htdocs/application/third_party/omnipay/vendor/google/apiclient-services/src/Appengine/OperationMetadataV1Beta.php
OK	/htdocs/application/third_party/omnipay/vendor/google/apiclient-services/src/Appengine/ScriptHandler.php
OK	/htdocs/application/third_party/omnipay/vendor/google/apiclient-services/src/Appengine/ZipInfo.php
OK	/htdocs/application/third_party/omnipay/vendor/google/apiclient-services/src/Appengine/Resource/Projects.php
OK	/htdocs/application/third_party/omnipay/vendor/google/apiclient-services/src/AppHub/Binding.php
OK	/htdocs/application/third_party/omnipay/vendor/google/apiclient-services/src/AppHub/DiscoveredWorkload.php
OK	/htdocs/application/third_party/omnipay/vendor/google/apiclient-services/src/AppHub/ListServiceProjectAttachmentsResponse.php
OK	/htdocs/application/third_party/omnipay/vendor/google/apiclient-services/src/AppHub/Policy.php
OK	/htdocs/application/third_party/omnipay/vendor/google/apiclient-services/src/AppHub/TenantProjectProxy.php
OK	/htdocs/application/third_party/omnipay/vendor/google/apiclient-services/src/AppHub/Resource/ProjectsLocationsDiscoveredServices.php
OK	/htdocs/application/third_party/omnipay/vendor/google/apiclient-services/src/Area120Tables/DateDetails.php
OK	/htdocs/application/third_party/omnipay/vendor/google/apiclient-services/src/Area120Tables/Resource/Tables.php
OK	/htdocs/application/third_party/omnipay/vendor/google/apiclient-services/src/AreaInsights/RatingFilter.php
OK	/htdocs/application/third_party/omnipay/vendor/google/apiclient-services/src/ArtifactRegistry/CleanupPolicy.php
OK	/htdocs/application/third_party/omnipay/vendor/google/apiclient-services/src/ArtifactRegistry/GoogleDevtoolsArtifactregistryV1File.php
OK	/htdocs/application/third_party/omnipay/vendor/google/apiclient-services/src/ArtifactRegistry/ImportAptArtifactsGcsSource.php
OK	/htdocs/application/third_party/omnipay/vendor/google/apiclient-services/src/ArtifactRegistry/ImportYumArtifactsRequest.php
OK	/htdocs/application/third_party/omnipay/vendor/google/apiclient-services/src/ArtifactRegistry/ListRepositoriesResponse.php
OK	/htdocs/application/third_party/omnipay/vendor/google/apiclient-services/src/ArtifactRegistry/Package.php
OK	/htdocs/application/third_party/omnipay/vendor/google/apiclient-services/src/ArtifactRegistry/TestIamPermissionsRequest.php
OK	/htdocs/application/third_party/omnipay/vendor/google/apiclient-services/src/ArtifactRegistry/UploadGoModuleMetadata.php
OK	/htdocs/application/third_party/omnipay/vendor/google/apiclient-services/src/ArtifactRegistry/UploadYumArtifactResponse.php
OK	/htdocs/application/third_party/omnipay/vendor/google/apiclient-services/src/ArtifactRegistry/Resource/Projects.php
OK	/htdocs/application/third_party/omnipay/vendor/google/apiclient-services/src/ArtifactRegistry/Resource/ProjectsLocationsRepositoriesMavenArtifacts.php
OK	/htdocs/application/third_party/omnipay/vendor/google/apiclient-services/src/Assuredworkloads/GoogleCloudAssuredworkloadsV1beta1CreateWorkloadOperationMetadata.php
OK	/htdocs/application/third_party/omnipay/vendor/google/apiclient-services/src/Assuredworkloads/GoogleCloudAssuredworkloadsV1ListViolationsResponse.php
OK	/htdocs/application/third_party/omnipay/vendor/google/apiclient-services/src/Assuredworkloads/GoogleCloudAssuredworkloadsV1ViolationRemediationInstructionsConsole.php
OK	/htdocs/application/third_party/omnipay/vendor/google/apiclient-services/src/Assuredworkloads/GoogleCloudAssuredworkloadsVersioningV1mainWorkload.php
OK	/htdocs/application/third_party/omnipay/vendor/google/apiclient-services/src/Assuredworkloads/GoogleProtobufEmpty.php
OK	/htdocs/application/third_party/omnipay/vendor/google/apiclient-services/src/AuthorizedBuyersMarketplace/AdSize.php
OK	/htdocs/application/third_party/omnipay/vendor/google/apiclient-services/src/AuthorizedBuyersMarketplace/DayPartTargeting.php
OK	/htdocs/application/third_party/omnipay/vendor/google/apiclient-services/src/AuthorizedBuyersMarketplace/ListClientsResponse.php
OK	/htdocs/application/third_party/omnipay/vendor/google/apiclient-services/src/AuthorizedBuyersMarketplace/PauseFinalizedDealRequest.php
OK	/htdocs/application/third_party/omnipay/vendor/google/apiclient-services/src/AuthorizedBuyersMarketplace/SendRfpRequest.php
OK	/htdocs/application/third_party/omnipay/vendor/google/apiclient-services/src/AuthorizedBuyersMarketplace/Resource/Bidders.php
OK	/htdocs/application/third_party/omnipay/vendor/google/apiclient-services/src/Backupdr/AcceleratorConfig.php
OK	/htdocs/application/third_party/omnipay/vendor/google/apiclient-services/src/Backupdr/BackupApplianceLockInfo.php
OK	/htdocs/application/third_party/omnipay/vendor/google/apiclient-services/src/Backupdr/BackupVault.php
OK	/htdocs/application/third_party/omnipay/vendor/google/apiclient-services/src/Backupdr/CustomerEncryptionKey.php
OK	/htdocs/application/third_party/omnipay/vendor/google/apiclient-services/src/Backupdr/FinalizeBackupRequest.php
OK	/htdocs/application/third_party/omnipay/vendor/google/apiclient-services/src/Backupdr/ListBackupPlansResponse.php
OK	/htdocs/application/third_party/omnipay/vendor/google/apiclient-services/src/Backupdr/ManagementURI.php
OK	/htdocs/application/third_party/omnipay/vendor/google/apiclient-services/src/Backupdr/RemoveDataSourceRequest.php
OK	/htdocs/application/third_party/omnipay/vendor/google/apiclient-services/src/Backupdr/SetInternalStatusResponse.php
OK	/htdocs/application/third_party/omnipay/vendor/google/apiclient-services/src/Backupdr/WorkforceIdentityBasedOAuth2ClientID.php
OK	/htdocs/application/third_party/omnipay/vendor/google/apiclient-services/src/Backupdr/Resource/ProjectsLocationsServiceConfig.php
OK	/htdocs/application/third_party/omnipay/vendor/google/apiclient-services/src/BackupforGKE/ExclusionWindow.php
OK	/htdocs/application/third_party/omnipay/vendor/google/apiclient-services/src/BackupforGKE/ListBackupsResponse.php
OK	/htdocs/application/third_party/omnipay/vendor/google/apiclient-services/src/BackupforGKE/ResourceFilter.php
OK	/htdocs/application/third_party/omnipay/vendor/google/apiclient-services/src/BackupforGKE/TestIamPermissionsResponse.php
OK	/htdocs/application/third_party/omnipay/vendor/google/apiclient-services/src/BackupforGKE/Resource/ProjectsLocationsBackupPlansBackupsVolumeBackups.php
OK	/htdocs/application/third_party/omnipay/vendor/google/apiclient-services/src/Baremetalsolution/DisableInteractiveSerialConsoleResponse.php
OK	/htdocs/application/third_party/omnipay/vendor/google/apiclient-services/src/Baremetalsolution/InstanceQuota.php
OK	/htdocs/application/third_party/omnipay/vendor/google/apiclient-services/src/Baremetalsolution/ListSSHKeysResponse.php
OK	/htdocs/application/third_party/omnipay/vendor/google/apiclient-services/src/Baremetalsolution/NetworkConfig.php
OK	/htdocs/application/third_party/omnipay/vendor/google/apiclient-services/src/Baremetalsolution/ReimageInstanceRequest.php
OK	/htdocs/application/third_party/omnipay/vendor/google/apiclient-services/src/Baremetalsolution/SnapshotReservationDetail.php
OK	/htdocs/application/third_party/omnipay/vendor/google/apiclient-services/src/Baremetalsolution/UserAccount.php
OK	/htdocs/application/third_party/omnipay/vendor/google/apiclient-services/src/Baremetalsolution/Resource/ProjectsLocationsNfsShares.php
OK	/htdocs/application/third_party/omnipay/vendor/google/apiclient-services/src/Batch/AgentContainer.php
OK	/htdocs/application/third_party/omnipay/vendor/google/apiclient-services/src/Batch/AgentTimingInfo.php
OK	/htdocs/application/third_party/omnipay/vendor/google/apiclient-services/src/Batch/Container.php
OK	/htdocs/application/third_party/omnipay/vendor/google/apiclient-services/src/Batch/LifecyclePolicy.php
OK	/htdocs/application/third_party/omnipay/vendor/google/apiclient-services/src/Batch/Operation.php
OK	/htdocs/application/third_party/omnipay/vendor/google/apiclient-services/src/Batch/Task.php
OK	/htdocs/application/third_party/omnipay/vendor/google/apiclient-services/src/Batch/Resource/ProjectsLocationsJobsTaskGroups.php
OK	/htdocs/application/third_party/omnipay/vendor/google/apiclient-services/src/BeyondCorp/ClientConnectorServiceOperationMetadata.php
OK	/htdocs/application/third_party/omnipay/vendor/google/apiclient-services/src/BeyondCorp/Connector.php
OK	/htdocs/application/third_party/omnipay/vendor/google/apiclient-services/src/BeyondCorp/GoogleCloudBeyondcorpAppconnectionsV1alphaResolveAppConnectionsResponse.php
OK	/htdocs/application/third_party/omnipay/vendor/google/apiclient-services/src/BeyondCorp/GoogleCloudBeyondcorpAppconnectorsV1alphaAppConnectorPrincipalInfo.php
OK	/htdocs/application/third_party/omnipay/vendor/google/apiclient-services/src/BeyondCorp/GoogleCloudBeyondcorpAppconnectorsV1AppConnectorInstanceConfig.php
OK	/htdocs/application/third_party/omnipay/vendor/google/apiclient-services/src/BeyondCorp/GoogleCloudBeyondcorpAppconnectorsV1ResourceInfo.php
OK	/htdocs/application/third_party/omnipay/vendor/google/apiclient-services/src/BeyondCorp/GoogleCloudBeyondcorpSecuritygatewaysV1alphaSecurityGatewayOperationMetadata.php
OK	/htdocs/application/third_party/omnipay/vendor/google/apiclient-services/src/BeyondCorp/GoogleCloudLocationListLocationsResponse.php
OK	/htdocs/application/third_party/omnipay/vendor/google/apiclient-services/src/BeyondCorp/GoogleRpcStatus.php
OK	/htdocs/application/third_party/omnipay/vendor/google/apiclient-services/src/BeyondCorp/RemoteAgentDetails.php
OK	/htdocs/application/third_party/omnipay/vendor/google/apiclient-services/src/BeyondCorp/Resource/OrganizationsLocationsBeyondcorpGlobalPartnerTenants.php
OK	/htdocs/application/third_party/omnipay/vendor/google/apiclient-services/src/BeyondCorp/Resource/ProjectsLocationsBeyondcorpGlobalSecurityGateways.php
OK	/htdocs/application/third_party/omnipay/vendor/google/apiclient-services/src/BeyondCorp/Resource/VProjectsLocationsSecurityGateways.php
OK	/htdocs/application/third_party/omnipay/vendor/google/apiclient-services/src/BigLakeService/Resource/Projects.php
OK	/htdocs/application/third_party/omnipay/vendor/google/apiclient-services/src/Bigquery/ArimaOrder.php
OK	/htdocs/application/third_party/omnipay/vendor/google/apiclient-services/src/Bigquery/BigtableColumnFamily.php
OK	/htdocs/application/third_party/omnipay/vendor/google/apiclient-services/src/Bigquery/ClusterInfo.php
OK	/htdocs/application/third_party/omnipay/vendor/google/apiclient-services/src/Bigquery/DatasetAccessEntryTargetTypes.php
OK	/htdocs/application/third_party/omnipay/vendor/google/apiclient-services/src/Bigquery/DoubleRange.php
OK	/htdocs/application/third_party/omnipay/vendor/google/apiclient-services/src/Bigquery/ExternalDataConfiguration.php
OK	/htdocs/application/third_party/omnipay/vendor/google/apiclient-services/src/Bigquery/HighCardinalityJoin.php
OK	/htdocs/application/third_party/omnipay/vendor/google/apiclient-services/src/Bigquery/IterationResult.php
OK	/htdocs/application/third_party/omnipay/vendor/google/apiclient-services/src/Bigquery/JobStatistics.php
OK	/htdocs/application/third_party/omnipay/vendor/google/apiclient-services/src/Bigquery/ListModelsResponse.php
OK	/htdocs/application/third_party/omnipay/vendor/google/apiclient-services/src/Bigquery/ModelDefinition.php
OK	/htdocs/application/third_party/omnipay/vendor/google/apiclient-services/src/Bigquery/PrivacyPolicy.php
OK	/htdocs/application/third_party/omnipay/vendor/google/apiclient-services/src/Bigquery/QueryTimelineSample.php
OK	/htdocs/application/third_party/omnipay/vendor/google/apiclient-services/src/Bigquery/RowAccessPolicy.php
OK	/htdocs/application/third_party/omnipay/vendor/google/apiclient-services/src/Bigquery/SparkLoggingInfo.php
OK	/htdocs/application/third_party/omnipay/vendor/google/apiclient-services/src/Bigquery/Streamingbuffer.php
OK	/htdocs/application/third_party/omnipay/vendor/google/apiclient-services/src/Bigquery/TableDataInsertAllResponse.php
OK	/htdocs/application/third_party/omnipay/vendor/google/apiclient-services/src/Bigquery/TableReplicationInfo.php
OK	/htdocs/application/third_party/omnipay/vendor/google/apiclient-services/src/Bigquery/VectorSearchStatistics.php
OK	/htdocs/application/third_party/omnipay/vendor/google/apiclient-services/src/BigQueryConnectionService/AwsAccessRole.php
OK	/htdocs/application/third_party/omnipay/vendor/google/apiclient-services/src/BigQueryConnectionService/ConnectorConfigurationAsset.php
OK	/htdocs/application/third_party/omnipay/vendor/google/apiclient-services/src/BigQueryConnectionService/Policy.php
OK	/htdocs/application/third_party/omnipay/vendor/google/apiclient-services/src/BigQueryDataPolicyService/BigquerydatapolicyEmpty.php
OK	/htdocs/application/third_party/omnipay/vendor/google/apiclient-services/src/BigQueryDataPolicyService/TestIamPermissionsResponse.php
OK	/htdocs/application/third_party/omnipay/vendor/google/apiclient-services/src/BigQueryDataTransfer/EventDrivenSchedule.php
OK	/htdocs/application/third_party/omnipay/vendor/google/apiclient-services/src/BigQueryDataTransfer/StartManualTransferRunsRequest.php
OK	/htdocs/application/third_party/omnipay/vendor/google/apiclient-services/src/BigQueryDataTransfer/Resource/ProjectsLocations.php
OK	/htdocs/application/third_party/omnipay/vendor/google/apiclient-services/src/BigQueryReservation/CapacityCommitment.php
OK	/htdocs/application/third_party/omnipay/vendor/google/apiclient-services/src/BigQueryReservation/SplitCapacityCommitmentResponse.php
OK	/htdocs/application/third_party/omnipay/vendor/google/apiclient-services/src/BigtableAdmin/AutomatedBackupPolicy.php
OK	/htdocs/application/third_party/omnipay/vendor/google/apiclient-services/src/BigtableAdmin/ClusterConfig.php
OK	/htdocs/application/third_party/omnipay/vendor/google/apiclient-services/src/BigtableAdmin/CreateInstanceRequest.php
OK	/htdocs/application/third_party/omnipay/vendor/google/apiclient-services/src/BigtableAdmin/GenerateConsistencyTokenResponse.php
OK	/htdocs/application/third_party/omnipay/vendor/google/apiclient-services/src/BigtableAdmin/GoogleBigtableAdminV2TypeBytes.php
OK	/htdocs/application/third_party/omnipay/vendor/google/apiclient-services/src/BigtableAdmin/GoogleBigtableAdminV2TypeStringEncodingUtf8Bytes.php
OK	/htdocs/application/third_party/omnipay/vendor/google/apiclient-services/src/BigtableAdmin/ListHotTabletsResponse.php
OK	/htdocs/application/third_party/omnipay/vendor/google/apiclient-services/src/BigtableAdmin/PartialUpdateClusterMetadata.php
OK	/htdocs/application/third_party/omnipay/vendor/google/apiclient-services/src/BigtableAdmin/StandardReadRemoteWrites.php
OK	/htdocs/application/third_party/omnipay/vendor/google/apiclient-services/src/BigtableAdmin/UpdateAuthorizedViewMetadata.php
OK	/htdocs/application/third_party/omnipay/vendor/google/apiclient-services/src/BigtableAdmin/Resource/ProjectsInstancesClustersBackups.php
OK	/htdocs/application/third_party/omnipay/vendor/google/apiclient-services/src/BinaryAuthorization/Attestor.php
OK	/htdocs/application/third_party/omnipay/vendor/google/apiclient-services/src/BinaryAuthorization/Expr.php
OK	/htdocs/application/third_party/omnipay/vendor/google/apiclient-services/src/BinaryAuthorization/PodResult.php
OK	/htdocs/application/third_party/omnipay/vendor/google/apiclient-services/src/BinaryAuthorization/TestIamPermissionsResponse.php
OK	/htdocs/application/third_party/omnipay/vendor/google/apiclient-services/src/BinaryAuthorization/Resource/ProjectsPlatformsPolicies.php
OK	/htdocs/application/third_party/omnipay/vendor/google/apiclient-services/src/BlockchainNodeEngine/ListLocationsResponse.php
OK	/htdocs/application/third_party/omnipay/vendor/google/apiclient-services/src/BlockchainNodeEngine/Resource/ProjectsLocationsOperations.php
OK	/htdocs/application/third_party/omnipay/vendor/google/apiclient-services/src/Blogger/CommentInReplyTo.php
OK	/htdocs/application/third_party/omnipay/vendor/google/apiclient-services/src/Blogger/PostAuthorImage.php
OK	/htdocs/application/third_party/omnipay/vendor/google/apiclient-services/src/Blogger/Resource/Blogs.php
OK	/htdocs/application/third_party/omnipay/vendor/google/apiclient-services/src/Books/Annotations.php
OK	/htdocs/application/third_party/omnipay/vendor/google/apiclient-services/src/Books/ConcurrentAccessRestriction.php
OK	/htdocs/application/third_party/omnipay/vendor/google/apiclient-services/src/Books/DictlayerdataDictWordsSensesConjugations.php
OK	/htdocs/application/third_party/omnipay/vendor/google/apiclient-services/src/Books/DownloadAccessRestriction.php
OK	/htdocs/application/third_party/omnipay/vendor/google/apiclient-services/src/Books/Metadata.php
OK	/htdocs/application/third_party/omnipay/vendor/google/apiclient-services/src/Books/Seriesmembership.php
OK	/htdocs/application/third_party/omnipay/vendor/google/apiclient-services/src/Books/UsersettingsNotificationRewardExpirations.php
OK	/htdocs/application/third_party/omnipay/vendor/google/apiclient-services/src/Books/Volumes.php
OK	/htdocs/application/third_party/omnipay/vendor/google/apiclient-services/src/Books/VolumeUserInfo.php
OK	/htdocs/application/third_party/omnipay/vendor/google/apiclient-services/src/Books/Resource/BookshelvesVolumes.php
OK	/htdocs/application/third_party/omnipay/vendor/google/apiclient-services/src/Books/Resource/MylibraryReadingpositions.php
OK	/htdocs/application/third_party/omnipay/vendor/google/apiclient-services/src/BusinessProfilePerformance/DailyMetricTimeSeries.php
OK	/htdocs/application/third_party/omnipay/vendor/google/apiclient-services/src/BusinessProfilePerformance/Resource/Locations.php
OK	/htdocs/application/third_party/omnipay/vendor/google/apiclient-services/src/Calendar/Channel.php
OK	/htdocs/application/third_party/omnipay/vendor/google/apiclient-services/src/Calendar/Error.php
OK	/htdocs/application/third_party/omnipay/vendor/google/apiclient-services/src/Calendar/EventReminder.php
OK	/htdocs/application/third_party/omnipay/vendor/google/apiclient-services/src/Calendar/Setting.php
OK	/htdocs/application/third_party/omnipay/vendor/google/apiclient-services/src/CCAIPlatform/AuthenticationConfig.php
OK	/htdocs/application/third_party/omnipay/vendor/google/apiclient-services/src/CCAIPlatform/ListLocationsResponse.php
OK	/htdocs/application/third_party/omnipay/vendor/google/apiclient-services/src/CCAIPlatform/Status.php
OK	/htdocs/application/third_party/omnipay/vendor/google/apiclient-services/src/CertificateAuthorityService/AuditLogConfig.php
OK	/htdocs/application/third_party/omnipay/vendor/google/apiclient-services/src/CertificateAuthorityService/CertificateFingerprint.php
OK	/htdocs/application/third_party/omnipay/vendor/google/apiclient-services/src/CertificateAuthorityService/IssuanceModes.php
OK	/htdocs/application/third_party/omnipay/vendor/google/apiclient-services/src/CertificateAuthorityService/ListOperationsResponse.php
OK	/htdocs/application/third_party/omnipay/vendor/google/apiclient-services/src/CertificateAuthorityService/RevokeCertificateRequest.php
OK	/htdocs/application/third_party/omnipay/vendor/google/apiclient-services/src/CertificateAuthorityService/TestIamPermissionsResponse.php
OK	/htdocs/application/third_party/omnipay/vendor/google/apiclient-services/src/CertificateAuthorityService/Resource/ProjectsLocationsManagedPkis.php
OK	/htdocs/application/third_party/omnipay/vendor/google/apiclient-services/src/CertificateManager/DnsAuthorization.php
OK	/htdocs/application/third_party/omnipay/vendor/google/apiclient-services/src/CertificateManager/ListTrustConfigsResponse.php
OK	/htdocs/application/third_party/omnipay/vendor/google/apiclient-services/src/CertificateManager/UsedBy.php
OK	/htdocs/application/third_party/omnipay/vendor/google/apiclient-services/src/ChecksService/CancelOperationRequest.php
OK	/htdocs/application/third_party/omnipay/vendor/google/apiclient-services/src/ChecksService/GoogleChecksAisafetyV1alphaClassifyContentResponsePolicyResult.php
OK	/htdocs/application/third_party/omnipay/vendor/google/apiclient-services/src/ChecksService/GoogleChecksReportV1alphaCheckEvidence.php
OK	/htdocs/application/third_party/omnipay/vendor/google/apiclient-services/src/ChecksService/GoogleChecksReportV1alphaDataMonitoringEndpointResult.php
OK	/htdocs/application/third_party/omnipay/vendor/google/apiclient-services/src/ChecksService/GoogleChecksReportV1alphaPermission.php
OK	/htdocs/application/third_party/omnipay/vendor/google/apiclient-services/src/ChecksService/GoogleChecksRepoScanV1alphaScmMetadata.php
OK	/htdocs/application/third_party/omnipay/vendor/google/apiclient-services/src/ChecksService/WaitOperationRequest.php
OK	/htdocs/application/third_party/omnipay/vendor/google/apiclient-services/src/ChecksService/Resource/ProjectsPrivacyPolicies.php
OK	/htdocs/application/third_party/omnipay/vendor/google/apiclient-services/src/ChromeManagement/GoogleChromeManagementV1BootPerformanceReport.php
OK	/htdocs/application/third_party/omnipay/vendor/google/apiclient-services/src/ChromeManagement/GoogleChromeManagementV1CountChromeHardwareFleetDevicesResponse.php
OK	/htdocs/application/third_party/omnipay/vendor/google/apiclient-services/src/ChromeManagement/GoogleChromeManagementV1DeviceRequestingExtensionDetails.php
OK	/htdocs/application/third_party/omnipay/vendor/google/apiclient-services/src/ChromeManagement/GoogleChromeManagementV1HttpsLatencyRoutineData.php
OK	/htdocs/application/third_party/omnipay/vendor/google/apiclient-services/src/ChromeManagement/GoogleChromeManagementV1NetworkInfo.php
OK	/htdocs/application/third_party/omnipay/vendor/google/apiclient-services/src/ChromeManagement/GoogleChromeManagementV1StorageStatusReport.php
OK	/htdocs/application/third_party/omnipay/vendor/google/apiclient-services/src/ChromeManagement/GoogleChromeManagementV1TelemetryNotificationConfig.php
OK	/htdocs/application/third_party/omnipay/vendor/google/apiclient-services/src/ChromeManagement/GoogleChromeManagementV1UserRequestingExtensionDetails.php
OK	/htdocs/application/third_party/omnipay/vendor/google/apiclient-services/src/ChromeManagement/GoogleChromeManagementVersionsV1ChromeOsUserSession.php
OK	/htdocs/application/third_party/omnipay/vendor/google/apiclient-services/src/ChromeManagement/GoogleProtobufEmpty.php
OK	/htdocs/application/third_party/omnipay/vendor/google/apiclient-services/src/ChromeManagement/Resource/CustomersTelemetryEvents.php
OK	/htdocs/application/third_party/omnipay/vendor/google/apiclient-services/src/ChromePolicy/GoogleChromePolicyV1DefineNetworkResponse.php
OK	/htdocs/application/third_party/omnipay/vendor/google/apiclient-services/src/ChromePolicy/GoogleChromePolicyV1PolicySchemaFieldDescription.php
OK	/htdocs/application/third_party/omnipay/vendor/google/apiclient-services/src/ChromePolicy/GoogleChromePolicyV1ResolveResponse.php
OK	/htdocs/application/third_party/omnipay/vendor/google/apiclient-services/src/ChromePolicy/GoogleChromePolicyVersionsV1DefineNetworkRequest.php
OK	/htdocs/application/third_party/omnipay/vendor/google/apiclient-services/src/ChromePolicy/GoogleChromePolicyVersionsV1PolicyApiLifecycle.php
OK	/htdocs/application/third_party/omnipay/vendor/google/apiclient-services/src/ChromePolicy/GoogleChromePolicyVersionsV1RemoveCertificateErrorDetails.php
OK	/htdocs/application/third_party/omnipay/vendor/google/apiclient-services/src/ChromePolicy/GoogleProtobufEmpty.php
OK	/htdocs/application/third_party/omnipay/vendor/google/apiclient-services/src/ChromePolicy/Resource/CustomersPoliciesOrgunits.php
OK	/htdocs/application/third_party/omnipay/vendor/google/apiclient-services/src/ChromeUXReport/Percentiles.php
OK	/htdocs/application/third_party/omnipay/vendor/google/apiclient-services/src/CivicInfo/Candidate.php
OK	/htdocs/application/third_party/omnipay/vendor/google/apiclient-services/src/CivicInfo/GeographicDivision.php
OK	/htdocs/application/third_party/omnipay/vendor/google/apiclient-services/src/CivicInfo/Resource/Elections.php
OK	/htdocs/application/third_party/omnipay/vendor/google/apiclient-services/src/Classroom/Course.php
OK	/htdocs/application/third_party/omnipay/vendor/google/apiclient-services/src/Classroom/EmbedUri.php
OK	/htdocs/application/third_party/omnipay/vendor/google/apiclient-services/src/Classroom/Link.php
OK	/htdocs/application/third_party/omnipay/vendor/google/apiclient-services/src/Classroom/ListStudentSubmissionsResponse.php
OK	/htdocs/application/third_party/omnipay/vendor/google/apiclient-services/src/Classroom/Registration.php
OK	/htdocs/application/third_party/omnipay/vendor/google/apiclient-services/src/Classroom/TeacherContext.php
OK	/htdocs/application/third_party/omnipay/vendor/google/apiclient-services/src/Classroom/Resource/CoursesCourseWorkAddOnAttachmentsStudentSubmissions.php
OK	/htdocs/application/third_party/omnipay/vendor/google/apiclient-services/src/Classroom/Resource/Registrations.php
OK	/htdocs/application/third_party/omnipay/vendor/google/apiclient-services/src/CloudAlloyDBAdmin/CloudSQLBackupRunSource.php
OK	/htdocs/application/third_party/omnipay/vendor/google/apiclient-services/src/CloudAlloyDBAdmin/ExportClusterResponse.php
OK	/htdocs/application/third_party/omnipay/vendor/google/apiclient-services/src/CloudAlloyDBAdmin/InstanceNetworkConfig.php
OK	/htdocs/application/third_party/omnipay/vendor/google/apiclient-services/src/CloudAlloyDBAdmin/MaintenanceWindow.php
OK	/htdocs/application/third_party/omnipay/vendor/google/apiclient-services/src/CloudAlloyDBAdmin/QuantityBasedRetention.php
OK	/htdocs/application/third_party/omnipay/vendor/google/apiclient-services/src/CloudAlloyDBAdmin/StorageDatabasecenterPartnerapiV1mainBackupConfiguration.php
OK	/htdocs/application/third_party/omnipay/vendor/google/apiclient-services/src/CloudAlloyDBAdmin/StorageDatabasecenterPartnerapiV1mainMachineConfiguration.php
OK	/htdocs/application/third_party/omnipay/vendor/google/apiclient-services/src/CloudAlloyDBAdmin/TrialMetadata.php
OK	/htdocs/application/third_party/omnipay/vendor/google/apiclient-services/src/CloudAlloyDBAdmin/Resource/ProjectsLocationsOperations.php
OK	/htdocs/application/third_party/omnipay/vendor/google/apiclient-services/src/CloudAsset/AnalyzerOrgPolicyConstraint.php
OK	/htdocs/application/third_party/omnipay/vendor/google/apiclient-services/src/CloudAsset/CloudassetResource.php
OK	/htdocs/application/third_party/omnipay/vendor/google/apiclient-services/src/CloudAsset/FeedOutputConfig.php
OK	/htdocs/application/third_party/omnipay/vendor/google/apiclient-services/src/CloudAsset/GoogleCloudAssetV1DeniedAccessAccessTuple.php
OK	/htdocs/application/third_party/omnipay/vendor/google/apiclient-services/src/CloudAsset/GoogleCloudAssetV1p7beta1RelatedAssets.php
OK	/htdocs/application/third_party/omnipay/vendor/google/apiclient-services/src/CloudAsset/GoogleIdentityAccesscontextmanagerV1AccessLevel.php
OK	/htdocs/application/third_party/omnipay/vendor/google/apiclient-services/src/CloudAsset/GoogleIdentityAccesscontextmanagerV1IngressPolicy.php
OK	/htdocs/application/third_party/omnipay/vendor/google/apiclient-services/src/CloudAsset/IamPolicyAnalysisQuery.php
OK	/htdocs/application/third_party/omnipay/vendor/google/apiclient-services/src/CloudAsset/MoveImpact.php
OK	/htdocs/application/third_party/omnipay/vendor/google/apiclient-services/src/CloudAsset/QueryAssetsRequest.php
OK	/htdocs/application/third_party/omnipay/vendor/google/apiclient-services/src/CloudAsset/SavedQuery.php
OK	/htdocs/application/third_party/omnipay/vendor/google/apiclient-services/src/CloudAsset/VersionedResource.php
OK	/htdocs/application/third_party/omnipay/vendor/google/apiclient-services/src/Cloudbilling/AggregationInfo.php
OK	/htdocs/application/third_party/omnipay/vendor/google/apiclient-services/src/Cloudbilling/Money.php
OK	/htdocs/application/third_party/omnipay/vendor/google/apiclient-services/src/Cloudbilling/Resource/BillingAccounts.php
OK	/htdocs/application/third_party/omnipay/vendor/google/apiclient-services/src/CloudBillingBudget/GoogleCloudBillingBudgetsV1LastPeriodAmount.php
OK	/htdocs/application/third_party/omnipay/vendor/google/apiclient-services/src/CloudBuild/ApprovalResult.php
OK	/htdocs/application/third_party/omnipay/vendor/google/apiclient-services/src/CloudBuild/BatchCreateGitLabConnectedRepositoriesResponseMetadata.php
OK	/htdocs/application/third_party/omnipay/vendor/google/apiclient-services/src/CloudBuild/Build.php
OK	/htdocs/application/third_party/omnipay/vendor/google/apiclient-services/src/CloudBuild/ConnectedRepository.php
OK	/htdocs/application/third_party/omnipay/vendor/google/apiclient-services/src/CloudBuild/DeleteWorkerPoolOperationMetadata.php
OK	/htdocs/application/third_party/omnipay/vendor/google/apiclient-services/src/CloudBuild/FetchReadWriteTokenResponse.php
OK	/htdocs/application/third_party/omnipay/vendor/google/apiclient-services/src/CloudBuild/GitLabRepositoryId.php
OK	/htdocs/application/third_party/omnipay/vendor/google/apiclient-services/src/CloudBuild/HTTPDelivery.php
OK	/htdocs/application/third_party/omnipay/vendor/google/apiclient-services/src/CloudBuild/ListGitLabRepositoriesResponse.php
OK	/htdocs/application/third_party/omnipay/vendor/google/apiclient-services/src/CloudBuild/NotifierSpec.php
OK	/htdocs/application/third_party/omnipay/vendor/google/apiclient-services/src/CloudBuild/PipelineSpec.php
OK	/htdocs/application/third_party/omnipay/vendor/google/apiclient-services/src/CloudBuild/PushFilter.php
OK	/htdocs/application/third_party/omnipay/vendor/google/apiclient-services/src/CloudBuild/RunWorkflowCustomOperationMetadata.php
OK	/htdocs/application/third_party/omnipay/vendor/google/apiclient-services/src/CloudBuild/SMTPDelivery.php
OK	/htdocs/application/third_party/omnipay/vendor/google/apiclient-services/src/CloudBuild/TestIamPermissionsRequest.php
OK	/htdocs/application/third_party/omnipay/vendor/google/apiclient-services/src/CloudBuild/Volume.php
OK	/htdocs/application/third_party/omnipay/vendor/google/apiclient-services/src/CloudBuild/WorkspacePipelineTaskBinding.php
OK	/htdocs/application/third_party/omnipay/vendor/google/apiclient-services/src/CloudBuild/Resource/ProjectsLocationsConnections.php
OK	/htdocs/application/third_party/omnipay/vendor/google/apiclient-services/src/Cloudchannel/GoogleCloudChannelV1AdminUser.php
OK	/htdocs/application/third_party/omnipay/vendor/google/apiclient-services/src/Cloudchannel/GoogleCloudChannelV1alpha1Period.php
OK	/htdocs/application/third_party/omnipay/vendor/google/apiclient-services/src/Cloudchannel/GoogleCloudChannelV1AssociationInfo.php
OK	/htdocs/application/third_party/omnipay/vendor/google/apiclient-services/src/Cloudchannel/GoogleCloudChannelV1CloudIdentityCustomerAccount.php
OK	/htdocs/application/third_party/omnipay/vendor/google/apiclient-services/src/Cloudchannel/GoogleCloudChannelV1DateRange.php
OK	/htdocs/application/third_party/omnipay/vendor/google/apiclient-services/src/Cloudchannel/GoogleCloudChannelV1ListEntitlementChangesResponse.php
OK	/htdocs/application/third_party/omnipay/vendor/google/apiclient-services/src/Cloudchannel/GoogleCloudChannelV1ListTransferableOffersResponse.php
OK	/htdocs/application/third_party/omnipay/vendor/google/apiclient-services/src/Cloudchannel/GoogleCloudChannelV1Price.php
OK	/htdocs/application/third_party/omnipay/vendor/google/apiclient-services/src/Cloudchannel/GoogleCloudChannelV1RenewalSettings.php
OK	/htdocs/application/third_party/omnipay/vendor/google/apiclient-services/src/Cloudchannel/GoogleCloudChannelV1RunReportJobRequest.php
OK	/htdocs/application/third_party/omnipay/vendor/google/apiclient-services/src/Cloudchannel/GoogleCloudChannelV1TransferEntitlementsRequest.php
OK	/htdocs/application/third_party/omnipay/vendor/google/apiclient-services/src/Cloudchannel/GoogleRpcStatus.php
OK	/htdocs/application/third_party/omnipay/vendor/google/apiclient-services/src/Cloudchannel/Resource/AccountsCustomersCustomerRepricingConfigs.php
OK	/htdocs/application/third_party/omnipay/vendor/google/apiclient-services/src/CloudCommercePartnerProcurementService/Approval.php
OK	/htdocs/application/third_party/omnipay/vendor/google/apiclient-services/src/CloudCommercePartnerProcurementService/ResetAccountRequest.php
OK	/htdocs/application/third_party/omnipay/vendor/google/apiclient-services/src/CloudComposer/ComposerWorkload.php
OK	/htdocs/application/third_party/omnipay/vendor/google/apiclient-services/src/CloudComposer/ExecuteAirflowCommandResponse.php
OK	/htdocs/application/third_party/omnipay/vendor/google/apiclient-services/src/CloudComposer/LoadSnapshotRequest.php
OK	/htdocs/application/third_party/omnipay/vendor/google/apiclient-services/src/CloudComposer/RecoveryConfig.php
OK	/htdocs/application/third_party/omnipay/vendor/google/apiclient-services/src/CloudComposer/UserWorkloadsConfigMap.php
OK	/htdocs/application/third_party/omnipay/vendor/google/apiclient-services/src/CloudComposer/Resource/ProjectsLocationsEnvironmentsWorkloads.php
OK	/htdocs/application/third_party/omnipay/vendor/google/apiclient-services/src/CloudControlsPartnerService/EkmConnections.php
OK	/htdocs/application/third_party/omnipay/vendor/google/apiclient-services/src/CloudControlsPartnerService/Sku.php
OK	/htdocs/application/third_party/omnipay/vendor/google/apiclient-services/src/CloudDataplex/CloudReliabilityZicyWs3DataplaneProtosAssetLocationIsolationExpectations.php
OK	/htdocs/application/third_party/omnipay/vendor/google/apiclient-services/src/CloudDataplex/CloudReliabilityZicyWs3DataplaneProtosTenantProjectProxy.php
OK	/htdocs/application/third_party/omnipay/vendor/google/apiclient-services/src/CloudDataplex/GoogleCloudDataplexV1Aspect.php
OK	/htdocs/application/third_party/omnipay/vendor/google/apiclient-services/src/CloudDataplex/GoogleCloudDataplexV1AssetDiscoveryStatus.php
OK	/htdocs/application/third_party/omnipay/vendor/google/apiclient-services/src/CloudDataplex/GoogleCloudDataplexV1DataAttribute.php
OK	/htdocs/application/third_party/omnipay/vendor/google/apiclient-services/src/CloudDataplex/GoogleCloudDataplexV1DataDocumentationSpec.php
OK	/htdocs/application/third_party/omnipay/vendor/google/apiclient-services/src/CloudDataplex/GoogleCloudDataplexV1DataProfileSpecPostScanActions.php
OK	/htdocs/application/third_party/omnipay/vendor/google/apiclient-services/src/CloudDataplex/GoogleCloudDataplexV1DataQualityRuleRegexExpectation.php
OK	/htdocs/application/third_party/omnipay/vendor/google/apiclient-services/src/CloudDataplex/GoogleCloudDataplexV1DataQualitySpecPostScanActionsJobEndTrigger.php
OK	/htdocs/application/third_party/omnipay/vendor/google/apiclient-services/src/CloudDataplex/GoogleCloudDataplexV1DataScanEventPostScanActionsResultBigQueryExportResult.php
OK	/htdocs/application/third_party/omnipay/vendor/google/apiclient-services/src/CloudDataplex/GoogleCloudDataplexV1Entity.php
OK	/htdocs/application/third_party/omnipay/vendor/google/apiclient-services/src/CloudDataplex/GoogleCloudDataplexV1EnvironmentInfrastructureSpec.php
OK	/htdocs/application/third_party/omnipay/vendor/google/apiclient-services/src/CloudDataplex/GoogleCloudDataplexV1Lake.php
OK	/htdocs/application/third_party/omnipay/vendor/google/apiclient-services/src/CloudDataplex/GoogleCloudDataplexV1ListEntitiesResponse.php
OK	/htdocs/application/third_party/omnipay/vendor/google/apiclient-services/src/CloudDataplex/GoogleCloudDataplexV1MetadataJob.php
OK	/htdocs/application/third_party/omnipay/vendor/google/apiclient-services/src/CloudDataplex/GoogleCloudDataplexV1RunTaskRequest.php
OK	/htdocs/application/third_party/omnipay/vendor/google/apiclient-services/src/CloudDataplex/GoogleCloudDataplexV1SessionEventQueryDetail.php
OK	/htdocs/application/third_party/omnipay/vendor/google/apiclient-services/src/CloudDataplex/GoogleCloudDataplexV1TaskInfrastructureSpecVpcNetwork.php
OK	/htdocs/application/third_party/omnipay/vendor/google/apiclient-services/src/CloudDataplex/GoogleCloudLocationListLocationsResponse.php
OK	/htdocs/application/third_party/omnipay/vendor/google/apiclient-services/src/CloudDataplex/GoogleRpcStatus.php
OK	/htdocs/application/third_party/omnipay/vendor/google/apiclient-services/src/CloudDataplex/Resource/ProjectsLocationsDataTaxonomies.php
OK	/htdocs/application/third_party/omnipay/vendor/google/apiclient-services/src/CloudDataplex/Resource/ProjectsLocationsLakesContent.php
OK	/htdocs/application/third_party/omnipay/vendor/google/apiclient-services/src/CloudDataplex/Resource/ProjectsLocationsMetadataJobs.php
OK	/htdocs/application/third_party/omnipay/vendor/google/apiclient-services/src/CloudDebugger/GetBreakpointResponse.php
OK	/htdocs/application/third_party/omnipay/vendor/google/apiclient-services/src/CloudDebugger/StackFrame.php
OK	/htdocs/application/third_party/omnipay/vendor/google/apiclient-services/src/CloudDeploy/AbandonReleaseResponse.php
OK	/htdocs/application/third_party/omnipay/vendor/google/apiclient-services/src/CloudDeploy/AuditLogConfig.php
OK	/htdocs/application/third_party/omnipay/vendor/google/apiclient-services/src/CloudDeploy/CanaryDeployment.php
OK	/htdocs/application/third_party/omnipay/vendor/google/apiclient-services/src/CloudDeploy/Config.php
OK	/htdocs/application/third_party/omnipay/vendor/google/apiclient-services/src/CloudDeploy/DeliveryPipeline.php
OK	/htdocs/application/third_party/omnipay/vendor/google/apiclient-services/src/CloudDeploy/DeployPolicyResourceSelector.php
OK	/htdocs/application/third_party/omnipay/vendor/google/apiclient-services/src/CloudDeploy/ListAutomationsResponse.php
OK	/htdocs/application/third_party/omnipay/vendor/google/apiclient-services/src/CloudDeploy/MultiTarget.php
OK	/htdocs/application/third_party/omnipay/vendor/google/apiclient-services/src/CloudDeploy/PolicyViolationDetails.php
OK	/htdocs/application/third_party/omnipay/vendor/google/apiclient-services/src/CloudDeploy/ReleaseNotificationEvent.php
OK	/htdocs/application/third_party/omnipay/vendor/google/apiclient-services/src/CloudDeploy/RetryJobResponse.php
OK	/htdocs/application/third_party/omnipay/vendor/google/apiclient-services/src/CloudDeploy/RuntimeConfig.php
OK	/htdocs/application/third_party/omnipay/vendor/google/apiclient-services/src/CloudDeploy/Status.php
OK	/htdocs/application/third_party/omnipay/vendor/google/apiclient-services/src/CloudDeploy/TestIamPermissionsRequest.php
OK	/htdocs/application/third_party/omnipay/vendor/google/apiclient-services/src/CloudDeploy/Resource/ProjectsLocationsCustomTargetTypes.php
OK	/htdocs/application/third_party/omnipay/vendor/google/apiclient-services/src/CloudDomains/AuthorizationCode.php
OK	/htdocs/application/third_party/omnipay/vendor/google/apiclient-services/src/CloudDomains/EmailForwarding.php
OK	/htdocs/application/third_party/omnipay/vendor/google/apiclient-services/src/CloudDomains/ListRegistrationsResponse.php
OK	/htdocs/application/third_party/omnipay/vendor/google/apiclient-services/src/CloudDomains/Registration.php
OK	/htdocs/application/third_party/omnipay/vendor/google/apiclient-services/src/CloudDomains/Status.php
OK	/htdocs/application/third_party/omnipay/vendor/google/apiclient-services/src/Clouderrorreporting/ErrorContext.php
OK	/htdocs/application/third_party/omnipay/vendor/google/apiclient-services/src/Clouderrorreporting/TimedCount.php
OK	/htdocs/application/third_party/omnipay/vendor/google/apiclient-services/src/CloudFilestore/DailyCycle.php
OK	/htdocs/application/third_party/omnipay/vendor/google/apiclient-services/src/CloudFilestore/GoogleCloudSaasacceleratorManagementProvidersV1ProvisionedResource.php
OK	/htdocs/application/third_party/omnipay/vendor/google/apiclient-services/src/CloudFilestore/Location.php
OK	/htdocs/application/third_party/omnipay/vendor/google/apiclient-services/src/CloudFilestore/RestoreInstanceRequest.php
OK	/htdocs/application/third_party/omnipay/vendor/google/apiclient-services/src/CloudFilestore/Resource/ProjectsLocationsInstancesSnapshots.php
OK	/htdocs/application/third_party/omnipay/vendor/google/apiclient-services/src/CloudFunctions/CommitFunctionUpgradeRequest.php
OK	/htdocs/application/third_party/omnipay/vendor/google/apiclient-services/src/CloudFunctions/GoogleCloudFunctionsV2alphaOperationMetadata.php
OK	/htdocs/application/third_party/omnipay/vendor/google/apiclient-services/src/CloudFunctions/ListFunctionsResponse.php
OK	/htdocs/application/third_party/omnipay/vendor/google/apiclient-services/src/CloudFunctions/Retry.php
OK	/htdocs/application/third_party/omnipay/vendor/google/apiclient-services/src/CloudFunctions/Stage.php
OK	/htdocs/application/third_party/omnipay/vendor/google/apiclient-services/src/CloudHealthcare/AccessDeterminationLogConfig.php
OK	/htdocs/application/third_party/omnipay/vendor/google/apiclient-services/src/CloudHealthcare/Attribute.php
OK	/htdocs/application/third_party/omnipay/vendor/google/apiclient-services/src/CloudHealthcare/Consent.php
OK	/htdocs/application/third_party/omnipay/vendor/google/apiclient-services/src/CloudHealthcare/DateShiftConfig.php
OK	/htdocs/application/third_party/omnipay/vendor/google/apiclient-services/src/CloudHealthcare/Entity.php
OK	/htdocs/application/third_party/omnipay/vendor/google/apiclient-services/src/CloudHealthcare/ExportResourcesRequest.php
OK	/htdocs/application/third_party/omnipay/vendor/google/apiclient-services/src/CloudHealthcare/GcsDestination.php
OK	/htdocs/application/third_party/omnipay/vendor/google/apiclient-services/src/CloudHealthcare/GoogleCloudHealthcareV1FhirGcsSource.php
OK	/htdocs/application/third_party/omnipay/vendor/google/apiclient-services/src/CloudHealthcare/ImportDicomDataRequest.php
OK	/htdocs/application/third_party/omnipay/vendor/google/apiclient-services/src/CloudHealthcare/ListConsentArtifactsResponse.php
OK	/htdocs/application/third_party/omnipay/vendor/google/apiclient-services/src/CloudHealthcare/Location.php
OK	/htdocs/application/third_party/omnipay/vendor/google/apiclient-services/src/CloudHealthcare/QueryAccessibleDataRequest.php
OK	/htdocs/application/third_party/omnipay/vendor/google/apiclient-services/src/CloudHealthcare/RollbackHl7V2MessagesRequest.php
OK	/htdocs/application/third_party/omnipay/vendor/google/apiclient-services/src/CloudHealthcare/SetIamPolicyRequest.php
OK	/htdocs/application/third_party/omnipay/vendor/google/apiclient-services/src/CloudHealthcare/TimePartitioning.php
OK	/htdocs/application/third_party/omnipay/vendor/google/apiclient-services/src/CloudHealthcare/Resource/ProjectsLocationsDatasetsConsentStoresConsents.php
OK	/htdocs/application/third_party/omnipay/vendor/google/apiclient-services/src/CloudHealthcare/Resource/ProjectsLocationsDatasetsFhirStores.php
OK	/htdocs/application/third_party/omnipay/vendor/google/apiclient-services/src/CloudIAP/AttributePropagationSettings.php
OK	/htdocs/application/third_party/omnipay/vendor/google/apiclient-services/src/CloudIAP/IdentityAwareProxyClient.php
OK	/htdocs/application/third_party/omnipay/vendor/google/apiclient-services/src/CloudIAP/SetIamPolicyRequest.php
OK	/htdocs/application/third_party/omnipay/vendor/google/apiclient-services/src/CloudIAP/Resource/ProjectsIapTunnel.php
OK	/htdocs/application/third_party/omnipay/vendor/google/apiclient-services/src/CloudIdentity/DeleteGroupMetadata.php
OK	/htdocs/application/third_party/omnipay/vendor/google/apiclient-services/src/CloudIdentity/GetMembershipGraphResponse.php
OK	/htdocs/application/third_party/omnipay/vendor/google/apiclient-services/src/CloudIdentity/GoogleAppsCloudidentityDevicesV1CancelWipeDeviceResponse.php
OK	/htdocs/application/third_party/omnipay/vendor/google/apiclient-services/src/CloudIdentity/GoogleAppsCloudidentityDevicesV1DeviceUser.php
OK	/htdocs/application/third_party/omnipay/vendor/google/apiclient-services/src/CloudIdentity/GoogleAppsCloudidentityDevicesV1WipeDeviceResponse.php
OK	/htdocs/application/third_party/omnipay/vendor/google/apiclient-services/src/CloudIdentity/ListInboundSamlSsoProfilesResponse.php
OK	/htdocs/application/third_party/omnipay/vendor/google/apiclient-services/src/CloudIdentity/MembershipRole.php
OK	/htdocs/application/third_party/omnipay/vendor/google/apiclient-services/src/CloudIdentity/SamlSsoInfo.php
OK	/htdocs/application/third_party/omnipay/vendor/google/apiclient-services/src/CloudIdentity/UpdateInboundSamlSsoProfileOperationMetadata.php
OK	/htdocs/application/third_party/omnipay/vendor/google/apiclient-services/src/CloudIdentity/Resource/InboundSamlSsoProfiles.php
OK	/htdocs/application/third_party/omnipay/vendor/google/apiclient-services/src/CloudIot/DeviceState.php
OK	/htdocs/application/third_party/omnipay/vendor/google/apiclient-services/src/CloudIot/MqttConfig.php
OK	/htdocs/application/third_party/omnipay/vendor/google/apiclient-services/src/CloudIot/UnbindDeviceFromGatewayRequest.php
OK	/htdocs/application/third_party/omnipay/vendor/google/apiclient-services/src/CloudKMS/AsymmetricDecryptResponse.php
OK	/htdocs/application/third_party/omnipay/vendor/google/apiclient-services/src/CloudKMS/CryptoKeyVersionTemplate.php
OK	/htdocs/application/third_party/omnipay/vendor/google/apiclient-services/src/CloudKMS/GenerateRandomBytesResponse.php
OK	/htdocs/application/third_party/omnipay/vendor/google/apiclient-services/src/CloudKMS/ListKeyRingsResponse.php
OK	/htdocs/application/third_party/omnipay/vendor/google/apiclient-services/src/CloudKMS/RawDecryptResponse.php
OK	/htdocs/application/third_party/omnipay/vendor/google/apiclient-services/src/CloudKMS/WrappingPublicKey.php
OK	/htdocs/application/third_party/omnipay/vendor/google/apiclient-services/src/CloudLifeSciences/Accelerator.php
OK	/htdocs/application/third_party/omnipay/vendor/google/apiclient-services/src/CloudLifeSciences/ListLocationsResponse.php
OK	/htdocs/application/third_party/omnipay/vendor/google/apiclient-services/src/CloudLifeSciences/Resources.php
OK	/htdocs/application/third_party/omnipay/vendor/google/apiclient-services/src/CloudLifeSciences/Resource/ProjectsLocations.php
OK	/htdocs/application/third_party/omnipay/vendor/google/apiclient-services/src/CloudMachineLearningEngine/GoogleCloudMlV1Capability.php
OK	/htdocs/application/third_party/omnipay/vendor/google/apiclient-services/src/CloudMachineLearningEngine/GoogleCloudMlV1ExplanationConfig.php
OK	/htdocs/application/third_party/omnipay/vendor/google/apiclient-services/src/CloudMachineLearningEngine/GoogleCloudMlV1ListStudiesResponse.php
OK	/htdocs/application/third_party/omnipay/vendor/google/apiclient-services/src/CloudMachineLearningEngine/GoogleCloudMlV1PredictionOutput.php
OK	/htdocs/application/third_party/omnipay/vendor/google/apiclient-services/src/CloudMachineLearningEngine/GoogleCloudMlV1StudyConfigParameterSpec.php
OK	/htdocs/application/third_party/omnipay/vendor/google/apiclient-services/src/CloudMachineLearningEngine/GoogleCloudMlV1TrainingOutput.php
OK	/htdocs/application/third_party/omnipay/vendor/google/apiclient-services/src/CloudMachineLearningEngine/GoogleLongrunningListOperationsResponse.php
OK	/htdocs/application/third_party/omnipay/vendor/google/apiclient-services/src/CloudMachineLearningEngine/Resource/ProjectsModelsVersions.php
OK	/htdocs/application/third_party/omnipay/vendor/google/apiclient-services/src/CloudMemorystoreforMemcached/ExtraParameter.php
OK	/htdocs/application/third_party/omnipay/vendor/google/apiclient-services/src/CloudMemorystoreforMemcached/GoogleCloudSaasacceleratorManagementProvidersV1ProvisionedResource.php
OK	/htdocs/application/third_party/omnipay/vendor/google/apiclient-services/src/CloudMemorystoreforMemcached/LocationData.php
OK	/htdocs/application/third_party/omnipay/vendor/google/apiclient-services/src/CloudMemorystoreforMemcached/RegionalMigDistributionPolicy.php
OK	/htdocs/application/third_party/omnipay/vendor/google/apiclient-services/src/CloudMemorystoreforMemcached/ZoneConfiguration.php
OK	/htdocs/application/third_party/omnipay/vendor/google/apiclient-services/src/CloudNaturalLanguage/AnalyzeSyntaxRequest.php
OK	/htdocs/application/third_party/omnipay/vendor/google/apiclient-services/src/CloudNaturalLanguage/DiskMetric.php
OK	/htdocs/application/third_party/omnipay/vendor/google/apiclient-services/src/CloudNaturalLanguage/Sentiment.php
OK	/htdocs/application/third_party/omnipay/vendor/google/apiclient-services/src/CloudNaturalLanguage/XPSCategoryStatsSingleCategoryStats.php
OK	/htdocs/application/third_party/omnipay/vendor/google/apiclient-services/src/CloudNaturalLanguage/XPSCorrelationStats.php
OK	/htdocs/application/third_party/omnipay/vendor/google/apiclient-services/src/CloudNaturalLanguage/XPSFloat64StatsHistogramBucket.php
OK	/htdocs/application/third_party/omnipay/vendor/google/apiclient-services/src/CloudNaturalLanguage/XPSMetricEntry.php
OK	/htdocs/application/third_party/omnipay/vendor/google/apiclient-services/src/CloudNaturalLanguage/XPSRow.php
OK	/htdocs/application/third_party/omnipay/vendor/google/apiclient-services/src/CloudNaturalLanguage/XPSTablesClassificationMetricsCurveMetrics.php
OK	/htdocs/application/third_party/omnipay/vendor/google/apiclient-services/src/CloudNaturalLanguage/XPSTablesTrainResponse.php
OK	/htdocs/application/third_party/omnipay/vendor/google/apiclient-services/src/CloudNaturalLanguage/XPSTrackMetricsEntryConfidenceMetricsEntry.php
OK	/htdocs/application/third_party/omnipay/vendor/google/apiclient-services/src/CloudNaturalLanguage/XPSVideoClassificationTrainResponse.php
OK	/htdocs/application/third_party/omnipay/vendor/google/apiclient-services/src/CloudOSLogin/ImportSshPublicKeyResponse.php
OK	/htdocs/application/third_party/omnipay/vendor/google/apiclient-services/src/CloudProfiler/Profile.php
OK	/htdocs/application/third_party/omnipay/vendor/google/apiclient-services/src/CloudRedis/BackupRun.php
OK	/htdocs/application/third_party/omnipay/vendor/google/apiclient-services/src/CloudRedis/ClusterWeeklyMaintenanceWindow.php
OK	/htdocs/application/third_party/omnipay/vendor/google/apiclient-services/src/CloudRedis/DiscoveryEndpoint.php
OK	/htdocs/application/third_party/omnipay/vendor/google/apiclient-services/src/CloudRedis/GcsSource.php
OK	/htdocs/application/third_party/omnipay/vendor/google/apiclient-services/src/CloudRedis/ListClustersResponse.php
OK	/htdocs/application/third_party/omnipay/vendor/google/apiclient-services/src/CloudRedis/Membership.php
OK	/htdocs/application/third_party/omnipay/vendor/google/apiclient-services/src/CloudRedis/PscConfig.php
OK	/htdocs/application/third_party/omnipay/vendor/google/apiclient-services/src/CloudRedis/SpannerLocation.php
OK	/htdocs/application/third_party/omnipay/vendor/google/apiclient-services/src/CloudRedis/ZoneConfiguration.php
OK	/htdocs/application/third_party/omnipay/vendor/google/apiclient-services/src/CloudResourceManager/CloudresourcemanagerEmpty.php
OK	/htdocs/application/third_party/omnipay/vendor/google/apiclient-services/src/CloudResourceManager/DeleteTagKeyMetadata.php
OK	/htdocs/application/third_party/omnipay/vendor/google/apiclient-services/src/CloudResourceManager/ListLiensResponse.php
OK	/htdocs/application/third_party/omnipay/vendor/google/apiclient-services/src/CloudResourceManager/Policy.php
OK	/htdocs/application/third_party/omnipay/vendor/google/apiclient-services/src/CloudResourceManager/TestIamPermissionsRequest.php
OK	/htdocs/application/third_party/omnipay/vendor/google/apiclient-services/src/CloudResourceManager/Resource/Folders.php
OK	/htdocs/application/third_party/omnipay/vendor/google/apiclient-services/src/CloudRetail/GoogleCloudRetailLoggingHttpRequestContext.php
OK	/htdocs/application/third_party/omnipay/vendor/google/apiclient-services/src/CloudRetail/GoogleCloudRetailV2alphaAddFulfillmentPlacesMetadata.php
OK	/htdocs/application/third_party/omnipay/vendor/google/apiclient-services/src/CloudRetail/GoogleCloudRetailV2alphaExportProductsResponse.php
OK	/htdocs/application/third_party/omnipay/vendor/google/apiclient-services/src/CloudRetail/GoogleCloudRetailV2alphaModelModelFeaturesConfig.php
OK	/htdocs/application/third_party/omnipay/vendor/google/apiclient-services/src/CloudRetail/GoogleCloudRetailV2alphaRejoinUserEventsResponse.php
OK	/htdocs/application/third_party/omnipay/vendor/google/apiclient-services/src/CloudRetail/GoogleCloudRetailV2alphaUserEventImportSummary.php
OK	/htdocs/application/third_party/omnipay/vendor/google/apiclient-services/src/CloudRetail/GoogleCloudRetailV2betaExportAnalyticsMetricsResponse.php
OK	/htdocs/application/third_party/omnipay/vendor/google/apiclient-services/src/CloudRetail/GoogleCloudRetailV2betaMerchantCenterAccountLinkMerchantCenterFeedFilter.php
OK	/htdocs/application/third_party/omnipay/vendor/google/apiclient-services/src/CloudRetail/GoogleCloudRetailV2betaRemoveFulfillmentPlacesMetadata.php
OK	/htdocs/application/third_party/omnipay/vendor/google/apiclient-services/src/CloudRetail/GoogleCloudRetailV2CatalogAttribute.php
OK	/htdocs/application/third_party/omnipay/vendor/google/apiclient-services/src/CloudRetail/GoogleCloudRetailV2CompletionConfig.php
OK	/htdocs/application/third_party/omnipay/vendor/google/apiclient-services/src/CloudRetail/GoogleCloudRetailV2ExportAnalyticsMetricsResponse.php
OK	/htdocs/application/third_party/omnipay/vendor/google/apiclient-services/src/CloudRetail/GoogleCloudRetailV2ImportErrorsConfig.php
OK	/htdocs/application/third_party/omnipay/vendor/google/apiclient-services/src/CloudRetail/GoogleCloudRetailV2ListServingConfigsResponse.php
OK	/htdocs/application/third_party/omnipay/vendor/google/apiclient-services/src/CloudRetail/GoogleCloudRetailV2PinControlMetadataProductPins.php
OK	/htdocs/application/third_party/omnipay/vendor/google/apiclient-services/src/CloudRetail/GoogleCloudRetailV2ProductLevelConfig.php
OK	/htdocs/application/third_party/omnipay/vendor/google/apiclient-services/src/CloudRetail/GoogleCloudRetailV2RejoinUserEventsResponse.php
OK	/htdocs/application/third_party/omnipay/vendor/google/apiclient-services/src/CloudRetail/GoogleCloudRetailV2RuleBoostAction.php
OK	/htdocs/application/third_party/omnipay/vendor/google/apiclient-services/src/CloudRetail/GoogleCloudRetailV2SearchRequest.php
OK	/htdocs/application/third_party/omnipay/vendor/google/apiclient-services/src/CloudRetail/GoogleCloudRetailV2SearchRequestTileNavigationSpec.php
OK	/htdocs/application/third_party/omnipay/vendor/google/apiclient-services/src/CloudRetail/GoogleCloudRetailV2SetInventoryMetadata.php
OK	/htdocs/application/third_party/omnipay/vendor/google/apiclient-services/src/CloudRetail/GoogleCloudRetailV2UserInfo.php
OK	/htdocs/application/third_party/omnipay/vendor/google/apiclient-services/src/CloudRetail/Resource/ProjectsLocationsCatalogsBranchesProducts.php
OK	/htdocs/application/third_party/omnipay/vendor/google/apiclient-services/src/CloudRun/Addressable.php
OK	/htdocs/application/third_party/omnipay/vendor/google/apiclient-services/src/CloudRun/ContainerPort.php
OK	/htdocs/application/third_party/omnipay/vendor/google/apiclient-services/src/CloudRun/GoogleCloudRunOpV2Container.php
OK	/htdocs/application/third_party/omnipay/vendor/google/apiclient-services/src/CloudRun/GoogleCloudRunOpV2Service.php
OK	/htdocs/application/third_party/omnipay/vendor/google/apiclient-services/src/CloudRun/GoogleCloudRunV2CancelExecutionRequest.php
OK	/htdocs/application/third_party/omnipay/vendor/google/apiclient-services/src/CloudRun/GoogleCloudRunV2ExecutionReference.php
OK	/htdocs/application/third_party/omnipay/vendor/google/apiclient-services/src/CloudRun/GoogleCloudRunV2Job.php
OK	/htdocs/application/third_party/omnipay/vendor/google/apiclient-services/src/CloudRun/GoogleCloudRunV2Probe.php
OK	/htdocs/application/third_party/omnipay/vendor/google/apiclient-services/src/CloudRun/GoogleCloudRunV2StorageSource.php
OK	/htdocs/application/third_party/omnipay/vendor/google/apiclient-services/src/CloudRun/GoogleCloudRunV2VpcAccess.php
OK	/htdocs/application/third_party/omnipay/vendor/google/apiclient-services/src/CloudRun/GoogleDevtoolsCloudbuildV1BuildStep.php
OK	/htdocs/application/third_party/omnipay/vendor/google/apiclient-services/src/CloudRun/GoogleDevtoolsCloudbuildV1GoModule.php
OK	/htdocs/application/third_party/omnipay/vendor/google/apiclient-services/src/CloudRun/GoogleDevtoolsCloudbuildV1Secrets.php
OK	/htdocs/application/third_party/omnipay/vendor/google/apiclient-services/src/CloudRun/GoogleIamV1AuditConfig.php
OK	/htdocs/application/third_party/omnipay/vendor/google/apiclient-services/src/CloudRun/GoogleRpcStatus.php
OK	/htdocs/application/third_party/omnipay/vendor/google/apiclient-services/src/CloudRun/ListServicesResponse.php
OK	/htdocs/application/third_party/omnipay/vendor/google/apiclient-services/src/CloudRun/RevisionStatus.php
OK	/htdocs/application/third_party/omnipay/vendor/google/apiclient-services/src/CloudRun/ServiceStatus.php
OK	/htdocs/application/third_party/omnipay/vendor/google/apiclient-services/src/CloudRun/Resource/Namespaces.php
OK	/htdocs/application/third_party/omnipay/vendor/google/apiclient-services/src/CloudRun/Resource/ProjectsLocationsBuilds.php
OK	/htdocs/application/third_party/omnipay/vendor/google/apiclient-services/src/CloudRun/Resource/ProjectsLocationsWorkerPoolsRevisions.php
OK	/htdocs/application/third_party/omnipay/vendor/google/apiclient-services/src/CloudScheduler/Job.php
OK	/htdocs/application/third_party/omnipay/vendor/google/apiclient-services/src/CloudScheduler/ResumeJobRequest.php
OK	/htdocs/application/third_party/omnipay/vendor/google/apiclient-services/src/CloudSearch/AclInfo.php
OK	/htdocs/application/third_party/omnipay/vendor/google/apiclient-services/src/CloudSearch/AppsDynamiteAppId.php
OK	/htdocs/application/third_party/omnipay/vendor/google/apiclient-services/src/CloudSearch/AppsDynamiteConsentedAppUnfurlMetadata.php
OK	/htdocs/application/third_party/omnipay/vendor/google/apiclient-services/src/CloudSearch/AppsDynamiteFrontendBotInfo.php
OK	/htdocs/application/third_party/omnipay/vendor/google/apiclient-services/src/CloudSearch/AppsDynamiteMemberId.php
OK	/htdocs/application/third_party/omnipay/vendor/google/apiclient-services/src/CloudSearch/AppsDynamiteQuotedMessageMetadata.php
OK	/htdocs/application/third_party/omnipay/vendor/google/apiclient-services/src/CloudSearch/AppsDynamiteSharedAssistantAnnotationData.php
OK	/htdocs/application/third_party/omnipay/vendor/google/apiclient-services/src/CloudSearch/AppsDynamiteSharedButton.php
OK	/htdocs/application/third_party/omnipay/vendor/google/apiclient-services/src/CloudSearch/AppsDynamiteSharedCardSection.php
OK	/htdocs/application/third_party/omnipay/vendor/google/apiclient-services/src/CloudSearch/AppsDynamiteSharedCustomEmoji.php
OK	/htdocs/application/third_party/omnipay/vendor/google/apiclient-services/src/CloudSearch/AppsDynamiteSharedGroupDetails.php
OK	/htdocs/application/third_party/omnipay/vendor/google/apiclient-services/src/CloudSearch/AppsDynamiteSharedMessageSearchInfo.php
OK	/htdocs/application/third_party/omnipay/vendor/google/apiclient-services/src/CloudSearch/AppsDynamiteSharedRetentionSettings.php
OK	/htdocs/application/third_party/omnipay/vendor/google/apiclient-services/src/CloudSearch/AppsDynamiteSharedTasksAnnotationDataDeletionChange.php
OK	/htdocs/application/third_party/omnipay/vendor/google/apiclient-services/src/CloudSearch/AppsDynamiteSlashCommandMetadata.php
OK	/htdocs/application/third_party/omnipay/vendor/google/apiclient-services/src/CloudSearch/AppsDynamiteStorageColumnsColumn.php
OK	/htdocs/application/third_party/omnipay/vendor/google/apiclient-services/src/CloudSearch/AppsDynamiteStorageMaterialIcon.php
OK	/htdocs/application/third_party/omnipay/vendor/google/apiclient-services/src/CloudSearch/AppsDynamiteStorageWidget.php
OK	/htdocs/application/third_party/omnipay/vendor/google/apiclient-services/src/CloudSearch/AppsDynamiteYoutubeMetadata.php
OK	/htdocs/application/third_party/omnipay/vendor/google/apiclient-services/src/CloudSearch/AttributeRemoved.php
OK	/htdocs/application/third_party/omnipay/vendor/google/apiclient-services/src/CloudSearch/BooleanPropertyOptions.php
OK	/htdocs/application/third_party/omnipay/vendor/google/apiclient-services/src/CloudSearch/CallSettings.php
OK	/htdocs/application/third_party/omnipay/vendor/google/apiclient-services/src/CloudSearch/ChatConserverDynamitePlaceholderMetadataCalendarEventMetadata.php
OK	/htdocs/application/third_party/omnipay/vendor/google/apiclient-services/src/CloudSearch/ClusterInfo.php
OK	/htdocs/application/third_party/omnipay/vendor/google/apiclient-services/src/CloudSearch/Context.php
OK	/htdocs/application/third_party/omnipay/vendor/google/apiclient-services/src/CloudSearch/CustomerUserStats.php
OK	/htdocs/application/third_party/omnipay/vendor/google/apiclient-services/src/CloudSearch/DebugResponse.php
OK	/htdocs/application/third_party/omnipay/vendor/google/apiclient-services/src/CloudSearch/DoubleOperatorOptions.php
OK	/htdocs/application/third_party/omnipay/vendor/google/apiclient-services/src/CloudSearch/EditMetadata.php
OK	/htdocs/application/third_party/omnipay/vendor/google/apiclient-services/src/CloudSearch/EnterpriseTopazSidekickAnswerAnswerList.php
OK	/htdocs/application/third_party/omnipay/vendor/google/apiclient-services/src/CloudSearch/EnterpriseTopazSidekickConflictingEventsCardProto.php
OK	/htdocs/application/third_party/omnipay/vendor/google/apiclient-services/src/CloudSearch/EnterpriseTopazSidekickNlpMetadata.php
OK	/htdocs/application/third_party/omnipay/vendor/google/apiclient-services/src/CloudSearch/EnterpriseTopazSidekickRecentDocumentsCardProto.php
OK	/htdocs/application/third_party/omnipay/vendor/google/apiclient-services/src/CloudSearch/FacetBucket.php
OK	/htdocs/application/third_party/omnipay/vendor/google/apiclient-services/src/CloudSearch/FormAction.php
OK	/htdocs/application/third_party/omnipay/vendor/google/apiclient-services/src/CloudSearch/GetCustomerQueryStatsResponse.php
OK	/htdocs/application/third_party/omnipay/vendor/google/apiclient-services/src/CloudSearch/GoogleChatV1ContextualAddOnMarkupCardCardAction.php
OK	/htdocs/application/third_party/omnipay/vendor/google/apiclient-services/src/CloudSearch/GoogleChatV1WidgetMarkupTextButton.php
OK	/htdocs/application/third_party/omnipay/vendor/google/apiclient-services/src/CloudSearch/HangoutEvent.php
OK	/htdocs/application/third_party/omnipay/vendor/google/apiclient-services/src/CloudSearch/Image.php
OK	/htdocs/application/third_party/omnipay/vendor/google/apiclient-services/src/CloudSearch/IndexItemOptions.php
OK	/htdocs/application/third_party/omnipay/vendor/google/apiclient-services/src/CloudSearch/InviteAcceptedEvent.php
OK	/htdocs/application/third_party/omnipay/vendor/google/apiclient-services/src/CloudSearch/KeyValue.php
OK	/htdocs/application/third_party/omnipay/vendor/google/apiclient-services/src/CloudSearch/LegacyUploadMetadata.php
OK	/htdocs/application/third_party/omnipay/vendor/google/apiclient-services/src/CloudSearch/MatchRange.php
OK	/htdocs/application/third_party/omnipay/vendor/google/apiclient-services/src/CloudSearch/MessageAdded.php
OK	/htdocs/application/third_party/omnipay/vendor/google/apiclient-services/src/CloudSearch/MultiKey.php
OK	/htdocs/application/third_party/omnipay/vendor/google/apiclient-services/src/CloudSearch/Operation.php
OK	/htdocs/application/third_party/omnipay/vendor/google/apiclient-services/src/CloudSearch/PhoneNumber.php
OK	/htdocs/application/third_party/omnipay/vendor/google/apiclient-services/src/CloudSearch/Principal.php
OK	/htdocs/application/third_party/omnipay/vendor/google/apiclient-services/src/CloudSearch/QueryInterpretationConfig.php
OK	/htdocs/application/third_party/omnipay/vendor/google/apiclient-services/src/CloudSearch/Recipient.php
OK	/htdocs/application/third_party/omnipay/vendor/google/apiclient-services/src/CloudSearch/RequestOptions.php
OK	/htdocs/application/third_party/omnipay/vendor/google/apiclient-services/src/CloudSearch/RewrittenQueries.php
OK	/htdocs/application/third_party/omnipay/vendor/google/apiclient-services/src/CloudSearch/SearchApplicationQueryStats.php
OK	/htdocs/application/third_party/omnipay/vendor/google/apiclient-services/src/CloudSearch/SelectionControl.php
OK	/htdocs/application/third_party/omnipay/vendor/google/apiclient-services/src/CloudSearch/Snippet.php
OK	/htdocs/application/third_party/omnipay/vendor/google/apiclient-services/src/CloudSearch/SpellResult.php
OK	/htdocs/application/third_party/omnipay/vendor/google/apiclient-services/src/CloudSearch/SupportUrls.php
OK	/htdocs/application/third_party/omnipay/vendor/google/apiclient-services/src/CloudSearch/ThreadKeySet.php
OK	/htdocs/application/third_party/omnipay/vendor/google/apiclient-services/src/CloudSearch/TranscriptionSessionInfo.php
OK	/htdocs/application/third_party/omnipay/vendor/google/apiclient-services/src/CloudSearch/UpdateBody.php
OK	/htdocs/application/third_party/omnipay/vendor/google/apiclient-services/src/CloudSearch/UserDisplayInfo.php
OK	/htdocs/application/third_party/omnipay/vendor/google/apiclient-services/src/CloudSearch/WhiteboardInfo.php
OK	/htdocs/application/third_party/omnipay/vendor/google/apiclient-services/src/CloudSearch/Resource/DebugDatasources.php
OK	/htdocs/application/third_party/omnipay/vendor/google/apiclient-services/src/CloudSearch/Resource/Query.php
OK	/htdocs/application/third_party/omnipay/vendor/google/apiclient-services/src/CloudSearch/Resource/StatsUser.php
OK	/htdocs/application/third_party/omnipay/vendor/google/apiclient-services/src/CloudSecurityToken/GoogleIdentityStsV1ExchangeTokenResponse.php
OK	/htdocs/application/third_party/omnipay/vendor/google/apiclient-services/src/CloudShell/CancelOperationRequest.php
OK	/htdocs/application/third_party/omnipay/vendor/google/apiclient-services/src/CloudShell/StartEnvironmentResponse.php
OK	/htdocs/application/third_party/omnipay/vendor/google/apiclient-services/src/CloudSourceRepositories/Policy.php
OK	/htdocs/application/third_party/omnipay/vendor/google/apiclient-services/src/CloudSourceRepositories/UpdateRepoRequest.php
OK	/htdocs/application/third_party/omnipay/vendor/google/apiclient-services/src/CloudSupport/CreateAttachmentRequest.php
OK	/htdocs/application/third_party/omnipay/vendor/google/apiclient-services/src/CloudSupport/Media.php
OK	/htdocs/application/third_party/omnipay/vendor/google/apiclient-services/src/CloudSupport/Resource/CustomersCasesComments.php
OK	/htdocs/application/third_party/omnipay/vendor/google/apiclient-services/src/CloudTalentSolution/BatchDeleteJobsResponse.php
OK	/htdocs/application/third_party/omnipay/vendor/google/apiclient-services/src/CloudTalentSolution/CompensationRange.php
OK	/htdocs/application/third_party/omnipay/vendor/google/apiclient-services/src/CloudTalentSolution/JobResult.php
OK	/htdocs/application/third_party/omnipay/vendor/google/apiclient-services/src/CloudTalentSolution/Operation.php
OK	/htdocs/application/third_party/omnipay/vendor/google/apiclient-services/src/CloudTalentSolution/Resource/Projects.php
OK	/htdocs/application/third_party/omnipay/vendor/google/apiclient-services/src/CloudTasks/CloudtasksEmpty.php
OK	/htdocs/application/third_party/omnipay/vendor/google/apiclient-services/src/CloudTasks/ListQueuesResponse.php
OK	/htdocs/application/third_party/omnipay/vendor/google/apiclient-services/src/CloudTasks/ResumeQueueRequest.php
OK	/htdocs/application/third_party/omnipay/vendor/google/apiclient-services/src/CloudTasks/Resource/ProjectsLocationsQueues.php
OK	/htdocs/application/third_party/omnipay/vendor/google/apiclient-services/src/CloudTrace/StackFrame.php
OK	/htdocs/application/third_party/omnipay/vendor/google/apiclient-services/src/CloudVideoIntelligence/GoogleCloudVideointelligenceV1AnnotateVideoResponse.php
OK	/htdocs/application/third_party/omnipay/vendor/google/apiclient-services/src/CloudVideoIntelligence/GoogleCloudVideointelligenceV1beta2LabelAnnotation.php
OK	/htdocs/application/third_party/omnipay/vendor/google/apiclient-services/src/CloudVideoIntelligence/GoogleCloudVideointelligenceV1beta2TextAnnotation.php
OK	/htdocs/application/third_party/omnipay/vendor/google/apiclient-services/src/CloudVideoIntelligence/GoogleCloudVideointelligenceV1ExplicitContentAnnotation.php
OK	/htdocs/application/third_party/omnipay/vendor/google/apiclient-services/src/CloudVideoIntelligence/GoogleCloudVideointelligenceV1LogoRecognitionAnnotation.php
OK	/htdocs/application/third_party/omnipay/vendor/google/apiclient-services/src/CloudVideoIntelligence/GoogleCloudVideointelligenceV1p1beta1ExplicitContentAnnotation.php
OK	/htdocs/application/third_party/omnipay/vendor/google/apiclient-services/src/CloudVideoIntelligence/GoogleCloudVideointelligenceV1p1beta1NormalizedVertex.php
OK	/htdocs/application/third_party/omnipay/vendor/google/apiclient-services/src/CloudVideoIntelligence/GoogleCloudVideointelligenceV1p1beta1VideoAnnotationResults.php
OK	/htdocs/application/third_party/omnipay/vendor/google/apiclient-services/src/CloudVideoIntelligence/GoogleCloudVideointelligenceV1p2beta1FaceFrame.php
OK	/htdocs/application/third_party/omnipay/vendor/google/apiclient-services/src/CloudVideoIntelligence/GoogleCloudVideointelligenceV1p2beta1SpeechRecognitionAlternative.php
OK	/htdocs/application/third_party/omnipay/vendor/google/apiclient-services/src/CloudVideoIntelligence/GoogleCloudVideointelligenceV1p3beta1AnnotateVideoResponse.php
OK	/htdocs/application/third_party/omnipay/vendor/google/apiclient-services/src/CloudVideoIntelligence/GoogleCloudVideointelligenceV1p3beta1FaceSegment.php
OK	/htdocs/application/third_party/omnipay/vendor/google/apiclient-services/src/CloudVideoIntelligence/GoogleCloudVideointelligenceV1p3beta1SpeechRecognitionAlternative.php
OK	/htdocs/application/third_party/omnipay/vendor/google/apiclient-services/src/CloudVideoIntelligence/GoogleCloudVideointelligenceV1p3beta1WordInfo.php
OK	/htdocs/application/third_party/omnipay/vendor/google/apiclient-services/src/CloudVideoIntelligence/GoogleCloudVideointelligenceV1TimestampedObject.php
OK	/htdocs/application/third_party/omnipay/vendor/google/apiclient-services/src/CloudVideoIntelligence/Resource/Operations.php
OK	/htdocs/application/third_party/omnipay/vendor/google/apiclient-services/src/CloudWorkstations/BoostConfig.php
OK	/htdocs/application/third_party/omnipay/vendor/google/apiclient-services/src/CloudWorkstations/GceShieldedInstanceConfig.php
OK	/htdocs/application/third_party/omnipay/vendor/google/apiclient-services/src/CloudWorkstations/Location.php
OK	/htdocs/application/third_party/omnipay/vendor/google/apiclient-services/src/CloudWorkstations/StopWorkstationRequest.php
OK	/htdocs/application/third_party/omnipay/vendor/google/apiclient-services/src/CloudWorkstations/Resource/ProjectsLocationsWorkstationClustersWorkstationConfigsWorkstations.php
OK	/htdocs/application/third_party/omnipay/vendor/google/apiclient-services/src/Compute/AccessConfig.php
OK	/htdocs/application/third_party/omnipay/vendor/google/apiclient-services/src/Compute/AliasIpRange.php
OK	/htdocs/application/third_party/omnipay/vendor/google/apiclient-services/src/Compute/AuditLogConfig.php
OK	/htdocs/application/third_party/omnipay/vendor/google/apiclient-services/src/Compute/AutoscalerStatusDetails.php
OK	/htdocs/application/third_party/omnipay/vendor/google/apiclient-services/src/Compute/BackendBucketCdnPolicyCacheKeyPolicy.php
OK	/htdocs/application/third_party/omnipay/vendor/google/apiclient-services/src/Compute/BackendServiceCdnPolicyNegativeCachingPolicy.php
OK	/htdocs/application/third_party/omnipay/vendor/google/apiclient-services/src/Compute/BackendServiceLocalityLoadBalancingPolicyConfig.php
OK	/htdocs/application/third_party/omnipay/vendor/google/apiclient-services/src/Compute/BgpRoute.php
OK	/htdocs/application/third_party/omnipay/vendor/google/apiclient-services/src/Compute/CommitmentAggregatedList.php
OK	/htdocs/application/third_party/omnipay/vendor/google/apiclient-services/src/Compute/ConnectionDraining.php
OK	/htdocs/application/third_party/omnipay/vendor/google/apiclient-services/src/Compute/DiskAggregatedListWarningData.php
OK	/htdocs/application/third_party/omnipay/vendor/google/apiclient-services/src/Compute/DisksRemoveResourcePoliciesRequest.php
OK	/htdocs/application/third_party/omnipay/vendor/google/apiclient-services/src/Compute/DiskTypeListWarning.php
OK	/htdocs/application/third_party/omnipay/vendor/google/apiclient-services/src/Compute/ExchangedPeeringRoutesListWarning.php
OK	/htdocs/application/third_party/omnipay/vendor/google/apiclient-services/src/Compute/FirewallList.php
OK	/htdocs/application/third_party/omnipay/vendor/google/apiclient-services/src/Compute/FirewallPolicyListWarningData.php
OK	/htdocs/application/third_party/omnipay/vendor/google/apiclient-services/src/Compute/ForwardingRuleListWarningData.php
OK	/htdocs/application/third_party/omnipay/vendor/google/apiclient-services/src/Compute/FutureReservationsListResponseWarningData.php
OK	/htdocs/application/third_party/omnipay/vendor/google/apiclient-services/src/Compute/GlobalNetworkEndpointGroupsAttachEndpointsRequest.php
OK	/htdocs/application/third_party/omnipay/vendor/google/apiclient-services/src/Compute/HealthCheckListWarning.php
OK	/htdocs/application/third_party/omnipay/vendor/google/apiclient-services/src/Compute/HealthChecksScopedList.php
OK	/htdocs/application/third_party/omnipay/vendor/google/apiclient-services/src/Compute/HttpHeaderAction.php
OK	/htdocs/application/third_party/omnipay/vendor/google/apiclient-services/src/Compute/HttpRouteRuleMatch.php
OK	/htdocs/application/third_party/omnipay/vendor/google/apiclient-services/src/Compute/Instance.php
OK	/htdocs/application/third_party/omnipay/vendor/google/apiclient-services/src/Compute/InstanceGroupListWarningData.php
OK	/htdocs/application/third_party/omnipay/vendor/google/apiclient-services/src/Compute/InstanceGroupManagerListWarning.php
OK	/htdocs/application/third_party/omnipay/vendor/google/apiclient-services/src/Compute/InstanceGroupManagerResizeRequestStatusLastAttemptErrorErrors.php
OK	/htdocs/application/third_party/omnipay/vendor/google/apiclient-services/src/Compute/InstanceGroupManagersPatchPerInstanceConfigsReq.php
OK	/htdocs/application/third_party/omnipay/vendor/google/apiclient-services/src/Compute/InstanceGroupManagerStatus.php
OK	/htdocs/application/third_party/omnipay/vendor/google/apiclient-services/src/Compute/InstanceGroupsListInstancesWarningData.php
OK	/htdocs/application/third_party/omnipay/vendor/google/apiclient-services/src/Compute/InstanceManagedByIgmError.php
OK	/htdocs/application/third_party/omnipay/vendor/google/apiclient-services/src/Compute/InstancesGetEffectiveFirewallsResponse.php
OK	/htdocs/application/third_party/omnipay/vendor/google/apiclient-services/src/Compute/InstancesSetServiceAccountRequest.php
OK	/htdocs/application/third_party/omnipay/vendor/google/apiclient-services/src/Compute/InstanceWithNamedPorts.php
OK	/htdocs/application/third_party/omnipay/vendor/google/apiclient-services/src/Compute/Int64RangeMatch.php
OK	/htdocs/application/third_party/omnipay/vendor/google/apiclient-services/src/Compute/InterconnectAttachmentPrivateInfo.php
OK	/htdocs/application/third_party/omnipay/vendor/google/apiclient-services/src/Compute/InterconnectListWarning.php
OK	/htdocs/application/third_party/omnipay/vendor/google/apiclient-services/src/Compute/InterconnectRemoteLocation.php
OK	/htdocs/application/third_party/omnipay/vendor/google/apiclient-services/src/Compute/LicenseResourceCommitment.php
OK	/htdocs/application/third_party/omnipay/vendor/google/apiclient-services/src/Compute/LogConfigCounterOptions.php
OK	/htdocs/application/third_party/omnipay/vendor/google/apiclient-services/src/Compute/MachineTypeList.php
OK	/htdocs/application/third_party/omnipay/vendor/google/apiclient-services/src/Compute/ManagedInstanceLastAttemptErrorsErrorsErrorDetails.php
OK	/htdocs/application/third_party/omnipay/vendor/google/apiclient-services/src/Compute/NetworkAttachment.php
OK	/htdocs/application/third_party/omnipay/vendor/google/apiclient-services/src/Compute/NetworkEdgeSecurityServiceAggregatedList.php
OK	/htdocs/application/third_party/omnipay/vendor/google/apiclient-services/src/Compute/NetworkEndpointGroupCloudFunction.php
OK	/htdocs/application/third_party/omnipay/vendor/google/apiclient-services/src/Compute/NetworkEndpointGroupsScopedList.php
OK	/htdocs/application/third_party/omnipay/vendor/google/apiclient-services/src/Compute/NetworkPerformanceConfig.php
OK	/htdocs/application/third_party/omnipay/vendor/google/apiclient-services/src/Compute/NetworksUpdatePeeringRequest.php
OK	/htdocs/application/third_party/omnipay/vendor/google/apiclient-services/src/Compute/NodeGroupsDeleteNodesRequest.php
OK	/htdocs/application/third_party/omnipay/vendor/google/apiclient-services/src/Compute/NodeTemplateAggregatedListWarning.php
OK	/htdocs/application/third_party/omnipay/vendor/google/apiclient-services/src/Compute/NodeTypeAggregatedListWarningData.php
OK	/htdocs/application/third_party/omnipay/vendor/google/apiclient-services/src/Compute/Operation.php
OK	/htdocs/application/third_party/omnipay/vendor/google/apiclient-services/src/Compute/OperationsScopedListWarningData.php
OK	/htdocs/application/third_party/omnipay/vendor/google/apiclient-services/src/Compute/PacketMirroringListWarning.php
OK	/htdocs/application/third_party/omnipay/vendor/google/apiclient-services/src/Compute/Policy.php
OK	/htdocs/application/third_party/omnipay/vendor/google/apiclient-services/src/Compute/ProjectsSetDefaultNetworkTierRequest.php
OK	/htdocs/application/third_party/omnipay/vendor/google/apiclient-services/src/Compute/PublicDelegatedPrefixesScopedListWarningData.php
OK	/htdocs/application/third_party/omnipay/vendor/google/apiclient-services/src/Compute/RegionAutoscalerListWarningData.php
OK	/htdocs/application/third_party/omnipay/vendor/google/apiclient-services/src/Compute/RegionInstanceGroupManagerList.php
OK	/htdocs/application/third_party/omnipay/vendor/google/apiclient-services/src/Compute/RegionInstanceGroupManagersListInstancesResponse.php
OK	/htdocs/application/third_party/omnipay/vendor/google/apiclient-services/src/Compute/RegionInstanceGroupsListInstancesWarningData.php
OK	/htdocs/application/third_party/omnipay/vendor/google/apiclient-services/src/Compute/RegionSetPolicyRequest.php
OK	/htdocs/application/third_party/omnipay/vendor/google/apiclient-services/src/Compute/ReservationsResizeRequest.php
OK	/htdocs/application/third_party/omnipay/vendor/google/apiclient-services/src/Compute/ResourcePolicyAggregatedListWarningData.php
OK	/htdocs/application/third_party/omnipay/vendor/google/apiclient-services/src/Compute/ResourcePolicySnapshotSchedulePolicy.php
OK	/htdocs/application/third_party/omnipay/vendor/google/apiclient-services/src/Compute/RouteListWarningData.php
OK	/htdocs/application/third_party/omnipay/vendor/google/apiclient-services/src/Compute/RouterInterface.php
OK	/htdocs/application/third_party/omnipay/vendor/google/apiclient-services/src/Compute/RoutersListBgpRoutesWarning.php
OK	/htdocs/application/third_party/omnipay/vendor/google/apiclient-services/src/Compute/RouterStatusNatStatusNatRuleStatus.php
OK	/htdocs/application/third_party/omnipay/vendor/google/apiclient-services/src/Compute/SecurityPoliciesAggregatedList.php
OK	/htdocs/application/third_party/omnipay/vendor/google/apiclient-services/src/Compute/SecurityPolicyAdaptiveProtectionConfigLayer7DdosDefenseConfigThresholdConfigTrafficGranularityConfig.php
OK	/htdocs/application/third_party/omnipay/vendor/google/apiclient-services/src/Compute/SecurityPolicyRuleMatcher.php
OK	/htdocs/application/third_party/omnipay/vendor/google/apiclient-services/src/Compute/SecurityPolicyRuleRedirectOptions.php
OK	/htdocs/application/third_party/omnipay/vendor/google/apiclient-services/src/Compute/ServiceAttachmentList.php
OK	/htdocs/application/third_party/omnipay/vendor/google/apiclient-services/src/Compute/ShieldedInstanceIdentityEntry.php
OK	/htdocs/application/third_party/omnipay/vendor/google/apiclient-services/src/Compute/SourceInstanceProperties.php
OK	/htdocs/application/third_party/omnipay/vendor/google/apiclient-services/src/Compute/SslCertificatesScopedListWarningData.php
OK	/htdocs/application/third_party/omnipay/vendor/google/apiclient-services/src/Compute/SslPolicy.php
OK	/htdocs/application/third_party/omnipay/vendor/google/apiclient-services/src/Compute/StoragePoolAggregatedListWarningData.php
OK	/htdocs/application/third_party/omnipay/vendor/google/apiclient-services/src/Compute/StoragePoolType.php
OK	/htdocs/application/third_party/omnipay/vendor/google/apiclient-services/src/Compute/SubnetworkAggregatedListWarning.php
OK	/htdocs/application/third_party/omnipay/vendor/google/apiclient-services/src/Compute/Subsetting.php
OK	/htdocs/application/third_party/omnipay/vendor/google/apiclient-services/src/Compute/TargetHttpProxyListWarning.php
OK	/htdocs/application/third_party/omnipay/vendor/google/apiclient-services/src/Compute/TargetHttpsProxyList.php
OK	/htdocs/application/third_party/omnipay/vendor/google/apiclient-services/src/Compute/TargetInstancesScopedListWarningData.php
OK	/htdocs/application/third_party/omnipay/vendor/google/apiclient-services/src/Compute/TargetPoolsRemoveInstanceRequest.php
OK	/htdocs/application/third_party/omnipay/vendor/google/apiclient-services/src/Compute/TargetSslProxyListWarningData.php
OK	/htdocs/application/third_party/omnipay/vendor/google/apiclient-services/src/Compute/TargetTcpProxyListWarningData.php
OK	/htdocs/application/third_party/omnipay/vendor/google/apiclient-services/src/Compute/TestFailure.php
OK	/htdocs/application/third_party/omnipay/vendor/google/apiclient-services/src/Compute/UrlMapsAggregatedListWarningData.php
OK	/htdocs/application/third_party/omnipay/vendor/google/apiclient-services/src/Compute/UsableSubnetworksAggregatedListWarning.php
OK	/htdocs/application/third_party/omnipay/vendor/google/apiclient-services/src/Compute/VpnGatewayAggregatedListWarning.php
OK	/htdocs/application/third_party/omnipay/vendor/google/apiclient-services/src/Compute/VpnGatewayStatusVpnConnection.php
OK	/htdocs/application/third_party/omnipay/vendor/google/apiclient-services/src/Compute/WafExpressionSet.php
OK	/htdocs/application/third_party/omnipay/vendor/google/apiclient-services/src/Compute/ZoneSetPolicyRequest.php
OK	/htdocs/application/third_party/omnipay/vendor/google/apiclient-services/src/Compute/Resource/FutureReservations.php
OK	/htdocs/application/third_party/omnipay/vendor/google/apiclient-services/src/Compute/Resource/InstanceGroupManagerResizeRequests.php
OK	/htdocs/application/third_party/omnipay/vendor/google/apiclient-services/src/Compute/Resource/Licenses.php
OK	/htdocs/application/third_party/omnipay/vendor/google/apiclient-services/src/Compute/Resource/PacketMirrorings.php
OK	/htdocs/application/third_party/omnipay/vendor/google/apiclient-services/src/Compute/Resource/RegionInstanceGroups.php
OK	/htdocs/application/third_party/omnipay/vendor/google/apiclient-services/src/Compute/Resource/RegionTargetHttpProxies.php
OK	/htdocs/application/third_party/omnipay/vendor/google/apiclient-services/src/Compute/Resource/SnapshotSettings.php
OK	/htdocs/application/third_party/omnipay/vendor/google/apiclient-services/src/Compute/Resource/TargetTcpProxies.php
OK	/htdocs/application/third_party/omnipay/vendor/google/apiclient-services/src/Config/ConfigEmpty.php
OK	/htdocs/application/third_party/omnipay/vendor/google/apiclient-services/src/Config/ListDeploymentsResponse.php
OK	/htdocs/application/third_party/omnipay/vendor/google/apiclient-services/src/Config/Policy.php
OK	/htdocs/application/third_party/omnipay/vendor/google/apiclient-services/src/Config/TerraformError.php
OK	/htdocs/application/third_party/omnipay/vendor/google/apiclient-services/src/Config/Resource/ProjectsLocationsOperations.php
OK	/htdocs/application/third_party/omnipay/vendor/google/apiclient-services/src/Connectors/Binding.php
OK	/htdocs/application/third_party/omnipay/vendor/google/apiclient-services/src/Connectors/ConnectorVersion.php
OK	/htdocs/application/third_party/omnipay/vendor/google/apiclient-services/src/Connectors/ExecuteActionResponse.php
OK	/htdocs/application/third_party/omnipay/vendor/google/apiclient-services/src/Connectors/ListConnectionsResponse.php
OK	/htdocs/application/third_party/omnipay/vendor/google/apiclient-services/src/Connectors/LockConfig.php
OK	/htdocs/application/third_party/omnipay/vendor/google/apiclient-services/src/Connectors/Policy.php
OK	/htdocs/application/third_party/omnipay/vendor/google/apiclient-services/src/Connectors/RuntimeActionSchema.php
OK	/htdocs/application/third_party/omnipay/vendor/google/apiclient-services/src/Connectors/TestIamPermissionsRequest.php
OK	/htdocs/application/third_party/omnipay/vendor/google/apiclient-services/src/Connectors/Resource/ProjectsLocationsConnectionsEntityTypesEntities.php
OK	/htdocs/application/third_party/omnipay/vendor/google/apiclient-services/src/Contactcenterinsights/GoogleCloudContactcenterinsightsV1AgentCoachingSuggestionAgentActionSuggestion.php
OK	/htdocs/application/third_party/omnipay/vendor/google/apiclient-services/src/Contactcenterinsights/GoogleCloudContactcenterinsightsV1alpha1AnalysisResultCallAnalysisMetadata.php
OK	/htdocs/application/third_party/omnipay/vendor/google/apiclient-services/src/Contactcenterinsights/GoogleCloudContactcenterinsightsV1alpha1BulkDeleteConversationsRequest.php
OK	/htdocs/application/third_party/omnipay/vendor/google/apiclient-services/src/Contactcenterinsights/GoogleCloudContactcenterinsightsV1alpha1ConversationTranscript.php
OK	/htdocs/application/third_party/omnipay/vendor/google/apiclient-services/src/Contactcenterinsights/GoogleCloudContactcenterinsightsV1alpha1DeployIssueModelRequest.php
OK	/htdocs/application/third_party/omnipay/vendor/google/apiclient-services/src/Contactcenterinsights/GoogleCloudContactcenterinsightsV1alpha1EntityMentionData.php
OK	/htdocs/application/third_party/omnipay/vendor/google/apiclient-services/src/Contactcenterinsights/GoogleCloudContactcenterinsightsV1alpha1GcsSource.php
OK	/htdocs/application/third_party/omnipay/vendor/google/apiclient-services/src/Contactcenterinsights/GoogleCloudContactcenterinsightsV1alpha1ImportIssueModelRequest.php
OK	/htdocs/application/third_party/omnipay/vendor/google/apiclient-services/src/Contactcenterinsights/GoogleCloudContactcenterinsightsV1alpha1InitializeEncryptionSpecResponse.php
OK	/htdocs/application/third_party/omnipay/vendor/google/apiclient-services/src/Contactcenterinsights/GoogleCloudContactcenterinsightsV1alpha1ListAllFeedbackLabelsResponse.php
OK	/htdocs/application/third_party/omnipay/vendor/google/apiclient-services/src/Contactcenterinsights/GoogleCloudContactcenterinsightsV1alpha1QueryMetricsResponseSliceDataPoint.php
OK	/htdocs/application/third_party/omnipay/vendor/google/apiclient-services/src/Contactcenterinsights/GoogleCloudContactcenterinsightsV1alpha1SmartReplyData.php
OK	/htdocs/application/third_party/omnipay/vendor/google/apiclient-services/src/Contactcenterinsights/GoogleCloudContactcenterinsightsV1AnalysisRule.php
OK	/htdocs/application/third_party/omnipay/vendor/google/apiclient-services/src/Contactcenterinsights/GoogleCloudContactcenterinsightsV1BulkDeleteConversationsRequest.php
OK	/htdocs/application/third_party/omnipay/vendor/google/apiclient-services/src/Contactcenterinsights/GoogleCloudContactcenterinsightsV1CalculateStatsResponseTimeSeriesInterval.php
OK	/htdocs/application/third_party/omnipay/vendor/google/apiclient-services/src/Contactcenterinsights/GoogleCloudContactcenterinsightsV1ConversationTranscriptTranscriptSegment.php
OK	/htdocs/application/third_party/omnipay/vendor/google/apiclient-services/src/Contactcenterinsights/GoogleCloudContactcenterinsightsV1DeployIssueModelResponse.php
OK	/htdocs/application/third_party/omnipay/vendor/google/apiclient-services/src/Contactcenterinsights/GoogleCloudContactcenterinsightsV1EntityMentionData.php
OK	/htdocs/application/third_party/omnipay/vendor/google/apiclient-services/src/Contactcenterinsights/GoogleCloudContactcenterinsightsV1FreeFormSuggestion.php
OK	/htdocs/application/third_party/omnipay/vendor/google/apiclient-services/src/Contactcenterinsights/GoogleCloudContactcenterinsightsV1ImportIssueModelMetadata.php
OK	/htdocs/application/third_party/omnipay/vendor/google/apiclient-services/src/Contactcenterinsights/GoogleCloudContactcenterinsightsV1InitializeEncryptionSpecRequest.php
OK	/htdocs/application/third_party/omnipay/vendor/google/apiclient-services/src/Contactcenterinsights/GoogleCloudContactcenterinsightsV1IssueModelResult.php
OK	/htdocs/application/third_party/omnipay/vendor/google/apiclient-services/src/Contactcenterinsights/GoogleCloudContactcenterinsightsV1ListQaScorecardsResponse.php
OK	/htdocs/application/third_party/omnipay/vendor/google/apiclient-services/src/Contactcenterinsights/GoogleCloudContactcenterinsightsV1QaQuestionMetrics.php
OK	/htdocs/application/third_party/omnipay/vendor/google/apiclient-services/src/Contactcenterinsights/GoogleCloudContactcenterinsightsV1QueryMetricsResponseSliceDataPoint.php
OK	/htdocs/application/third_party/omnipay/vendor/google/apiclient-services/src/Contactcenterinsights/GoogleCloudContactcenterinsightsV1SilenceData.php
OK	/htdocs/application/third_party/omnipay/vendor/google/apiclient-services/src/Contactcenterinsights/GoogleCloudContactcenterinsightsV1UploadConversationRequest.php
OK	/htdocs/application/third_party/omnipay/vendor/google/apiclient-services/src/Contactcenterinsights/GoogleRpcStatus.php
OK	/htdocs/application/third_party/omnipay/vendor/google/apiclient-services/src/Contactcenterinsights/Resource/ProjectsLocationsAuthorizedViewSetsAuthorizedViews.php
OK	/htdocs/application/third_party/omnipay/vendor/google/apiclient-services/src/Contactcenterinsights/Resource/ProjectsLocationsPhraseMatchers.php
OK	/htdocs/application/third_party/omnipay/vendor/google/apiclient-services/src/Container/AdvancedMachineFeatures.php
OK	/htdocs/application/third_party/omnipay/vendor/google/apiclient-services/src/Container/CancelOperationRequest.php
OK	/htdocs/application/third_party/omnipay/vendor/google/apiclient-services/src/Container/CompliancePostureConfig.php
OK	/htdocs/application/third_party/omnipay/vendor/google/apiclient-services/src/Container/DatabaseEncryption.php
OK	/htdocs/application/third_party/omnipay/vendor/google/apiclient-services/src/Container/GcePersistentDiskCsiDriverConfig.php
OK	/htdocs/application/third_party/omnipay/vendor/google/apiclient-services/src/Container/HttpLoadBalancing.php
OK	/htdocs/application/third_party/omnipay/vendor/google/apiclient-services/src/Container/ListClustersResponse.php
OK	/htdocs/application/third_party/omnipay/vendor/google/apiclient-services/src/Container/MasterAuth.php
OK	/htdocs/application/third_party/omnipay/vendor/google/apiclient-services/src/Container/NodeAffinity.php
OK	/htdocs/application/third_party/omnipay/vendor/google/apiclient-services/src/Container/NodeTaint.php
OK	/htdocs/application/third_party/omnipay/vendor/google/apiclient-services/src/Container/PrivateRegistryAccessConfig.php
OK	/htdocs/application/third_party/omnipay/vendor/google/apiclient-services/src/Container/ResourceLabels.php
OK	/htdocs/application/third_party/omnipay/vendor/google/apiclient-services/src/Container/ServiceExternalIPsConfig.php
OK	/htdocs/application/third_party/omnipay/vendor/google/apiclient-services/src/Container/SetNodePoolSizeRequest.php
OK	/htdocs/application/third_party/omnipay/vendor/google/apiclient-services/src/Container/UpdateMasterRequest.php
OK	/htdocs/application/third_party/omnipay/vendor/google/apiclient-services/src/Container/WorkloadIdentityConfig.php
OK	/htdocs/application/third_party/omnipay/vendor/google/apiclient-services/src/Container/Resource/ProjectsZonesClusters.php
OK	/htdocs/application/third_party/omnipay/vendor/google/apiclient-services/src/ContainerAnalysis/Authority.php
OK	/htdocs/application/third_party/omnipay/vendor/google/apiclient-services/src/ContainerAnalysis/BuildOccurrence.php
OK	/htdocs/application/third_party/omnipay/vendor/google/apiclient-services/src/ContainerAnalysis/ComplianceNote.php
OK	/htdocs/application/third_party/omnipay/vendor/google/apiclient-services/src/ContainerAnalysis/ContaineranalysisGoogleDevtoolsCloudbuildV1Build.php
OK	/htdocs/application/third_party/omnipay/vendor/google/apiclient-services/src/ContainerAnalysis/ContaineranalysisGoogleDevtoolsCloudbuildV1DependencyGitSourceRepository.php
OK	/htdocs/application/third_party/omnipay/vendor/google/apiclient-services/src/ContainerAnalysis/ContaineranalysisGoogleDevtoolsCloudbuildV1SecretManagerSecret.php
OK	/htdocs/application/third_party/omnipay/vendor/google/apiclient-services/src/ContainerAnalysis/ContaineranalysisResource.php
OK	/htdocs/application/third_party/omnipay/vendor/google/apiclient-services/src/ContainerAnalysis/Discovery.php
OK	/htdocs/application/third_party/omnipay/vendor/google/apiclient-services/src/ContainerAnalysis/ExportSBOMRequest.php
OK	/htdocs/application/third_party/omnipay/vendor/google/apiclient-services/src/ContainerAnalysis/GetIamPolicyRequest.php
OK	/htdocs/application/third_party/omnipay/vendor/google/apiclient-services/src/ContainerAnalysis/GrafeasV1beta1VulnerabilityDetails.php
OK	/htdocs/application/third_party/omnipay/vendor/google/apiclient-services/src/ContainerAnalysis/ImageOccurrence.php
OK	/htdocs/application/third_party/omnipay/vendor/google/apiclient-services/src/ContainerAnalysis/Link.php
OK	/htdocs/application/third_party/omnipay/vendor/google/apiclient-services/src/ContainerAnalysis/Operation.php
OK	/htdocs/application/third_party/omnipay/vendor/google/apiclient-services/src/ContainerAnalysis/Recipe.php
OK	/htdocs/application/third_party/omnipay/vendor/google/apiclient-services/src/ContainerAnalysis/SBOMStatus.php
OK	/htdocs/application/third_party/omnipay/vendor/google/apiclient-services/src/ContainerAnalysis/Source.php
OK	/htdocs/application/third_party/omnipay/vendor/google/apiclient-services/src/ContainerAnalysis/Volume.php
OK	/htdocs/application/third_party/omnipay/vendor/google/apiclient-services/src/ContainerAnalysis/Resource/ProjectsLocations.php
OK	/htdocs/application/third_party/omnipay/vendor/google/apiclient-services/src/Contentwarehouse/CloudAiPlatformTenantresourceIamPolicyBinding.php
OK	/htdocs/application/third_party/omnipay/vendor/google/apiclient-services/src/Contentwarehouse/GoogleCloudContentwarehouseV1ActionExecutorOutput.php
OK	/htdocs/application/third_party/omnipay/vendor/google/apiclient-services/src/Contentwarehouse/GoogleCloudContentwarehouseV1DataUpdateAction.php
OK	/htdocs/application/third_party/omnipay/vendor/google/apiclient-services/src/Contentwarehouse/GoogleCloudContentwarehouseV1EnumArray.php
OK	/htdocs/application/third_party/omnipay/vendor/google/apiclient-services/src/Contentwarehouse/GoogleCloudContentwarehouseV1HistogramQuery.php
OK	/htdocs/application/third_party/omnipay/vendor/google/apiclient-services/src/Contentwarehouse/GoogleCloudContentwarehouseV1ListLinkedTargetsRequest.php
OK	/htdocs/application/third_party/omnipay/vendor/google/apiclient-services/src/Contentwarehouse/GoogleCloudContentwarehouseV1PropertyArray.php
OK	/htdocs/application/third_party/omnipay/vendor/google/apiclient-services/src/Contentwarehouse/GoogleCloudContentwarehouseV1RuleActionsPair.php
OK	/htdocs/application/third_party/omnipay/vendor/google/apiclient-services/src/Contentwarehouse/GoogleCloudContentwarehouseV1SearchDocumentsResponseMatchingDocument.php
OK	/htdocs/application/third_party/omnipay/vendor/google/apiclient-services/src/Contentwarehouse/GoogleCloudContentwarehouseV1UpdateDocumentRequest.php
OK	/htdocs/application/third_party/omnipay/vendor/google/apiclient-services/src/Contentwarehouse/GoogleCloudDocumentaiV1DocumentChunkedDocumentChunk.php
OK	/htdocs/application/third_party/omnipay/vendor/google/apiclient-services/src/Contentwarehouse/GoogleCloudDocumentaiV1DocumentDocumentLayoutDocumentLayoutBlockLayoutTextBlock.php
OK	/htdocs/application/third_party/omnipay/vendor/google/apiclient-services/src/Contentwarehouse/GoogleCloudDocumentaiV1DocumentPageImage.php
OK	/htdocs/application/third_party/omnipay/vendor/google/apiclient-services/src/Contentwarehouse/GoogleCloudDocumentaiV1DocumentPageTokenDetectedBreak.php
OK	/htdocs/application/third_party/omnipay/vendor/google/apiclient-services/src/Contentwarehouse/GoogleCloudDocumentaiV1DocumentTextChange.php
OK	/htdocs/application/third_party/omnipay/vendor/google/apiclient-services/src/Contentwarehouse/GoogleTypeDateTime.php
OK	/htdocs/application/third_party/omnipay/vendor/google/apiclient-services/src/Contentwarehouse/Resource/ProjectsLocationsOperations.php
OK	/htdocs/application/third_party/omnipay/vendor/google/apiclient-services/src/Css/DestinationStatus.php
OK	/htdocs/application/third_party/omnipay/vendor/google/apiclient-services/src/Css/Resource/Accounts.php
OK	/htdocs/application/third_party/omnipay/vendor/google/apiclient-services/src/CustomSearchAPI/SearchQueriesNextPage.php
OK	/htdocs/application/third_party/omnipay/vendor/google/apiclient-services/src/DatabaseMigrationService/ApplyJobDetails.php
OK	/htdocs/application/third_party/omnipay/vendor/google/apiclient-services/src/DatabaseMigrationService/CommitConversionWorkspaceRequest.php
OK	/htdocs/application/third_party/omnipay/vendor/google/apiclient-services/src/DatabaseMigrationService/DatabaseType.php
OK	/htdocs/application/third_party/omnipay/vendor/google/apiclient-services/src/DatabaseMigrationService/EntityMapping.php
OK	/htdocs/application/third_party/omnipay/vendor/google/apiclient-services/src/DatabaseMigrationService/ImportRulesJobDetails.php
OK	/htdocs/application/third_party/omnipay/vendor/google/apiclient-services/src/DatabaseMigrationService/Location.php
OK	/htdocs/application/third_party/omnipay/vendor/google/apiclient-services/src/DatabaseMigrationService/MultiColumnDatatypeChange.php
OK	/htdocs/application/third_party/omnipay/vendor/google/apiclient-services/src/DatabaseMigrationService/Position.php
OK	/htdocs/application/third_party/omnipay/vendor/google/apiclient-services/src/DatabaseMigrationService/RoundToScale.php
OK	/htdocs/application/third_party/omnipay/vendor/google/apiclient-services/src/DatabaseMigrationService/SourceNumericFilter.php
OK	/htdocs/application/third_party/omnipay/vendor/google/apiclient-services/src/DatabaseMigrationService/SqlServerHomogeneousMigrationJobConfig.php
OK	/htdocs/application/third_party/omnipay/vendor/google/apiclient-services/src/DatabaseMigrationService/TestIamPermissionsRequest.php
OK	/htdocs/application/third_party/omnipay/vendor/google/apiclient-services/src/DatabaseMigrationService/VpcPeeringConnectivity.php
OK	/htdocs/application/third_party/omnipay/vendor/google/apiclient-services/src/DataCatalog/Expr.php
OK	/htdocs/application/third_party/omnipay/vendor/google/apiclient-services/src/DataCatalog/GoogleCloudDatacatalogV1beta1GcsFilesetSpec.php
OK	/htdocs/application/third_party/omnipay/vendor/google/apiclient-services/src/DataCatalog/GoogleCloudDatacatalogV1beta1RenameTagTemplateFieldRequest.php
OK	/htdocs/application/third_party/omnipay/vendor/google/apiclient-services/src/DataCatalog/GoogleCloudDatacatalogV1beta1TagFieldEnumValue.php
OK	/htdocs/application/third_party/omnipay/vendor/google/apiclient-services/src/DataCatalog/GoogleCloudDatacatalogV1CloudBigtableInstanceSpec.php
OK	/htdocs/application/third_party/omnipay/vendor/google/apiclient-services/src/DataCatalog/GoogleCloudDatacatalogV1DatabaseTableSpecDatabaseViewSpec.php
OK	/htdocs/application/third_party/omnipay/vendor/google/apiclient-services/src/DataCatalog/GoogleCloudDatacatalogV1ExportTaxonomiesResponse.php
OK	/htdocs/application/third_party/omnipay/vendor/google/apiclient-services/src/DataCatalog/GoogleCloudDatacatalogV1ImportTaxonomiesResponse.php
OK	/htdocs/application/third_party/omnipay/vendor/google/apiclient-services/src/DataCatalog/GoogleCloudDatacatalogV1OrganizationConfig.php
OK	/htdocs/application/third_party/omnipay/vendor/google/apiclient-services/src/DataCatalog/GoogleCloudDatacatalogV1ReconcileTagsResponse.php
OK	/htdocs/application/third_party/omnipay/vendor/google/apiclient-services/src/DataCatalog/GoogleCloudDatacatalogV1SerializedTaxonomy.php
OK	/htdocs/application/third_party/omnipay/vendor/google/apiclient-services/src/DataCatalog/GoogleCloudDatacatalogV1TaggedEntry.php
OK	/htdocs/application/third_party/omnipay/vendor/google/apiclient-services/src/DataCatalog/GoogleCloudDatacatalogV1ViewSpec.php
OK	/htdocs/application/third_party/omnipay/vendor/google/apiclient-services/src/DataCatalog/Resource/Projects.php
OK	/htdocs/application/third_party/omnipay/vendor/google/apiclient-services/src/Dataflow/ApproximateProgress.php
OK	/htdocs/application/third_party/omnipay/vendor/google/apiclient-services/src/Dataflow/ComponentTransform.php
OK	/htdocs/application/third_party/omnipay/vendor/google/apiclient-services/src/Dataflow/DataflowGaugeValue.php
OK	/htdocs/application/third_party/omnipay/vendor/google/apiclient-services/src/Dataflow/Environment.php
OK	/htdocs/application/third_party/omnipay/vendor/google/apiclient-services/src/Dataflow/GPUUsage.php
OK	/htdocs/application/third_party/omnipay/vendor/google/apiclient-services/src/Dataflow/JobExecutionDetails.php
OK	/htdocs/application/third_party/omnipay/vendor/google/apiclient-services/src/Dataflow/LaunchTemplateResponse.php
OK	/htdocs/application/third_party/omnipay/vendor/google/apiclient-services/src/Dataflow/MetricValue.php
OK	/htdocs/application/third_party/omnipay/vendor/google/apiclient-services/src/Dataflow/PerStepNamespaceMetrics.php
OK	/htdocs/application/third_party/omnipay/vendor/google/apiclient-services/src/Dataflow/ReportWorkItemStatusRequest.php
OK	/htdocs/application/third_party/omnipay/vendor/google/apiclient-services/src/Dataflow/SendDebugCaptureResponse.php
OK	/htdocs/application/third_party/omnipay/vendor/google/apiclient-services/src/Dataflow/SourceFork.php
OK	/htdocs/application/third_party/omnipay/vendor/google/apiclient-services/src/Dataflow/StageExecutionDetails.php
OK	/htdocs/application/third_party/omnipay/vendor/google/apiclient-services/src/Dataflow/StreamingComputationRanges.php
OK	/htdocs/application/third_party/omnipay/vendor/google/apiclient-services/src/Dataflow/StructuredMessage.php
OK	/htdocs/application/third_party/omnipay/vendor/google/apiclient-services/src/Dataflow/WorkerMessageResponse.php
OK	/htdocs/application/third_party/omnipay/vendor/google/apiclient-services/src/Dataflow/Resource/Projects.php
OK	/htdocs/application/third_party/omnipay/vendor/google/apiclient-services/src/Dataflow/Resource/ProjectsLocationsJobsWorkItems.php
OK	/htdocs/application/third_party/omnipay/vendor/google/apiclient-services/src/Dataform/CommitAuthor.php
OK	/htdocs/application/third_party/omnipay/vendor/google/apiclient-services/src/Dataform/DataformEmpty.php
OK	/htdocs/application/third_party/omnipay/vendor/google/apiclient-services/src/Dataform/FileOperation.php
OK	/htdocs/application/third_party/omnipay/vendor/google/apiclient-services/src/Dataform/ListWorkflowConfigsResponse.php
OK	/htdocs/application/third_party/omnipay/vendor/google/apiclient-services/src/Dataform/NotebookRuntimeOptions.php
OK	/htdocs/application/third_party/omnipay/vendor/google/apiclient-services/src/Dataform/Relation.php
OK	/htdocs/application/third_party/omnipay/vendor/google/apiclient-services/src/Dataform/SshAuthenticationConfig.php
OK	/htdocs/application/third_party/omnipay/vendor/google/apiclient-services/src/Dataform/WriteFileRequest.php
OK	/htdocs/application/third_party/omnipay/vendor/google/apiclient-services/src/Dataform/Resource/ProjectsLocationsRepositoriesWorkspaces.php
OK	/htdocs/application/third_party/omnipay/vendor/google/apiclient-services/src/DataFusion/DataResidencyAugmentedView.php
OK	/htdocs/application/third_party/omnipay/vendor/google/apiclient-services/src/DataFusion/ListOperationsResponse.php
OK	/htdocs/application/third_party/omnipay/vendor/google/apiclient-services/src/DataFusion/Policy.php
OK	/htdocs/application/third_party/omnipay/vendor/google/apiclient-services/src/DataFusion/TimeWindow.php
OK	/htdocs/application/third_party/omnipay/vendor/google/apiclient-services/src/DataLabeling/GoogleCloudDatalabelingV1alpha1GcsDestination.php
OK	/htdocs/application/third_party/omnipay/vendor/google/apiclient-services/src/DataLabeling/GoogleCloudDatalabelingV1alpha1LabelStats.php
OK	/htdocs/application/third_party/omnipay/vendor/google/apiclient-services/src/DataLabeling/GoogleCloudDatalabelingV1beta1AnnotationSpec.php
OK	/htdocs/application/third_party/omnipay/vendor/google/apiclient-services/src/DataLabeling/GoogleCloudDatalabelingV1beta1ConfusionMatrix.php
OK	/htdocs/application/third_party/omnipay/vendor/google/apiclient-services/src/DataLabeling/GoogleCloudDatalabelingV1beta1EvaluationJob.php
OK	/htdocs/application/third_party/omnipay/vendor/google/apiclient-services/src/DataLabeling/GoogleCloudDatalabelingV1beta1FeedbackThreadMetadata.php
OK	/htdocs/application/third_party/omnipay/vendor/google/apiclient-services/src/DataLabeling/GoogleCloudDatalabelingV1beta1ImportDataOperationResponse.php
OK	/htdocs/application/third_party/omnipay/vendor/google/apiclient-services/src/DataLabeling/GoogleCloudDatalabelingV1beta1LabelStats.php
OK	/htdocs/application/third_party/omnipay/vendor/google/apiclient-services/src/DataLabeling/GoogleCloudDatalabelingV1beta1ListDatasetsResponse.php
OK	/htdocs/application/third_party/omnipay/vendor/google/apiclient-services/src/DataLabeling/GoogleCloudDatalabelingV1beta1ObjectTrackingFrame.php
OK	/htdocs/application/third_party/omnipay/vendor/google/apiclient-services/src/DataLabeling/GoogleCloudDatalabelingV1beta1SearchEvaluationsResponse.php
OK	/htdocs/application/third_party/omnipay/vendor/google/apiclient-services/src/DataLabeling/GoogleCloudDatalabelingV1beta1TimeSegment.php
OK	/htdocs/application/third_party/omnipay/vendor/google/apiclient-services/src/DataLabeling/GoogleCloudDatalabelingV1p1alpha1GcsFolderDestination.php
OK	/htdocs/application/third_party/omnipay/vendor/google/apiclient-services/src/DataLabeling/GoogleCloudDatalabelingV1p1alpha1LabelStats.php
OK	/htdocs/application/third_party/omnipay/vendor/google/apiclient-services/src/DataLabeling/GoogleCloudDatalabelingV1p2alpha1GcsFolderDestination.php
OK	/htdocs/application/third_party/omnipay/vendor/google/apiclient-services/src/DataLabeling/GoogleCloudDatalabelingV1p2alpha1LabelTextClassificationOperationMetadata.php
OK	/htdocs/application/third_party/omnipay/vendor/google/apiclient-services/src/DataLabeling/Resource/ProjectsAnnotationSpecSets.php
OK	/htdocs/application/third_party/omnipay/vendor/google/apiclient-services/src/DataLabeling/Resource/ProjectsDatasetsVideo.php
OK	/htdocs/application/third_party/omnipay/vendor/google/apiclient-services/src/Datalineage/GoogleCloudDatacatalogLineageV1ListProcessesResponse.php
OK	/htdocs/application/third_party/omnipay/vendor/google/apiclient-services/src/Datalineage/GoogleLongrunningListOperationsResponse.php
OK	/htdocs/application/third_party/omnipay/vendor/google/apiclient-services/src/Datapipelines/GoogleCloudDatapipelinesV1BatchGetTransformDescriptionsResponse.php
OK	/htdocs/application/third_party/omnipay/vendor/google/apiclient-services/src/Datapipelines/GoogleCloudDatapipelinesV1LaunchFlexTemplateParameter.php
OK	/htdocs/application/third_party/omnipay/vendor/google/apiclient-services/src/Datapipelines/GoogleCloudDatapipelinesV1Pipeline.php
OK	/htdocs/application/third_party/omnipay/vendor/google/apiclient-services/src/Datapipelines/GoogleCloudDatapipelinesV1Workload.php
OK	/htdocs/application/third_party/omnipay/vendor/google/apiclient-services/src/DataPortability/CancelPortabilityArchiveResponse.php
OK	/htdocs/application/third_party/omnipay/vendor/google/apiclient-services/src/Dataproc/AccessSessionSparkApplicationEnvironmentInfoResponse.php
OK	/htdocs/application/third_party/omnipay/vendor/google/apiclient-services/src/Dataproc/AccessSparkApplicationStageAttemptResponse.php
OK	/htdocs/application/third_party/omnipay/vendor/google/apiclient-services/src/Dataproc/AutotuningConfig.php
OK	/htdocs/application/third_party/omnipay/vendor/google/apiclient-services/src/Dataproc/ClusterMetrics.php
OK	/htdocs/application/third_party/omnipay/vendor/google/apiclient-services/src/Dataproc/DiagnoseClusterResults.php
OK	/htdocs/application/third_party/omnipay/vendor/google/apiclient-services/src/Dataproc/ExecutorSummary.php
OK	/htdocs/application/third_party/omnipay/vendor/google/apiclient-services/src/Dataproc/GkeNodePoolConfig.php
OK	/htdocs/application/third_party/omnipay/vendor/google/apiclient-services/src/Dataproc/InstanceGroupAutoscalingPolicyConfig.php
OK	/htdocs/application/third_party/omnipay/vendor/google/apiclient-services/src/Dataproc/JobScheduling.php
OK	/htdocs/application/third_party/omnipay/vendor/google/apiclient-services/src/Dataproc/ListOperationsResponse.php
OK	/htdocs/application/third_party/omnipay/vendor/google/apiclient-services/src/Dataproc/NativeSqlExecutionUiData.php
OK	/htdocs/application/third_party/omnipay/vendor/google/apiclient-services/src/Dataproc/PigJob.php
OK	/htdocs/application/third_party/omnipay/vendor/google/apiclient-services/src/Dataproc/RddOperationCluster.php
OK	/htdocs/application/third_party/omnipay/vendor/google/apiclient-services/src/Dataproc/ResourceInformation.php
OK	/htdocs/application/third_party/omnipay/vendor/google/apiclient-services/src/Dataproc/SearchSparkApplicationExecutorsResponse.php
OK	/htdocs/application/third_party/omnipay/vendor/google/apiclient-services/src/Dataproc/SessionTemplate.php
OK	/htdocs/application/third_party/omnipay/vendor/google/apiclient-services/src/Dataproc/SparkApplication.php
OK	/htdocs/application/third_party/omnipay/vendor/google/apiclient-services/src/Dataproc/SparkRuntimeInfo.php
OK	/htdocs/application/third_party/omnipay/vendor/google/apiclient-services/src/Dataproc/StageOutputMetrics.php
OK	/htdocs/application/third_party/omnipay/vendor/google/apiclient-services/src/Dataproc/StreamingQueryData.php
OK	/htdocs/application/third_party/omnipay/vendor/google/apiclient-services/src/Dataproc/TaskMetrics.php
OK	/htdocs/application/third_party/omnipay/vendor/google/apiclient-services/src/Dataproc/WorkflowGraph.php
OK	/htdocs/application/third_party/omnipay/vendor/google/apiclient-services/src/Dataproc/Resource/ProjectsLocationsAutoscalingPolicies.php
OK	/htdocs/application/third_party/omnipay/vendor/google/apiclient-services/src/Dataproc/Resource/ProjectsRegionsJobs.php
OK	/htdocs/application/third_party/omnipay/vendor/google/apiclient-services/src/DataprocMetastore/Binding.php
OK	/htdocs/application/third_party/omnipay/vendor/google/apiclient-services/src/DataprocMetastore/EncryptionConfig.php
OK	/htdocs/application/third_party/omnipay/vendor/google/apiclient-services/src/DataprocMetastore/GoogleCloudMetastoreV1alphaMoveTableToDatabaseResponse.php
OK	/htdocs/application/third_party/omnipay/vendor/google/apiclient-services/src/DataprocMetastore/GoogleCloudMetastoreV1betaMoveTableToDatabaseResponse.php
OK	/htdocs/application/third_party/omnipay/vendor/google/apiclient-services/src/DataprocMetastore/GoogleCloudMetastoreV2AlterMetadataResourceLocationRequest.php
OK	/htdocs/application/third_party/omnipay/vendor/google/apiclient-services/src/DataprocMetastore/GoogleCloudMetastoreV2ListBackupsResponse.php
OK	/htdocs/application/third_party/omnipay/vendor/google/apiclient-services/src/DataprocMetastore/HiveMetastoreVersion.php
OK	/htdocs/application/third_party/omnipay/vendor/google/apiclient-services/src/DataprocMetastore/Location.php
OK	/htdocs/application/third_party/omnipay/vendor/google/apiclient-services/src/DataprocMetastore/NetworkConfig.php
OK	/htdocs/application/third_party/omnipay/vendor/google/apiclient-services/src/DataprocMetastore/Secret.php
OK	/htdocs/application/third_party/omnipay/vendor/google/apiclient-services/src/DataprocMetastore/Resource/ProjectsLocationsOperations.php
OK	/htdocs/application/third_party/omnipay/vendor/google/apiclient-services/src/Datastore/AllocateIdsResponse.php
OK	/htdocs/application/third_party/omnipay/vendor/google/apiclient-services/src/Datastore/EntityResult.php
OK	/htdocs/application/third_party/omnipay/vendor/google/apiclient-services/src/Datastore/GoogleDatastoreAdminV1CommonMetadata.php
OK	/htdocs/application/third_party/omnipay/vendor/google/apiclient-services/src/Datastore/GoogleDatastoreAdminV1MigrationProgressEvent.php
OK	/htdocs/application/third_party/omnipay/vendor/google/apiclient-services/src/Datastore/LookupRequest.php
OK	/htdocs/application/third_party/omnipay/vendor/google/apiclient-services/src/Datastore/PropertyTransform.php
OK	/htdocs/application/third_party/omnipay/vendor/google/apiclient-services/src/Datastore/RunAggregationQueryResponse.php
OK	/htdocs/application/third_party/omnipay/vendor/google/apiclient-services/src/Datastream/BackfillAllStrategy.php
OK	/htdocs/application/third_party/omnipay/vendor/google/apiclient-services/src/Datastream/DatastreamEmpty.php
OK	/htdocs/application/third_party/omnipay/vendor/google/apiclient-services/src/Datastream/Gtid.php
OK	/htdocs/application/third_party/omnipay/vendor/google/apiclient-services/src/Datastream/LookupStreamObjectRequest.php
OK	/htdocs/application/third_party/omnipay/vendor/google/apiclient-services/src/Datastream/MysqlTable.php
OK	/htdocs/application/third_party/omnipay/vendor/google/apiclient-services/src/Datastream/OracleRdbms.php
OK	/htdocs/application/third_party/omnipay/vendor/google/apiclient-services/src/Datastream/PostgresqlSslConfig.php
OK	/htdocs/application/third_party/omnipay/vendor/google/apiclient-services/src/Datastream/ServerAndClientVerification.php
OK	/htdocs/application/third_party/omnipay/vendor/google/apiclient-services/src/Datastream/SqlServerRdbms.php
OK	/htdocs/application/third_party/omnipay/vendor/google/apiclient-services/src/Datastream/StreamLargeObjects.php
OK	/htdocs/application/third_party/omnipay/vendor/google/apiclient-services/src/Datastream/Resource/ProjectsLocationsPrivateConnectionsRoutes.php
OK	/htdocs/application/third_party/omnipay/vendor/google/apiclient-services/src/DeploymentManager/AuditLogConfig.php
OK	/htdocs/application/third_party/omnipay/vendor/google/apiclient-services/src/DeploymentManager/DeploymentsStopRequest.php
OK	/htdocs/application/third_party/omnipay/vendor/google/apiclient-services/src/DeploymentManager/ManifestsListResponse.php
OK	/htdocs/application/third_party/omnipay/vendor/google/apiclient-services/src/DeploymentManager/ResourceUpdate.php
OK	/htdocs/application/third_party/omnipay/vendor/google/apiclient-services/src/DeploymentManager/Type.php
OK	/htdocs/application/third_party/omnipay/vendor/google/apiclient-services/src/DeveloperConnect/DeveloperconnectEmpty.php
OK	/htdocs/application/third_party/omnipay/vendor/google/apiclient-services/src/DeveloperConnect/GitProxyConfig.php
OK	/htdocs/application/third_party/omnipay/vendor/google/apiclient-services/src/DeveloperConnect/Operation.php
OK	/htdocs/application/third_party/omnipay/vendor/google/apiclient-services/src/DeveloperConnect/Resource/ProjectsLocationsConnections.php
OK	/htdocs/application/third_party/omnipay/vendor/google/apiclient-services/src/Dfareporting/Activities.php
OK	/htdocs/application/third_party/omnipay/vendor/google/apiclient-services/src/Dfareporting/AudienceSegmentGroup.php
OK	/htdocs/application/third_party/omnipay/vendor/google/apiclient-services/src/Dfareporting/CampaignCreativeAssociationsListResponse.php
OK	/htdocs/application/third_party/omnipay/vendor/google/apiclient-services/src/Dfareporting/ClickThroughUrl.php
OK	/htdocs/application/third_party/omnipay/vendor/google/apiclient-services/src/Dfareporting/ConversionsBatchInsertResponse.php
OK	/htdocs/application/third_party/omnipay/vendor/google/apiclient-services/src/Dfareporting/CreativeClickThroughUrl.php
OK	/htdocs/application/third_party/omnipay/vendor/google/apiclient-services/src/Dfareporting/CreativesListResponse.php
OK	/htdocs/application/third_party/omnipay/vendor/google/apiclient-services/src/Dfareporting/DfareportingFile.php
OK	/htdocs/application/third_party/omnipay/vendor/google/apiclient-services/src/Dfareporting/DynamicTargetingKey.php
OK	/htdocs/application/third_party/omnipay/vendor/google/apiclient-services/src/Dfareporting/FloodlightActivityDynamicTag.php
OK	/htdocs/application/third_party/omnipay/vendor/google/apiclient-services/src/Dfareporting/Invoice.php
OK	/htdocs/application/third_party/omnipay/vendor/google/apiclient-services/src/Dfareporting/MeasurementPartnerAdvertiserLink.php
OK	/htdocs/application/third_party/omnipay/vendor/google/apiclient-services/src/Dfareporting/OfflineUserAddressInfo.php
OK	/htdocs/application/third_party/omnipay/vendor/google/apiclient-services/src/Dfareporting/OrdersListResponse.php
OK	/htdocs/application/third_party/omnipay/vendor/google/apiclient-services/src/Dfareporting/PlacementsListResponse.php
OK	/htdocs/application/third_party/omnipay/vendor/google/apiclient-services/src/Dfareporting/Project.php
OK	/htdocs/application/third_party/omnipay/vendor/google/apiclient-services/src/Dfareporting/ReportCrossDimensionReachCriteria.php
OK	/htdocs/application/third_party/omnipay/vendor/google/apiclient-services/src/Dfareporting/ReportsConfiguration.php
OK	/htdocs/application/third_party/omnipay/vendor/google/apiclient-services/src/Dfareporting/SizesListResponse.php
OK	/htdocs/application/third_party/omnipay/vendor/google/apiclient-services/src/Dfareporting/TargetWindow.php
OK	/htdocs/application/third_party/omnipay/vendor/google/apiclient-services/src/Dfareporting/UserProfile.php
OK	/htdocs/application/third_party/omnipay/vendor/google/apiclient-services/src/Dfareporting/VideoSettings.php
OK	/htdocs/application/third_party/omnipay/vendor/google/apiclient-services/src/Dfareporting/Resource/BillingProfiles.php
OK	/htdocs/application/third_party/omnipay/vendor/google/apiclient-services/src/Dfareporting/Resource/CreativeFields.php
OK	/htdocs/application/third_party/omnipay/vendor/google/apiclient-services/src/Dfareporting/Resource/InventoryItems.php
OK	/htdocs/application/third_party/omnipay/vendor/google/apiclient-services/src/Dfareporting/Resource/PlatformTypes.php
OK	/htdocs/application/third_party/omnipay/vendor/google/apiclient-services/src/Dfareporting/Resource/TargetableRemarketingLists.php
OK	/htdocs/application/third_party/omnipay/vendor/google/apiclient-services/src/Dialogflow/GoogleCloudDialogflowCxV3AdvancedSettingsSpeechSettings.php
OK	/htdocs/application/third_party/omnipay/vendor/google/apiclient-services/src/Dialogflow/GoogleCloudDialogflowCxV3BargeInConfig.php
OK	/htdocs/application/third_party/omnipay/vendor/google/apiclient-services/src/Dialogflow/GoogleCloudDialogflowCxV3beta1BatchRunTestCasesResponse.php
OK	/htdocs/application/third_party/omnipay/vendor/google/apiclient-services/src/Dialogflow/GoogleCloudDialogflowCxV3beta1DtmfInput.php
OK	/htdocs/application/third_party/omnipay/vendor/google/apiclient-services/src/Dialogflow/GoogleCloudDialogflowCxV3beta1ExportIntentsResponse.php
OK	/htdocs/application/third_party/omnipay/vendor/google/apiclient-services/src/Dialogflow/GoogleCloudDialogflowCxV3beta1GenericKnowledgeOperationMetadata.php
OK	/htdocs/application/third_party/omnipay/vendor/google/apiclient-services/src/Dialogflow/GoogleCloudDialogflowCxV3beta1InlineDestination.php
OK	/htdocs/application/third_party/omnipay/vendor/google/apiclient-services/src/Dialogflow/GoogleCloudDialogflowCxV3beta1PageInfoFormInfoParameterInfo.php
OK	/htdocs/application/third_party/omnipay/vendor/google/apiclient-services/src/Dialogflow/GoogleCloudDialogflowCxV3beta1ResponseMessageTelephonyTransferCall.php
OK	/htdocs/application/third_party/omnipay/vendor/google/apiclient-services/src/Dialogflow/GoogleCloudDialogflowCxV3beta1TestRunDifference.php
OK	/htdocs/application/third_party/omnipay/vendor/google/apiclient-services/src/Dialogflow/GoogleCloudDialogflowCxV3beta1WebhookRequestFulfillmentInfo.php
OK	/htdocs/application/third_party/omnipay/vendor/google/apiclient-services/src/Dialogflow/GoogleCloudDialogflowCxV3CalculateCoverageResponse.php
OK	/htdocs/application/third_party/omnipay/vendor/google/apiclient-services/src/Dialogflow/GoogleCloudDialogflowCxV3DataStoreConnectionSignals.php
OK	/htdocs/application/third_party/omnipay/vendor/google/apiclient-services/src/Dialogflow/GoogleCloudDialogflowCxV3Deployment.php
OK	/htdocs/application/third_party/omnipay/vendor/google/apiclient-services/src/Dialogflow/GoogleCloudDialogflowCxV3EventHandler.php
OK	/htdocs/application/third_party/omnipay/vendor/google/apiclient-services/src/Dialogflow/GoogleCloudDialogflowCxV3ExportEntityTypesRequest.php
OK	/htdocs/application/third_party/omnipay/vendor/google/apiclient-services/src/Dialogflow/GoogleCloudDialogflowCxV3FlowImportStrategy.php
OK	/htdocs/application/third_party/omnipay/vendor/google/apiclient-services/src/Dialogflow/GoogleCloudDialogflowCxV3FulfillmentSetParameterAction.php
OK	/htdocs/application/third_party/omnipay/vendor/google/apiclient-services/src/Dialogflow/GoogleCloudDialogflowCxV3ImportEntityTypesMetadata.php
OK	/htdocs/application/third_party/omnipay/vendor/google/apiclient-services/src/Dialogflow/GoogleCloudDialogflowCxV3ImportTestCasesResponse.php
OK	/htdocs/application/third_party/omnipay/vendor/google/apiclient-services/src/Dialogflow/GoogleCloudDialogflowCxV3LanguageInfo.php
OK	/htdocs/application/third_party/omnipay/vendor/google/apiclient-services/src/Dialogflow/GoogleCloudDialogflowCxV3ListSecuritySettingsResponse.php
OK	/htdocs/application/third_party/omnipay/vendor/google/apiclient-services/src/Dialogflow/GoogleCloudDialogflowCxV3NluSettings.php
OK	/htdocs/application/third_party/omnipay/vendor/google/apiclient-services/src/Dialogflow/GoogleCloudDialogflowCxV3ResponseMessage.php
OK	/htdocs/application/third_party/omnipay/vendor/google/apiclient-services/src/Dialogflow/GoogleCloudDialogflowCxV3RestoreAgentRequestGitSource.php
OK	/htdocs/application/third_party/omnipay/vendor/google/apiclient-services/src/Dialogflow/GoogleCloudDialogflowCxV3SearchConfig.php
OK	/htdocs/application/third_party/omnipay/vendor/google/apiclient-services/src/Dialogflow/GoogleCloudDialogflowCxV3TestCase.php
OK	/htdocs/application/third_party/omnipay/vendor/google/apiclient-services/src/Dialogflow/GoogleCloudDialogflowCxV3TransitionCoverageTransitionNode.php
OK	/htdocs/application/third_party/omnipay/vendor/google/apiclient-services/src/Dialogflow/GoogleCloudDialogflowCxV3Version.php
OK	/htdocs/application/third_party/omnipay/vendor/google/apiclient-services/src/Dialogflow/GoogleCloudDialogflowCxV3WebhookResponse.php
OK	/htdocs/application/third_party/omnipay/vendor/google/apiclient-services/src/Dialogflow/GoogleCloudDialogflowV2beta1ClearSuggestionFeatureConfigOperationMetadata.php
OK	/htdocs/application/third_party/omnipay/vendor/google/apiclient-services/src/Dialogflow/GoogleCloudDialogflowV2beta1HumanAgentAssistantEvent.php
OK	/htdocs/application/third_party/omnipay/vendor/google/apiclient-services/src/Dialogflow/GoogleCloudDialogflowV2beta1IntentMessageBrowseCarouselCardBrowseCarouselCardItemOpenUrlAction.php
OK	/htdocs/application/third_party/omnipay/vendor/google/apiclient-services/src/Dialogflow/GoogleCloudDialogflowV2beta1IntentMessageQuickReplies.php
OK	/htdocs/application/third_party/omnipay/vendor/google/apiclient-services/src/Dialogflow/GoogleCloudDialogflowV2beta1IntentMessageSelectItemInfo.php
OK	/htdocs/application/third_party/omnipay/vendor/google/apiclient-services/src/Dialogflow/GoogleCloudDialogflowV2beta1IntentParameter.php
OK	/htdocs/application/third_party/omnipay/vendor/google/apiclient-services/src/Dialogflow/GoogleCloudDialogflowV2beta1KnowledgeOperationMetadata.php
OK	/htdocs/application/third_party/omnipay/vendor/google/apiclient-services/src/Dialogflow/GoogleCloudDialogflowV2beta1Sentiment.php
OK	/htdocs/application/third_party/omnipay/vendor/google/apiclient-services/src/Dialogflow/GoogleCloudDialogflowV2beta1SuggestSmartRepliesResponse.php
OK	/htdocs/application/third_party/omnipay/vendor/google/apiclient-services/src/Dialogflow/GoogleCloudDialogflowV2DeleteConversationModelOperationMetadata.php
OK	/htdocs/application/third_party/omnipay/vendor/google/apiclient-services/src/Dialogflow/GoogleCloudDialogflowV2ImportConversationDataOperationResponse.php
OK	/htdocs/application/third_party/omnipay/vendor/google/apiclient-services/src/Dialogflow/GoogleCloudDialogflowV2IntentMessageBrowseCarouselCardBrowseCarouselCardItem.php
OK	/htdocs/application/third_party/omnipay/vendor/google/apiclient-services/src/Dialogflow/GoogleCloudDialogflowV2IntentMessageMediaContentResponseMediaObject.php
OK	/htdocs/application/third_party/omnipay/vendor/google/apiclient-services/src/Dialogflow/GoogleCloudDialogflowV2IntentTrainingPhrase.php
OK	/htdocs/application/third_party/omnipay/vendor/google/apiclient-services/src/Dialogflow/GoogleCloudDialogflowV2QueryResult.php
OK	/htdocs/application/third_party/omnipay/vendor/google/apiclient-services/src/Dialogflow/GoogleCloudDialogflowV2SuggestKnowledgeAssistResponse.php
OK	/htdocs/application/third_party/omnipay/vendor/google/apiclient-services/src/Dialogflow/GoogleCloudDialogflowV3alpha1TurnSignals.php
OK	/htdocs/application/third_party/omnipay/vendor/google/apiclient-services/src/Dialogflow/Resource/ProjectsLocationsAgentsChangelogs.php
OK	/htdocs/application/third_party/omnipay/vendor/google/apiclient-services/src/Dialogflow/Resource/ProjectsLocationsAgentsGenerators.php
OK	/htdocs/application/third_party/omnipay/vendor/google/apiclient-services/src/Digitalassetlinks/Asset.php
OK	/htdocs/application/third_party/omnipay/vendor/google/apiclient-services/src/Directory/Alias.php
OK	/htdocs/application/third_party/omnipay/vendor/google/apiclient-services/src/Directory/BatchDeletePrintersRequest.php
OK	/htdocs/application/third_party/omnipay/vendor/google/apiclient-services/src/Directory/ChangeChromeOsDeviceStatusSucceeded.php
OK	/htdocs/application/third_party/omnipay/vendor/google/apiclient-services/src/Directory/ChromeOsDeviceDiskVolumeReportsVolumeInfo.php
OK	/htdocs/application/third_party/omnipay/vendor/google/apiclient-services/src/Directory/DirectoryChromeosdevicesCommand.php
OK	/htdocs/application/third_party/omnipay/vendor/google/apiclient-services/src/Directory/FeatureRename.php
OK	/htdocs/application/third_party/omnipay/vendor/google/apiclient-services/src/Directory/MobileDeviceAction.php
OK	/htdocs/application/third_party/omnipay/vendor/google/apiclient-services/src/Directory/Role.php
OK	/htdocs/application/third_party/omnipay/vendor/google/apiclient-services/src/Directory/User.php
OK	/htdocs/application/third_party/omnipay/vendor/google/apiclient-services/src/Directory/UserMakeAdmin.php
OK	/htdocs/application/third_party/omnipay/vendor/google/apiclient-services/src/Directory/VerificationCodes.php
OK	/htdocs/application/third_party/omnipay/vendor/google/apiclient-services/src/Directory/Resource/DomainAliases.php
OK	/htdocs/application/third_party/omnipay/vendor/google/apiclient-services/src/Directory/Resource/RoleAssignments.php
OK	/htdocs/application/third_party/omnipay/vendor/google/apiclient-services/src/DiscoveryEngine/GoogleApiDistributionBucketOptionsExponential.php
OK	/htdocs/application/third_party/omnipay/vendor/google/apiclient-services/src/DiscoveryEngine/GoogleCloudDiscoveryengineLoggingServiceContext.php
OK	/htdocs/application/third_party/omnipay/vendor/google/apiclient-services/src/DiscoveryEngine/GoogleCloudDiscoveryengineV1alphaAnswerQueryUnderstandingInfoQueryClassificationInfo.php
OK	/htdocs/application/third_party/omnipay/vendor/google/apiclient-services/src/DiscoveryEngine/GoogleCloudDiscoveryengineV1alphaAnswerStepActionObservationSearchResultSnippetInfo.php
OK	/htdocs/application/third_party/omnipay/vendor/google/apiclient-services/src/DiscoveryEngine/GoogleCloudDiscoveryengineV1alphaControlBoostAction.php
OK	/htdocs/application/third_party/omnipay/vendor/google/apiclient-services/src/DiscoveryEngine/GoogleCloudDiscoveryengineV1alphaCreateSitemapMetadata.php
OK	/htdocs/application/third_party/omnipay/vendor/google/apiclient-services/src/DiscoveryEngine/GoogleCloudDiscoveryengineV1alphaDeleteDataStoreMetadata.php
OK	/htdocs/application/third_party/omnipay/vendor/google/apiclient-services/src/DiscoveryEngine/GoogleCloudDiscoveryengineV1alphaDocumentProcessingConfig.php
OK	/htdocs/application/third_party/omnipay/vendor/google/apiclient-services/src/DiscoveryEngine/GoogleCloudDiscoveryengineV1alphaEngineChatEngineMetadata.php
OK	/htdocs/application/third_party/omnipay/vendor/google/apiclient-services/src/DiscoveryEngine/GoogleCloudDiscoveryengineV1alphaExportUserEventsMetadata.php
OK	/htdocs/application/third_party/omnipay/vendor/google/apiclient-services/src/DiscoveryEngine/GoogleCloudDiscoveryengineV1alphaIdpConfigExternalIdpConfig.php
OK	/htdocs/application/third_party/omnipay/vendor/google/apiclient-services/src/DiscoveryEngine/GoogleCloudDiscoveryengineV1alphaImportUserEventsResponse.php
OK	/htdocs/application/third_party/omnipay/vendor/google/apiclient-services/src/DiscoveryEngine/GoogleCloudDiscoveryengineV1alphaOutputResult.php
OK	/htdocs/application/third_party/omnipay/vendor/google/apiclient-services/src/DiscoveryEngine/GoogleCloudDiscoveryengineV1alphaPurgeUserEventsResponse.php
OK	/htdocs/application/third_party/omnipay/vendor/google/apiclient-services/src/DiscoveryEngine/GoogleCloudDiscoveryengineV1alphaSearchLinkPromotion.php
OK	/htdocs/application/third_party/omnipay/vendor/google/apiclient-services/src/DiscoveryEngine/GoogleCloudDiscoveryengineV1alphaSearchRequestContentSearchSpecSummarySpecModelSpec.php
OK	/htdocs/application/third_party/omnipay/vendor/google/apiclient-services/src/DiscoveryEngine/GoogleCloudDiscoveryengineV1alphaSearchRequestSessionSpec.php
OK	/htdocs/application/third_party/omnipay/vendor/google/apiclient-services/src/DiscoveryEngine/GoogleCloudDiscoveryengineV1alphaSiteVerificationInfo.php
OK	/htdocs/application/third_party/omnipay/vendor/google/apiclient-services/src/DiscoveryEngine/GoogleCloudDiscoveryengineV1alphaUpdateTargetSiteMetadata.php
OK	/htdocs/application/third_party/omnipay/vendor/google/apiclient-services/src/DiscoveryEngine/GoogleCloudDiscoveryengineV1AnswerQueryRequestEndUserSpecEndUserMetaData.php
OK	/htdocs/application/third_party/omnipay/vendor/google/apiclient-services/src/DiscoveryEngine/GoogleCloudDiscoveryengineV1AnswerQueryRequestSearchSpecSearchParams.php
OK	/htdocs/application/third_party/omnipay/vendor/google/apiclient-services/src/DiscoveryEngine/GoogleCloudDiscoveryengineV1AnswerReference.php
OK	/htdocs/application/third_party/omnipay/vendor/google/apiclient-services/src/DiscoveryEngine/GoogleCloudDiscoveryengineV1AnswerStepActionSearchAction.php
OK	/htdocs/application/third_party/omnipay/vendor/google/apiclient-services/src/DiscoveryEngine/GoogleCloudDiscoveryengineV1betaAnswerQueryRequest.php
OK	/htdocs/application/third_party/omnipay/vendor/google/apiclient-services/src/DiscoveryEngine/GoogleCloudDiscoveryengineV1betaAnswerQueryRequestSearchSpecSearchResultListSearchResult.php
OK	/htdocs/application/third_party/omnipay/vendor/google/apiclient-services/src/DiscoveryEngine/GoogleCloudDiscoveryengineV1betaAnswerReferenceUnstructuredDocumentInfo.php
OK	/htdocs/application/third_party/omnipay/vendor/google/apiclient-services/src/DiscoveryEngine/GoogleCloudDiscoveryengineV1betaBatchVerifyTargetSitesRequest.php
OK	/htdocs/application/third_party/omnipay/vendor/google/apiclient-services/src/DiscoveryEngine/GoogleCloudDiscoveryengineV1betaCompleteQueryResponse.php
OK	/htdocs/application/third_party/omnipay/vendor/google/apiclient-services/src/DiscoveryEngine/GoogleCloudDiscoveryengineV1betaControlRedirectAction.php
OK	/htdocs/application/third_party/omnipay/vendor/google/apiclient-services/src/DiscoveryEngine/GoogleCloudDiscoveryengineV1betaCreateSitemapMetadata.php
OK	/htdocs/application/third_party/omnipay/vendor/google/apiclient-services/src/DiscoveryEngine/GoogleCloudDiscoveryengineV1betaDeleteSchemaMetadata.php
OK	/htdocs/application/third_party/omnipay/vendor/google/apiclient-services/src/DiscoveryEngine/GoogleCloudDiscoveryengineV1betaDocumentProcessingConfigChunkingConfigLayoutBasedChunkingConfig.php
OK	/htdocs/application/third_party/omnipay/vendor/google/apiclient-services/src/DiscoveryEngine/GoogleCloudDiscoveryengineV1betaEngineChatEngineConfigAgentCreationConfig.php
OK	/htdocs/application/third_party/omnipay/vendor/google/apiclient-services/src/DiscoveryEngine/GoogleCloudDiscoveryengineV1betaFirestoreSource.php
OK	/htdocs/application/third_party/omnipay/vendor/google/apiclient-services/src/DiscoveryEngine/GoogleCloudDiscoveryengineV1betaImportErrorConfig.php
OK	/htdocs/application/third_party/omnipay/vendor/google/apiclient-services/src/DiscoveryEngine/GoogleCloudDiscoveryengineV1betaInterval.php
OK	/htdocs/application/third_party/omnipay/vendor/google/apiclient-services/src/DiscoveryEngine/GoogleCloudDiscoveryengineV1betaNaturalLanguageQueryUnderstandingConfig.php
OK	/htdocs/application/third_party/omnipay/vendor/google/apiclient-services/src/DiscoveryEngine/GoogleCloudDiscoveryengineV1betaPurgeDocumentsResponse.php
OK	/htdocs/application/third_party/omnipay/vendor/google/apiclient-services/src/DiscoveryEngine/GoogleCloudDiscoveryengineV1betaRecommendResponseRecommendationResult.php
OK	/htdocs/application/third_party/omnipay/vendor/google/apiclient-services/src/DiscoveryEngine/GoogleCloudDiscoveryengineV1betaSearchRequestBoostSpecConditionBoostSpec.php
OK	/htdocs/application/third_party/omnipay/vendor/google/apiclient-services/src/DiscoveryEngine/GoogleCloudDiscoveryengineV1betaSearchRequestEmbeddingSpecEmbeddingVector.php
OK	/htdocs/application/third_party/omnipay/vendor/google/apiclient-services/src/DiscoveryEngine/GoogleCloudDiscoveryengineV1betaSearchResponseFacetFacetValue.php
OK	/htdocs/application/third_party/omnipay/vendor/google/apiclient-services/src/DiscoveryEngine/GoogleCloudDiscoveryengineV1betaSearchResponseSummarySafetyAttributes.php
OK	/htdocs/application/third_party/omnipay/vendor/google/apiclient-services/src/DiscoveryEngine/GoogleCloudDiscoveryengineV1betaSiteSearchEngine.php
OK	/htdocs/application/third_party/omnipay/vendor/google/apiclient-services/src/DiscoveryEngine/GoogleCloudDiscoveryengineV1betaTransactionInfo.php
OK	/htdocs/application/third_party/omnipay/vendor/google/apiclient-services/src/DiscoveryEngine/GoogleCloudDiscoveryengineV1BigtableOptionsBigtableColumnFamily.php
OK	/htdocs/application/third_party/omnipay/vendor/google/apiclient-services/src/DiscoveryEngine/GoogleCloudDiscoveryengineV1CloudSqlSource.php
OK	/htdocs/application/third_party/omnipay/vendor/google/apiclient-services/src/DiscoveryEngine/GoogleCloudDiscoveryengineV1ControlBoostActionInterpolationBoostSpecControlPoint.php
OK	/htdocs/application/third_party/omnipay/vendor/google/apiclient-services/src/DiscoveryEngine/GoogleCloudDiscoveryengineV1CreateSchemaMetadata.php
OK	/htdocs/application/third_party/omnipay/vendor/google/apiclient-services/src/DiscoveryEngine/GoogleCloudDiscoveryengineV1DeleteIdentityMappingStoreMetadata.php
OK	/htdocs/application/third_party/omnipay/vendor/google/apiclient-services/src/DiscoveryEngine/GoogleCloudDiscoveryengineV1DocumentProcessingConfig.php
OK	/htdocs/application/third_party/omnipay/vendor/google/apiclient-services/src/DiscoveryEngine/GoogleCloudDiscoveryengineV1EngineChatEngineConfigAgentCreationConfig.php
OK	/htdocs/application/third_party/omnipay/vendor/google/apiclient-services/src/DiscoveryEngine/GoogleCloudDiscoveryengineV1GcsSource.php
OK	/htdocs/application/third_party/omnipay/vendor/google/apiclient-services/src/DiscoveryEngine/GoogleCloudDiscoveryengineV1GenerateGroundedContentResponseCandidateGroundingMetadata.php
OK	/htdocs/application/third_party/omnipay/vendor/google/apiclient-services/src/DiscoveryEngine/GoogleCloudDiscoveryengineV1IdentityMappingStore.php
OK	/htdocs/application/third_party/omnipay/vendor/google/apiclient-services/src/DiscoveryEngine/GoogleCloudDiscoveryengineV1ImportIdentityMappingsResponse.php
OK	/htdocs/application/third_party/omnipay/vendor/google/apiclient-services/src/DiscoveryEngine/GoogleCloudDiscoveryengineV1ListCustomModelsResponse.php
OK	/htdocs/application/third_party/omnipay/vendor/google/apiclient-services/src/DiscoveryEngine/GoogleCloudDiscoveryengineV1PanelInfo.php
OK	/htdocs/application/third_party/omnipay/vendor/google/apiclient-services/src/DiscoveryEngine/GoogleCloudDiscoveryengineV1PurgeErrorConfig.php
OK	/htdocs/application/third_party/omnipay/vendor/google/apiclient-services/src/DiscoveryEngine/GoogleCloudDiscoveryengineV1RecommendResponse.php
OK	/htdocs/application/third_party/omnipay/vendor/google/apiclient-services/src/DiscoveryEngine/GoogleCloudDiscoveryengineV1SearchRequestBoostSpecConditionBoostSpecBoostControlSpecControlPoint.php
OK	/htdocs/application/third_party/omnipay/vendor/google/apiclient-services/src/DiscoveryEngine/GoogleCloudDiscoveryengineV1SearchRequestQueryExpansionSpec.php
OK	/htdocs/application/third_party/omnipay/vendor/google/apiclient-services/src/DiscoveryEngine/GoogleCloudDiscoveryengineV1SearchResponseSummaryCitationMetadata.php
OK	/htdocs/application/third_party/omnipay/vendor/google/apiclient-services/src/DiscoveryEngine/GoogleCloudDiscoveryengineV1SingleRegionKey.php
OK	/htdocs/application/third_party/omnipay/vendor/google/apiclient-services/src/DiscoveryEngine/GoogleCloudDiscoveryengineV1TrainCustomModelRequestGcsTrainingInput.php
OK	/htdocs/application/third_party/omnipay/vendor/google/apiclient-services/src/DiscoveryEngine/GoogleMonitoringV3Point.php
OK	/htdocs/application/third_party/omnipay/vendor/google/apiclient-services/src/DiscoveryEngine/Resource/ProjectsLocationsCollectionsDataConnector.php
OK	/htdocs/application/third_party/omnipay/vendor/google/apiclient-services/src/DiscoveryEngine/Resource/ProjectsLocationsCollectionsDataStoresOperations.php
OK	/htdocs/application/third_party/omnipay/vendor/google/apiclient-services/src/DiscoveryEngine/Resource/ProjectsLocationsCollectionsDataStoresUserEvents.php
OK	/htdocs/application/third_party/omnipay/vendor/google/apiclient-services/src/DiscoveryEngine/Resource/ProjectsLocationsDataStoresBranchesOperations.php
OK	/htdocs/application/third_party/omnipay/vendor/google/apiclient-services/src/DiscoveryEngine/Resource/ProjectsLocationsDataStoresSiteSearchEngineSitemaps.php
OK	/htdocs/application/third_party/omnipay/vendor/google/apiclient-services/src/DisplayVideo/ActiveViewVideoViewabilityMetricConfig.php
OK	/htdocs/application/third_party/omnipay/vendor/google/apiclient-services/src/DisplayVideo/AdvertiserSdfConfig.php
OK	/htdocs/application/third_party/omnipay/vendor/google/apiclient-services/src/DisplayVideo/AppAssignedTargetingOptionDetails.php
OK	/htdocs/application/third_party/omnipay/vendor/google/apiclient-services/src/DisplayVideo/AudioContentTypeTargetingOptionDetails.php
OK	/htdocs/application/third_party/omnipay/vendor/google/apiclient-services/src/DisplayVideo/BulkEditAssignedInventorySourcesResponse.php
OK	/htdocs/application/third_party/omnipay/vendor/google/apiclient-services/src/DisplayVideo/BulkEditPartnerAssignedTargetingOptionsResponse.php
OK	/htdocs/application/third_party/omnipay/vendor/google/apiclient-services/src/DisplayVideo/BusinessChainAssignedTargetingOptionDetails.php
OK	/htdocs/application/third_party/omnipay/vendor/google/apiclient-services/src/DisplayVideo/ChannelAssignedTargetingOptionDetails.php
OK	/htdocs/application/third_party/omnipay/vendor/google/apiclient-services/src/DisplayVideo/ContentGenreAssignedTargetingOptionDetails.php
OK	/htdocs/application/third_party/omnipay/vendor/google/apiclient-services/src/DisplayVideo/CreateAssignedTargetingOptionsRequest.php
OK	/htdocs/application/third_party/omnipay/vendor/google/apiclient-services/src/DisplayVideo/CustomLabel.php
OK	/htdocs/application/third_party/omnipay/vendor/google/apiclient-services/src/DisplayVideo/DeviceTypeAssignedTargetingOptionDetails.php
OK	/htdocs/application/third_party/omnipay/vendor/google/apiclient-services/src/DisplayVideo/DoubleVerifyVideoViewability.php
OK	/htdocs/application/third_party/omnipay/vendor/google/apiclient-services/src/DisplayVideo/ExchangeConfig.php
OK	/htdocs/application/third_party/omnipay/vendor/google/apiclient-services/src/DisplayVideo/FloodlightActivity.php
OK	/htdocs/application/third_party/omnipay/vendor/google/apiclient-services/src/DisplayVideo/GoogleBytestreamMedia.php
OK	/htdocs/application/third_party/omnipay/vendor/google/apiclient-services/src/DisplayVideo/IntegrationDetails.php
OK	/htdocs/application/third_party/omnipay/vendor/google/apiclient-services/src/DisplayVideo/Invoice.php
OK	/htdocs/application/third_party/omnipay/vendor/google/apiclient-services/src/DisplayVideo/ListAdvertiserAssignedTargetingOptionsResponse.php
OK	/htdocs/application/third_party/omnipay/vendor/google/apiclient-services/src/DisplayVideo/ListCustomListsResponse.php
OK	/htdocs/application/third_party/omnipay/vendor/google/apiclient-services/src/DisplayVideo/ListLineItemsResponse.php
OK	/htdocs/application/third_party/omnipay/vendor/google/apiclient-services/src/DisplayVideo/ListYoutubeAdGroupsResponse.php
OK	/htdocs/application/third_party/omnipay/vendor/google/apiclient-services/src/DisplayVideo/NativeContentPositionTargetingOptionDetails.php
OK	/htdocs/application/third_party/omnipay/vendor/google/apiclient-services/src/DisplayVideo/Operation.php
OK	/htdocs/application/third_party/omnipay/vendor/google/apiclient-services/src/DisplayVideo/PerformanceGoal.php
OK	/htdocs/application/third_party/omnipay/vendor/google/apiclient-services/src/DisplayVideo/RegionalLocationListAssignedTargetingOptionDetails.php
OK	/htdocs/application/third_party/omnipay/vendor/google/apiclient-services/src/DisplayVideo/SdfUploadTaskMetadata.php
OK	/htdocs/application/third_party/omnipay/vendor/google/apiclient-services/src/DisplayVideo/TargetingOption.php
OK	/htdocs/application/third_party/omnipay/vendor/google/apiclient-services/src/DisplayVideo/User.php
OK	/htdocs/application/third_party/omnipay/vendor/google/apiclient-services/src/DisplayVideo/YoutubeAdGroupAd.php
OK	/htdocs/application/third_party/omnipay/vendor/google/apiclient-services/src/DisplayVideo/Resource/AdvertisersAdGroupsTargetingTypes.php
OK	/htdocs/application/third_party/omnipay/vendor/google/apiclient-services/src/DisplayVideo/Resource/AdvertisersInvoices.php
OK	/htdocs/application/third_party/omnipay/vendor/google/apiclient-services/src/DisplayVideo/Resource/AdvertisersYoutubeAdGroups.php
OK	/htdocs/application/third_party/omnipay/vendor/google/apiclient-services/src/DisplayVideo/Resource/GoogleAudiences.php
OK	/htdocs/application/third_party/omnipay/vendor/google/apiclient-services/src/DisplayVideo/Resource/SdfdownloadtasksOperations.php
OK	/htdocs/application/third_party/omnipay/vendor/google/apiclient-services/src/DLP/GooglePrivacyDlpV2AllOtherResources.php
OK	/htdocs/application/third_party/omnipay/vendor/google/apiclient-services/src/DLP/GooglePrivacyDlpV2BigQueryKey.php
OK	/htdocs/application/third_party/omnipay/vendor/google/apiclient-services/src/DLP/GooglePrivacyDlpV2CategoricalStatsConfig.php
OK	/htdocs/application/third_party/omnipay/vendor/google/apiclient-services/src/DLP/GooglePrivacyDlpV2CloudStorageRegex.php
OK	/htdocs/application/third_party/omnipay/vendor/google/apiclient-services/src/DLP/GooglePrivacyDlpV2CreateDeidentifyTemplateRequest.php
OK	/htdocs/application/third_party/omnipay/vendor/google/apiclient-services/src/DLP/GooglePrivacyDlpV2DatabaseResourceReference.php
OK	/htdocs/application/third_party/omnipay/vendor/google/apiclient-services/src/DLP/GooglePrivacyDlpV2DatastoreKey.php
OK	/htdocs/application/third_party/omnipay/vendor/google/apiclient-services/src/DLP/GooglePrivacyDlpV2DeltaPresenceEstimationHistogramBucket.php
OK	/htdocs/application/third_party/omnipay/vendor/google/apiclient-services/src/DLP/GooglePrivacyDlpV2DiscoveryCloudStorageFilter.php
OK	/htdocs/application/third_party/omnipay/vendor/google/apiclient-services/src/DLP/GooglePrivacyDlpV2DiscoveryTarget.php
OK	/htdocs/application/third_party/omnipay/vendor/google/apiclient-services/src/DLP/GooglePrivacyDlpV2Expressions.php
OK	/htdocs/application/third_party/omnipay/vendor/google/apiclient-services/src/DLP/GooglePrivacyDlpV2Finding.php
OK	/htdocs/application/third_party/omnipay/vendor/google/apiclient-services/src/DLP/GooglePrivacyDlpV2HybridOptions.php
OK	/htdocs/application/third_party/omnipay/vendor/google/apiclient-services/src/DLP/GooglePrivacyDlpV2InfoTypeSummary.php
OK	/htdocs/application/third_party/omnipay/vendor/google/apiclient-services/src/DLP/GooglePrivacyDlpV2JobNotificationEmails.php
OK	/htdocs/application/third_party/omnipay/vendor/google/apiclient-services/src/DLP/GooglePrivacyDlpV2KmsWrappedCryptoKey.php
OK	/htdocs/application/third_party/omnipay/vendor/google/apiclient-services/src/DLP/GooglePrivacyDlpV2ListDiscoveryConfigsResponse.php
OK	/htdocs/application/third_party/omnipay/vendor/google/apiclient-services/src/DLP/GooglePrivacyDlpV2MultiRegionProcessing.php
OK	/htdocs/application/third_party/omnipay/vendor/google/apiclient-services/src/DLP/GooglePrivacyDlpV2OutputStorageConfig.php
OK	/htdocs/application/third_party/omnipay/vendor/google/apiclient-services/src/DLP/GooglePrivacyDlpV2PublishToPubSub.php
OK	/htdocs/application/third_party/omnipay/vendor/google/apiclient-services/src/DLP/GooglePrivacyDlpV2RecordKey.php
OK	/htdocs/application/third_party/omnipay/vendor/google/apiclient-services/src/DLP/GooglePrivacyDlpV2ReplaceDictionaryConfig.php
OK	/htdocs/application/third_party/omnipay/vendor/google/apiclient-services/src/DLP/GooglePrivacyDlpV2SearchConnectionsResponse.php
OK	/htdocs/application/third_party/omnipay/vendor/google/apiclient-services/src/DLP/GooglePrivacyDlpV2StoredType.php
OK	/htdocs/application/third_party/omnipay/vendor/google/apiclient-services/src/DLP/GooglePrivacyDlpV2ThrowError.php
OK	/htdocs/application/third_party/omnipay/vendor/google/apiclient-services/src/DLP/GooglePrivacyDlpV2TransformationSummary.php
OK	/htdocs/application/third_party/omnipay/vendor/google/apiclient-services/src/DLP/GooglePrivacyDlpV2VersionDescription.php
OK	/htdocs/application/third_party/omnipay/vendor/google/apiclient-services/src/DLP/Resource/Locations.php
OK	/htdocs/application/third_party/omnipay/vendor/google/apiclient-services/src/DLP/Resource/OrganizationsLocationsInspectTemplates.php
OK	/htdocs/application/third_party/omnipay/vendor/google/apiclient-services/src/DLP/Resource/ProjectsJobTriggers.php
OK	/htdocs/application/third_party/omnipay/vendor/google/apiclient-services/src/DLP/Resource/ProjectsLocationsProjectDataProfiles.php
OK	/htdocs/application/third_party/omnipay/vendor/google/apiclient-services/src/Dns/GoogleIamV1AuditLogConfig.php
OK	/htdocs/application/third_party/omnipay/vendor/google/apiclient-services/src/Dns/ManagedZoneForwardingConfigNameServerTarget.php
OK	/htdocs/application/third_party/omnipay/vendor/google/apiclient-services/src/Dns/OperationDnsKeyContext.php
OK	/htdocs/application/third_party/omnipay/vendor/google/apiclient-services/src/Dns/Quota.php
OK	/htdocs/application/third_party/omnipay/vendor/google/apiclient-services/src/Dns/ResponsePolicyRuleLocalData.php
OK	/htdocs/application/third_party/omnipay/vendor/google/apiclient-services/src/Dns/Resource/Changes.php
OK	/htdocs/application/third_party/omnipay/vendor/google/apiclient-services/src/Docs/Background.php
OK	/htdocs/application/third_party/omnipay/vendor/google/apiclient-services/src/Docs/CreateFootnoteRequest.php
OK	/htdocs/application/third_party/omnipay/vendor/google/apiclient-services/src/Docs/DeleteNamedRangeRequest.php
OK	/htdocs/application/third_party/omnipay/vendor/google/apiclient-services/src/Docs/EmbeddedDrawingPropertiesSuggestionState.php
OK	/htdocs/application/third_party/omnipay/vendor/google/apiclient-services/src/Docs/HorizontalRule.php
OK	/htdocs/application/third_party/omnipay/vendor/google/apiclient-services/src/Docs/InsertTableColumnRequest.php
OK	/htdocs/application/third_party/omnipay/vendor/google/apiclient-services/src/Docs/NamedRanges.php
OK	/htdocs/application/third_party/omnipay/vendor/google/apiclient-services/src/Docs/ParagraphElement.php
OK	/htdocs/application/third_party/omnipay/vendor/google/apiclient-services/src/Docs/ReplaceAllTextRequest.php
OK	/htdocs/application/third_party/omnipay/vendor/google/apiclient-services/src/Docs/Shading.php
OK	/htdocs/application/third_party/omnipay/vendor/google/apiclient-services/src/Docs/SuggestedNamedStyles.php
OK	/htdocs/application/third_party/omnipay/vendor/google/apiclient-services/src/Docs/TableCellStyleSuggestionState.php
OK	/htdocs/application/third_party/omnipay/vendor/google/apiclient-services/src/Docs/TextStyle.php
OK	/htdocs/application/third_party/omnipay/vendor/google/apiclient-services/src/Docs/Resource/Documents.php
OK	/htdocs/application/third_party/omnipay/vendor/google/apiclient-services/src/Document/GoogleCloudDocumentaiUiv1beta3BatchUpdateDocumentsResponse.php
OK	/htdocs/application/third_party/omnipay/vendor/google/apiclient-services/src/Document/GoogleCloudDocumentaiUiv1beta3DocumentIdGCSManagedDocumentId.php
OK	/htdocs/application/third_party/omnipay/vendor/google/apiclient-services/src/Document/GoogleCloudDocumentaiUiv1beta3ImportDocumentsMetadata.php
OK	/htdocs/application/third_party/omnipay/vendor/google/apiclient-services/src/Document/GoogleCloudDocumentaiUiv1beta3RevisionReference.php
OK	/htdocs/application/third_party/omnipay/vendor/google/apiclient-services/src/Document/GoogleCloudDocumentaiUiv1beta3UpdateHumanReviewConfigMetadata.php
OK	/htdocs/application/third_party/omnipay/vendor/google/apiclient-services/src/Document/GoogleCloudDocumentaiV1beta1BoundingPoly.php
OK	/htdocs/application/third_party/omnipay/vendor/google/apiclient-services/src/Document/GoogleCloudDocumentaiV1beta1DocumentDocumentLayoutDocumentLayoutBlockLayoutTableBlock.php
OK	/htdocs/application/third_party/omnipay/vendor/google/apiclient-services/src/Document/GoogleCloudDocumentaiV1beta1DocumentPageDetectedLanguage.php
OK	/htdocs/application/third_party/omnipay/vendor/google/apiclient-services/src/Document/GoogleCloudDocumentaiV1beta1DocumentPageTableTableCell.php
OK	/htdocs/application/third_party/omnipay/vendor/google/apiclient-services/src/Document/GoogleCloudDocumentaiV1beta1DocumentStyleFontSize.php
OK	/htdocs/application/third_party/omnipay/vendor/google/apiclient-services/src/Document/GoogleCloudDocumentaiV1beta2Barcode.php
OK	/htdocs/application/third_party/omnipay/vendor/google/apiclient-services/src/Document/GoogleCloudDocumentaiV1beta2DocumentDocumentLayoutDocumentLayoutBlockLayoutListEntry.php
OK	/htdocs/application/third_party/omnipay/vendor/google/apiclient-services/src/Document/GoogleCloudDocumentaiV1beta2DocumentPageAnchorPageRef.php
OK	/htdocs/application/third_party/omnipay/vendor/google/apiclient-services/src/Document/GoogleCloudDocumentaiV1beta2DocumentPageParagraph.php
OK	/htdocs/application/third_party/omnipay/vendor/google/apiclient-services/src/Document/GoogleCloudDocumentaiV1beta2DocumentRevisionHumanReview.php
OK	/htdocs/application/third_party/omnipay/vendor/google/apiclient-services/src/Document/GoogleCloudDocumentaiV1beta2OutputConfig.php
OK	/htdocs/application/third_party/omnipay/vendor/google/apiclient-services/src/Document/GoogleCloudDocumentaiV1beta3DatasetGCSManagedConfig.php
OK	/htdocs/application/third_party/omnipay/vendor/google/apiclient-services/src/Document/GoogleCloudDocumentaiV1beta3EnableProcessorMetadata.php
OK	/htdocs/application/third_party/omnipay/vendor/google/apiclient-services/src/Document/GoogleCloudDocumentaiV1beta3ReviewDocumentOperationMetadata.php
OK	/htdocs/application/third_party/omnipay/vendor/google/apiclient-services/src/Document/GoogleCloudDocumentaiV1CommonOperationMetadata.php
OK	/htdocs/application/third_party/omnipay/vendor/google/apiclient-services/src/Document/GoogleCloudDocumentaiV1DocumentChunkedDocumentChunkChunkPageFooter.php
OK	/htdocs/application/third_party/omnipay/vendor/google/apiclient-services/src/Document/GoogleCloudDocumentaiV1DocumentEntity.php
OK	/htdocs/application/third_party/omnipay/vendor/google/apiclient-services/src/Document/GoogleCloudDocumentaiV1DocumentPageDimension.php
OK	/htdocs/application/third_party/omnipay/vendor/google/apiclient-services/src/Document/GoogleCloudDocumentaiV1DocumentPageTableTableRow.php
OK	/htdocs/application/third_party/omnipay/vendor/google/apiclient-services/src/Document/GoogleCloudDocumentaiV1DocumentSchemaEntityTypeProperty.php
OK	/htdocs/application/third_party/omnipay/vendor/google/apiclient-services/src/Document/GoogleCloudDocumentaiV1EvaluateProcessorVersionMetadata.php
OK	/htdocs/application/third_party/omnipay/vendor/google/apiclient-services/src/Document/GoogleCloudDocumentaiV1GcsPrefix.php
OK	/htdocs/application/third_party/omnipay/vendor/google/apiclient-services/src/Document/GoogleCloudDocumentaiV1ProcessOptions.php
OK	/htdocs/application/third_party/omnipay/vendor/google/apiclient-services/src/Document/GoogleCloudDocumentaiV1ProcessorVersionGenAiModelInfoFoundationGenAiModelInfo.php
OK	/htdocs/application/third_party/omnipay/vendor/google/apiclient-services/src/Document/GoogleCloudDocumentaiV1SetDefaultProcessorVersionMetadata.php
OK	/htdocs/application/third_party/omnipay/vendor/google/apiclient-services/src/Document/GoogleCloudDocumentaiV1UndeployProcessorVersionResponse.php
OK	/htdocs/application/third_party/omnipay/vendor/google/apiclient-services/src/Document/GoogleTypePostalAddress.php
OK	/htdocs/application/third_party/omnipay/vendor/google/apiclient-services/src/Document/Resource/Uiv1beta3.php
OK	/htdocs/application/third_party/omnipay/vendor/google/apiclient-services/src/DomainsRDAP/Resource/Nameserver.php
OK	/htdocs/application/third_party/omnipay/vendor/google/apiclient-services/src/DoubleClickBidManager/PathFilter.php
OK	/htdocs/application/third_party/omnipay/vendor/google/apiclient-services/src/DoubleClickBidManager/RunQueryRequest.php
OK	/htdocs/application/third_party/omnipay/vendor/google/apiclient-services/src/Doubleclicksearch/ReportFiles.php
OK	/htdocs/application/third_party/omnipay/vendor/google/apiclient-services/src/Doubleclicksearch/Resource/SavedColumns.php
OK	/htdocs/application/third_party/omnipay/vendor/google/apiclient-services/src/Drive/Channel.php
OK	/htdocs/application/third_party/omnipay/vendor/google/apiclient-services/src/Drive/DriveFileImageMediaMetadata.php
OK	/htdocs/application/third_party/omnipay/vendor/google/apiclient-services/src/Drive/LabelFieldModification.php
OK	/htdocs/application/third_party/omnipay/vendor/google/apiclient-services/src/Drive/Reply.php
OK	/htdocs/application/third_party/omnipay/vendor/google/apiclient-services/src/Drive/User.php
OK	/htdocs/application/third_party/omnipay/vendor/google/apiclient-services/src/Drive/Resource/Permissions.php
OK	/htdocs/application/third_party/omnipay/vendor/google/apiclient-services/src/DriveActivity/AppliedLabelChangeDetail.php
OK	/htdocs/application/third_party/omnipay/vendor/google/apiclient-services/src/DriveActivity/DriveActivity.php
OK	/htdocs/application/third_party/omnipay/vendor/google/apiclient-services/src/DriveActivity/FileComment.php
OK	/htdocs/application/third_party/omnipay/vendor/google/apiclient-services/src/DriveActivity/QueryDriveActivityRequest.php
OK	/htdocs/application/third_party/omnipay/vendor/google/apiclient-services/src/DriveActivity/TargetReference.php
OK	/htdocs/application/third_party/omnipay/vendor/google/apiclient-services/src/DriveLabels/GoogleAppsDriveLabelsV2BadgeConfig.php
OK	/htdocs/application/third_party/omnipay/vendor/google/apiclient-services/src/DriveLabels/GoogleAppsDriveLabelsV2DeltaUpdateLabelRequestDisableSelectionChoiceRequest.php
OK	/htdocs/application/third_party/omnipay/vendor/google/apiclient-services/src/DriveLabels/GoogleAppsDriveLabelsV2DeltaUpdateLabelResponseDeleteSelectionChoiceResponse.php
OK	/htdocs/application/third_party/omnipay/vendor/google/apiclient-services/src/DriveLabels/GoogleAppsDriveLabelsV2Field.php
OK	/htdocs/application/third_party/omnipay/vendor/google/apiclient-services/src/DriveLabels/GoogleAppsDriveLabelsV2FieldSelectionOptionsChoiceAppliedCapabilities.php
OK	/htdocs/application/third_party/omnipay/vendor/google/apiclient-services/src/DriveLabels/GoogleAppsDriveLabelsV2LabelLock.php
OK	/htdocs/application/third_party/omnipay/vendor/google/apiclient-services/src/DriveLabels/GoogleAppsDriveLabelsV2LongTextLimits.php
OK	/htdocs/application/third_party/omnipay/vendor/google/apiclient-services/src/DriveLabels/GoogleTypeDate.php
OK	/htdocs/application/third_party/omnipay/vendor/google/apiclient-services/src/Essentialcontacts/GoogleCloudEssentialcontactsV1SendTestMessageRequest.php
OK	/htdocs/application/third_party/omnipay/vendor/google/apiclient-services/src/Eventarc/ChannelConnection.php
OK	/htdocs/application/third_party/omnipay/vendor/google/apiclient-services/src/Eventarc/GoogleCloudEventarcV1PipelineDestination.php
OK	/htdocs/application/third_party/omnipay/vendor/google/apiclient-services/src/Eventarc/GoogleCloudEventarcV1PipelineRetryPolicy.php
OK	/htdocs/application/third_party/omnipay/vendor/google/apiclient-services/src/Eventarc/ListMessageBusesResponse.php
OK	/htdocs/application/third_party/omnipay/vendor/google/apiclient-services/src/Eventarc/Pubsub.php
OK	/htdocs/application/third_party/omnipay/vendor/google/apiclient-services/src/Eventarc/Resource/ProjectsLocationsGoogleApiSources.php
OK	/htdocs/application/third_party/omnipay/vendor/google/apiclient-services/src/FactCheckTools/GoogleFactcheckingFactchecktoolsV1alpha1ClaimReviewMarkup.php
OK	/htdocs/application/third_party/omnipay/vendor/google/apiclient-services/src/Fcmdata/GoogleFirebaseFcmDataV1beta1DeliveryPerformancePercents.php
OK	/htdocs/application/third_party/omnipay/vendor/google/apiclient-services/src/Firebaseappcheck/GoogleFirebaseAppcheckV1BatchGetDeviceCheckConfigsResponse.php
OK	/htdocs/application/third_party/omnipay/vendor/google/apiclient-services/src/Firebaseappcheck/GoogleFirebaseAppcheckV1betaAttestationTokenResponse.php
OK	/htdocs/application/third_party/omnipay/vendor/google/apiclient-services/src/Firebaseappcheck/GoogleFirebaseAppcheckV1betaExchangeAppAttestAssertionRequest.php
OK	/htdocs/application/third_party/omnipay/vendor/google/apiclient-services/src/Firebaseappcheck/GoogleFirebaseAppcheckV1betaGenerateAppAttestChallengeResponse.php
OK	/htdocs/application/third_party/omnipay/vendor/google/apiclient-services/src/Firebaseappcheck/GoogleFirebaseAppcheckV1betaService.php
OK	/htdocs/application/third_party/omnipay/vendor/google/apiclient-services/src/Firebaseappcheck/GoogleFirebaseAppcheckV1ExchangeRecaptchaV3TokenRequest.php
OK	/htdocs/application/third_party/omnipay/vendor/google/apiclient-services/src/Firebaseappcheck/GoogleFirebaseAppcheckV1RecaptchaEnterpriseConfig.php
OK	/htdocs/application/third_party/omnipay/vendor/google/apiclient-services/src/Firebaseappcheck/Resource/ProjectsAppsAppAttestConfig.php
OK	/htdocs/application/third_party/omnipay/vendor/google/apiclient-services/src/FirebaseAppDistribution/GdataContentTypeInfo.php
OK	/htdocs/application/third_party/omnipay/vendor/google/apiclient-services/src/FirebaseAppDistribution/GoogleFirebaseAppdistroV1BatchAddTestersRequest.php
OK	/htdocs/application/third_party/omnipay/vendor/google/apiclient-services/src/FirebaseAppDistribution/GoogleFirebaseAppdistroV1ListGroupsResponse.php
OK	/htdocs/application/third_party/omnipay/vendor/google/apiclient-services/src/FirebaseAppDistribution/GoogleLongrunningOperation.php
OK	/htdocs/application/third_party/omnipay/vendor/google/apiclient-services/src/FirebaseCloudMessaging/AndroidConfig.php
OK	/htdocs/application/third_party/omnipay/vendor/google/apiclient-services/src/FirebaseCloudMessaging/WebpushFcmOptions.php
OK	/htdocs/application/third_party/omnipay/vendor/google/apiclient-services/src/FirebaseDataConnect/FirebasedataconnectFile.php
OK	/htdocs/application/third_party/omnipay/vendor/google/apiclient-services/src/FirebaseDataConnect/Location.php
OK	/htdocs/application/third_party/omnipay/vendor/google/apiclient-services/src/FirebaseDataConnect/Resource/ProjectsLocationsServices.php
OK	/htdocs/application/third_party/omnipay/vendor/google/apiclient-services/src/FirebaseDynamicLinks/DynamicLinkInfo.php
OK	/htdocs/application/third_party/omnipay/vendor/google/apiclient-services/src/FirebaseDynamicLinks/SocialMetaTagInfo.php
OK	/htdocs/application/third_party/omnipay/vendor/google/apiclient-services/src/FirebaseHosting/HttpUpdate.php
OK	/htdocs/application/third_party/omnipay/vendor/google/apiclient-services/src/FirebaseManagement/AdminSdkConfig.php
OK	/htdocs/application/third_party/omnipay/vendor/google/apiclient-services/src/FirebaseManagement/ListAndroidAppsResponse.php
OK	/htdocs/application/third_party/omnipay/vendor/google/apiclient-services/src/FirebaseManagement/ProjectInfo.php
OK	/htdocs/application/third_party/omnipay/vendor/google/apiclient-services/src/FirebaseManagement/UndeleteWebAppRequest.php
OK	/htdocs/application/third_party/omnipay/vendor/google/apiclient-services/src/FirebaseML/CancelOperationRequest.php
OK	/htdocs/application/third_party/omnipay/vendor/google/apiclient-services/src/FirebaseRealtimeDatabase/Resource/Projects.php
OK	/htdocs/application/third_party/omnipay/vendor/google/apiclient-services/src/FirebaseRules/ListRulesetsResponse.php
OK	/htdocs/application/third_party/omnipay/vendor/google/apiclient-services/src/FirebaseRules/UpdateReleaseRequest.php
OK	/htdocs/application/third_party/omnipay/vendor/google/apiclient-services/src/Firebasestorage/ListBucketsResponse.php
OK	/htdocs/application/third_party/omnipay/vendor/google/apiclient-services/src/Firestore/BatchWriteResponse.php
OK	/htdocs/application/third_party/omnipay/vendor/google/apiclient-services/src/Firestore/DocumentChange.php
OK	/htdocs/application/third_party/omnipay/vendor/google/apiclient-services/src/Firestore/FieldTransform.php
OK	/htdocs/application/third_party/omnipay/vendor/google/apiclient-services/src/Firestore/GoogleFirestoreAdminV1CustomerManagedEncryptionOptions.php
OK	/htdocs/application/third_party/omnipay/vendor/google/apiclient-services/src/Firestore/GoogleFirestoreAdminV1GoogleDefaultEncryptionOptions.php
OK	/htdocs/application/third_party/omnipay/vendor/google/apiclient-services/src/Firestore/GoogleFirestoreAdminV1ListIndexesResponse.php
OK	/htdocs/application/third_party/omnipay/vendor/google/apiclient-services/src/Firestore/GoogleFirestoreAdminV1WeeklyRecurrence.php
OK	/htdocs/application/third_party/omnipay/vendor/google/apiclient-services/src/Firestore/MapValue.php
OK	/htdocs/application/third_party/omnipay/vendor/google/apiclient-services/src/Firestore/RunAggregationQueryRequest.php
OK	/htdocs/application/third_party/omnipay/vendor/google/apiclient-services/src/Firestore/UnaryFilter.php
OK	/htdocs/application/third_party/omnipay/vendor/google/apiclient-services/src/Firestore/Resource/ProjectsDatabasesDocuments.php
OK	/htdocs/application/third_party/omnipay/vendor/google/apiclient-services/src/Fitness/BucketByTimePeriod.php
OK	/htdocs/application/third_party/omnipay/vendor/google/apiclient-services/src/Fitness/Value.php
OK	/htdocs/application/third_party/omnipay/vendor/google/apiclient-services/src/Forms/CloudPubsubTopic.php
OK	/htdocs/application/third_party/omnipay/vendor/google/apiclient-services/src/Forms/FileUploadQuestion.php
OK	/htdocs/application/third_party/omnipay/vendor/google/apiclient-services/src/Forms/ListFormResponsesResponse.php
OK	/htdocs/application/third_party/omnipay/vendor/google/apiclient-services/src/Forms/RenewWatchRequest.php
OK	/htdocs/application/third_party/omnipay/vendor/google/apiclient-services/src/Forms/UpdateItemRequest.php
OK	/htdocs/application/third_party/omnipay/vendor/google/apiclient-services/src/Games/AchievementDefinitionsListResponse.php
OK	/htdocs/application/third_party/omnipay/vendor/google/apiclient-services/src/Games/ApplicationVerifyResponse.php
OK	/htdocs/application/third_party/omnipay/vendor/google/apiclient-services/src/Games/EventUpdateRequest.php
OK	/htdocs/application/third_party/omnipay/vendor/google/apiclient-services/src/Games/InstanceWebDetails.php
OK	/htdocs/application/third_party/omnipay/vendor/google/apiclient-services/src/Games/PlayerEvent.php
OK	/htdocs/application/third_party/omnipay/vendor/google/apiclient-services/src/Games/PlayGroupingApiToken.php
OK	/htdocs/application/third_party/omnipay/vendor/google/apiclient-services/src/Games/SnapshotImage.php
OK	/htdocs/application/third_party/omnipay/vendor/google/apiclient-services/src/Games/Resource/Players.php
OK	/htdocs/application/third_party/omnipay/vendor/google/apiclient-services/src/GamesConfiguration/LeaderboardConfiguration.php
OK	/htdocs/application/third_party/omnipay/vendor/google/apiclient-services/src/GameServices/CancelOperationRequest.php
OK	/htdocs/application/third_party/omnipay/vendor/google/apiclient-services/src/GameServices/FetchDeploymentStateRequest.php
OK	/htdocs/application/third_party/omnipay/vendor/google/apiclient-services/src/GameServices/LabelSelector.php
OK	/htdocs/application/third_party/omnipay/vendor/google/apiclient-services/src/GameServices/Policy.php
OK	/htdocs/application/third_party/omnipay/vendor/google/apiclient-services/src/GameServices/SpecSource.php
OK	/htdocs/application/third_party/omnipay/vendor/google/apiclient-services/src/GameServices/Resource/ProjectsLocationsGameServerDeploymentsConfigs.php
OK	/htdocs/application/third_party/omnipay/vendor/google/apiclient-services/src/GamesManagement/Player.php
OK	/htdocs/application/third_party/omnipay/vendor/google/apiclient-services/src/Genomics/Action.php
OK	/htdocs/application/third_party/omnipay/vendor/google/apiclient-services/src/Genomics/FailedEvent.php
OK	/htdocs/application/third_party/omnipay/vendor/google/apiclient-services/src/Genomics/Resources.php
OK	/htdocs/application/third_party/omnipay/vendor/google/apiclient-services/src/Genomics/WorkerStatus.php
OK	/htdocs/application/third_party/omnipay/vendor/google/apiclient-services/src/GKEHub/AppDevExperienceState.php
OK	/htdocs/application/third_party/omnipay/vendor/google/apiclient-services/src/GKEHub/ClusterUpgradeGKEUpgrade.php
OK	/htdocs/application/third_party/omnipay/vendor/google/apiclient-services/src/GKEHub/CommonFeatureState.php
OK	/htdocs/application/third_party/omnipay/vendor/google/apiclient-services/src/GKEHub/ConfigManagementGatekeeperDeploymentState.php
OK	/htdocs/application/third_party/omnipay/vendor/google/apiclient-services/src/GKEHub/ConfigManagementOperatorState.php
OK	/htdocs/application/third_party/omnipay/vendor/google/apiclient-services/src/GKEHub/DataplaneV2FeatureSpec.php
OK	/htdocs/application/third_party/omnipay/vendor/google/apiclient-services/src/GKEHub/FleetObservabilityFeatureSpec.php
OK	/htdocs/application/third_party/omnipay/vendor/google/apiclient-services/src/GKEHub/GkehubEmpty.php
OK	/htdocs/application/third_party/omnipay/vendor/google/apiclient-services/src/GKEHub/IdentityServiceOidcConfig.php
OK	/htdocs/application/third_party/omnipay/vendor/google/apiclient-services/src/GKEHub/ListFeaturesResponse.php
OK	/htdocs/application/third_party/omnipay/vendor/google/apiclient-services/src/GKEHub/LocalControllerState.php
OK	/htdocs/application/third_party/omnipay/vendor/google/apiclient-services/src/GKEHub/MigrateState.php
OK	/htdocs/application/third_party/omnipay/vendor/google/apiclient-services/src/GKEHub/PolicyControllerHubConfig.php
OK	/htdocs/application/third_party/omnipay/vendor/google/apiclient-services/src/GKEHub/PolicyControllerResourceRequirements.php
OK	/htdocs/application/third_party/omnipay/vendor/google/apiclient-services/src/GKEHub/ScopeFeatureState.php
OK	/htdocs/application/third_party/omnipay/vendor/google/apiclient-services/src/GKEHub/ServiceMeshStatusDetails.php
OK	/htdocs/application/third_party/omnipay/vendor/google/apiclient-services/src/GKEHub/Resource/Projects.php
OK	/htdocs/application/third_party/omnipay/vendor/google/apiclient-services/src/GKEOnPrem/Authorization.php
OK	/htdocs/application/third_party/omnipay/vendor/google/apiclient-services/src/GKEOnPrem/BareMetalAdminMaintenanceStatus.php
OK	/htdocs/application/third_party/omnipay/vendor/google/apiclient-services/src/GKEOnPrem/BareMetalBgpLbConfig.php
OK	/htdocs/application/third_party/omnipay/vendor/google/apiclient-services/src/GKEOnPrem/BareMetalLoadBalancerConfig.php
OK	/htdocs/application/third_party/omnipay/vendor/google/apiclient-services/src/GKEOnPrem/BareMetalNodeConfig.php
OK	/htdocs/application/third_party/omnipay/vendor/google/apiclient-services/src/GKEOnPrem/BareMetalVipConfig.php
OK	/htdocs/application/third_party/omnipay/vendor/google/apiclient-services/src/GKEOnPrem/EnrollVmwareNodePoolRequest.php
OK	/htdocs/application/third_party/omnipay/vendor/google/apiclient-services/src/GKEOnPrem/Location.php
OK	/htdocs/application/third_party/omnipay/vendor/google/apiclient-services/src/GKEOnPrem/ResourceStatus.php
OK	/htdocs/application/third_party/omnipay/vendor/google/apiclient-services/src/GKEOnPrem/VmwareAddressPool.php
OK	/htdocs/application/third_party/omnipay/vendor/google/apiclient-services/src/GKEOnPrem/VmwareAdminSeesawConfig.php
OK	/htdocs/application/third_party/omnipay/vendor/google/apiclient-services/src/GKEOnPrem/VmwareDhcpIpConfig.php
OK	/htdocs/application/third_party/omnipay/vendor/google/apiclient-services/src/GKEOnPrem/VmwarePlatformConfig.php
OK	/htdocs/application/third_party/omnipay/vendor/google/apiclient-services/src/GKEOnPrem/Resource/ProjectsLocationsBareMetalAdminClustersOperations.php
OK	/htdocs/application/third_party/omnipay/vendor/google/apiclient-services/src/GKEOnPrem/Resource/ProjectsLocationsVmwareClustersVmwareNodePools.php
OK	/htdocs/application/third_party/omnipay/vendor/google/apiclient-services/src/Gmail/Filter.php
OK	/htdocs/application/third_party/omnipay/vendor/google/apiclient-services/src/Gmail/Label.php
OK	/htdocs/application/third_party/omnipay/vendor/google/apiclient-services/src/Gmail/ListSendAsResponse.php
OK	/htdocs/application/third_party/omnipay/vendor/google/apiclient-services/src/Gmail/Profile.php
OK	/htdocs/application/third_party/omnipay/vendor/google/apiclient-services/src/Gmail/Resource/UsersLabels.php
OK	/htdocs/application/third_party/omnipay/vendor/google/apiclient-services/src/Gmail/Resource/UsersThreads.php
OK	/htdocs/application/third_party/omnipay/vendor/google/apiclient-services/src/GoogleAnalyticsAdmin/GoogleAnalyticsAdminV1alphaAccessMetricValue.php
OK	/htdocs/application/third_party/omnipay/vendor/google/apiclient-services/src/GoogleAnalyticsAdmin/GoogleAnalyticsAdminV1alphaAcknowledgeUserDataCollectionResponse.php
OK	/htdocs/application/third_party/omnipay/vendor/google/apiclient-services/src/GoogleAnalyticsAdmin/GoogleAnalyticsAdminV1alphaAudienceDimensionOrMetricFilterNumericFilter.php
OK	/htdocs/application/third_party/omnipay/vendor/google/apiclient-services/src/GoogleAnalyticsAdmin/GoogleAnalyticsAdminV1alphaAuditUserLinksRequest.php
OK	/htdocs/application/third_party/omnipay/vendor/google/apiclient-services/src/GoogleAnalyticsAdmin/GoogleAnalyticsAdminV1alphaConversionEvent.php
OK	/htdocs/application/third_party/omnipay/vendor/google/apiclient-services/src/GoogleAnalyticsAdmin/GoogleAnalyticsAdminV1alphaDisplayVideo360AdvertiserLinkProposal.php
OK	/htdocs/application/third_party/omnipay/vendor/google/apiclient-services/src/GoogleAnalyticsAdmin/GoogleAnalyticsAdminV1alphaIosAppDataStream.php
OK	/htdocs/application/third_party/omnipay/vendor/google/apiclient-services/src/GoogleAnalyticsAdmin/GoogleAnalyticsAdminV1alphaListFirebaseLinksResponse.php
OK	/htdocs/application/third_party/omnipay/vendor/google/apiclient-services/src/GoogleAnalyticsAdmin/GoogleAnalyticsAdminV1alphaProvisionAccountTicketRequest.php
OK	/htdocs/application/third_party/omnipay/vendor/google/apiclient-services/src/GoogleAnalyticsAdmin/GoogleAnalyticsAdminV1betaAccessDimension.php
OK	/htdocs/application/third_party/omnipay/vendor/google/apiclient-services/src/GoogleAnalyticsAdmin/GoogleAnalyticsAdminV1betaAccessOrderByDimensionOrderBy.php
OK	/htdocs/application/third_party/omnipay/vendor/google/apiclient-services/src/GoogleAnalyticsAdmin/GoogleAnalyticsAdminV1betaChangeHistoryChange.php
OK	/htdocs/application/third_party/omnipay/vendor/google/apiclient-services/src/GoogleAnalyticsAdmin/GoogleAnalyticsAdminV1betaDataStreamWebStreamData.php
OK	/htdocs/application/third_party/omnipay/vendor/google/apiclient-services/src/GoogleAnalyticsAdmin/GoogleAnalyticsAdminV1betaListGoogleAdsLinksResponse.php
OK	/htdocs/application/third_party/omnipay/vendor/google/apiclient-services/src/GoogleAnalyticsAdmin/GoogleAnalyticsAdminV1betaRunAccessReportResponse.php
OK	/htdocs/application/third_party/omnipay/vendor/google/apiclient-services/src/GoogleAnalyticsAdmin/Resource/PropertiesCustomDimensions.php
OK	/htdocs/application/third_party/omnipay/vendor/google/apiclient-services/src/GoogleAnalyticsAdmin/Resource/PropertiesSearchAds360Links.php
OK	/htdocs/application/third_party/omnipay/vendor/google/apiclient-services/src/GroupsMigration/Groups.php
OK	/htdocs/application/third_party/omnipay/vendor/google/apiclient-services/src/HangoutsChat/Attachment.php
OK	/htdocs/application/third_party/omnipay/vendor/google/apiclient-services/src/HangoutsChat/CommonEventObject.php
OK	/htdocs/application/third_party/omnipay/vendor/google/apiclient-services/src/HangoutsChat/DriveLinkData.php
OK	/htdocs/application/third_party/omnipay/vendor/google/apiclient-services/src/HangoutsChat/GoogleAppsCardV1CardAction.php
OK	/htdocs/application/third_party/omnipay/vendor/google/apiclient-services/src/HangoutsChat/GoogleAppsCardV1Divider.php
OK	/htdocs/application/third_party/omnipay/vendor/google/apiclient-services/src/HangoutsChat/GoogleAppsCardV1OnClick.php
OK	/htdocs/application/third_party/omnipay/vendor/google/apiclient-services/src/HangoutsChat/GoogleAppsCardV1TextParagraph.php
OK	/htdocs/application/third_party/omnipay/vendor/google/apiclient-services/src/HangoutsChat/ListReactionsResponse.php
OK	/htdocs/application/third_party/omnipay/vendor/google/apiclient-services/src/HangoutsChat/MembershipUpdatedEventData.php
OK	/htdocs/application/third_party/omnipay/vendor/google/apiclient-services/src/HangoutsChat/QuotedMessageMetadata.php
OK	/htdocs/application/third_party/omnipay/vendor/google/apiclient-services/src/HangoutsChat/SlashCommandMetadata.php
OK	/htdocs/application/third_party/omnipay/vendor/google/apiclient-services/src/HangoutsChat/Thread.php
OK	/htdocs/application/third_party/omnipay/vendor/google/apiclient-services/src/HangoutsChat/Resource/Media.php
OK	/htdocs/application/third_party/omnipay/vendor/google/apiclient-services/src/HomeGraphService/AgentDeviceId.php
OK	/htdocs/application/third_party/omnipay/vendor/google/apiclient-services/src/HomeGraphService/ReportStateAndNotificationRequest.php
OK	/htdocs/application/third_party/omnipay/vendor/google/apiclient-services/src/Iam/AuditConfig.php
OK	/htdocs/application/third_party/omnipay/vendor/google/apiclient-services/src/Iam/EnableServiceAccountKeyRequest.php
OK	/htdocs/application/third_party/omnipay/vendor/google/apiclient-services/src/Iam/GoogleIamV2Policy.php
OK	/htdocs/application/third_party/omnipay/vendor/google/apiclient-services/src/Iam/LintPolicyResponse.php
OK	/htdocs/application/third_party/omnipay/vendor/google/apiclient-services/src/Iam/Policy.php
OK	/htdocs/application/third_party/omnipay/vendor/google/apiclient-services/src/Iam/ServiceAccountKey.php
OK	/htdocs/application/third_party/omnipay/vendor/google/apiclient-services/src/Iam/UndeleteWorkloadIdentityPoolProviderRequest.php
OK	/htdocs/application/third_party/omnipay/vendor/google/apiclient-services/src/Iam/Resource/LocationsWorkforcePoolsProvidersKeysOperations.php
OK	/htdocs/application/third_party/omnipay/vendor/google/apiclient-services/src/Iam/Resource/ProjectsLocationsWorkloadIdentityPoolsOperations.php
OK	/htdocs/application/third_party/omnipay/vendor/google/apiclient-services/src/IAMCredentials/GenerateIdTokenResponse.php
OK	/htdocs/application/third_party/omnipay/vendor/google/apiclient-services/src/Ideahub/GoogleSearchIdeahubV1alphaListAvailableLocalesResponse.php
OK	/htdocs/application/third_party/omnipay/vendor/google/apiclient-services/src/Ideahub/Resource/Ideas.php
OK	/htdocs/application/third_party/omnipay/vendor/google/apiclient-services/src/IdentityToolkit/EmailTemplate.php
OK	/htdocs/application/third_party/omnipay/vendor/google/apiclient-services/src/IdentityToolkit/IdentitytoolkitRelyingpartySendVerificationCodeResponse.php
OK	/htdocs/application/third_party/omnipay/vendor/google/apiclient-services/src/IdentityToolkit/IdentitytoolkitRelyingpartyVerifyPhoneNumberResponse.php
OK	/htdocs/application/third_party/omnipay/vendor/google/apiclient-services/src/IdentityToolkit/VerifyCustomTokenResponse.php
OK	/htdocs/application/third_party/omnipay/vendor/google/apiclient-services/src/IDS/ListOperationsResponse.php
OK	/htdocs/application/third_party/omnipay/vendor/google/apiclient-services/src/IDS/Resource/ProjectsLocationsOperations.php
OK	/htdocs/application/third_party/omnipay/vendor/google/apiclient-services/src/Integrations/EnterpriseCrmCardsTemplatesAplosSeriesListDataSeries.php
OK	/htdocs/application/third_party/omnipay/vendor/google/apiclient-services/src/Integrations/EnterpriseCrmEventbusProtoCloudKmsConfig.php
OK	/htdocs/application/third_party/omnipay/vendor/google/apiclient-services/src/Integrations/EnterpriseCrmEventbusProtoDoubleArrayFunction.php
OK	/htdocs/application/third_party/omnipay/vendor/google/apiclient-services/src/Integrations/EnterpriseCrmEventbusProtoFailurePolicy.php
OK	/htdocs/application/third_party/omnipay/vendor/google/apiclient-services/src/Integrations/EnterpriseCrmEventbusProtoMappedField.php
OK	/htdocs/application/third_party/omnipay/vendor/google/apiclient-services/src/Integrations/EnterpriseCrmEventbusProtoParamSpecEntryValidationRule.php
OK	/htdocs/application/third_party/omnipay/vendor/google/apiclient-services/src/Integrations/EnterpriseCrmEventbusProtoStringFunction.php
OK	/htdocs/application/third_party/omnipay/vendor/google/apiclient-services/src/Integrations/EnterpriseCrmEventbusProtoTaskMetadata.php
OK	/htdocs/application/third_party/omnipay/vendor/google/apiclient-services/src/Integrations/EnterpriseCrmEventbusStatsDimensions.php
OK	/htdocs/application/third_party/omnipay/vendor/google/apiclient-services/src/Integrations/EnterpriseCrmFrontendsEventbusProtoParameterMapField.php
OK	/htdocs/application/third_party/omnipay/vendor/google/apiclient-services/src/Integrations/EnterpriseCrmFrontendsEventbusProtoWorkflowParameterEntry.php
OK	/htdocs/application/third_party/omnipay/vendor/google/apiclient-services/src/Integrations/GoogleCloudConnectorsV1BillingConfig.php
OK	/htdocs/application/third_party/omnipay/vendor/google/apiclient-services/src/Integrations/GoogleCloudConnectorsV1EventingRuntimeDataWebhookData.php
OK	/htdocs/application/third_party/omnipay/vendor/google/apiclient-services/src/Integrations/GoogleCloudIntegrationsV1alphaApiTriggerResource.php
OK	/htdocs/application/third_party/omnipay/vendor/google/apiclient-services/src/Integrations/GoogleCloudIntegrationsV1alphaCancelExecutionResponse.php
OK	/htdocs/application/third_party/omnipay/vendor/google/apiclient-services/src/Integrations/GoogleCloudIntegrationsV1alphaCreateAppsScriptProjectResponse.php
OK	/htdocs/application/third_party/omnipay/vendor/google/apiclient-services/src/Integrations/GoogleCloudIntegrationsV1alphaDownloadJsonPackageResponse.php
OK	/htdocs/application/third_party/omnipay/vendor/google/apiclient-services/src/Integrations/GoogleCloudIntegrationsV1alphaExecuteTestCasesRequest.php
OK	/htdocs/application/third_party/omnipay/vendor/google/apiclient-services/src/Integrations/GoogleCloudIntegrationsV1alphaGetBundleResponse.php
OK	/htdocs/application/third_party/omnipay/vendor/google/apiclient-services/src/Integrations/GoogleCloudIntegrationsV1alphaIntegrationVersion.php
OK	/htdocs/application/third_party/omnipay/vendor/google/apiclient-services/src/Integrations/GoogleCloudIntegrationsV1alphaListExecutionsResponse.php
OK	/htdocs/application/third_party/omnipay/vendor/google/apiclient-services/src/Integrations/GoogleCloudIntegrationsV1alphaListTestCasesResponse.php
OK	/htdocs/application/third_party/omnipay/vendor/google/apiclient-services/src/Integrations/GoogleCloudIntegrationsV1alphaOAuth2ClientCredentials.php
OK	/htdocs/application/third_party/omnipay/vendor/google/apiclient-services/src/Integrations/GoogleCloudIntegrationsV1alphaReplayExecutionResponse.php
OK	/htdocs/application/third_party/omnipay/vendor/google/apiclient-services/src/Integrations/GoogleCloudIntegrationsV1alphaShareTemplateRequest.php
OK	/htdocs/application/third_party/omnipay/vendor/google/apiclient-services/src/Integrations/GoogleCloudIntegrationsV1alphaTaskConfig.php
OK	/htdocs/application/third_party/omnipay/vendor/google/apiclient-services/src/Integrations/GoogleCloudIntegrationsV1alphaUnshareTemplateRequest.php
OK	/htdocs/application/third_party/omnipay/vendor/google/apiclient-services/src/Integrations/GoogleCloudIntegrationsV1alphaUseTemplateResponse.php
OK	/htdocs/application/third_party/omnipay/vendor/google/apiclient-services/src/Integrations/Resource/ProjectsLocationsAppsScriptProjects.php
OK	/htdocs/application/third_party/omnipay/vendor/google/apiclient-services/src/Integrations/Resource/ProjectsLocationsIntegrationsVersions.php
OK	/htdocs/application/third_party/omnipay/vendor/google/apiclient-services/src/Integrations/Resource/ProjectsLocationsProductsIntegrationtemplates.php
OK	/htdocs/application/third_party/omnipay/vendor/google/apiclient-services/src/Keep/Family.php
OK	/htdocs/application/third_party/omnipay/vendor/google/apiclient-services/src/Keep/Resource/Notes.php
OK	/htdocs/application/third_party/omnipay/vendor/google/apiclient-services/src/Kmsinventory/GoogleCloudKmsV1KeyAccessJustificationsPolicy.php
OK	/htdocs/application/third_party/omnipay/vendor/google/apiclient-services/src/Libraryagent/GoogleExampleLibraryagentV1ListShelvesResponse.php
OK	/htdocs/application/third_party/omnipay/vendor/google/apiclient-services/src/Localservices/GoogleAdsHomeservicesLocalservicesV1DetailedLeadReport.php
OK	/htdocs/application/third_party/omnipay/vendor/google/apiclient-services/src/Logging/Binding.php
OK	/htdocs/application/third_party/omnipay/vendor/google/apiclient-services/src/Logging/Explicit.php
OK	/htdocs/application/third_party/omnipay/vendor/google/apiclient-services/src/Logging/ListExclusionsResponse.php
OK	/htdocs/application/third_party/omnipay/vendor/google/apiclient-services/src/Logging/ListSinksResponse.php
OK	/htdocs/application/third_party/omnipay/vendor/google/apiclient-services/src/Logging/LogLine.php
OK	/htdocs/application/third_party/omnipay/vendor/google/apiclient-services/src/Logging/OpsAnalyticsQuery.php
OK	/htdocs/application/third_party/omnipay/vendor/google/apiclient-services/src/Logging/TableFieldSchema.php
OK	/htdocs/application/third_party/omnipay/vendor/google/apiclient-services/src/Logging/Resource/BillingAccountsBucketsViews.php
OK	/htdocs/application/third_party/omnipay/vendor/google/apiclient-services/src/Logging/Resource/BillingAccountsSinks.php
OK	/htdocs/application/third_party/omnipay/vendor/google/apiclient-services/src/Logging/Resource/FoldersLocationsRecentQueries.php
OK	/htdocs/application/third_party/omnipay/vendor/google/apiclient-services/src/Logging/Resource/OrganizationsExclusions.php
OK	/htdocs/application/third_party/omnipay/vendor/google/apiclient-services/src/Logging/Resource/Projects.php
OK	/htdocs/application/third_party/omnipay/vendor/google/apiclient-services/src/Logging/Resource/ProjectsMetrics.php
OK	/htdocs/application/third_party/omnipay/vendor/google/apiclient-services/src/Looker/EncryptionConfig.php
OK	/htdocs/application/third_party/omnipay/vendor/google/apiclient-services/src/Looker/ListOperationsResponse.php
OK	/htdocs/application/third_party/omnipay/vendor/google/apiclient-services/src/Looker/ServiceAttachment.php
OK	/htdocs/application/third_party/omnipay/vendor/google/apiclient-services/src/ManagedServiceforMicrosoftActiveDirectoryConsumerAPI/AttachTrustRequest.php
OK	/htdocs/application/third_party/omnipay/vendor/google/apiclient-services/src/ManagedServiceforMicrosoftActiveDirectoryConsumerAPI/Domain.php
OK	/htdocs/application/third_party/omnipay/vendor/google/apiclient-services/src/ManagedServiceforMicrosoftActiveDirectoryConsumerAPI/GoogleCloudSaasacceleratorManagementProvidersV1NodeSloMetadata.php
OK	/htdocs/application/third_party/omnipay/vendor/google/apiclient-services/src/ManagedServiceforMicrosoftActiveDirectoryConsumerAPI/ListPeeringsResponse.php
OK	/htdocs/application/third_party/omnipay/vendor/google/apiclient-services/src/ManagedServiceforMicrosoftActiveDirectoryConsumerAPI/ReconfigureTrustRequest.php
OK	/htdocs/application/third_party/omnipay/vendor/google/apiclient-services/src/ManagedServiceforMicrosoftActiveDirectoryConsumerAPI/UpdatePolicy.php
OK	/htdocs/application/third_party/omnipay/vendor/google/apiclient-services/src/ManufacturerCenter/Capacity.php
OK	/htdocs/application/third_party/omnipay/vendor/google/apiclient-services/src/ManufacturerCenter/ManufacturersEmpty.php
OK	/htdocs/application/third_party/omnipay/vendor/google/apiclient-services/src/MapsPlaces/GoogleMapsPlacesV1AddressDescriptor.php
OK	/htdocs/application/third_party/omnipay/vendor/google/apiclient-services/src/MapsPlaces/GoogleMapsPlacesV1AutocompletePlacesResponseSuggestionStringRange.php
OK	/htdocs/application/third_party/omnipay/vendor/google/apiclient-services/src/MapsPlaces/GoogleMapsPlacesV1FuelOptions.php
OK	/htdocs/application/third_party/omnipay/vendor/google/apiclient-services/src/MapsPlaces/GoogleMapsPlacesV1PlaceGoogleMapsLinks.php
OK	/htdocs/application/third_party/omnipay/vendor/google/apiclient-services/src/MapsPlaces/GoogleMapsPlacesV1Review.php
OK	/htdocs/application/third_party/omnipay/vendor/google/apiclient-services/src/MapsPlaces/GoogleMapsPlacesV1SearchTextRequestLocationRestriction.php
OK	/htdocs/application/third_party/omnipay/vendor/google/apiclient-services/src/Meet/ConferenceRecord.php
OK	/htdocs/application/third_party/omnipay/vendor/google/apiclient-services/src/Meet/ParticipantSession.php
OK	/htdocs/application/third_party/omnipay/vendor/google/apiclient-services/src/Meet/Resource/ConferenceRecordsTranscripts.php
OK	/htdocs/application/third_party/omnipay/vendor/google/apiclient-services/src/Merchant/ItemIssueSeverity.php
OK	/htdocs/application/third_party/omnipay/vendor/google/apiclient-services/src/Merchant/PriceCompetitivenessProductView.php
OK	/htdocs/application/third_party/omnipay/vendor/google/apiclient-services/src/Merchant/ReviewLink.php
OK	/htdocs/application/third_party/omnipay/vendor/google/apiclient-services/src/MigrationCenterAPI/AggregationFrequency.php
OK	/htdocs/application/third_party/omnipay/vendor/google/apiclient-services/src/MigrationCenterAPI/AssetPerformanceData.php
OK	/htdocs/application/third_party/omnipay/vendor/google/apiclient-services/src/MigrationCenterAPI/ComputeStorageDescriptor.php
OK	/htdocs/application/third_party/omnipay/vendor/google/apiclient-services/src/MigrationCenterAPI/DatabaseDetailsParentDatabaseDeployment.php
OK	/htdocs/application/third_party/omnipay/vendor/google/apiclient-services/src/MigrationCenterAPI/DiskPartitionList.php
OK	/htdocs/application/third_party/omnipay/vendor/google/apiclient-services/src/MigrationCenterAPI/GenericPlatformDetails.php
OK	/htdocs/application/third_party/omnipay/vendor/google/apiclient-services/src/MigrationCenterAPI/ImportJob.php
OK	/htdocs/application/third_party/omnipay/vendor/google/apiclient-services/src/MigrationCenterAPI/ListImportDataFilesResponse.php
OK	/htdocs/application/third_party/omnipay/vendor/google/apiclient-services/src/MigrationCenterAPI/MachineDiskDetails.php
OK	/htdocs/application/third_party/omnipay/vendor/google/apiclient-services/src/MigrationCenterAPI/MySqlStorageEngineDetails.php
OK	/htdocs/application/third_party/omnipay/vendor/google/apiclient-services/src/MigrationCenterAPI/OpenFileList.php
OK	/htdocs/application/third_party/omnipay/vendor/google/apiclient-services/src/MigrationCenterAPI/PreferenceSet.php
OK	/htdocs/application/third_party/omnipay/vendor/google/apiclient-services/src/MigrationCenterAPI/ReportSummaryComputeEngineFinding.php
OK	/htdocs/application/third_party/omnipay/vendor/google/apiclient-services/src/MigrationCenterAPI/ReportSummaryVmwareNodeAllocation.php
OK	/htdocs/application/third_party/omnipay/vendor/google/apiclient-services/src/MigrationCenterAPI/Source.php
OK	/htdocs/application/third_party/omnipay/vendor/google/apiclient-services/src/MigrationCenterAPI/VirtualMachineArchitectureDetails.php
OK	/htdocs/application/third_party/omnipay/vendor/google/apiclient-services/src/MigrationCenterAPI/Resource/ProjectsLocationsDiscoveryClients.php
OK	/htdocs/application/third_party/omnipay/vendor/google/apiclient-services/src/Monitoring/AlertPolicy.php
OK	/htdocs/application/third_party/omnipay/vendor/google/apiclient-services/src/Monitoring/ClusterIstio.php
OK	/htdocs/application/third_party/omnipay/vendor/google/apiclient-services/src/Monitoring/Custom.php
OK	/htdocs/application/third_party/omnipay/vendor/google/apiclient-services/src/Monitoring/GetNotificationChannelVerificationCodeRequest.php
OK	/htdocs/application/third_party/omnipay/vendor/google/apiclient-services/src/Monitoring/LabelDescriptor.php
OK	/htdocs/application/third_party/omnipay/vendor/google/apiclient-services/src/Monitoring/ListServiceLevelObjectivesResponse.php
OK	/htdocs/application/third_party/omnipay/vendor/google/apiclient-services/src/Monitoring/MetricRange.php
OK	/htdocs/application/third_party/omnipay/vendor/google/apiclient-services/src/Monitoring/NotificationRateLimit.php
OK	/htdocs/application/third_party/omnipay/vendor/google/apiclient-services/src/Monitoring/ResourceGroup.php
OK	/htdocs/application/third_party/omnipay/vendor/google/apiclient-services/src/Monitoring/Status.php
OK	/htdocs/application/third_party/omnipay/vendor/google/apiclient-services/src/Monitoring/TypedValue.php
OK	/htdocs/application/third_party/omnipay/vendor/google/apiclient-services/src/Monitoring/Resource/ProjectsCollectdTimeSeries.php
OK	/htdocs/application/third_party/omnipay/vendor/google/apiclient-services/src/Monitoring/Resource/UptimeCheckIps.php
OK	/htdocs/application/third_party/omnipay/vendor/google/apiclient-services/src/MyBusinessAccountManagement/PostalAddress.php
OK	/htdocs/application/third_party/omnipay/vendor/google/apiclient-services/src/MyBusinessBusinessCalls/HourlyMetrics.php
OK	/htdocs/application/third_party/omnipay/vendor/google/apiclient-services/src/MyBusinessBusinessInformation/BusinessHours.php
OK	/htdocs/application/third_party/omnipay/vendor/google/apiclient-services/src/MyBusinessBusinessInformation/LatLng.php
OK	/htdocs/application/third_party/omnipay/vendor/google/apiclient-services/src/MyBusinessBusinessInformation/PlaceInfo.php
OK	/htdocs/application/third_party/omnipay/vendor/google/apiclient-services/src/MyBusinessBusinessInformation/ServiceType.php
OK	/htdocs/application/third_party/omnipay/vendor/google/apiclient-services/src/MyBusinessBusinessInformation/Resource/GoogleLocations.php
OK	/htdocs/application/third_party/omnipay/vendor/google/apiclient-services/src/MyBusinessLodging/GetGoogleUpdatedLodgingResponse.php
OK	/htdocs/application/third_party/omnipay/vendor/google/apiclient-services/src/MyBusinessLodging/LivingAreaSleeping.php
OK	/htdocs/application/third_party/omnipay/vendor/google/apiclient-services/src/MyBusinessLodging/Services.php
OK	/htdocs/application/third_party/omnipay/vendor/google/apiclient-services/src/MyBusinessNotificationSettings/NotificationSetting.php
OK	/htdocs/application/third_party/omnipay/vendor/google/apiclient-services/src/MyBusinessPlaceActions/NoFee.php
OK	/htdocs/application/third_party/omnipay/vendor/google/apiclient-services/src/MyBusinessQA/Question.php
OK	/htdocs/application/third_party/omnipay/vendor/google/apiclient-services/src/MyBusinessVerifications/GenerateVerificationTokenRequest.php
OK	/htdocs/application/third_party/omnipay/vendor/google/apiclient-services/src/MyBusinessVerifications/VerifyLocationResponse.php
OK	/htdocs/application/third_party/omnipay/vendor/google/apiclient-services/src/NetAppFiles/BlobstoreLocation.php
OK	/htdocs/application/third_party/omnipay/vendor/google/apiclient-services/src/NetAppFiles/HourlySchedule.php
OK	/htdocs/application/third_party/omnipay/vendor/google/apiclient-services/src/NetAppFiles/ListQuotaRulesResponse.php
OK	/htdocs/application/third_party/omnipay/vendor/google/apiclient-services/src/NetAppFiles/OperationMetadata.php
OK	/htdocs/application/third_party/omnipay/vendor/google/apiclient-services/src/NetAppFiles/SnapshotPolicy.php
OK	/htdocs/application/third_party/omnipay/vendor/google/apiclient-services/src/NetAppFiles/VerifyKmsConfigResponse.php
OK	/htdocs/application/third_party/omnipay/vendor/google/apiclient-services/src/NetAppFiles/Resource/ProjectsLocationsStoragePools.php
OK	/htdocs/application/third_party/omnipay/vendor/google/apiclient-services/src/Networkconnectivity/AutoAccept.php
OK	/htdocs/application/third_party/omnipay/vendor/google/apiclient-services/src/Networkconnectivity/GoogleLongrunningListOperationsResponse.php
OK	/htdocs/application/third_party/omnipay/vendor/google/apiclient-services/src/Networkconnectivity/LinkedProducerVpcNetwork.php
OK	/htdocs/application/third_party/omnipay/vendor/google/apiclient-services/src/Networkconnectivity/ListRouteTablesResponse.php
OK	/htdocs/application/third_party/omnipay/vendor/google/apiclient-services/src/Networkconnectivity/MetricValueSet.php
OK	/htdocs/application/third_party/omnipay/vendor/google/apiclient-services/src/Networkconnectivity/ProducerPscConfig.php
OK	/htdocs/application/third_party/omnipay/vendor/google/apiclient-services/src/Networkconnectivity/Route.php
OK	/htdocs/application/third_party/omnipay/vendor/google/apiclient-services/src/Networkconnectivity/SpokeSummary.php
OK	/htdocs/application/third_party/omnipay/vendor/google/apiclient-services/src/Networkconnectivity/Resource/ProjectsLocationsNetworkconnectivityGlobal.php
OK	/htdocs/application/third_party/omnipay/vendor/google/apiclient-services/src/Networkconnectivity/Resource/ProjectsLocationsSpokes.php
OK	/htdocs/application/third_party/omnipay/vendor/google/apiclient-services/src/NetworkManagement/CloudSQLInstanceInfo.php
OK	/htdocs/application/third_party/omnipay/vendor/google/apiclient-services/src/NetworkManagement/GoogleServiceInfo.php
OK	/htdocs/application/third_party/omnipay/vendor/google/apiclient-services/src/NetworkManagement/NatInfo.php
OK	/htdocs/application/third_party/omnipay/vendor/google/apiclient-services/src/NetworkManagement/RouteInfo.php
OK	/htdocs/application/third_party/omnipay/vendor/google/apiclient-services/src/NetworkManagement/VpnTunnelInfo.php
OK	/htdocs/application/third_party/omnipay/vendor/google/apiclient-services/src/NetworkSecurity/AuthzPolicyAuthzRule.php
OK	/htdocs/application/third_party/omnipay/vendor/google/apiclient-services/src/NetworkSecurity/AuthzPolicyCustomProviderCloudIap.php
OK	/htdocs/application/third_party/omnipay/vendor/google/apiclient-services/src/NetworkSecurity/FirewallEndpointAssociationReference.php
OK	/htdocs/application/third_party/omnipay/vendor/google/apiclient-services/src/NetworkSecurity/GoogleIamV1TestIamPermissionsRequest.php
OK	/htdocs/application/third_party/omnipay/vendor/google/apiclient-services/src/NetworkSecurity/ListGatewaySecurityPolicyRulesResponse.php
OK	/htdocs/application/third_party/omnipay/vendor/google/apiclient-services/src/NetworkSecurity/Location.php
OK	/htdocs/application/third_party/omnipay/vendor/google/apiclient-services/src/NetworkSecurity/RemoveAddressGroupItemsRequest.php
OK	/htdocs/application/third_party/omnipay/vendor/google/apiclient-services/src/NetworkSecurity/ValidationCA.php
OK	/htdocs/application/third_party/omnipay/vendor/google/apiclient-services/src/NetworkSecurity/Resource/ProjectsLocationsAuthzPolicies.php
OK	/htdocs/application/third_party/omnipay/vendor/google/apiclient-services/src/NetworkSecurity/Resource/ProjectsLocationsUrlLists.php
OK	/htdocs/application/third_party/omnipay/vendor/google/apiclient-services/src/NetworkServices/ExtensionChainExtension.php
OK	/htdocs/application/third_party/omnipay/vendor/google/apiclient-services/src/NetworkServices/GrpcRouteRouteAction.php
OK	/htdocs/application/third_party/omnipay/vendor/google/apiclient-services/src/NetworkServices/HttpRouteHeaderModifier.php
OK	/htdocs/application/third_party/omnipay/vendor/google/apiclient-services/src/NetworkServices/LbTrafficExtension.php
OK	/htdocs/application/third_party/omnipay/vendor/google/apiclient-services/src/NetworkServices/ListOperationsResponse.php
OK	/htdocs/application/third_party/omnipay/vendor/google/apiclient-services/src/NetworkServices/Operation.php
OK	/htdocs/application/third_party/omnipay/vendor/google/apiclient-services/src/NetworkServices/TcpRouteRouteDestination.php
OK	/htdocs/application/third_party/omnipay/vendor/google/apiclient-services/src/NetworkServices/WasmPluginLogConfig.php
OK	/htdocs/application/third_party/omnipay/vendor/google/apiclient-services/src/NetworkServices/Resource/ProjectsLocationsGatewaysRouteViews.php
OK	/htdocs/application/third_party/omnipay/vendor/google/apiclient-services/src/NetworkServices/Resource/ProjectsLocationsOperations.php
OK	/htdocs/application/third_party/omnipay/vendor/google/apiclient-services/src/OnDemandScanning/AliasContext.php
OK	/htdocs/application/third_party/omnipay/vendor/google/apiclient-services/src/OnDemandScanning/BuildDefinition.php
OK	/htdocs/application/third_party/omnipay/vendor/google/apiclient-services/src/OnDemandScanning/DeploymentOccurrence.php
OK	/htdocs/application/third_party/omnipay/vendor/google/apiclient-services/src/OnDemandScanning/GrafeasV1LayerDetails.php
OK	/htdocs/application/third_party/omnipay/vendor/google/apiclient-services/src/OnDemandScanning/GrafeasV1SlsaProvenanceZeroTwoSlsaMetadata.php
OK	/htdocs/application/third_party/omnipay/vendor/google/apiclient-services/src/OnDemandScanning/License.php
OK	/htdocs/application/third_party/omnipay/vendor/google/apiclient-services/src/OnDemandScanning/PackageIssue.php
OK	/htdocs/application/third_party/omnipay/vendor/google/apiclient-services/src/OnDemandScanning/SbomReferenceIntotoPredicate.php
OK	/htdocs/application/third_party/omnipay/vendor/google/apiclient-services/src/OnDemandScanning/Source.php
OK	/htdocs/application/third_party/omnipay/vendor/google/apiclient-services/src/OnDemandScanning/Resource/ProjectsLocations.php
OK	/htdocs/application/third_party/omnipay/vendor/google/apiclient-services/src/OracleDatabase/AutonomousDatabaseProperties.php
OK	/htdocs/application/third_party/omnipay/vendor/google/apiclient-services/src/OracleDatabase/DbNode.php
OK	/htdocs/application/third_party/omnipay/vendor/google/apiclient-services/src/OracleDatabase/ListAutonomousDbVersionsResponse.php
OK	/htdocs/application/third_party/omnipay/vendor/google/apiclient-services/src/OracleDatabase/MaintenanceWindow.php
OK	/htdocs/application/third_party/omnipay/vendor/google/apiclient-services/src/OracleDatabase/Resource/ProjectsLocationsAutonomousDatabaseCharacterSets.php
OK	/htdocs/application/third_party/omnipay/vendor/google/apiclient-services/src/OrgPolicyAPI/GoogleCloudOrgpolicyV2Constraint.php
OK	/htdocs/application/third_party/omnipay/vendor/google/apiclient-services/src/OrgPolicyAPI/GoogleCloudOrgpolicyV2Policy.php
OK	/htdocs/application/third_party/omnipay/vendor/google/apiclient-services/src/OrgPolicyAPI/Resource/OrganizationsPolicies.php
OK	/htdocs/application/third_party/omnipay/vendor/google/apiclient-services/src/OSConfig/FixedOrPercent.php
OK	/htdocs/application/third_party/omnipay/vendor/google/apiclient-services/src/OSConfig/InventoryWindowsUpdatePackage.php
OK	/htdocs/application/third_party/omnipay/vendor/google/apiclient-services/src/OSConfig/MonthlySchedule.php
OK	/htdocs/application/third_party/omnipay/vendor/google/apiclient-services/src/OSConfig/OSPolicyAssignmentReportOSPolicyComplianceOSPolicyResourceCompliance.php
OK	/htdocs/application/third_party/omnipay/vendor/google/apiclient-services/src/OSConfig/OSPolicyResourceGroup.php
OK	/htdocs/application/third_party/omnipay/vendor/google/apiclient-services/src/OSConfig/OSPolicyResourceRepositoryResourceYumRepository.php
OK	/htdocs/application/third_party/omnipay/vendor/google/apiclient-services/src/OSConfig/RecurringSchedule.php
OK	/htdocs/application/third_party/omnipay/vendor/google/apiclient-services/src/OSConfig/WindowsUpdateSettings.php
OK	/htdocs/application/third_party/omnipay/vendor/google/apiclient-services/src/OSConfig/Resource/ProjectsLocationsOsPolicyAssignments.php
OK	/htdocs/application/third_party/omnipay/vendor/google/apiclient-services/src/PagespeedInsights/LhrEntity.php
OK	/htdocs/application/third_party/omnipay/vendor/google/apiclient-services/src/PagespeedInsights/UserPageLoadMetricV5.php
OK	/htdocs/application/third_party/omnipay/vendor/google/apiclient-services/src/Parallelstore/Location.php
OK	/htdocs/application/third_party/omnipay/vendor/google/apiclient-services/src/PaymentsResellerSubscription/GoogleCloudPaymentsResellerSubscriptionV1CancelSubscriptionResponse.php
OK	/htdocs/application/third_party/omnipay/vendor/google/apiclient-services/src/PaymentsResellerSubscription/GoogleCloudPaymentsResellerSubscriptionV1FiniteBillingCycleDetails.php
OK	/htdocs/application/third_party/omnipay/vendor/google/apiclient-services/src/PaymentsResellerSubscription/GoogleCloudPaymentsResellerSubscriptionV1ProductPayload.php
OK	/htdocs/application/third_party/omnipay/vendor/google/apiclient-services/src/PaymentsResellerSubscription/GoogleCloudPaymentsResellerSubscriptionV1SubscriptionPromotionSpec.php
OK	/htdocs/application/third_party/omnipay/vendor/google/apiclient-services/src/PaymentsResellerSubscription/Resource/PartnersSubscriptions.php
OK	/htdocs/application/third_party/omnipay/vendor/google/apiclient-services/src/PeopleService/BraggingRights.php
OK	/htdocs/application/third_party/omnipay/vendor/google/apiclient-services/src/PeopleService/DeleteContactPhotoResponse.php
OK	/htdocs/application/third_party/omnipay/vendor/google/apiclient-services/src/PeopleService/ListConnectionsResponse.php
OK	/htdocs/application/third_party/omnipay/vendor/google/apiclient-services/src/PeopleService/Occupation.php
OK	/htdocs/application/third_party/omnipay/vendor/google/apiclient-services/src/PeopleService/Residence.php
OK	/htdocs/application/third_party/omnipay/vendor/google/apiclient-services/src/PeopleService/Url.php
OK	/htdocs/application/third_party/omnipay/vendor/google/apiclient-services/src/PlayableLocations/GoogleMapsPlayablelocationsV3PlayerReport.php
OK	/htdocs/application/third_party/omnipay/vendor/google/apiclient-services/src/Playcustomapp/CustomApp.php
OK	/htdocs/application/third_party/omnipay/vendor/google/apiclient-services/src/Playdeveloperreporting/GooglePlayDeveloperReportingV1beta1DimensionValue.php
OK	/htdocs/application/third_party/omnipay/vendor/google/apiclient-services/src/Playdeveloperreporting/GooglePlayDeveloperReportingV1beta1QueryAnrRateMetricSetRequest.php
OK	/htdocs/application/third_party/omnipay/vendor/google/apiclient-services/src/Playdeveloperreporting/GooglePlayDeveloperReportingV1beta1QueryStuckBackgroundWakelockRateMetricSetRequest.php
OK	/htdocs/application/third_party/omnipay/vendor/google/apiclient-services/src/Playdeveloperreporting/GoogleTypeDateTime.php
OK	/htdocs/application/third_party/omnipay/vendor/google/apiclient-services/src/Playdeveloperreporting/Resource/VitalsExcessivewakeuprate.php
OK	/htdocs/application/third_party/omnipay/vendor/google/apiclient-services/src/PlayIntegrity/AccountActivity.php
OK	/htdocs/application/third_party/omnipay/vendor/google/apiclient-services/src/PlayIntegrity/RecentDeviceActivity.php
OK	/htdocs/application/third_party/omnipay/vendor/google/apiclient-services/src/PolicyAnalyzer/GoogleCloudPolicyanalyzerV1ObservationPeriod.php
OK	/htdocs/application/third_party/omnipay/vendor/google/apiclient-services/src/PolicyAnalyzer/Resource/ProjectsLocationsActivityTypes.php
OK	/htdocs/application/third_party/omnipay/vendor/google/apiclient-services/src/PolicySimulator/GoogleCloudPolicysimulatorV1alphaOrgPolicyOverlay.php
OK	/htdocs/application/third_party/omnipay/vendor/google/apiclient-services/src/PolicySimulator/GoogleCloudPolicysimulatorV1betaOrgPolicyOverlayCustomConstraintOverlay.php
OK	/htdocs/application/third_party/omnipay/vendor/google/apiclient-services/src/PolicySimulator/GoogleCloudPolicysimulatorV1OrgPolicyOverlayCustomConstraintOverlay.php
OK	/htdocs/application/third_party/omnipay/vendor/google/apiclient-services/src/PolicySimulator/GoogleIamV1AuditConfig.php
OK	/htdocs/application/third_party/omnipay/vendor/google/apiclient-services/src/PolicySimulator/Resource/FoldersLocationsOrgPolicyViolationsPreviewsOperations.php
OK	/htdocs/application/third_party/omnipay/vendor/google/apiclient-services/src/PolicySimulator/Resource/OrganizationsLocationsReplaysResults.php
OK	/htdocs/application/third_party/omnipay/vendor/google/apiclient-services/src/PolicyTroubleshooter/GoogleCloudPolicytroubleshooterV1TroubleshootIamPolicyRequest.php
OK	/htdocs/application/third_party/omnipay/vendor/google/apiclient-services/src/Pollen/HttpBody.php
OK	/htdocs/application/third_party/omnipay/vendor/google/apiclient-services/src/PolyService/FormatComplexity.php
OK	/htdocs/application/third_party/omnipay/vendor/google/apiclient-services/src/PolyService/Resource/Assets.php
OK	/htdocs/application/third_party/omnipay/vendor/google/apiclient-services/src/PostmasterTools/Resource/DomainsTrafficStats.php
OK	/htdocs/application/third_party/omnipay/vendor/google/apiclient-services/src/Pubsub/BigQueryConfig.php
OK	/htdocs/application/third_party/omnipay/vendor/google/apiclient-services/src/Pubsub/JavaScriptUDF.php
OK	/htdocs/application/third_party/omnipay/vendor/google/apiclient-services/src/Pubsub/NoWrapper.php
OK	/htdocs/application/third_party/omnipay/vendor/google/apiclient-services/src/Pubsub/PushConfig.php
OK	/htdocs/application/third_party/omnipay/vendor/google/apiclient-services/src/Pubsub/TestIamPermissionsResponse.php
OK	/htdocs/application/third_party/omnipay/vendor/google/apiclient-services/src/Pubsub/Resource/ProjectsSchemas.php
OK	/htdocs/application/third_party/omnipay/vendor/google/apiclient-services/src/PubsubLite/ComputeMessageStatsRequest.php
OK	/htdocs/application/third_party/omnipay/vendor/google/apiclient-services/src/PubsubLite/ListTopicsResponse.php
OK	/htdocs/application/third_party/omnipay/vendor/google/apiclient-services/src/PubsubLite/SeekSubscriptionResponse.php
OK	/htdocs/application/third_party/omnipay/vendor/google/apiclient-services/src/PubsubLite/Resource/AdminProjectsLocationsSubscriptions.php
OK	/htdocs/application/third_party/omnipay/vendor/google/apiclient-services/src/RapidMigrationAssessment/Annotation.php
OK	/htdocs/application/third_party/omnipay/vendor/google/apiclient-services/src/RapidMigrationAssessment/RegisterCollectorRequest.php
OK	/htdocs/application/third_party/omnipay/vendor/google/apiclient-services/src/RealTimeBidding/AddTargetedSitesRequest.php
OK	/htdocs/application/third_party/omnipay/vendor/google/apiclient-services/src/RealTimeBidding/CreativeDimensions.php
OK	/htdocs/application/third_party/omnipay/vendor/google/apiclient-services/src/RealTimeBidding/HttpCallEvidence.php
OK	/htdocs/application/third_party/omnipay/vendor/google/apiclient-services/src/RealTimeBidding/NumericTargetingDimension.php
OK	/htdocs/application/third_party/omnipay/vendor/google/apiclient-services/src/RealTimeBidding/SuspendPretargetingConfigRequest.php
OK	/htdocs/application/third_party/omnipay/vendor/google/apiclient-services/src/RealTimeBidding/Resource/BiddersPublisherConnections.php
OK	/htdocs/application/third_party/omnipay/vendor/google/apiclient-services/src/RecaptchaEnterprise/GoogleCloudRecaptchaenterpriseV1Assessment.php
OK	/htdocs/application/third_party/omnipay/vendor/google/apiclient-services/src/RecaptchaEnterprise/GoogleCloudRecaptchaenterpriseV1FirewallActionSubstituteAction.php
OK	/htdocs/application/third_party/omnipay/vendor/google/apiclient-services/src/RecaptchaEnterprise/GoogleCloudRecaptchaenterpriseV1Key.php
OK	/htdocs/application/third_party/omnipay/vendor/google/apiclient-services/src/RecaptchaEnterprise/GoogleCloudRecaptchaenterpriseV1RemoveIpOverrideRequest.php
OK	/htdocs/application/third_party/omnipay/vendor/google/apiclient-services/src/RecaptchaEnterprise/GoogleCloudRecaptchaenterpriseV1TokenProperties.php
OK	/htdocs/application/third_party/omnipay/vendor/google/apiclient-services/src/RecaptchaEnterprise/GoogleRpcStatus.php
OK	/htdocs/application/third_party/omnipay/vendor/google/apiclient-services/src/RecommendationsAI/GoogleCloudRecommendationengineV1alphaTuningResponse.php
OK	/htdocs/application/third_party/omnipay/vendor/google/apiclient-services/src/RecommendationsAI/GoogleCloudRecommendationengineV1beta1GcsSource.php
OK	/htdocs/application/third_party/omnipay/vendor/google/apiclient-services/src/RecommendationsAI/GoogleCloudRecommendationengineV1beta1ListUserEventsResponse.php
OK	/htdocs/application/third_party/omnipay/vendor/google/apiclient-services/src/RecommendationsAI/GoogleCloudRecommendationengineV1beta1PurgeUserEventsRequest.php
OK	/htdocs/application/third_party/omnipay/vendor/google/apiclient-services/src/RecommendationsAI/GoogleRpcStatus.php
OK	/htdocs/application/third_party/omnipay/vendor/google/apiclient-services/src/Recommender/GoogleCloudRecommenderV1Impact.php
OK	/htdocs/application/third_party/omnipay/vendor/google/apiclient-services/src/Recommender/GoogleCloudRecommenderV1MarkRecommendationSucceededRequest.php
OK	/htdocs/application/third_party/omnipay/vendor/google/apiclient-services/src/Recommender/GoogleCloudRecommenderV1ValueMatcher.php
OK	/htdocs/application/third_party/omnipay/vendor/google/apiclient-services/src/Recommender/Resource/FoldersLocationsRecommenders.php
OK	/htdocs/application/third_party/omnipay/vendor/google/apiclient-services/src/Recommender/Resource/ProjectsLocationsRecommenders.php
OK	/htdocs/application/third_party/omnipay/vendor/google/apiclient-services/src/RemoteBuildExecution/BuildBazelRemoteExecutionV2CacheCapabilities.php
OK	/htdocs/application/third_party/omnipay/vendor/google/apiclient-services/src/RemoteBuildExecution/BuildBazelRemoteExecutionV2FileNode.php
OK	/htdocs/application/third_party/omnipay/vendor/google/apiclient-services/src/RemoteBuildExecution/BuildBazelRemoteExecutionV2PriorityCapabilities.php
OK	/htdocs/application/third_party/omnipay/vendor/google/apiclient-services/src/RemoteBuildExecution/GoogleDevtoolsRemotebuildbotCommandStatus.php
OK	/htdocs/application/third_party/omnipay/vendor/google/apiclient-services/src/RemoteBuildExecution/GoogleDevtoolsRemotebuildexecutionAdminV1alphaGetInstanceRequest.php
OK	/htdocs/application/third_party/omnipay/vendor/google/apiclient-services/src/RemoteBuildExecution/GoogleDevtoolsRemoteworkersV1test2Blob.php
OK	/htdocs/application/third_party/omnipay/vendor/google/apiclient-services/src/RemoteBuildExecution/GoogleDevtoolsRemoteworkersV1test2FileMetadata.php
OK	/htdocs/application/third_party/omnipay/vendor/google/apiclient-services/src/Reports/ActivityEventsParameters.php
OK	/htdocs/application/third_party/omnipay/vendor/google/apiclient-services/src/Reports/Resource/Activities.php
OK	/htdocs/application/third_party/omnipay/vendor/google/apiclient-services/src/Reseller/Seats.php
OK	/htdocs/application/third_party/omnipay/vendor/google/apiclient-services/src/ResourceSettings/GoogleCloudResourcesettingsV1SettingMetadata.php
OK	/htdocs/application/third_party/omnipay/vendor/google/apiclient-services/src/SA360/GoogleAdsSearchads360V0CommonAdTextAsset.php
OK	/htdocs/application/third_party/omnipay/vendor/google/apiclient-services/src/SA360/GoogleAdsSearchads360V0CommonImageAsset.php
OK	/htdocs/application/third_party/omnipay/vendor/google/apiclient-services/src/SA360/GoogleAdsSearchads360V0CommonMaximizeConversionValue.php
OK	/htdocs/application/third_party/omnipay/vendor/google/apiclient-services/src/SA360/GoogleAdsSearchads360V0CommonTargetCpm.php
OK	/htdocs/application/third_party/omnipay/vendor/google/apiclient-services/src/SA360/GoogleAdsSearchads360V0CommonUnifiedPageFeedAsset.php
OK	/htdocs/application/third_party/omnipay/vendor/google/apiclient-services/src/SA360/GoogleAdsSearchads360V0ErrorsSearchAds360Error.php
OK	/htdocs/application/third_party/omnipay/vendor/google/apiclient-services/src/SA360/GoogleAdsSearchads360V0ResourcesAdGroupAdEffectiveLabel.php
OK	/htdocs/application/third_party/omnipay/vendor/google/apiclient-services/src/SA360/GoogleAdsSearchads360V0ResourcesAdGroupLabel.php
OK	/htdocs/application/third_party/omnipay/vendor/google/apiclient-services/src/SA360/GoogleAdsSearchads360V0ResourcesBiddingStrategy.php
OK	/htdocs/application/third_party/omnipay/vendor/google/apiclient-services/src/SA360/GoogleAdsSearchads360V0ResourcesCampaignOptimizationGoalSetting.php
OK	/htdocs/application/third_party/omnipay/vendor/google/apiclient-services/src/SA360/GoogleAdsSearchads360V0ResourcesConversionTrackingSetting.php
OK	/htdocs/application/third_party/omnipay/vendor/google/apiclient-services/src/SA360/GoogleAdsSearchads360V0ResourcesLabel.php
OK	/htdocs/application/third_party/omnipay/vendor/google/apiclient-services/src/SA360/GoogleAdsSearchads360V0ResourcesProductBiddingCategoryConstant.php
OK	/htdocs/application/third_party/omnipay/vendor/google/apiclient-services/src/SA360/GoogleAdsSearchads360V0ServicesListCustomColumnsResponse.php
OK	/htdocs/application/third_party/omnipay/vendor/google/apiclient-services/src/SA360/Resource/CustomersSearchAds360.php
OK	/htdocs/application/third_party/omnipay/vendor/google/apiclient-services/src/Safebrowsing/GoogleSecuritySafebrowsingV4Checksum.php
OK	/htdocs/application/third_party/omnipay/vendor/google/apiclient-services/src/Safebrowsing/GoogleSecuritySafebrowsingV4RawHashes.php
OK	/htdocs/application/third_party/omnipay/vendor/google/apiclient-services/src/Safebrowsing/GoogleSecuritySafebrowsingV4ThreatMatch.php
OK	/htdocs/application/third_party/omnipay/vendor/google/apiclient-services/src/Safebrowsing/ThreatEntry.php
OK	/htdocs/application/third_party/omnipay/vendor/google/apiclient-services/src/Safebrowsing/Resource/Hashes.php
OK	/htdocs/application/third_party/omnipay/vendor/google/apiclient-services/src/Sasportal/SasPortalDevice.php
OK	/htdocs/application/third_party/omnipay/vendor/google/apiclient-services/src/Sasportal/SasPortalGetPolicyRequest.php
OK	/htdocs/application/third_party/omnipay/vendor/google/apiclient-services/src/Sasportal/SasPortalMoveDeviceRequest.php
OK	/htdocs/application/third_party/omnipay/vendor/google/apiclient-services/src/Sasportal/SasPortalSetupSasAnalyticsResponse.php
OK	/htdocs/application/third_party/omnipay/vendor/google/apiclient-services/src/Sasportal/Resource/CustomersNodes.php
OK	/htdocs/application/third_party/omnipay/vendor/google/apiclient-services/src/Sasportal/Resource/NodesNodesDeployments.php
OK	/htdocs/application/third_party/omnipay/vendor/google/apiclient-services/src/SASPortalTesting/SasPortalDeviceAirInterface.php
OK	/htdocs/application/third_party/omnipay/vendor/google/apiclient-services/src/SASPortalTesting/SasPortalInstallationParams.php
OK	/htdocs/application/third_party/omnipay/vendor/google/apiclient-services/src/SASPortalTesting/SasPortalMoveNodeRequest.php
OK	/htdocs/application/third_party/omnipay/vendor/google/apiclient-services/src/SASPortalTesting/SasPortalSignDeviceRequest.php
OK	/htdocs/application/third_party/omnipay/vendor/google/apiclient-services/src/SASPortalTesting/Resource/CustomersNodesDeployments.php
OK	/htdocs/application/third_party/omnipay/vendor/google/apiclient-services/src/SASPortalTesting/Resource/NodesNodesDevices.php
OK	/htdocs/application/third_party/omnipay/vendor/google/apiclient-services/src/Script/ExecutionResponse.php
OK	/htdocs/application/third_party/omnipay/vendor/google/apiclient-services/src/Script/ListUserProcessesResponse.php
OK	/htdocs/application/third_party/omnipay/vendor/google/apiclient-services/src/Script/Struct.php
OK	/htdocs/application/third_party/omnipay/vendor/google/apiclient-services/src/SearchConsole/ApiDimensionFilter.php
OK	/htdocs/application/third_party/omnipay/vendor/google/apiclient-services/src/SearchConsole/ResourceIssue.php
OK	/htdocs/application/third_party/omnipay/vendor/google/apiclient-services/src/SearchConsole/WmxSitemap.php
OK	/htdocs/application/third_party/omnipay/vendor/google/apiclient-services/src/SecretManager/AuditLogConfig.php
OK	/htdocs/application/third_party/omnipay/vendor/google/apiclient-services/src/SecretManager/ListSecretVersionsResponse.php
OK	/htdocs/application/third_party/omnipay/vendor/google/apiclient-services/src/SecretManager/SetIamPolicyRequest.php
OK	/htdocs/application/third_party/omnipay/vendor/google/apiclient-services/src/SecurityCommandCenter/Access.php
OK	/htdocs/application/third_party/omnipay/vendor/google/apiclient-services/src/SecurityCommandCenter/AttackPathNode.php
OK	/htdocs/application/third_party/omnipay/vendor/google/apiclient-services/src/SecurityCommandCenter/AzureTenant.php
OK	/htdocs/application/third_party/omnipay/vendor/google/apiclient-services/src/SecurityCommandCenter/ComplianceSnapshot.php
OK	/htdocs/application/third_party/omnipay/vendor/google/apiclient-services/src/SecurityCommandCenter/DataFlowEvent.php
OK	/htdocs/application/third_party/omnipay/vendor/google/apiclient-services/src/SecurityCommandCenter/Exfiltration.php
OK	/htdocs/application/third_party/omnipay/vendor/google/apiclient-services/src/SecurityCommandCenter/GoogleCloudSecuritycenterV1CustomConfig.php
OK	/htdocs/application/third_party/omnipay/vendor/google/apiclient-services/src/SecurityCommandCenter/GoogleCloudSecuritycenterV1p1beta1RunAssetDiscoveryResponse.php
OK	/htdocs/application/third_party/omnipay/vendor/google/apiclient-services/src/SecurityCommandCenter/GoogleCloudSecuritycenterV2Allowed.php
OK	/htdocs/application/third_party/omnipay/vendor/google/apiclient-services/src/SecurityCommandCenter/GoogleCloudSecuritycenterV2AzureTenant.php
OK	/htdocs/application/third_party/omnipay/vendor/google/apiclient-services/src/SecurityCommandCenter/GoogleCloudSecuritycenterV2ContactDetails.php
OK	/htdocs/application/third_party/omnipay/vendor/google/apiclient-services/src/SecurityCommandCenter/GoogleCloudSecuritycenterV2DynamicMuteRecord.php
OK	/htdocs/application/third_party/omnipay/vendor/google/apiclient-services/src/SecurityCommandCenter/GoogleCloudSecuritycenterV2IpRule.php
OK	/htdocs/application/third_party/omnipay/vendor/google/apiclient-services/src/SecurityCommandCenter/GoogleCloudSecuritycenterV2IssueResourceAzureMetadataAzureSubscription.php
OK	/htdocs/application/third_party/omnipay/vendor/google/apiclient-services/src/SecurityCommandCenter/GoogleCloudSecuritycenterV2MitreAttack.php
OK	/htdocs/application/third_party/omnipay/vendor/google/apiclient-services/src/SecurityCommandCenter/GoogleCloudSecuritycenterV2PolicyDriftDetails.php
OK	/htdocs/application/third_party/omnipay/vendor/google/apiclient-services/src/SecurityCommandCenter/GoogleCloudSecuritycenterV2SecurityMarks.php
OK	/htdocs/application/third_party/omnipay/vendor/google/apiclient-services/src/SecurityCommandCenter/GroupAssetsResponse.php
OK	/htdocs/application/third_party/omnipay/vendor/google/apiclient-services/src/SecurityCommandCenter/Kubernetes.php
OK	/htdocs/application/third_party/omnipay/vendor/google/apiclient-services/src/SecurityCommandCenter/ListFindingsResult.php
OK	/htdocs/application/third_party/omnipay/vendor/google/apiclient-services/src/SecurityCommandCenter/MuteInfo.php
OK	/htdocs/application/third_party/omnipay/vendor/google/apiclient-services/src/SecurityCommandCenter/Pod.php
OK	/htdocs/application/third_party/omnipay/vendor/google/apiclient-services/src/SecurityCommandCenter/Role.php
OK	/htdocs/application/third_party/omnipay/vendor/google/apiclient-services/src/SecurityCommandCenter/SetFindingStateRequest.php
OK	/htdocs/application/third_party/omnipay/vendor/google/apiclient-services/src/SecurityCommandCenter/Subject.php
OK	/htdocs/application/third_party/omnipay/vendor/google/apiclient-services/src/SecurityCommandCenter/Resource/Folders.php
OK	/htdocs/application/third_party/omnipay/vendor/google/apiclient-services/src/SecurityCommandCenter/Resource/FoldersSecurityHealthAnalyticsSettingsCustomModules.php
OK	/htdocs/application/third_party/omnipay/vendor/google/apiclient-services/src/SecurityCommandCenter/Resource/OrganizationsFindings.php
OK	/htdocs/application/third_party/omnipay/vendor/google/apiclient-services/src/SecurityCommandCenter/Resource/OrganizationsSimulationsAttackExposureResultsAttackPaths.php
OK	/htdocs/application/third_party/omnipay/vendor/google/apiclient-services/src/SecurityCommandCenter/Resource/ProjectsEventThreatDetectionSettings.php
OK	/htdocs/application/third_party/omnipay/vendor/google/apiclient-services/src/SecurityCommandCenter/Resource/ProjectsSourcesFindings.php
OK	/htdocs/application/third_party/omnipay/vendor/google/apiclient-services/src/SecurityPosture/GoogleCloudSecuritypostureV1PolicyRule.php
OK	/htdocs/application/third_party/omnipay/vendor/google/apiclient-services/src/SecurityPosture/Operation.php
OK	/htdocs/application/third_party/omnipay/vendor/google/apiclient-services/src/SecurityPosture/Report.php
OK	/htdocs/application/third_party/omnipay/vendor/google/apiclient-services/src/SecurityPosture/Resource/OrganizationsLocationsPostures.php
OK	/htdocs/application/third_party/omnipay/vendor/google/apiclient-services/src/SemanticTile/Line.php
OK	/htdocs/application/third_party/omnipay/vendor/google/apiclient-services/src/SemanticTile/Vertex3DList.php
OK	/htdocs/application/third_party/omnipay/vendor/google/apiclient-services/src/ServerlessVPCAccess/Status.php
OK	/htdocs/application/third_party/omnipay/vendor/google/apiclient-services/src/ServiceConsumerManagement/AuthenticationRule.php
OK	/htdocs/application/third_party/omnipay/vendor/google/apiclient-services/src/ServiceConsumerManagement/ContextRule.php
OK	/htdocs/application/third_party/omnipay/vendor/google/apiclient-services/src/ServiceConsumerManagement/Enum.php
OK	/htdocs/application/third_party/omnipay/vendor/google/apiclient-services/src/ServiceConsumerManagement/ListTenancyUnitsResponse.php
OK	/htdocs/application/third_party/omnipay/vendor/google/apiclient-services/src/ServiceConsumerManagement/MonitoredResourceDescriptor.php
OK	/htdocs/application/third_party/omnipay/vendor/google/apiclient-services/src/ServiceConsumerManagement/Quota.php
OK	/htdocs/application/third_party/omnipay/vendor/google/apiclient-services/src/ServiceConsumerManagement/SystemParameter.php
OK	/htdocs/application/third_party/omnipay/vendor/google/apiclient-services/src/ServiceConsumerManagement/V1Beta1BatchCreateProducerOverridesResponse.php
OK	/htdocs/application/third_party/omnipay/vendor/google/apiclient-services/src/ServiceConsumerManagement/V1EnableConsumerResponse.php
OK	/htdocs/application/third_party/omnipay/vendor/google/apiclient-services/src/ServiceControl/Auth.php
OK	/htdocs/application/third_party/omnipay/vendor/google/apiclient-services/src/ServiceControl/Request.php
OK	/htdocs/application/third_party/omnipay/vendor/google/apiclient-services/src/ServiceControl/V2HttpRequest.php
OK	/htdocs/application/third_party/omnipay/vendor/google/apiclient-services/src/ServiceDirectory/ListEndpointsResponse.php
OK	/htdocs/application/third_party/omnipay/vendor/google/apiclient-services/src/ServiceDirectory/TestIamPermissionsRequest.php
OK	/htdocs/application/third_party/omnipay/vendor/google/apiclient-services/src/ServiceManagement/Authentication.php
OK	/htdocs/application/third_party/omnipay/vendor/google/apiclient-services/src/ServiceManagement/ConfigChange.php
OK	/htdocs/application/third_party/omnipay/vendor/google/apiclient-services/src/ServiceManagement/Diagnostic.php
OK	/htdocs/application/third_party/omnipay/vendor/google/apiclient-services/src/ServiceManagement/FlowErrorDetails.php
OK	/htdocs/application/third_party/omnipay/vendor/google/apiclient-services/src/ServiceManagement/ListServiceConfigsResponse.php
OK	/htdocs/application/third_party/omnipay/vendor/google/apiclient-services/src/ServiceManagement/MetricDescriptorMetadata.php
OK	/htdocs/application/third_party/omnipay/vendor/google/apiclient-services/src/ServiceManagement/Page.php
OK	/htdocs/application/third_party/omnipay/vendor/google/apiclient-services/src/ServiceManagement/SetIamPolicyRequest.php
OK	/htdocs/application/third_party/omnipay/vendor/google/apiclient-services/src/ServiceManagement/TrafficPercentStrategy.php
OK	/htdocs/application/third_party/omnipay/vendor/google/apiclient-services/src/ServiceNetworking/AddDnsZoneMetadata.php
OK	/htdocs/application/third_party/omnipay/vendor/google/apiclient-services/src/ServiceNetworking/AuthRequirement.php
OK	/htdocs/application/third_party/omnipay/vendor/google/apiclient-services/src/ServiceNetworking/ConsumerProject.php
OK	/htdocs/application/third_party/omnipay/vendor/google/apiclient-services/src/ServiceNetworking/DnsRecordSet.php
OK	/htdocs/application/third_party/omnipay/vendor/google/apiclient-services/src/ServiceNetworking/FieldPolicy.php
OK	/htdocs/application/third_party/omnipay/vendor/google/apiclient-services/src/ServiceNetworking/ListDnsRecordSetsResponse.php
OK	/htdocs/application/third_party/omnipay/vendor/google/apiclient-services/src/ServiceNetworking/MetricDescriptorMetadata.php
OK	/htdocs/application/third_party/omnipay/vendor/google/apiclient-services/src/ServiceNetworking/PeeredDnsDomain.php
OK	/htdocs/application/third_party/omnipay/vendor/google/apiclient-services/src/ServiceNetworking/RemoveDnsRecordSetResponse.php
OK	/htdocs/application/third_party/omnipay/vendor/google/apiclient-services/src/ServiceNetworking/SourceContext.php
OK	/htdocs/application/third_party/omnipay/vendor/google/apiclient-services/src/ServiceNetworking/UsageRule.php
OK	/htdocs/application/third_party/omnipay/vendor/google/apiclient-services/src/ServiceNetworking/Resource/ServicesProjects.php
OK	/htdocs/application/third_party/omnipay/vendor/google/apiclient-services/src/ServiceUsage/AnalysisResult.php
OK	/htdocs/application/third_party/omnipay/vendor/google/apiclient-services/src/ServiceUsage/BatchCreateConsumerOverridesResponse.php
OK	/htdocs/application/third_party/omnipay/vendor/google/apiclient-services/src/ServiceUsage/Control.php
OK	/htdocs/application/third_party/omnipay/vendor/google/apiclient-services/src/ServiceUsage/EnableFailure.php
OK	/htdocs/application/third_party/omnipay/vendor/google/apiclient-services/src/ServiceUsage/GoogleApiService.php
OK	/htdocs/application/third_party/omnipay/vendor/google/apiclient-services/src/ServiceUsage/GoogleApiServiceusageV2betaAnalyzeConsumerPolicyResponse.php
OK	/htdocs/application/third_party/omnipay/vendor/google/apiclient-services/src/ServiceUsage/ImportAdminQuotaPoliciesMetadata.php
OK	/htdocs/application/third_party/omnipay/vendor/google/apiclient-services/src/ServiceUsage/LongRunning.php
OK	/htdocs/application/third_party/omnipay/vendor/google/apiclient-services/src/ServiceUsage/OAuthRequirements.php
OK	/htdocs/application/third_party/omnipay/vendor/google/apiclient-services/src/ServiceUsage/RemoveEnableRulesResponse.php
OK	/htdocs/application/third_party/omnipay/vendor/google/apiclient-services/src/ServiceUsage/TermsOfService.php
OK	/htdocs/application/third_party/omnipay/vendor/google/apiclient-services/src/Sheets/AddChartRequest.php
OK	/htdocs/application/third_party/omnipay/vendor/google/apiclient-services/src/Sheets/AddProtectedRangeResponse.php
OK	/htdocs/application/third_party/omnipay/vendor/google/apiclient-services/src/Sheets/BaselineValueFormat.php
OK	/htdocs/application/third_party/omnipay/vendor/google/apiclient-services/src/Sheets/BatchGetValuesByDataFilterResponse.php
OK	/htdocs/application/third_party/omnipay/vendor/google/apiclient-services/src/Sheets/BooleanRule.php
OK	/htdocs/application/third_party/omnipay/vendor/google/apiclient-services/src/Sheets/CellFormat.php
OK	/htdocs/application/third_party/omnipay/vendor/google/apiclient-services/src/Sheets/Color.php
OK	/htdocs/application/third_party/omnipay/vendor/google/apiclient-services/src/Sheets/DataLabel.php
OK	/htdocs/application/third_party/omnipay/vendor/google/apiclient-services/src/Sheets/DataSourceRefreshWeeklySchedule.php
OK	/htdocs/application/third_party/omnipay/vendor/google/apiclient-services/src/Sheets/DeleteDeveloperMetadataResponse.php
OK	/htdocs/application/third_party/omnipay/vendor/google/apiclient-services/src/Sheets/DeveloperMetadata.php
OK	/htdocs/application/third_party/omnipay/vendor/google/apiclient-services/src/Sheets/EmbeddedObjectBorder.php
OK	/htdocs/application/third_party/omnipay/vendor/google/apiclient-services/src/Sheets/GridData.php
OK	/htdocs/application/third_party/omnipay/vendor/google/apiclient-services/src/Sheets/LineStyle.php
OK	/htdocs/application/third_party/omnipay/vendor/google/apiclient-services/src/Sheets/OverlayPosition.php
OK	/htdocs/application/third_party/omnipay/vendor/google/apiclient-services/src/Sheets/PivotValue.php
OK	/htdocs/application/third_party/omnipay/vendor/google/apiclient-services/src/Sheets/ScorecardChartSpec.php
OK	/htdocs/application/third_party/omnipay/vendor/google/apiclient-services/src/Sheets/Spreadsheet.php
OK	/htdocs/application/third_party/omnipay/vendor/google/apiclient-services/src/Sheets/TrimWhitespaceRequest.php
OK	/htdocs/application/third_party/omnipay/vendor/google/apiclient-services/src/Sheets/UpdateDeveloperMetadataResponse.php
OK	/htdocs/application/third_party/omnipay/vendor/google/apiclient-services/src/Sheets/UpdateValuesByDataFilterResponse.php
OK	/htdocs/application/third_party/omnipay/vendor/google/apiclient-services/src/ShoppingContent/Account.php
OK	/htdocs/application/third_party/omnipay/vendor/google/apiclient-services/src/ShoppingContent/AccountImageImprovements.php
OK	/htdocs/application/third_party/omnipay/vendor/google/apiclient-services/src/ShoppingContent/AccountsCustomBatchRequestEntryLinkRequest.php
OK	/htdocs/application/third_party/omnipay/vendor/google/apiclient-services/src/ShoppingContent/AccountstatusesCustomBatchResponse.php
OK	/htdocs/application/third_party/omnipay/vendor/google/apiclient-services/src/ShoppingContent/AccounttaxCustomBatchResponseEntry.php
OK	/htdocs/application/third_party/omnipay/vendor/google/apiclient-services/src/ShoppingContent/Amount.php
OK	/htdocs/application/third_party/omnipay/vendor/google/apiclient-services/src/ShoppingContent/BuyOnGoogleProgramStatus.php
OK	/htdocs/application/third_party/omnipay/vendor/google/apiclient-services/src/ShoppingContent/CollectionStatusItemLevelIssue.php
OK	/htdocs/application/third_party/omnipay/vendor/google/apiclient-services/src/ShoppingContent/DatafeedsCustomBatchRequest.php
OK	/htdocs/application/third_party/omnipay/vendor/google/apiclient-services/src/ShoppingContent/DatafeedstatusesListResponse.php
OK	/htdocs/application/third_party/omnipay/vendor/google/apiclient-services/src/ShoppingContent/ExternalAction.php
OK	/htdocs/application/third_party/omnipay/vendor/google/apiclient-services/src/ShoppingContent/InapplicabilityDetails.php
OK	/htdocs/application/third_party/omnipay/vendor/google/apiclient-services/src/ShoppingContent/InvoiceSummary.php
OK	/htdocs/application/third_party/omnipay/vendor/google/apiclient-services/src/ShoppingContent/LiasettingsCustomBatchResponse.php
OK	/htdocs/application/third_party/omnipay/vendor/google/apiclient-services/src/ShoppingContent/ListAccountReturnCarrierResponse.php
OK	/htdocs/application/third_party/omnipay/vendor/google/apiclient-services/src/ShoppingContent/ListReturnPolicyOnlineResponse.php
OK	/htdocs/application/third_party/omnipay/vendor/google/apiclient-services/src/ShoppingContent/MerchantRejectionReason.php
OK	/htdocs/application/third_party/omnipay/vendor/google/apiclient-services/src/ShoppingContent/OrderCustomerMarketingRightsInfo.php
OK	/htdocs/application/third_party/omnipay/vendor/google/apiclient-services/src/ShoppingContent/OrderLineItemProductVariantAttribute.php
OK	/htdocs/application/third_party/omnipay/vendor/google/apiclient-services/src/ShoppingContent/OrderreportsListDisbursementsResponse.php
OK	/htdocs/application/third_party/omnipay/vendor/google/apiclient-services/src/ShoppingContent/OrderreturnsProcessResponse.php
OK	/htdocs/application/third_party/omnipay/vendor/google/apiclient-services/src/ShoppingContent/OrdersCancelTestOrderByCustomerResponse.php
OK	/htdocs/application/third_party/omnipay/vendor/google/apiclient-services/src/ShoppingContent/OrderShipment.php
OK	/htdocs/application/third_party/omnipay/vendor/google/apiclient-services/src/ShoppingContent/OrdersReturnRefundLineItemRequest.php
OK	/htdocs/application/third_party/omnipay/vendor/google/apiclient-services/src/ShoppingContent/OrderTrackingSignal.php
OK	/htdocs/application/third_party/omnipay/vendor/google/apiclient-services/src/ShoppingContent/PosDataProviders.php
OK	/htdocs/application/third_party/omnipay/vendor/google/apiclient-services/src/ShoppingContent/Price.php
OK	/htdocs/application/third_party/omnipay/vendor/google/apiclient-services/src/ShoppingContent/ProductId.php
OK	/htdocs/application/third_party/omnipay/vendor/google/apiclient-services/src/ShoppingContent/ProductStatus.php
OK	/htdocs/application/third_party/omnipay/vendor/google/apiclient-services/src/ShoppingContent/ProductTax.php
OK	/htdocs/application/third_party/omnipay/vendor/google/apiclient-services/src/ShoppingContent/PromotionPromotionStatusPromotionIssue.php
OK	/htdocs/application/third_party/omnipay/vendor/google/apiclient-services/src/ShoppingContent/RegionalinventoryCustomBatchResponse.php
OK	/htdocs/application/third_party/omnipay/vendor/google/apiclient-services/src/ShoppingContent/RepricingProductReportBuyboxWinningProductStats.php
OK	/htdocs/application/third_party/omnipay/vendor/google/apiclient-services/src/ShoppingContent/RequestPhoneVerificationRequest.php
OK	/htdocs/application/third_party/omnipay/vendor/google/apiclient-services/src/ShoppingContent/ReturnPolicy.php
OK	/htdocs/application/third_party/omnipay/vendor/google/apiclient-services/src/ShoppingContent/ReturnPolicySeasonalOverride.php
OK	/htdocs/application/third_party/omnipay/vendor/google/apiclient-services/src/ShoppingContent/SettlementReport.php
OK	/htdocs/application/third_party/omnipay/vendor/google/apiclient-services/src/ShoppingContent/ShippingsettingsCustomBatchRequest.php
OK	/htdocs/application/third_party/omnipay/vendor/google/apiclient-services/src/ShoppingContent/TestOrder.php
OK	/htdocs/application/third_party/omnipay/vendor/google/apiclient-services/src/ShoppingContent/TransitTableTransitTimeRow.php
OK	/htdocs/application/third_party/omnipay/vendor/google/apiclient-services/src/ShoppingContent/Warehouse.php
OK	/htdocs/application/third_party/omnipay/vendor/google/apiclient-services/src/ShoppingContent/Resource/Accounttax.php
OK	/htdocs/application/third_party/omnipay/vendor/google/apiclient-services/src/ShoppingContent/Resource/Localinventory.php
OK	/htdocs/application/third_party/omnipay/vendor/google/apiclient-services/src/ShoppingContent/Resource/ProductstatusesRepricingreports.php
OK	/htdocs/application/third_party/omnipay/vendor/google/apiclient-services/src/ShoppingContent/Resource/Returnpolicyonline.php
OK	/htdocs/application/third_party/omnipay/vendor/google/apiclient-services/src/Slides/AffineTransform.php
OK	/htdocs/application/third_party/omnipay/vendor/google/apiclient-services/src/Slides/CreateParagraphBulletsRequest.php
OK	/htdocs/application/third_party/omnipay/vendor/google/apiclient-services/src/Slides/DeleteObjectRequest.php
OK	/htdocs/application/third_party/omnipay/vendor/google/apiclient-services/src/Slides/ImageProperties.php
OK	/htdocs/application/third_party/omnipay/vendor/google/apiclient-services/src/Slides/MasterProperties.php
OK	/htdocs/application/third_party/omnipay/vendor/google/apiclient-services/src/Slides/PageProperties.php
OK	/htdocs/application/third_party/omnipay/vendor/google/apiclient-services/src/Slides/ReplaceAllTextRequest.php
OK	/htdocs/application/third_party/omnipay/vendor/google/apiclient-services/src/Slides/SheetsChartProperties.php
OK	/htdocs/application/third_party/omnipay/vendor/google/apiclient-services/src/Slides/TableBorderProperties.php
OK	/htdocs/application/third_party/omnipay/vendor/google/apiclient-services/src/Slides/TextRun.php
OK	/htdocs/application/third_party/omnipay/vendor/google/apiclient-services/src/Slides/UpdatePagePropertiesRequest.php
OK	/htdocs/application/third_party/omnipay/vendor/google/apiclient-services/src/Slides/VideoProperties.php
OK	/htdocs/application/third_party/omnipay/vendor/google/apiclient-services/src/SmartDeviceManagement/GoogleHomeEnterpriseSdmV1ParentRelation.php
OK	/htdocs/application/third_party/omnipay/vendor/google/apiclient-services/src/Solar/FinancialAnalysis.php
OK	/htdocs/application/third_party/omnipay/vendor/google/apiclient-services/src/Solar/SolarPanelConfig.php
OK	/htdocs/application/third_party/omnipay/vendor/google/apiclient-services/src/Spanner/Backup.php
OK	/htdocs/application/third_party/omnipay/vendor/google/apiclient-services/src/Spanner/ChangeQuorumRequest.php
OK	/htdocs/application/third_party/omnipay/vendor/google/apiclient-services/src/Spanner/CreateDatabaseRequest.php
OK	/htdocs/application/third_party/omnipay/vendor/google/apiclient-services/src/Spanner/Delete.php
OK	/htdocs/application/third_party/omnipay/vendor/google/apiclient-services/src/Spanner/Field.php
OK	/htdocs/application/third_party/omnipay/vendor/google/apiclient-services/src/Spanner/InstanceConfig.php
OK	/htdocs/application/third_party/omnipay/vendor/google/apiclient-services/src/Spanner/ListDatabaseOperationsResponse.php
OK	/htdocs/application/third_party/omnipay/vendor/google/apiclient-services/src/Spanner/Metric.php
OK	/htdocs/application/third_party/omnipay/vendor/google/apiclient-services/src/Spanner/PartitionedDml.php
OK	/htdocs/application/third_party/omnipay/vendor/google/apiclient-services/src/Spanner/QuorumType.php
OK	/htdocs/application/third_party/omnipay/vendor/google/apiclient-services/src/Spanner/ResultSetMetadata.php
OK	/htdocs/application/third_party/omnipay/vendor/google/apiclient-services/src/Spanner/Statement.php
OK	/htdocs/application/third_party/omnipay/vendor/google/apiclient-services/src/Spanner/UpdateDatabaseRequest.php
OK	/htdocs/application/third_party/omnipay/vendor/google/apiclient-services/src/Spanner/Resource/ProjectsInstanceConfigsOperations.php
OK	/htdocs/application/third_party/omnipay/vendor/google/apiclient-services/src/Spanner/Resource/ProjectsInstancesDatabasesSessions.php
OK	/htdocs/application/third_party/omnipay/vendor/google/apiclient-services/src/Speech/ListCustomClassesResponse.php
OK	/htdocs/application/third_party/omnipay/vendor/google/apiclient-services/src/Speech/RecognizeRequest.php
OK	/htdocs/application/third_party/omnipay/vendor/google/apiclient-services/src/Speech/WordInfo.php
OK	/htdocs/application/third_party/omnipay/vendor/google/apiclient-services/src/SQLAdmin/Backup.php
OK	/htdocs/application/third_party/omnipay/vendor/google/apiclient-services/src/SQLAdmin/DatabaseInstance.php
OK	/htdocs/application/third_party/omnipay/vendor/google/apiclient-services/src/SQLAdmin/ExportContextBakExportOptions.php
OK	/htdocs/application/third_party/omnipay/vendor/google/apiclient-services/src/SQLAdmin/GenerateEphemeralCertResponse.php
OK	/htdocs/application/third_party/omnipay/vendor/google/apiclient-services/src/SQLAdmin/InstancesDemoteMasterRequest.php
OK	/htdocs/application/third_party/omnipay/vendor/google/apiclient-services/src/SQLAdmin/InstancesTruncateLogRequest.php
OK	/htdocs/application/third_party/omnipay/vendor/google/apiclient-services/src/SQLAdmin/OperationErrors.php
OK	/htdocs/application/third_party/omnipay/vendor/google/apiclient-services/src/SQLAdmin/RotateServerCaContext.php
OK	/htdocs/application/third_party/omnipay/vendor/google/apiclient-services/src/SQLAdmin/SqlInstancesResetReplicaSizeRequest.php
OK	/htdocs/application/third_party/omnipay/vendor/google/apiclient-services/src/SQLAdmin/SslCertsCreateEphemeralRequest.php
OK	/htdocs/application/third_party/omnipay/vendor/google/apiclient-services/src/SQLAdmin/Resource/Backups.php
OK	/htdocs/application/third_party/omnipay/vendor/google/apiclient-services/src/Storage/AdvanceRelocateBucketOperationRequest.php
OK	/htdocs/application/third_party/omnipay/vendor/google/apiclient-services/src/Storage/BucketHierarchicalNamespace.php
OK	/htdocs/application/third_party/omnipay/vendor/google/apiclient-services/src/Storage/BucketObjectRetention.php
OK	/htdocs/application/third_party/omnipay/vendor/google/apiclient-services/src/Storage/ComposeRequest.php
OK	/htdocs/application/third_party/omnipay/vendor/google/apiclient-services/src/Storage/HmacKeysMetadata.php
OK	/htdocs/application/third_party/omnipay/vendor/google/apiclient-services/src/Storage/RelocateBucketRequestDestinationCustomPlacementConfig.php
OK	/htdocs/application/third_party/omnipay/vendor/google/apiclient-services/src/Storage/Resource/Channels.php
OK	/htdocs/application/third_party/omnipay/vendor/google/apiclient-services/src/Storagetransfer/AwsAccessKey.php
OK	/htdocs/application/third_party/omnipay/vendor/google/apiclient-services/src/Storagetransfer/EventStream.php
OK	/htdocs/application/third_party/omnipay/vendor/google/apiclient-services/src/Storagetransfer/MetadataTaskSpec.php
OK	/htdocs/application/third_party/omnipay/vendor/google/apiclient-services/src/Storagetransfer/Schedule.php
OK	/htdocs/application/third_party/omnipay/vendor/google/apiclient-services/src/Storagetransfer/Resource/Projects.php
OK	/htdocs/application/third_party/omnipay/vendor/google/apiclient-services/src/StreetViewPublish/ImuDataGapFailureDetails.php
OK	/htdocs/application/third_party/omnipay/vendor/google/apiclient-services/src/StreetViewPublish/PhotoId.php
OK	/htdocs/application/third_party/omnipay/vendor/google/apiclient-services/src/StreetViewPublish/Resource/PhotoSequence.php
OK	/htdocs/application/third_party/omnipay/vendor/google/apiclient-services/src/TagManager/Client.php
OK	/htdocs/application/third_party/omnipay/vendor/google/apiclient-services/src/TagManager/Entity.php
OK	/htdocs/application/third_party/omnipay/vendor/google/apiclient-services/src/TagManager/ListDestinationsResponse.php
OK	/htdocs/application/third_party/omnipay/vendor/google/apiclient-services/src/TagManager/ListZonesResponse.php
OK	/htdocs/application/third_party/omnipay/vendor/google/apiclient-services/src/TagManager/RevertVariableResponse.php
OK	/htdocs/application/third_party/omnipay/vendor/google/apiclient-services/src/TagManager/VariableFormatValue.php
OK	/htdocs/application/third_party/omnipay/vendor/google/apiclient-services/src/TagManager/Resource/AccountsContainersWorkspaces.php
OK	/htdocs/application/third_party/omnipay/vendor/google/apiclient-services/src/Tasks/AssignmentInfo.php
OK	/htdocs/application/third_party/omnipay/vendor/google/apiclient-services/src/Testing/AndroidDeviceCatalog.php
OK	/htdocs/application/third_party/omnipay/vendor/google/apiclient-services/src/Testing/AppBundle.php
OK	/htdocs/application/third_party/omnipay/vendor/google/apiclient-services/src/Testing/Environment.php
OK	/htdocs/application/third_party/omnipay/vendor/google/apiclient-services/src/Testing/IosModel.php
OK	/htdocs/application/third_party/omnipay/vendor/google/apiclient-services/src/Testing/MatrixErrorDetail.php
OK	/htdocs/application/third_party/omnipay/vendor/google/apiclient-services/src/Testing/RoboDirective.php
OK	/htdocs/application/third_party/omnipay/vendor/google/apiclient-services/src/Testing/TestingEmpty.php
OK	/htdocs/application/third_party/omnipay/vendor/google/apiclient-services/src/Testing/XcodeVersion.php
OK	/htdocs/application/third_party/omnipay/vendor/google/apiclient-services/src/Texttospeech/GenerateVoiceCloningKeyRequest.php
OK	/htdocs/application/third_party/omnipay/vendor/google/apiclient-services/src/Texttospeech/SynthesizeLongAudioMetadata.php
OK	/htdocs/application/third_party/omnipay/vendor/google/apiclient-services/src/Texttospeech/Resource/ProjectsLocationsDatasets.php
OK	/htdocs/application/third_party/omnipay/vendor/google/apiclient-services/src/ToolResults/AppStartTime.php
OK	/htdocs/application/third_party/omnipay/vendor/google/apiclient-services/src/ToolResults/EncounteredLoginScreen.php
OK	/htdocs/application/third_party/omnipay/vendor/google/apiclient-services/src/ToolResults/Image.php
OK	/htdocs/application/third_party/omnipay/vendor/google/apiclient-services/src/ToolResults/ListEnvironmentsResponse.php
OK	/htdocs/application/third_party/omnipay/vendor/google/apiclient-services/src/ToolResults/MemoryInfo.php
OK	/htdocs/application/third_party/omnipay/vendor/google/apiclient-services/src/ToolResults/PerfMetricsSummary.php
OK	/htdocs/application/third_party/omnipay/vendor/google/apiclient-services/src/ToolResults/Screen.php
OK	/htdocs/application/third_party/omnipay/vendor/google/apiclient-services/src/ToolResults/SuccessDetail.php
OK	/htdocs/application/third_party/omnipay/vendor/google/apiclient-services/src/ToolResults/ToolExecutionStep.php
OK	/htdocs/application/third_party/omnipay/vendor/google/apiclient-services/src/ToolResults/Resource/ProjectsHistoriesExecutionsClusters.php
OK	/htdocs/application/third_party/omnipay/vendor/google/apiclient-services/src/TPU/ActiveData.php
OK	/htdocs/application/third_party/omnipay/vendor/google/apiclient-services/src/TPU/GuestAttributesValue.php
OK	/htdocs/application/third_party/omnipay/vendor/google/apiclient-services/src/TPU/NetworkEndpoint.php
OK	/htdocs/application/third_party/omnipay/vendor/google/apiclient-services/src/TPU/SchedulingConfig.php
OK	/htdocs/application/third_party/omnipay/vendor/google/apiclient-services/src/TPU/Tpu.php
OK	/htdocs/application/third_party/omnipay/vendor/google/apiclient-services/src/TrafficDirectorService/ClientConfig.php
OK	/htdocs/application/third_party/omnipay/vendor/google/apiclient-services/src/TrafficDirectorService/DynamicScopedRouteConfigs.php
OK	/htdocs/application/third_party/omnipay/vendor/google/apiclient-services/src/TrafficDirectorService/NullMatch.php
OK	/htdocs/application/third_party/omnipay/vendor/google/apiclient-services/src/TrafficDirectorService/StaticListener.php
OK	/htdocs/application/third_party/omnipay/vendor/google/apiclient-services/src/Transcoder/AnimationFade.php
OK	/htdocs/application/third_party/omnipay/vendor/google/apiclient-services/src/Transcoder/DashConfig.php
OK	/htdocs/application/third_party/omnipay/vendor/google/apiclient-services/src/Transcoder/H264ColorFormatHLG.php
OK	/htdocs/application/third_party/omnipay/vendor/google/apiclient-services/src/Transcoder/ListJobTemplatesResponse.php
OK	/htdocs/application/third_party/omnipay/vendor/google/apiclient-services/src/Transcoder/Progress.php
OK	/htdocs/application/third_party/omnipay/vendor/google/apiclient-services/src/Transcoder/VideoStream.php
OK	/htdocs/application/third_party/omnipay/vendor/google/apiclient-services/src/Translate/AdaptiveMtSentence.php
OK	/htdocs/application/third_party/omnipay/vendor/google/apiclient-services/src/Translate/DetectedLanguage.php
OK	/htdocs/application/third_party/omnipay/vendor/google/apiclient-services/src/Translate/GcsSource.php
OK	/htdocs/application/third_party/omnipay/vendor/google/apiclient-services/src/Translate/InputFile.php
OK	/htdocs/application/third_party/omnipay/vendor/google/apiclient-services/src/Translate/ListOperationsResponse.php
OK	/htdocs/application/third_party/omnipay/vendor/google/apiclient-services/src/Translate/SupportedLanguage.php
OK	/htdocs/application/third_party/omnipay/vendor/google/apiclient-services/src/Translate/Resource/ProjectsLocations.php
OK	/htdocs/application/third_party/omnipay/vendor/google/apiclient-services/src/TravelImpactModel/ComputeFlightEmissionsResponse.php
OK	/htdocs/application/third_party/omnipay/vendor/google/apiclient-services/src/Vault/AddHeldAccountsResponse.php
OK	/htdocs/application/third_party/omnipay/vendor/google/apiclient-services/src/Vault/CountArtifactsResponse.php
OK	/htdocs/application/third_party/omnipay/vendor/google/apiclient-services/src/Vault/HangoutsChatExportOptions.php
OK	/htdocs/application/third_party/omnipay/vendor/google/apiclient-services/src/Vault/ListExportsResponse.php
OK	/htdocs/application/third_party/omnipay/vendor/google/apiclient-services/src/Vault/OrgUnitInfo.php
OK	/htdocs/application/third_party/omnipay/vendor/google/apiclient-services/src/Vault/UndeleteMatterRequest.php
OK	/htdocs/application/third_party/omnipay/vendor/google/apiclient-services/src/Verifiedaccess/CrowdStrikeAgent.php
OK	/htdocs/application/third_party/omnipay/vendor/google/apiclient-services/src/VersionHistory/ListVersionsResponse.php
OK	/htdocs/application/third_party/omnipay/vendor/google/apiclient-services/src/Vision/AnnotateImageResponse.php
OK	/htdocs/application/third_party/omnipay/vendor/google/apiclient-services/src/Vision/Block.php
OK	/htdocs/application/third_party/omnipay/vendor/google/apiclient-services/src/Vision/FaceAnnotation.php
OK	/htdocs/application/third_party/omnipay/vendor/google/apiclient-services/src/Vision/GoogleCloudVisionV1p1beta1CropHintsAnnotation.php
OK	/htdocs/application/third_party/omnipay/vendor/google/apiclient-services/src/Vision/GoogleCloudVisionV1p1beta1NormalizedVertex.php
OK	/htdocs/application/third_party/omnipay/vendor/google/apiclient-services/src/Vision/GoogleCloudVisionV1p1beta1Property.php
OK	/htdocs/application/third_party/omnipay/vendor/google/apiclient-services/src/Vision/GoogleCloudVisionV1p1beta1WebDetectionWebPage.php
OK	/htdocs/application/third_party/omnipay/vendor/google/apiclient-services/src/Vision/GoogleCloudVisionV1p2beta1EntityAnnotation.php
OK	/htdocs/application/third_party/omnipay/vendor/google/apiclient-services/src/Vision/GoogleCloudVisionV1p2beta1OutputConfig.php
OK	/htdocs/application/third_party/omnipay/vendor/google/apiclient-services/src/Vision/GoogleCloudVisionV1p2beta1Symbol.php
OK	/htdocs/application/third_party/omnipay/vendor/google/apiclient-services/src/Vision/GoogleCloudVisionV1p3beta1AnnotateFileResponse.php
OK	/htdocs/application/third_party/omnipay/vendor/google/apiclient-services/src/Vision/GoogleCloudVisionV1p3beta1FaceAnnotation.php
OK	/htdocs/application/third_party/omnipay/vendor/google/apiclient-services/src/Vision/GoogleCloudVisionV1p3beta1OutputConfig.php
OK	/htdocs/application/third_party/omnipay/vendor/google/apiclient-services/src/Vision/GoogleCloudVisionV1p3beta1SafeSearchAnnotation.php
OK	/htdocs/application/third_party/omnipay/vendor/google/apiclient-services/src/Vision/GoogleCloudVisionV1p3beta1Word.php
OK	/htdocs/application/third_party/omnipay/vendor/google/apiclient-services/src/Vision/GoogleCloudVisionV1p4beta1CropHint.php
OK	/htdocs/application/third_party/omnipay/vendor/google/apiclient-services/src/Vision/GoogleCloudVisionV1p4beta1InputConfig.php
OK	/htdocs/application/third_party/omnipay/vendor/google/apiclient-services/src/Vision/GoogleCloudVisionV1p4beta1ProductSearchResultsGroupedResult.php
OK	/htdocs/application/third_party/omnipay/vendor/google/apiclient-services/src/Vision/GoogleCloudVisionV1p4beta1WebDetection.php
OK	/htdocs/application/third_party/omnipay/vendor/google/apiclient-services/src/Vision/ImportProductSetsGcsSource.php
OK	/htdocs/application/third_party/omnipay/vendor/google/apiclient-services/src/Vision/ListProductsResponse.php
OK	/htdocs/application/third_party/omnipay/vendor/google/apiclient-services/src/Vision/Product.php
OK	/htdocs/application/third_party/omnipay/vendor/google/apiclient-services/src/Vision/Symbol.php
OK	/htdocs/application/third_party/omnipay/vendor/google/apiclient-services/src/Vision/Word.php
OK	/htdocs/application/third_party/omnipay/vendor/google/apiclient-services/src/Vision/Resource/ProjectsLocationsOperations.php
OK	/htdocs/application/third_party/omnipay/vendor/google/apiclient-services/src/VMMigrationService/AvailableUpdates.php
OK	/htdocs/application/third_party/omnipay/vendor/google/apiclient-services/src/VMMigrationService/BootDiskDefaults.php
OK	/htdocs/application/third_party/omnipay/vendor/google/apiclient-services/src/VMMigrationService/ComputeEngineDisksTargetDetails.php
OK	/htdocs/application/third_party/omnipay/vendor/google/apiclient-services/src/VMMigrationService/DiskImageDefaults.php
OK	/htdocs/application/third_party/omnipay/vendor/google/apiclient-services/src/VMMigrationService/ImageImportJob.php
OK	/htdocs/application/third_party/omnipay/vendor/google/apiclient-services/src/VMMigrationService/ListImageImportsResponse.php
OK	/htdocs/application/third_party/omnipay/vendor/google/apiclient-services/src/VMMigrationService/MachineImageTargetDetails.php
OK	/htdocs/application/third_party/omnipay/vendor/google/apiclient-services/src/VMMigrationService/PersistentDisk.php
OK	/htdocs/application/third_party/omnipay/vendor/google/apiclient-services/src/VMMigrationService/SchedulePolicy.php
OK	/htdocs/application/third_party/omnipay/vendor/google/apiclient-services/src/VMMigrationService/UpgradeApplianceRequest.php
OK	/htdocs/application/third_party/omnipay/vendor/google/apiclient-services/src/VMMigrationService/VmwareVmsDetails.php
OK	/htdocs/application/third_party/omnipay/vendor/google/apiclient-services/src/VMMigrationService/Resource/ProjectsLocationsSourcesMigratingVmsCutoverJobs.php
OK	/htdocs/application/third_party/omnipay/vendor/google/apiclient-services/src/VMwareEngine/Credentials.php
OK	/htdocs/application/third_party/omnipay/vendor/google/apiclient-services/src/VMwareEngine/IpRange.php
OK	/htdocs/application/third_party/omnipay/vendor/google/apiclient-services/src/VMwareEngine/ListNodeTypesResponse.php
OK	/htdocs/application/third_party/omnipay/vendor/google/apiclient-services/src/VMwareEngine/ManagementCluster.php
OK	/htdocs/application/third_party/omnipay/vendor/google/apiclient-services/src/VMwareEngine/PeeringRoute.php
OK	/htdocs/application/third_party/omnipay/vendor/google/apiclient-services/src/VMwareEngine/StretchedClusterConfig.php
OK	/htdocs/application/third_party/omnipay/vendor/google/apiclient-services/src/VMwareEngine/VmwareUpgradeComponent.php
OK	/htdocs/application/third_party/omnipay/vendor/google/apiclient-services/src/VMwareEngine/Resource/ProjectsLocationsPrivateClouds.php
OK	/htdocs/application/third_party/omnipay/vendor/google/apiclient-services/src/VMwareEngine/Resource/ProjectsLocationsVmwareengineGlobalDnsBindPermission.php
OK	/htdocs/application/third_party/omnipay/vendor/google/apiclient-services/src/Walletobjects/Barcode.php
OK	/htdocs/application/third_party/omnipay/vendor/google/apiclient-services/src/Walletobjects/ClassTemplateInfo.php
OK	/htdocs/application/third_party/omnipay/vendor/google/apiclient-services/src/Walletobjects/DiscoverableProgram.php
OK	/htdocs/application/third_party/omnipay/vendor/google/apiclient-services/src/Walletobjects/EventTicketObjectListResponse.php
OK	/htdocs/application/third_party/omnipay/vendor/google/apiclient-services/src/Walletobjects/FlightObjectAddMessageResponse.php
OK	/htdocs/application/third_party/omnipay/vendor/google/apiclient-services/src/Walletobjects/GiftCardObject.php
OK	/htdocs/application/third_party/omnipay/vendor/google/apiclient-services/src/Walletobjects/JwtInsertResponse.php
OK	/htdocs/application/third_party/omnipay/vendor/google/apiclient-services/src/Walletobjects/LoyaltyObjectAddMessageResponse.php
OK	/htdocs/application/third_party/omnipay/vendor/google/apiclient-services/src/Walletobjects/Notifications.php
OK	/htdocs/application/third_party/omnipay/vendor/google/apiclient-services/src/Walletobjects/PrivateText.php
OK	/htdocs/application/third_party/omnipay/vendor/google/apiclient-services/src/Walletobjects/SetPassUpdateNoticeRequest.php
OK	/htdocs/application/third_party/omnipay/vendor/google/apiclient-services/src/Walletobjects/TransitClass.php
OK	/htdocs/application/third_party/omnipay/vendor/google/apiclient-services/src/Walletobjects/UploadPrivateImageRequest.php
OK	/htdocs/application/third_party/omnipay/vendor/google/apiclient-services/src/Walletobjects/Resource/Issuer.php
OK	/htdocs/application/third_party/omnipay/vendor/google/apiclient-services/src/Walletobjects/Resource/WalletobjectsV1.php
OK	/htdocs/application/third_party/omnipay/vendor/google/apiclient-services/src/Webmasters/SitesListResponse.php
OK	/htdocs/application/third_party/omnipay/vendor/google/apiclient-services/src/WebRisk/GoogleCloudWebriskV1SearchHashesResponse.php
OK	/htdocs/application/third_party/omnipay/vendor/google/apiclient-services/src/WebRisk/GoogleProtobufEmpty.php
OK	/htdocs/application/third_party/omnipay/vendor/google/apiclient-services/src/WorkflowExecutions/Error.php
OK	/htdocs/application/third_party/omnipay/vendor/google/apiclient-services/src/WorkflowExecutions/StateError.php
OK	/htdocs/application/third_party/omnipay/vendor/google/apiclient-services/src/WorkflowExecutions/Resource/ProjectsLocationsWorkflowsExecutionsCallbacks.php
OK	/htdocs/application/third_party/omnipay/vendor/google/apiclient-services/src/Workflows/WorkflowsEmpty.php
OK	/htdocs/application/third_party/omnipay/vendor/google/apiclient-services/src/WorkloadManager/CancelOperationRequest.php
OK	/htdocs/application/third_party/omnipay/vendor/google/apiclient-services/src/WorkloadManager/ExtraParameter.php
OK	/htdocs/application/third_party/omnipay/vendor/google/apiclient-services/src/WorkloadManager/ListRulesResponse.php
OK	/htdocs/application/third_party/omnipay/vendor/google/apiclient-services/src/WorkloadManager/RequirementOverride.php
OK	/htdocs/application/third_party/omnipay/vendor/google/apiclient-services/src/WorkloadManager/SapDiscoveryMetadata.php
OK	/htdocs/application/third_party/omnipay/vendor/google/apiclient-services/src/WorkloadManager/ScannedResource.php
OK	/htdocs/application/third_party/omnipay/vendor/google/apiclient-services/src/WorkloadManager/ThreeTierWorkloadOverview.php
OK	/htdocs/application/third_party/omnipay/vendor/google/apiclient-services/src/WorkloadManager/Resource/ProjectsLocationsEvaluations.php
OK	/htdocs/application/third_party/omnipay/vendor/google/apiclient-services/src/WorkspaceEvents/PayloadOptions.php
OK	/htdocs/application/third_party/omnipay/vendor/google/apiclient-services/src/YouTube/ActivityContentDetailsChannelItem.php
OK	/htdocs/application/third_party/omnipay/vendor/google/apiclient-services/src/YouTube/Caption.php
OK	/htdocs/application/third_party/omnipay/vendor/google/apiclient-services/src/YouTube/ChannelConversionPings.php
OK	/htdocs/application/third_party/omnipay/vendor/google/apiclient-services/src/YouTube/ChannelStatistics.php
OK	/htdocs/application/third_party/omnipay/vendor/google/apiclient-services/src/YouTube/CommentThreadReplies.php
OK	/htdocs/application/third_party/omnipay/vendor/google/apiclient-services/src/YouTube/I18nRegionSnippet.php
OK	/htdocs/application/third_party/omnipay/vendor/google/apiclient-services/src/YouTube/LiveBroadcastSnippet.php
OK	/htdocs/application/third_party/omnipay/vendor/google/apiclient-services/src/YouTube/LiveChatMessageListResponse.php
OK	/htdocs/application/third_party/omnipay/vendor/google/apiclient-services/src/YouTube/LiveChatTextMessageDetails.php
OK	/htdocs/application/third_party/omnipay/vendor/google/apiclient-services/src/YouTube/MemberListResponse.php
OK	/htdocs/application/third_party/omnipay/vendor/google/apiclient-services/src/YouTube/PlaylistImage.php
OK	/htdocs/application/third_party/omnipay/vendor/google/apiclient-services/src/YouTube/PlaylistStatus.php
OK	/htdocs/application/third_party/omnipay/vendor/google/apiclient-services/src/YouTube/SuperChatEvent.php
OK	/htdocs/application/third_party/omnipay/vendor/google/apiclient-services/src/YouTube/ThumbnailSetResponse.php
OK	/htdocs/application/third_party/omnipay/vendor/google/apiclient-services/src/YouTube/VideoContentDetails.php
OK	/htdocs/application/third_party/omnipay/vendor/google/apiclient-services/src/YouTube/VideoProcessingDetails.php
OK	/htdocs/application/third_party/omnipay/vendor/google/apiclient-services/src/YouTube/WatchSettings.php
OK	/htdocs/application/third_party/omnipay/vendor/google/apiclient-services/src/YouTube/Resource/LiveChatBans.php
OK	/htdocs/application/third_party/omnipay/vendor/google/apiclient-services/src/YouTube/Resource/Tests.php
OK	/htdocs/application/third_party/omnipay/vendor/google/apiclient-services/src/YouTube/Resource/YoutubeV3LiveChat.php
OK	/htdocs/application/third_party/omnipay/vendor/google/apiclient-services/src/YouTubeAnalytics/QueryResponse.php
OK	/htdocs/application/third_party/omnipay/vendor/google/apiclient-services/src/YouTubeReporting/GdataDiffVersionResponse.php
OK	/htdocs/application/third_party/omnipay/vendor/google/apiclient-services/src/YouTubeReporting/Resource/JobsReports.php
OK	/htdocs/application/third_party/omnipay/vendor/google/auth/src/ApplicationDefaultCredentials.php
OK	/htdocs/application/third_party/omnipay/vendor/google/auth/src/OAuth2.php
OK	/htdocs/application/third_party/omnipay/vendor/google/auth/src/Credentials/AppIdentityCredentials.php
OK	/htdocs/application/third_party/omnipay/vendor/google/auth/src/CredentialSource/UrlSource.php
OK	/htdocs/application/third_party/omnipay/vendor/google/auth/src/Middleware/ScopedAccessTokenMiddleware.php
OK	/htdocs/application/third_party/omnipay/vendor/guzzlehttp/guzzle/src/functions.php
OK	/htdocs/application/third_party/omnipay/vendor/guzzlehttp/guzzle/src/Utils.php
OK	/htdocs/application/third_party/omnipay/vendor/guzzlehttp/guzzle/src/Exception/ServerException.php
OK	/htdocs/application/third_party/omnipay/vendor/guzzlehttp/promises/CHANGELOG.md
OK	/htdocs/application/third_party/omnipay/vendor/guzzlehttp/promises/src/Promise.php
OK	/htdocs/application/third_party/omnipay/vendor/guzzlehttp/psr7/src/AppendStream.php
OK	/htdocs/application/third_party/omnipay/vendor/guzzlehttp/psr7/src/MimeType.php
OK	/htdocs/application/third_party/omnipay/vendor/guzzlehttp/psr7/src/UploadedFile.php
OK	/htdocs/application/third_party/omnipay/vendor/moneyphp/money/README.md
OK	/htdocs/application/third_party/omnipay/vendor/moneyphp/money/src/MoneyFactory.php
OK	/htdocs/application/third_party/omnipay/vendor/moneyphp/money/src/Currencies/ISOCurrencies.php
OK	/htdocs/application/third_party/omnipay/vendor/moneyphp/money/src/Formatter/AggregateMoneyFormatter.php
OK	/htdocs/application/third_party/omnipay/vendor/monolog/monolog/composer.json
OK	/htdocs/application/third_party/omnipay/vendor/monolog/monolog/src/Monolog/Utils.php
OK	/htdocs/application/third_party/omnipay/vendor/monolog/monolog/src/Monolog/Formatter/JsonFormatter.php
OK	/htdocs/application/third_party/omnipay/vendor/monolog/monolog/src/Monolog/Handler/AbstractSyslogHandler.php
OK	/htdocs/application/third_party/omnipay/vendor/monolog/monolog/src/Monolog/Handler/ErrorLogHandler.php
OK	/htdocs/application/third_party/omnipay/vendor/monolog/monolog/src/Monolog/Handler/HandlerInterface.php
OK	/htdocs/application/third_party/omnipay/vendor/monolog/monolog/src/Monolog/Handler/NewRelicHandler.php
OK	/htdocs/application/third_party/omnipay/vendor/monolog/monolog/src/Monolog/Handler/RollbarHandler.php
OK	/htdocs/application/third_party/omnipay/vendor/monolog/monolog/src/Monolog/Handler/TelegramBotHandler.php
OK	/htdocs/application/third_party/omnipay/vendor/monolog/monolog/src/Monolog/Processor/GitProcessor.php
OK	/htdocs/application/third_party/omnipay/vendor/monolog/monolog/src/Monolog/Processor/UidProcessor.php
OK	/htdocs/application/third_party/omnipay/vendor/mpdf/mpdf/ruleset.xml
OK	/htdocs/application/third_party/omnipay/vendor/mpdf/mpdf/data/entity_substitutions.php
OK	/htdocs/application/third_party/omnipay/vendor/mpdf/mpdf/data/collations/Albanian_Albania.php
OK	/htdocs/application/third_party/omnipay/vendor/mpdf/mpdf/data/collations/Arabic_Pseudo_RTL.php
OK	/htdocs/application/third_party/omnipay/vendor/mpdf/mpdf/data/collations/Bosnian_(Latin)_Bosnia_and_Herzegovina.php
OK	/htdocs/application/third_party/omnipay/vendor/mpdf/mpdf/data/collations/English_Australia.php
OK	/htdocs/application/third_party/omnipay/vendor/mpdf/mpdf/data/collations/English_Trinidad_and_Tobago.php
OK	/htdocs/application/third_party/omnipay/vendor/mpdf/mpdf/data/collations/French_Principality_of_Monaco.php
OK	/htdocs/application/third_party/omnipay/vendor/mpdf/mpdf/data/collations/Hebrew_Israel.php
OK	/htdocs/application/third_party/omnipay/vendor/mpdf/mpdf/data/collations/Kinyarwanda_Rwanda.php
OK	/htdocs/application/third_party/omnipay/vendor/mpdf/mpdf/data/collations/Mongolian_(Cyrillic)_Mongolia.php
OK	/htdocs/application/third_party/omnipay/vendor/mpdf/mpdf/data/collations/Russian_Russia.php
OK	/htdocs/application/third_party/omnipay/vendor/mpdf/mpdf/data/collations/Serbian_(Latin)_Bosnia_and_Herzegovina.php
OK	/htdocs/application/third_party/omnipay/vendor/mpdf/mpdf/data/collations/Spanish_Ecuador.php
OK	/htdocs/application/third_party/omnipay/vendor/mpdf/mpdf/data/collations/Spanish_Uruguay.php
OK	/htdocs/application/third_party/omnipay/vendor/mpdf/mpdf/data/collations/Uzbek_(Cyrillic)_Uzbekistan.php
OK	/htdocs/application/third_party/omnipay/vendor/mpdf/mpdf/data/font/chelveticab.php
OK	/htdocs/application/third_party/omnipay/vendor/mpdf/mpdf/data/patterns/en.php
OK	/htdocs/application/third_party/omnipay/vendor/mpdf/mpdf/src/Cache.php
OK	/htdocs/application/third_party/omnipay/vendor/mpdf/mpdf/src/MpdfImageException.php
OK	/htdocs/application/third_party/omnipay/vendor/mpdf/mpdf/src/Ucdn.php
OK	/htdocs/application/third_party/omnipay/vendor/mpdf/mpdf/src/Barcode/EanExt.php
OK	/htdocs/application/third_party/omnipay/vendor/mpdf/mpdf/src/Config/ConfigVariables.php
OK	/htdocs/application/third_party/omnipay/vendor/mpdf/mpdf/src/Css/TextVars.php
OK	/htdocs/application/third_party/omnipay/vendor/mpdf/mpdf/src/Gif/FileHeader.php
OK	/htdocs/application/third_party/omnipay/vendor/mpdf/mpdf/src/Image/Bmp.php
OK	/htdocs/application/third_party/omnipay/vendor/mpdf/mpdf/src/Pdf/Protection/UniqidGenerator.php
OK	/htdocs/application/third_party/omnipay/vendor/mpdf/mpdf/src/Tag/Bdi.php
OK	/htdocs/application/third_party/omnipay/vendor/mpdf/mpdf/src/Tag/Columns.php
OK	/htdocs/application/third_party/omnipay/vendor/mpdf/mpdf/src/Tag/Font.php
OK	/htdocs/application/third_party/omnipay/vendor/mpdf/mpdf/src/Tag/Hr.php
OK	/htdocs/application/third_party/omnipay/vendor/mpdf/mpdf/src/Tag/Mark.php
OK	/htdocs/application/third_party/omnipay/vendor/mpdf/mpdf/src/Tag/Progress.php
OK	/htdocs/application/third_party/omnipay/vendor/mpdf/mpdf/src/Tag/Strike.php
OK	/htdocs/application/third_party/omnipay/vendor/mpdf/mpdf/src/Tag/TFoot.php
OK	/htdocs/application/third_party/omnipay/vendor/mpdf/mpdf/src/Tag/U.php
OK	/htdocs/application/third_party/omnipay/vendor/mpdf/mpdf/src/Writer/ColorWriter.php
OK	/htdocs/application/third_party/omnipay/vendor/mpdf/mpdf/ttfonts/Abyssinica_SIL.ttf
OK	/htdocs/application/third_party/omnipay/vendor/mpdf/mpdf/ttfonts/DejaVuSansCondensed-Bold.ttf
OK	/htdocs/application/third_party/omnipay/vendor/mpdf/mpdf/ttfonts/DejaVuSerifCondensed-Bold.ttf
OK	/htdocs/application/third_party/omnipay/vendor/mpdf/mpdf/ttfonts/FreeSans.ttf
OK	/htdocs/application/third_party/omnipay/vendor/mpdf/mpdf/ttfonts/GNUFreeFontinfo.txt
OK	/htdocs/application/third_party/omnipay/vendor/mpdf/mpdf/ttfonts/ocrbinfo.txt
OK	/htdocs/application/third_party/omnipay/vendor/mpdf/mpdf/ttfonts/Tharlon-Regular.ttf
OK	/htdocs/application/third_party/omnipay/vendor/mpdf/psr-http-message-shim/src/Request.php
OK	/htdocs/application/third_party/omnipay/vendor/mtdowling/jmespath.php/README.rst
OK	/htdocs/application/third_party/omnipay/vendor/mtdowling/jmespath.php/src/TreeCompiler.php
OK	/htdocs/application/third_party/omnipay/vendor/myclabs/deep-copy/src/DeepCopy/Filter/KeepFilter.php
OK	/htdocs/application/third_party/omnipay/vendor/myclabs/deep-copy/src/DeepCopy/TypeFilter/ReplaceFilter.php
OK	/htdocs/application/third_party/omnipay/vendor/omnipay/common/README.md
OK	/htdocs/application/third_party/omnipay/vendor/omnipay/common/src/Common/ItemBag.php
OK	/htdocs/application/third_party/omnipay/vendor/omnipay/common/src/Common/Http/Exception.php
OK	/htdocs/application/third_party/omnipay/vendor/omnipay/paypal/.gitignore
OK	/htdocs/application/third_party/omnipay/vendor/omnipay/paypal/src/PayPalItem.php
OK	/htdocs/application/third_party/omnipay/vendor/omnipay/paypal/src/Message/ExpressCompletePurchaseResponse.php
OK	/htdocs/application/third_party/omnipay/vendor/omnipay/paypal/src/Message/RefundRequest.php
OK	/htdocs/application/third_party/omnipay/vendor/omnipay/paypal/src/Message/RestDeleteCardRequest.php
OK	/htdocs/application/third_party/omnipay/vendor/omnipay/paypal/src/Message/RestSuspendSubscriptionRequest.php
OK	/htdocs/application/third_party/omnipay/vendor/omnipay/paypal/tests/Message/CaptureRequestTest.php
OK	/htdocs/application/third_party/omnipay/vendor/omnipay/paypal/tests/Message/ProAuthorizeRequestTest.php
OK	/htdocs/application/third_party/omnipay/vendor/omnipay/paypal/tests/Message/RestCreateWebhookRequestTest.php
OK	/htdocs/application/third_party/omnipay/vendor/omnipay/paypal/tests/Message/RestVerifyWebhookSignatureRequestTest.php
OK	/htdocs/application/third_party/omnipay/vendor/omnipay/paypal/tests/Mock/ExpressVoidFailure.txt
OK	/htdocs/application/third_party/omnipay/vendor/omnipay/paypal/tests/Mock/RestPurchaseFailure.txt
OK	/htdocs/application/third_party/omnipay/vendor/omnipay/stripe/makedoc.sh
OK	/htdocs/application/third_party/omnipay/vendor/omnipay/stripe/src/Message/AuthorizeRequest.php
OK	/htdocs/application/third_party/omnipay/vendor/omnipay/stripe/src/Message/DeleteCardRequest.php
OK	/htdocs/application/third_party/omnipay/vendor/omnipay/stripe/src/Message/FetchInvoiceItemRequest.php
OK	/htdocs/application/third_party/omnipay/vendor/omnipay/stripe/src/Message/PurchaseRequest.php
OK	/htdocs/application/third_party/omnipay/vendor/omnipay/stripe/src/Message/PaymentIntents/AttachPaymentMethodRequest.php
OK	/htdocs/application/third_party/omnipay/vendor/omnipay/stripe/src/Message/SetupIntents/AbstractRequest.php
OK	/htdocs/application/third_party/omnipay/vendor/omnipay/stripe/tests/ChargeGatewayTest.php
OK	/htdocs/application/third_party/omnipay/vendor/omnipay/stripe/tests/Message/CreateSubscriptionRequestTest.php
OK	/htdocs/application/third_party/omnipay/vendor/omnipay/stripe/tests/Message/FetchCustomerRequestTest.php
OK	/htdocs/application/third_party/omnipay/vendor/omnipay/stripe/tests/Message/ListInvoicesRequestTest.php
OK	/htdocs/application/third_party/omnipay/vendor/omnipay/stripe/tests/Message/PaymentIntents/AttachPaymentMethodRequestTest.php
OK	/htdocs/application/third_party/omnipay/vendor/omnipay/stripe/tests/Message/PaymentIntents/Mock/AttachPaymentMethodFailure.txt
OK	/htdocs/application/third_party/omnipay/vendor/omnipay/stripe/tests/Message/PaymentIntents/Mock/CreatePaymentMethodSuccess.txt
OK	/htdocs/application/third_party/omnipay/vendor/omnipay/stripe/tests/Message/Transfers/CreateTransferReversalRequestTest.php
OK	/htdocs/application/third_party/omnipay/vendor/omnipay/stripe/tests/Mock/CreateCardSuccess.txt
OK	/htdocs/application/third_party/omnipay/vendor/omnipay/stripe/tests/Mock/CreateTokenSuccess.txt
OK	/htdocs/application/third_party/omnipay/vendor/omnipay/stripe/tests/Mock/DetachSourceSuccess.txt
OK	/htdocs/application/third_party/omnipay/vendor/omnipay/stripe/tests/Mock/FetchEventSuccess.txt
OK	/htdocs/application/third_party/omnipay/vendor/omnipay/stripe/tests/Mock/FetchSubscriptionSchedulesFailure.txt
OK	/htdocs/application/third_party/omnipay/vendor/omnipay/stripe/tests/Mock/PurchaseFailure.txt
OK	/htdocs/application/third_party/omnipay/vendor/omnipay/stripe/tests/Mock/UpdateCustomerSuccess.txt
OK	/htdocs/application/third_party/omnipay/vendor/omnipay/stripe/tests/Mock/Transfers/ListTransferReversalsFailure.txt
OK	/htdocs/application/third_party/omnipay/vendor/paragonie/constant_time_encoding/src/Base64UrlSafe.php
OK	/htdocs/application/third_party/omnipay/vendor/paragonie/random_compat/dist/random_compat.phar.pubkey.asc
OK	/htdocs/application/third_party/omnipay/vendor/php-http/discovery/src/MessageFactoryDiscovery.php
OK	/htdocs/application/third_party/omnipay/vendor/php-http/discovery/src/Exception/NotFoundException.php
OK	/htdocs/application/third_party/omnipay/vendor/php-http/guzzle7-adapter/psalm.baseline.xml
OK	/htdocs/application/third_party/omnipay/vendor/php-http/httplug/src/Exception.php
OK	/htdocs/application/third_party/omnipay/vendor/php-http/message/CHANGELOG.md
OK	/htdocs/application/third_party/omnipay/vendor/php-http/message/src/RequestMatcher.php
OK	/htdocs/application/third_party/omnipay/vendor/php-http/message/src/Decorator/RequestDecorator.php
OK	/htdocs/application/third_party/omnipay/vendor/php-http/message/src/Encoding/Filter/Chunk.php
OK	/htdocs/application/third_party/omnipay/vendor/php-http/message/src/StreamFactory/DiactorosStreamFactory.php
OK	/htdocs/application/third_party/omnipay/vendor/php-http/message-factory/src/MessageFactory.php
OK	/htdocs/application/third_party/omnipay/vendor/php-http/promise/src/RejectedPromise.php
OK	/htdocs/application/third_party/omnipay/vendor/phpseclib/phpseclib/phpseclib/Crypt/DES.php
OK	/htdocs/application/third_party/omnipay/vendor/phpseclib/phpseclib/phpseclib/Crypt/TripleDES.php
OK	/htdocs/application/third_party/omnipay/vendor/phpseclib/phpseclib/phpseclib/Crypt/Common/Formats/Keys/PKCS8.php
OK	/htdocs/application/third_party/omnipay/vendor/phpseclib/phpseclib/phpseclib/Crypt/DSA/PublicKey.php
OK	/htdocs/application/third_party/omnipay/vendor/phpseclib/phpseclib/phpseclib/Crypt/EC/PublicKey.php
OK	/htdocs/application/third_party/omnipay/vendor/phpseclib/phpseclib/phpseclib/Crypt/EC/Curves/brainpoolP224t1.php
OK	/htdocs/application/third_party/omnipay/vendor/phpseclib/phpseclib/phpseclib/Crypt/EC/Curves/Ed448.php
OK	/htdocs/application/third_party/omnipay/vendor/phpseclib/phpseclib/phpseclib/Crypt/EC/Curves/nistt571.php
OK	/htdocs/application/third_party/omnipay/vendor/phpseclib/phpseclib/phpseclib/Crypt/EC/Curves/secp160k1.php
OK	/htdocs/application/third_party/omnipay/vendor/phpseclib/phpseclib/phpseclib/Crypt/EC/Curves/sect113r2.php
OK	/htdocs/application/third_party/omnipay/vendor/phpseclib/phpseclib/phpseclib/Crypt/EC/Curves/sect283r1.php
OK	/htdocs/application/third_party/omnipay/vendor/phpseclib/phpseclib/phpseclib/Crypt/EC/Formats/Keys/PKCS8.php
OK	/htdocs/application/third_party/omnipay/vendor/phpseclib/phpseclib/phpseclib/Crypt/RSA/Formats/Keys/PKCS1.php
OK	/htdocs/application/third_party/omnipay/vendor/phpseclib/phpseclib/phpseclib/Exception/InsufficientSetupException.php
OK	/htdocs/application/third_party/omnipay/vendor/phpseclib/phpseclib/phpseclib/File/X509.php
OK	/htdocs/application/third_party/omnipay/vendor/phpseclib/phpseclib/phpseclib/File/ASN1/Maps/AuthorityKeyIdentifier.php
OK	/htdocs/application/third_party/omnipay/vendor/phpseclib/phpseclib/phpseclib/File/ASN1/Maps/CertificationRequestInfo.php
OK	/htdocs/application/third_party/omnipay/vendor/phpseclib/phpseclib/phpseclib/File/ASN1/Maps/DisplayText.php
OK	/htdocs/application/third_party/omnipay/vendor/phpseclib/phpseclib/phpseclib/File/ASN1/Maps/EncryptedData.php
OK	/htdocs/application/third_party/omnipay/vendor/phpseclib/phpseclib/phpseclib/File/ASN1/Maps/GeneralSubtrees.php
OK	/htdocs/application/third_party/omnipay/vendor/phpseclib/phpseclib/phpseclib/File/ASN1/Maps/netscape_ca_policy_url.php
OK	/htdocs/application/third_party/omnipay/vendor/phpseclib/phpseclib/phpseclib/File/ASN1/Maps/PBEParameter.php
OK	/htdocs/application/third_party/omnipay/vendor/phpseclib/phpseclib/phpseclib/File/ASN1/Maps/Prime_p.php
OK	/htdocs/application/third_party/omnipay/vendor/phpseclib/phpseclib/phpseclib/File/ASN1/Maps/RevokedCertificate.php
OK	/htdocs/application/third_party/omnipay/vendor/phpseclib/phpseclib/phpseclib/File/ASN1/Maps/TerminalIdentifier.php
OK	/htdocs/application/third_party/omnipay/vendor/phpseclib/phpseclib/phpseclib/Math/BigInteger/Engines/OpenSSL.php
OK	/htdocs/application/third_party/omnipay/vendor/phpseclib/phpseclib/phpseclib/Math/BigInteger/Engines/PHP/DefaultEngine.php
OK	/htdocs/application/third_party/omnipay/vendor/phpseclib/phpseclib/phpseclib/Math/PrimeField/Integer.php
OK	/htdocs/application/third_party/omnipay/vendor/psr/cache/src/CacheItemInterface.php
OK	/htdocs/application/third_party/omnipay/vendor/psr/http-factory/LICENSE
OK	/htdocs/application/third_party/omnipay/vendor/psr/http-message/docs/PSR7-Interfaces.md
OK	/htdocs/application/third_party/omnipay/vendor/psr/log/src/AbstractLogger.php
OK	/htdocs/application/third_party/omnipay/vendor/setasign/fpdi/composer.json
OK	/htdocs/application/third_party/omnipay/vendor/setasign/fpdi/src/TcpdfFpdi.php
OK	/htdocs/application/third_party/omnipay/vendor/setasign/fpdi/src/PdfParser/CrossReference/ReaderInterface.php
OK	/htdocs/application/third_party/omnipay/vendor/setasign/fpdi/src/PdfParser/Type/PdfDictionary.php
OK	/htdocs/application/third_party/omnipay/vendor/setasign/fpdi/src/PdfReader/Page.php
OK	/htdocs/application/third_party/omnipay/vendor/sonata-project/google-authenticator/sample/tmpl/ask-for-otp.php
OK	/htdocs/application/third_party/omnipay/vendor/stripe/stripe-php/.gitignore
OK	/htdocs/application/third_party/omnipay/vendor/stripe/stripe-php/lib/AccountSession.php
OK	/htdocs/application/third_party/omnipay/vendor/stripe/stripe-php/lib/BaseStripeClientInterface.php
OK	/htdocs/application/third_party/omnipay/vendor/stripe/stripe-php/lib/Customer.php
OK	/htdocs/application/third_party/omnipay/vendor/stripe/stripe-php/lib/FundingInstructions.php
OK	/htdocs/application/third_party/omnipay/vendor/stripe/stripe-php/lib/Order.php
OK	/htdocs/application/third_party/omnipay/vendor/stripe/stripe-php/lib/ProductFeature.php
OK	/htdocs/application/third_party/omnipay/vendor/stripe/stripe-php/lib/SetupAttempt.php
OK	/htdocs/application/third_party/omnipay/vendor/stripe/stripe-php/lib/Subscription.php
OK	/htdocs/application/third_party/omnipay/vendor/stripe/stripe-php/lib/UsageRecordSummary.php
OK	/htdocs/application/third_party/omnipay/vendor/stripe/stripe-php/lib/ApiOperations/Update.php
OK	/htdocs/application/third_party/omnipay/vendor/stripe/stripe-php/lib/Capital/FinancingSummary.php
OK	/htdocs/application/third_party/omnipay/vendor/stripe/stripe-php/lib/Exception/BadMethodCallException.php
OK	/htdocs/application/third_party/omnipay/vendor/stripe/stripe-php/lib/Exception/OAuth/InvalidClientException.php
OK	/htdocs/application/third_party/omnipay/vendor/stripe/stripe-php/lib/FinancialConnections/Institution.php
OK	/htdocs/application/third_party/omnipay/vendor/stripe/stripe-php/lib/Issuing/Card.php
OK	/htdocs/application/third_party/omnipay/vendor/stripe/stripe-php/lib/Radar/ValueList.php
OK	/htdocs/application/third_party/omnipay/vendor/stripe/stripe-php/lib/Service/BalanceService.php
OK	/htdocs/application/third_party/omnipay/vendor/stripe/stripe-php/lib/Service/EventService.php
OK	/htdocs/application/third_party/omnipay/vendor/stripe/stripe-php/lib/Service/PaymentLinkService.php
OK	/htdocs/application/third_party/omnipay/vendor/stripe/stripe-php/lib/Service/SetupAttemptService.php
OK	/htdocs/application/third_party/omnipay/vendor/stripe/stripe-php/lib/Service/TransferService.php
OK	/htdocs/application/third_party/omnipay/vendor/stripe/stripe-php/lib/Service/Capital/CapitalServiceFactory.php
OK	/htdocs/application/third_party/omnipay/vendor/stripe/stripe-php/lib/Service/Entitlements/FeatureService.php
OK	/htdocs/application/third_party/omnipay/vendor/stripe/stripe-php/lib/Service/Identity/VerificationReportService.php
OK	/htdocs/application/third_party/omnipay/vendor/stripe/stripe-php/lib/Service/Issuing/TransactionService.php
OK	/htdocs/application/third_party/omnipay/vendor/stripe/stripe-php/lib/Service/Tax/FormService.php
OK	/htdocs/application/third_party/omnipay/vendor/stripe/stripe-php/lib/Service/TestHelpers/CustomerService.php
OK	/htdocs/application/third_party/omnipay/vendor/stripe/stripe-php/lib/Service/TestHelpers/Treasury/OutboundPaymentService.php
OK	/htdocs/application/third_party/omnipay/vendor/stripe/stripe-php/lib/Service/Treasury/ReceivedDebitService.php
OK	/htdocs/application/third_party/omnipay/vendor/stripe/stripe-php/lib/Tax/TransactionLineItem.php
OK	/htdocs/application/third_party/omnipay/vendor/stripe/stripe-php/lib/Treasury/OutboundPayment.php
OK	/htdocs/application/third_party/omnipay/vendor/stripe/stripe-php/lib/Util/RequestOptions.php
OK	/htdocs/application/third_party/omnipay/vendor/symfony/http-foundation/CHANGELOG.md
OK	/htdocs/application/third_party/omnipay/vendor/symfony/http-foundation/README.md
OK	/htdocs/application/third_party/omnipay/vendor/symfony/http-foundation/UrlHelper.php
OK	/htdocs/application/third_party/omnipay/vendor/symfony/http-foundation/File/Exception/CannotWriteFileException.php
OK	/htdocs/application/third_party/omnipay/vendor/symfony/http-foundation/RateLimiter/PeekableRequestRateLimiterInterface.php
OK	/htdocs/application/third_party/omnipay/vendor/symfony/http-foundation/Session/Session.php
OK	/htdocs/application/third_party/omnipay/vendor/symfony/http-foundation/Session/Storage/MetadataBag.php
OK	/htdocs/application/third_party/omnipay/vendor/symfony/http-foundation/Session/Storage/Handler/MarshallingSessionHandler.php
OK	/htdocs/application/third_party/omnipay/vendor/symfony/http-foundation/Test/Constraint/RequestAttributeValueSame.php
OK	/htdocs/application/third_party/omnipay/vendor/symfony/polyfill-mbstring/bootstrap80.php
OK	/htdocs/application/third_party/omnipay/vendor/symfony/polyfill-php83/LICENSE
OK	/htdocs/application/third_party/omnipay/vendor/symfony/polyfill-php83/Resources/stubs/Override.php
OK	/htdocs/application/views/resetpassword.php
OK	/htdocs/application/views/admin/resultlist_view.php
OK	/htdocs/application/views/admin/adminuser/adminuserList.php
OK	/htdocs/application/views/admin/book/createbook.php
OK	/htdocs/application/views/admin/certificate/multipleidcard.php
OK	/htdocs/application/views/admin/chat/chat.php
OK	/htdocs/application/views/admin/content/_getuploaddata.php
OK	/htdocs/application/views/admin/exam/examSearch.php
OK	/htdocs/application/views/admin/examgroup/_partialexamstudent.php
OK	/htdocs/application/views/admin/examresult/_printmarksheet.php
OK	/htdocs/application/views/admin/expensehead/expenseheadList.php
OK	/htdocs/application/views/admin/feesforward/index.php
OK	/htdocs/application/views/admin/front/gallery/edit.php
OK	/htdocs/application/views/admin/front/pages/create.php
OK	/htdocs/application/views/admin/frontoffice/dispatchview.php
OK	/htdocs/application/views/admin/frontoffice/receiveview.php
OK	/htdocs/application/views/admin/generatestaffidcard/generatestaffidcardview.php
OK	/htdocs/application/views/admin/income/incomeSearch.php
OK	/htdocs/application/views/admin/itemstock/itemEdit.php
OK	/htdocs/application/views/admin/language/languageSwitcher.php
OK	/htdocs/application/views/admin/librarian/librarianShow.php
OK	/htdocs/application/views/admin/mailsms/schedule/email/edit_email_individual.php
OK	/htdocs/application/views/admin/marksheet/createmarksheet.php
OK	/htdocs/application/views/admin/notification/_emailtemplatedesign.php
OK	/htdocs/application/views/admin/onlineexam/_getexamquestions.php
OK	/htdocs/application/views/admin/payroll/payrollreport.php
OK	/htdocs/application/views/admin/question/read.php
OK	/htdocs/application/views/admin/roles/edit.php
OK	/htdocs/application/views/admin/staff/designation.php
OK	/htdocs/application/views/admin/staff/import/import.php
OK	/htdocs/application/views/admin/subjectattendence/attendenceList.php
OK	/htdocs/application/views/admin/systemfield/index.php
OK	/htdocs/application/views/admin/timetable/timetableEdit.php
OK	/htdocs/application/views/admin/transfercertificate/print_transfer_certificate.php
OK	/htdocs/application/views/admin/video_tutorial/edit.php
OK	/htdocs/application/views/attendencereports/_attendance.php
OK	/htdocs/application/views/emailconfig/emailIndex.php
OK	/htdocs/application/views/errors/html/error_exception.php
OK	/htdocs/application/views/financereports/expense.php
OK	/htdocs/application/views/financereports/studentAcademicReport.php
OK	/htdocs/application/views/homework/homeworkreport.php
OK	/htdocs/application/views/layout/theme-assets.php
OK	/htdocs/application/views/onlineadmission/ccavenue/pay.php
OK	/htdocs/application/views/onlineadmission/payfast/index.php
OK	/htdocs/application/views/onlineadmission/stripe/index.php
OK	/htdocs/application/views/print/printTransportFeesByName.php
OK	/htdocs/application/views/reports/betweenDate.php
OK	/htdocs/application/views/reports/issueinventory.php
OK	/htdocs/application/views/reports/pdfinvoiceno.php
OK	/htdocs/application/views/reports/student_profile.php
OK	/htdocs/application/views/reports/_lesson_plan.php
OK	/htdocs/application/views/setting/attendancetype.php
OK	/htdocs/application/views/setting/permission.php
OK	/htdocs/application/views/student/multiclass.php
OK	/htdocs/application/views/studentfee/getcollectfee.php
OK	/htdocs/application/views/themes/bold_blue/home_slider.php
OK	/htdocs/application/views/themes/darkgray/base_layout.php
OK	/htdocs/application/views/themes/darkgray/pages/online_admission_review.php
OK	/htdocs/application/views/themes/default/pages/annual_calendar.php
OK	/htdocs/application/views/themes/material_pink/layout.php
OK	/htdocs/application/views/themes/shadow_white/footer.php
OK	/htdocs/application/views/themes/shadow_white/pages/page.php
OK	/htdocs/application/views/themes/yellow/pages/editadmission.php
OK	/htdocs/application/views/user/invoice.php
OK	/htdocs/application/views/user/chat/index.php
OK	/htdocs/application/views/user/fees/printFeesByGroupArray.php
OK	/htdocs/application/views/user/gateway/kowri/index.php
OK	/htdocs/application/views/user/gateway/payu/index.php
OK	/htdocs/application/views/user/gateway/walkingm/index.php
OK	/htdocs/application/views/user/onlineexam/onlineexamlist.php
OK	/htdocs/application/views/user/subject/subjectList.php
DONE	2993	0
