OK	/htdocs/application/config/ci-blog.php
OK	/htdocs/application/config/index.html
OK	/htdocs/application/config/ss-constants.php
OK	/htdocs/application/controllers/Feecategory.php
OK	/htdocs/application/controllers/Sessions.php
OK	/htdocs/application/controllers/admin/Admitcard.php
OK	/htdocs/application/controllers/admin/Complainttype.php
OK	/htdocs/application/controllers/admin/Examresult.php
OK	/htdocs/application/controllers/admin/Generalcall.php
OK	/htdocs/application/controllers/admin/Itemcategory.php
OK	/htdocs/application/controllers/admin/Member.php
OK	/htdocs/application/controllers/admin/Receive.php
OK	/htdocs/application/controllers/admin/Stdtransfer.php
OK	/htdocs/application/controllers/admin/Transfercertificate.php
OK	/htdocs/application/controllers/admin/front/Gallery.php
OK	/htdocs/application/controllers/onlineadmission/Cashfree.php
OK	/htdocs/application/controllers/onlineadmission/Onepay.php
OK	/htdocs/application/controllers/onlineadmission/Toyyibpay.php
OK	/htdocs/application/controllers/user/Homework.php
OK	/htdocs/application/controllers/user/Timeline.php
OK	/htdocs/application/controllers/user/gateway/Jazzcash.php
OK	/htdocs/application/controllers/user/gateway/Payu.php
OK	/htdocs/application/helpers/addon_helper.php
OK	/htdocs/application/hooks/index.html
OK	/htdocs/application/language/Arabic/db_lang.php
OK	/htdocs/application/language/Bosnian/db_lang.php
OK	/htdocs/application/language/Croatia/db_lang.php
OK	/htdocs/application/language/English/db_lang.php
OK	/htdocs/application/language/French/db_lang.php
OK	/htdocs/application/language/Greek/db_lang.php
OK	/htdocs/application/language/Hindi/db_lang.php
OK	/htdocs/application/language/Irish/db_lang.php
OK	/htdocs/application/language/Kannada/db_lang.php
OK	/htdocs/application/language/Latin/db_lang.php
OK	/htdocs/application/language/Malagasy/db_lang.php
OK	/htdocs/application/language/Maori/db_lang.php
OK	/htdocs/application/language/Norwegian/db_lang.php
OK	/htdocs/application/language/Punjabi/db_lang.php
OK	/htdocs/application/language/Sinhala/db_lang.php
OK	/htdocs/application/language/Sundanese/db_lang.php
OK	/htdocs/application/language/Tamil/db_lang.php
OK	/htdocs/application/language/Urdu/db_lang.php
OK	/htdocs/application/language/Xhosa/db_lang.php
OK	/htdocs/application/libraries/Aws_mail.php
OK	/htdocs/application/libraries/Enc_lib.php
OK	/htdocs/application/libraries/Module_lib.php
OK	/htdocs/application/libraries/QDMailer.php
OK	/htdocs/application/libraries/Studentmodule_lib.php
OK	/htdocs/application/libraries/PHPMailer/class.pop3.php
OK	/htdocs/application/libraries/PHPMailer/language/phpmailer.lang-az.php
OK	/htdocs/application/libraries/PHPMailer/language/phpmailer.lang-fa.php
OK	/htdocs/application/libraries/PHPMailer/language/phpmailer.lang-ko.php
OK	/htdocs/application/libraries/PHPMailer/language/phpmailer.lang-sl.php
OK	/htdocs/application/libraries/Zend/Barcode/Exception.php
OK	/htdocs/application/libraries/Zend/Barcode/Object/Itf14.php
OK	/htdocs/application/libraries/Zend/Barcode/Renderer/Svg.php
OK	/htdocs/application/libraries/Zend/Validate/Exception.php
OK	/htdocs/application/libraries/Zend/Validate/LessThan.php
OK	/htdocs/application/libraries/Zend/Validate/Barcode/Code93ext.php
OK	/htdocs/application/libraries/Zend/Validate/Barcode/Intelligentmail.php
OK	/htdocs/application/libraries/Zend/Validate/Db/RecordExists.php
OK	/htdocs/application/libraries/Zend/Validate/File/Md5.php
OK	/htdocs/application/libraries/Zend/Validate/Sitemap/Changefreq.php
OK	/htdocs/application/models/Balancefees_model.php
OK	/htdocs/application/models/Class_model.php
OK	/htdocs/application/models/Currency_model.php
OK	/htdocs/application/models/Examstudent_model.php
OK	/htdocs/application/models/Feetype_model.php
OK	/htdocs/application/models/Hostel_model.php
OK	/htdocs/application/models/Language_model.php
OK	/htdocs/application/models/Module_model.php
OK	/htdocs/application/models/Reference_model.php
OK	/htdocs/application/models/Sidebarmenu_model.php
OK	/htdocs/application/models/Studentfee_model.php
OK	/htdocs/application/models/Teachersubject_model.php
OK	/htdocs/application/models/Video_tutorial_model.php
OK	/htdocs/application/third_party/billplz/composer/autoload_files.php
OK	/htdocs/application/third_party/billplz/firebase/php-jwt/src/ExpiredException.php
OK	/htdocs/application/third_party/billplz/guzzlehttp/guzzle/src/ClientTrait.php
OK	/htdocs/application/third_party/billplz/guzzlehttp/guzzle/src/Utils.php
OK	/htdocs/application/third_party/billplz/guzzlehttp/guzzle/src/Exception/ServerException.php
OK	/htdocs/application/third_party/billplz/guzzlehttp/promises/composer.json
OK	/htdocs/application/third_party/billplz/guzzlehttp/promises/src/PromiseInterface.php
OK	/htdocs/application/third_party/billplz/guzzlehttp/psr7/src/CachingStream.php
OK	/htdocs/application/third_party/billplz/guzzlehttp/psr7/src/Request.php
OK	/htdocs/application/third_party/billplz/monolog/monolog/composer.json
OK	/htdocs/application/third_party/billplz/monolog/monolog/src/Monolog/Formatter/ElasticaFormatter.php
OK	/htdocs/application/third_party/billplz/monolog/monolog/src/Monolog/Formatter/MongoDBFormatter.php
OK	/htdocs/application/third_party/billplz/monolog/monolog/src/Monolog/Handler/CubeHandler.php
OK	/htdocs/application/third_party/billplz/monolog/monolog/src/Monolog/Handler/FlowdockHandler.php
OK	/htdocs/application/third_party/billplz/monolog/monolog/src/Monolog/Handler/LogmaticHandler.php
OK	/htdocs/application/third_party/billplz/monolog/monolog/src/Monolog/Handler/ProcessableHandlerTrait.php
OK	/htdocs/application/third_party/billplz/monolog/monolog/src/Monolog/Handler/SqsHandler.php
OK	/htdocs/application/third_party/billplz/monolog/monolog/src/Monolog/Handler/FingersCrossed/ChannelLevelActivationStrategy.php
OK	/htdocs/application/third_party/billplz/monolog/monolog/src/Monolog/Processor/ProcessorInterface.php
OK	/htdocs/application/third_party/billplz/psr/cache/src/CacheItemPoolInterface.php
OK	/htdocs/application/third_party/billplz/psr/http-message/LICENSE
OK	/htdocs/application/third_party/billplz/psr/log/Psr/Log/AbstractLogger.php
OK	/htdocs/application/third_party/billplz/ralouphie/getallheaders/LICENSE
OK	/htdocs/application/third_party/billplz/rize/uri-template/src/Rize/UriTemplate/Node/Expression.php
OK	/htdocs/application/third_party/billplz/rize/uri-template/test/fixtures/transform-json-tests.xslt
OK	/htdocs/application/third_party/jwt/autoload.php
OK	/htdocs/application/third_party/jwt/firebase/php-jwt/composer.json
OK	/htdocs/application/third_party/midtrans/midtrans-php/composer.json
OK	/htdocs/application/third_party/midtrans/midtrans-php/examples/snap/index.php
OK	/htdocs/application/third_party/midtrans/midtrans-php/tests/MidtransConfigTest.php
OK	/htdocs/application/third_party/midtrans/midtrans-php/tests/utility/VtFixture.php
OK	/htdocs/application/third_party/omnipay/vendor/aws/aws-crt-php/src/AWS/CRT/Log.php
OK	/htdocs/application/third_party/omnipay/vendor/aws/aws-crt-php/src/AWS/CRT/Auth/StaticCredentialsProvider.php
OK	/htdocs/application/third_party/omnipay/vendor/aws/aws-sdk-php/LICENSE
OK	/htdocs/application/third_party/omnipay/vendor/aws/aws-sdk-php/src/ConfigurationProviderInterface.php
OK	/htdocs/application/third_party/omnipay/vendor/aws/aws-sdk-php/src/JsonCompiler.php
OK	/htdocs/application/third_party/omnipay/vendor/aws/aws-sdk-php/src/RequestCompressionMiddleware.php
OK	/htdocs/application/third_party/omnipay/vendor/aws/aws-sdk-php/src/WrappedHttpHandler.php
OK	/htdocs/application/third_party/omnipay/vendor/aws/aws-sdk-php/src/AmplifyBackend/Exception/AmplifyBackendException.php
OK	/htdocs/application/third_party/omnipay/vendor/aws/aws-sdk-php/src/Api/ShapeMap.php
OK	/htdocs/application/third_party/omnipay/vendor/aws/aws-sdk-php/src/Api/Parser/Crc32ValidatingParser.php
OK	/htdocs/application/third_party/omnipay/vendor/aws/aws-sdk-php/src/Api/Parser/Exception/ParserException.php
OK	/htdocs/application/third_party/omnipay/vendor/aws/aws-sdk-php/src/ApiGatewayManagementApi/ApiGatewayManagementApiClient.php
OK	/htdocs/application/third_party/omnipay/vendor/aws/aws-sdk-php/src/AppIntegrationsService/AppIntegrationsServiceClient.php
OK	/htdocs/application/third_party/omnipay/vendor/aws/aws-sdk-php/src/AppMesh/AppMeshClient.php
OK	/htdocs/application/third_party/omnipay/vendor/aws/aws-sdk-php/src/ARCZonalShift/ARCZonalShiftClient.php
OK	/htdocs/application/third_party/omnipay/vendor/aws/aws-sdk-php/src/Arn/S3/MultiRegionAccessPointArn.php
OK	/htdocs/application/third_party/omnipay/vendor/aws/aws-sdk-php/src/Auth/AuthSchemeResolver.php
OK	/htdocs/application/third_party/omnipay/vendor/aws/aws-sdk-php/src/BackupGateway/BackupGatewayClient.php
OK	/htdocs/application/third_party/omnipay/vendor/aws/aws-sdk-php/src/BedrockAgent/BedrockAgentClient.php
OK	/htdocs/application/third_party/omnipay/vendor/aws/aws-sdk-php/src/BillingConductor/BillingConductorClient.php
OK	/htdocs/application/third_party/omnipay/vendor/aws/aws-sdk-php/src/ChimeSDKMediaPipelines/ChimeSDKMediaPipelinesClient.php
OK	/htdocs/application/third_party/omnipay/vendor/aws/aws-sdk-php/src/ClientSideMonitoring/AbstractMonitoringMiddleware.php
OK	/htdocs/application/third_party/omnipay/vendor/aws/aws-sdk-php/src/CloudDirectory/CloudDirectoryClient.php
OK	/htdocs/application/third_party/omnipay/vendor/aws/aws-sdk-php/src/CloudHsm/Exception/CloudHsmException.php
OK	/htdocs/application/third_party/omnipay/vendor/aws/aws-sdk-php/src/CloudTrailData/CloudTrailDataClient.php
OK	/htdocs/application/third_party/omnipay/vendor/aws/aws-sdk-php/src/CodeArtifact/CodeArtifactClient.php
OK	/htdocs/application/third_party/omnipay/vendor/aws/aws-sdk-php/src/CodeGuruProfiler/CodeGuruProfilerClient.php
OK	/htdocs/application/third_party/omnipay/vendor/aws/aws-sdk-php/src/CognitoIdentity/CognitoIdentityClient.php
OK	/htdocs/application/third_party/omnipay/vendor/aws/aws-sdk-php/src/ComputeOptimizer/Exception/ComputeOptimizerException.php
OK	/htdocs/application/third_party/omnipay/vendor/aws/aws-sdk-php/src/ConnectContactLens/ConnectContactLensClient.php
OK	/htdocs/application/third_party/omnipay/vendor/aws/aws-sdk-php/src/CostExplorer/CostExplorerClient.php
OK	/htdocs/application/third_party/omnipay/vendor/aws/aws-sdk-php/src/Credentials/InstanceProfileProvider.php
OK	/htdocs/application/third_party/omnipay/vendor/aws/aws-sdk-php/src/Crypto/EncryptionTraitV2.php
OK	/htdocs/application/third_party/omnipay/vendor/aws/aws-sdk-php/src/Crypto/Polyfill/AesGcm.php
OK	/htdocs/application/third_party/omnipay/vendor/aws/aws-sdk-php/src/data/partitions.json.php
OK	/htdocs/application/third_party/omnipay/vendor/aws/aws-sdk-php/src/data/acm/2015-12-08/smoke.json.php
OK	/htdocs/application/third_party/omnipay/vendor/aws/aws-sdk-php/src/data/amplify/2017-07-25/paginators-1.json.php
OK	/htdocs/application/third_party/omnipay/vendor/aws/aws-sdk-php/src/data/apigateway/2015-07-09/smoke.json.php
OK	/htdocs/application/third_party/omnipay/vendor/aws/aws-sdk-php/src/data/appconfigdata/2021-11-11/paginators-1.json.php
OK	/htdocs/application/third_party/omnipay/vendor/aws/aws-sdk-php/src/data/application-autoscaling/2016-02-06/api-2.json.php
OK	/htdocs/application/third_party/omnipay/vendor/aws/aws-sdk-php/src/data/applicationcostprofiler/2020-09-10/paginators-1.json.php
OK	/htdocs/application/third_party/omnipay/vendor/aws/aws-sdk-php/src/data/appstream/2016-12-01/paginators-1.json.php
OK	/htdocs/application/third_party/omnipay/vendor/aws/aws-sdk-php/src/data/arc-zonal-shift/2022-10-30/endpoint-rule-set-1.json.php
OK	/htdocs/application/third_party/omnipay/vendor/aws/aws-sdk-php/src/data/auditmanager/2017-07-25/endpoint-rule-set-1.json.php
OK	/htdocs/application/third_party/omnipay/vendor/aws/aws-sdk-php/src/data/b2bi/2022-06-23/paginators-1.json.php
OK	/htdocs/application/third_party/omnipay/vendor/aws/aws-sdk-php/src/data/batch/2016-08-10/api-2.json.php
OK	/htdocs/application/third_party/omnipay/vendor/aws/aws-sdk-php/src/data/bedrock/2023-04-20/api-2.json.php
OK	/htdocs/application/third_party/omnipay/vendor/aws/aws-sdk-php/src/data/bedrock-data-automation/2023-07-26/endpoint-rule-set-1.json.php
OK	/htdocs/application/third_party/omnipay/vendor/aws/aws-sdk-php/src/data/billing/2023-09-07/paginators-1.json.php
OK	/htdocs/application/third_party/omnipay/vendor/aws/aws-sdk-php/src/data/budgets/2016-10-20/endpoint-rule-set-1.json.php
OK	/htdocs/application/third_party/omnipay/vendor/aws/aws-sdk-php/src/data/chime-sdk-identity/2021-04-20/endpoint-rule-set-1.json.php
OK	/htdocs/application/third_party/omnipay/vendor/aws/aws-sdk-php/src/data/chime-sdk-voice/2022-08-03/endpoint-rule-set-1.json.php
OK	/htdocs/application/third_party/omnipay/vendor/aws/aws-sdk-php/src/data/cloud9/2017-09-23/api-2.json.php
OK	/htdocs/application/third_party/omnipay/vendor/aws/aws-sdk-php/src/data/clouddirectory/2017-01-11/endpoint-rule-set-1.json.php
OK	/htdocs/application/third_party/omnipay/vendor/aws/aws-sdk-php/src/data/cloudfront/2016-01-28/endpoint-rule-set-1.json.php
OK	/htdocs/application/third_party/omnipay/vendor/aws/aws-sdk-php/src/data/cloudfront/2016-09-07/endpoint-rule-set-1.json.php
OK	/htdocs/application/third_party/omnipay/vendor/aws/aws-sdk-php/src/data/cloudfront/2016-11-25/waiters-1.json.php
OK	/htdocs/application/third_party/omnipay/vendor/aws/aws-sdk-php/src/data/cloudfront/2017-10-30/waiters-2.json.php
OK	/htdocs/application/third_party/omnipay/vendor/aws/aws-sdk-php/src/data/cloudfront/2018-11-05/waiters-2.json.php
OK	/htdocs/application/third_party/omnipay/vendor/aws/aws-sdk-php/src/data/cloudfront/2020-05-31/waiters-2.json.php
OK	/htdocs/application/third_party/omnipay/vendor/aws/aws-sdk-php/src/data/cloudsearch/2013-01-01/endpoint-rule-set-1.json.php
OK	/htdocs/application/third_party/omnipay/vendor/aws/aws-sdk-php/src/data/codeartifact/2018-09-22/api-2.json.php
OK	/htdocs/application/third_party/omnipay/vendor/aws/aws-sdk-php/src/data/codecommit/2015-04-13/api-2.json.php
OK	/htdocs/application/third_party/omnipay/vendor/aws/aws-sdk-php/src/data/codedeploy/2014-10-06/waiters-2.json.php
OK	/htdocs/application/third_party/omnipay/vendor/aws/aws-sdk-php/src/data/codepipeline/2015-07-09/endpoint-rule-set-1.json.php
OK	/htdocs/application/third_party/omnipay/vendor/aws/aws-sdk-php/src/data/cognito-identity/2014-06-30/smoke.json.php
OK	/htdocs/application/third_party/omnipay/vendor/aws/aws-sdk-php/src/data/comprehendmedical/2018-10-30/api-2.json.php
OK	/htdocs/application/third_party/omnipay/vendor/aws/aws-sdk-php/src/data/connect/2017-08-08/paginators-1.json.php
OK	/htdocs/application/third_party/omnipay/vendor/aws/aws-sdk-php/src/data/connectcases/2022-10-03/paginators-1.json.php
OK	/htdocs/application/third_party/omnipay/vendor/aws/aws-sdk-php/src/data/cost-optimization-hub/2022-07-26/api-2.json.php
OK	/htdocs/application/third_party/omnipay/vendor/aws/aws-sdk-php/src/data/data.iot/2015-05-28/api-2.json.php
OK	/htdocs/application/third_party/omnipay/vendor/aws/aws-sdk-php/src/data/datapipeline/2012-10-29/api-2.json.php
OK	/htdocs/application/third_party/omnipay/vendor/aws/aws-sdk-php/src/data/deadline/2023-10-12/api-2.json.php
OK	/htdocs/application/third_party/omnipay/vendor/aws/aws-sdk-php/src/data/devops-guru/2020-12-01/endpoint-rule-set-1.json.php
OK	/htdocs/application/third_party/omnipay/vendor/aws/aws-sdk-php/src/data/discovery/2015-11-01/smoke.json.php
OK	/htdocs/application/third_party/omnipay/vendor/aws/aws-sdk-php/src/data/docdb/2014-10-31/smoke.json.php
OK	/htdocs/application/third_party/omnipay/vendor/aws/aws-sdk-php/src/data/dsql/2018-05-10/api-2.json.php
OK	/htdocs/application/third_party/omnipay/vendor/aws/aws-sdk-php/src/data/dynamodb/2012-08-10/paginators-1.json.php
OK	/htdocs/application/third_party/omnipay/vendor/aws/aws-sdk-php/src/data/ec2/2016-04-01/api-2.json.php
OK	/htdocs/application/third_party/omnipay/vendor/aws/aws-sdk-php/src/data/ec2/2016-11-15/smoke.json.php
OK	/htdocs/application/third_party/omnipay/vendor/aws/aws-sdk-php/src/data/ecr-public/2020-10-30/endpoint-rule-set-1.json.php
OK	/htdocs/application/third_party/omnipay/vendor/aws/aws-sdk-php/src/data/eks-auth/2023-11-26/endpoint-rule-set-1.json.php
OK	/htdocs/application/third_party/omnipay/vendor/aws/aws-sdk-php/src/data/elasticbeanstalk/2010-12-01/smoke.json.php
OK	/htdocs/application/third_party/omnipay/vendor/aws/aws-sdk-php/src/data/elasticloadbalancingv2/2015-12-01/endpoint-rule-set-1.json.php
OK	/htdocs/application/third_party/omnipay/vendor/aws/aws-sdk-php/src/data/elastictranscoder/2012-09-25/smoke.json.php
OK	/htdocs/application/third_party/omnipay/vendor/aws/aws-sdk-php/src/data/emr-serverless/2021-07-13/api-2.json.php
OK	/htdocs/application/third_party/omnipay/vendor/aws/aws-sdk-php/src/data/es/2015-01-01/smoke.json.php
OK	/htdocs/application/third_party/omnipay/vendor/aws/aws-sdk-php/src/data/finspace/2021-03-12/api-2.json.php
OK	/htdocs/application/third_party/omnipay/vendor/aws/aws-sdk-php/src/data/fis/2020-12-01/paginators-1.json.php
OK	/htdocs/application/third_party/omnipay/vendor/aws/aws-sdk-php/src/data/frauddetector/2019-11-15/paginators-1.json.php
OK	/htdocs/application/third_party/omnipay/vendor/aws/aws-sdk-php/src/data/geo-maps/2020-11-19/endpoint-rule-set-1.json.php
OK	/htdocs/application/third_party/omnipay/vendor/aws/aws-sdk-php/src/data/glacier/2012-06-01/waiters-1.json.php
OK	/htdocs/application/third_party/omnipay/vendor/aws/aws-sdk-php/src/data/grafana/2020-08-18/paginators-1.json.php
OK	/htdocs/application/third_party/omnipay/vendor/aws/aws-sdk-php/src/data/guardduty/2017-11-28/paginators-1.json.php
OK	/htdocs/application/third_party/omnipay/vendor/aws/aws-sdk-php/src/data/identitystore/2020-06-15/api-2.json.php
OK	/htdocs/application/third_party/omnipay/vendor/aws/aws-sdk-php/src/data/inspector/2016-02-16/smoke.json.php
OK	/htdocs/application/third_party/omnipay/vendor/aws/aws-sdk-php/src/data/invoicing/2024-12-01/api-2.json.php
OK	/htdocs/application/third_party/omnipay/vendor/aws/aws-sdk-php/src/data/iotanalytics/2017-11-27/api-2.json.php
OK	/htdocs/application/third_party/omnipay/vendor/aws/aws-sdk-php/src/data/iotfleethub/2020-11-03/api-2.json.php
OK	/htdocs/application/third_party/omnipay/vendor/aws/aws-sdk-php/src/data/iotsitewise/2019-12-02/endpoint-rule-set-1.json.php
OK	/htdocs/application/third_party/omnipay/vendor/aws/aws-sdk-php/src/data/iotwireless/2020-11-22/endpoint-rule-set-1.json.php
OK	/htdocs/application/third_party/omnipay/vendor/aws/aws-sdk-php/src/data/ivschat/2020-07-14/paginators-1.json.php
OK	/htdocs/application/third_party/omnipay/vendor/aws/aws-sdk-php/src/data/kendra/2019-02-03/endpoint-rule-set-1.json.php
OK	/htdocs/application/third_party/omnipay/vendor/aws/aws-sdk-php/src/data/kinesis/2013-12-02/paginators-1.json.php
OK	/htdocs/application/third_party/omnipay/vendor/aws/aws-sdk-php/src/data/kinesis-video-webrtc-storage/2018-05-10/api-2.json.php
OK	/htdocs/application/third_party/omnipay/vendor/aws/aws-sdk-php/src/data/kms/2014-11-01/api-2.json.php
OK	/htdocs/application/third_party/omnipay/vendor/aws/aws-sdk-php/src/data/launch-wizard/2018-05-10/api-2.json.php
OK	/htdocs/application/third_party/omnipay/vendor/aws/aws-sdk-php/src/data/license-manager-user-subscriptions/2018-05-10/api-2.json.php
OK	/htdocs/application/third_party/omnipay/vendor/aws/aws-sdk-php/src/data/logs/2014-03-28/paginators-1.json.php
OK	/htdocs/application/third_party/omnipay/vendor/aws/aws-sdk-php/src/data/m2/2021-04-28/endpoint-rule-set-1.json.php
OK	/htdocs/application/third_party/omnipay/vendor/aws/aws-sdk-php/src/data/mailmanager/2023-10-17/paginators-1.json.php
OK	/htdocs/application/third_party/omnipay/vendor/aws/aws-sdk-php/src/data/marketplace-catalog/2018-09-17/api-2.json.php
OK	/htdocs/application/third_party/omnipay/vendor/aws/aws-sdk-php/src/data/marketplacecommerceanalytics/2015-07-01/endpoint-rule-set-1.json.php
OK	/htdocs/application/third_party/omnipay/vendor/aws/aws-sdk-php/src/data/medialive/2017-10-14/paginators-1.json.php
OK	/htdocs/application/third_party/omnipay/vendor/aws/aws-sdk-php/src/data/mediapackagev2/2022-12-25/waiters-2.json.php
OK	/htdocs/application/third_party/omnipay/vendor/aws/aws-sdk-php/src/data/medical-imaging/2023-07-19/paginators-1.json.php
OK	/htdocs/application/third_party/omnipay/vendor/aws/aws-sdk-php/src/data/mgn/2020-02-26/api-2.json.php
OK	/htdocs/application/third_party/omnipay/vendor/aws/aws-sdk-php/src/data/migrationhuborchestrator/2021-08-28/smoke.json.php
OK	/htdocs/application/third_party/omnipay/vendor/aws/aws-sdk-php/src/data/monitoring/2010-08-01/smoke.json.php
OK	/htdocs/application/third_party/omnipay/vendor/aws/aws-sdk-php/src/data/neptune/2014-10-31/api-2.json.php
OK	/htdocs/application/third_party/omnipay/vendor/aws/aws-sdk-php/src/data/network-firewall/2020-11-12/api-2.json.php
OK	/htdocs/application/third_party/omnipay/vendor/aws/aws-sdk-php/src/data/networkmonitor/2023-08-01/endpoint-rule-set-1.json.php
OK	/htdocs/application/third_party/omnipay/vendor/aws/aws-sdk-php/src/data/notificationscontacts/2018-05-10/smoke.json.php
OK	/htdocs/application/third_party/omnipay/vendor/aws/aws-sdk-php/src/data/omics/2022-11-28/endpoint-rule-set-1.json.php
OK	/htdocs/application/third_party/omnipay/vendor/aws/aws-sdk-php/src/data/opensearchserverless/2021-11-01/waiters-2.json.php
OK	/htdocs/application/third_party/omnipay/vendor/aws/aws-sdk-php/src/data/organizations/2016-11-28/paginators-1.json.php
OK	/htdocs/application/third_party/omnipay/vendor/aws/aws-sdk-php/src/data/partnercentral-selling/2022-07-26/paginators-1.json.php
OK	/htdocs/application/third_party/omnipay/vendor/aws/aws-sdk-php/src/data/pca-connector-ad/2018-05-10/endpoint-rule-set-1.json.php
OK	/htdocs/application/third_party/omnipay/vendor/aws/aws-sdk-php/src/data/personalize/2018-05-22/api-2.json.php
OK	/htdocs/application/third_party/omnipay/vendor/aws/aws-sdk-php/src/data/pinpoint/2016-12-01/api-2.json.php
OK	/htdocs/application/third_party/omnipay/vendor/aws/aws-sdk-php/src/data/pipes/2015-10-07/paginators-1.json.php
OK	/htdocs/application/third_party/omnipay/vendor/aws/aws-sdk-php/src/data/privatenetworks/2021-12-03/api-2.json.php
OK	/htdocs/application/third_party/omnipay/vendor/aws/aws-sdk-php/src/data/qapps/2023-11-27/waiters-2.json.php
OK	/htdocs/application/third_party/omnipay/vendor/aws/aws-sdk-php/src/data/qldb-session/2019-07-11/api-2.json.php
OK	/htdocs/application/third_party/omnipay/vendor/aws/aws-sdk-php/src/data/rds/2014-09-01/api-2.json.php
OK	/htdocs/application/third_party/omnipay/vendor/aws/aws-sdk-php/src/data/rds-data/2018-08-01/paginators-1.json.php
OK	/htdocs/application/third_party/omnipay/vendor/aws/aws-sdk-php/src/data/redshift-serverless/2021-04-21/paginators-1.json.php
OK	/htdocs/application/third_party/omnipay/vendor/aws/aws-sdk-php/src/data/resource-explorer-2/2022-07-28/api-2.json.php
OK	/htdocs/application/third_party/omnipay/vendor/aws/aws-sdk-php/src/data/rolesanywhere/2018-05-10/api-2.json.php
OK	/htdocs/application/third_party/omnipay/vendor/aws/aws-sdk-php/src/data/route53-recovery-control-config/2020-11-02/endpoint-rule-set-1.json.php
OK	/htdocs/application/third_party/omnipay/vendor/aws/aws-sdk-php/src/data/route53profiles/2018-05-10/paginators-1.json.php
OK	/htdocs/application/third_party/omnipay/vendor/aws/aws-sdk-php/src/data/runtime.lex.v2/2020-08-07/endpoint-rule-set-1.json.php
OK	/htdocs/application/third_party/omnipay/vendor/aws/aws-sdk-php/src/data/s3control/2018-08-20/endpoint-rule-set-1.json.php
OK	/htdocs/application/third_party/omnipay/vendor/aws/aws-sdk-php/src/data/sagemaker/2017-07-24/paginators-1.json.php
OK	/htdocs/application/third_party/omnipay/vendor/aws/aws-sdk-php/src/data/sagemaker-geospatial/2020-05-27/endpoint-rule-set-1.json.php
OK	/htdocs/application/third_party/omnipay/vendor/aws/aws-sdk-php/src/data/schemas/2019-12-02/endpoint-rule-set-1.json.php
OK	/htdocs/application/third_party/omnipay/vendor/aws/aws-sdk-php/src/data/securityhub/2018-10-26/api-2.json.php
OK	/htdocs/application/third_party/omnipay/vendor/aws/aws-sdk-php/src/data/servicecatalog/2015-12-10/api-2.json.php
OK	/htdocs/application/third_party/omnipay/vendor/aws/aws-sdk-php/src/data/sesv2/2019-09-27/paginators-1.json.php
OK	/htdocs/application/third_party/omnipay/vendor/aws/aws-sdk-php/src/data/sms/2016-10-24/api-2.json.php
OK	/htdocs/application/third_party/omnipay/vendor/aws/aws-sdk-php/src/data/snowball/2016-06-30/smoke.json.php
OK	/htdocs/application/third_party/omnipay/vendor/aws/aws-sdk-php/src/data/sqs/2012-11-05/waiters-2.json.php
OK	/htdocs/application/third_party/omnipay/vendor/aws/aws-sdk-php/src/data/ssm-incidents/2018-05-10/waiters-2.json.php
OK	/htdocs/application/third_party/omnipay/vendor/aws/aws-sdk-php/src/data/sso-admin/2020-07-20/paginators-1.json.php
OK	/htdocs/application/third_party/omnipay/vendor/aws/aws-sdk-php/src/data/streams.dynamodb/2012-08-10/endpoint-rule-set-1.json.php
OK	/htdocs/application/third_party/omnipay/vendor/aws/aws-sdk-php/src/data/support/2013-04-15/smoke.json.php
OK	/htdocs/application/third_party/omnipay/vendor/aws/aws-sdk-php/src/data/taxsettings/2018-05-10/endpoint-rule-set-1.json.php
OK	/htdocs/application/third_party/omnipay/vendor/aws/aws-sdk-php/src/data/timestream-write/2018-11-01/endpoint-rule-set-1.json.php
OK	/htdocs/application/third_party/omnipay/vendor/aws/aws-sdk-php/src/data/transfer/2018-11-05/waiters-2.json.php
OK	/htdocs/application/third_party/omnipay/vendor/aws/aws-sdk-php/src/data/voice-id/2021-09-27/api-2.json.php
OK	/htdocs/application/third_party/omnipay/vendor/aws/aws-sdk-php/src/data/waf-regional/2016-11-28/paginators-1.json.php
OK	/htdocs/application/third_party/omnipay/vendor/aws/aws-sdk-php/src/data/workdocs/2016-05-01/api-2.json.php
OK	/htdocs/application/third_party/omnipay/vendor/aws/aws-sdk-php/src/data/workspaces/2015-04-08/smoke.json.php
OK	/htdocs/application/third_party/omnipay/vendor/aws/aws-sdk-php/src/DataExchange/DataExchangeClient.php
OK	/htdocs/application/third_party/omnipay/vendor/aws/aws-sdk-php/src/DefaultsMode/Configuration.php
OK	/htdocs/application/third_party/omnipay/vendor/aws/aws-sdk-php/src/DirectoryService/DirectoryServiceClient.php
OK	/htdocs/application/third_party/omnipay/vendor/aws/aws-sdk-php/src/DSQL/AuthTokenGenerator.php
OK	/htdocs/application/third_party/omnipay/vendor/aws/aws-sdk-php/src/DynamoDb/StandardSessionConnection.php
OK	/htdocs/application/third_party/omnipay/vendor/aws/aws-sdk-php/src/Ecr/Exception/EcrException.php
OK	/htdocs/application/third_party/omnipay/vendor/aws/aws-sdk-php/src/ElastiCache/Exception/ElastiCacheException.php
OK	/htdocs/application/third_party/omnipay/vendor/aws/aws-sdk-php/src/Emr/Exception/EmrException.php
OK	/htdocs/application/third_party/omnipay/vendor/aws/aws-sdk-php/src/Endpoint/UseDualstackEndpoint/ConfigurationProvider.php
OK	/htdocs/application/third_party/omnipay/vendor/aws/aws-sdk-php/src/EndpointV2/EndpointDefinitionProvider.php
OK	/htdocs/application/third_party/omnipay/vendor/aws/aws-sdk-php/src/EndpointV2/Ruleset/RulesetStandardLibrary.php
OK	/htdocs/application/third_party/omnipay/vendor/aws/aws-sdk-php/src/Exception/EventStreamDataException.php
OK	/htdocs/application/third_party/omnipay/vendor/aws/aws-sdk-php/src/FinSpaceData/Exception/FinSpaceDataException.php
OK	/htdocs/application/third_party/omnipay/vendor/aws/aws-sdk-php/src/FraudDetector/Exception/FraudDetectorException.php
OK	/htdocs/application/third_party/omnipay/vendor/aws/aws-sdk-php/src/GeoRoutes/Exception/GeoRoutesException.php
OK	/htdocs/application/third_party/omnipay/vendor/aws/aws-sdk-php/src/Greengrass/Exception/GreengrassException.php
OK	/htdocs/application/third_party/omnipay/vendor/aws/aws-sdk-php/src/Health/Exception/HealthException.php
OK	/htdocs/application/third_party/omnipay/vendor/aws/aws-sdk-php/src/imagebuilder/imagebuilderClient.php
OK	/htdocs/application/third_party/omnipay/vendor/aws/aws-sdk-php/src/Invoicing/InvoicingClient.php
OK	/htdocs/application/third_party/omnipay/vendor/aws/aws-sdk-php/src/IoTEventsData/IoTEventsDataClient.php
OK	/htdocs/application/third_party/omnipay/vendor/aws/aws-sdk-php/src/IoTThingsGraph/IoTThingsGraphClient.php
OK	/htdocs/application/third_party/omnipay/vendor/aws/aws-sdk-php/src/Kafka/KafkaClient.php
OK	/htdocs/application/third_party/omnipay/vendor/aws/aws-sdk-php/src/KinesisAnalytics/KinesisAnalyticsClient.php
OK	/htdocs/application/third_party/omnipay/vendor/aws/aws-sdk-php/src/KinesisVideoWebRTCStorage/KinesisVideoWebRTCStorageClient.php
OK	/htdocs/application/third_party/omnipay/vendor/aws/aws-sdk-php/src/LexModelsV2/LexModelsV2Client.php
OK	/htdocs/application/third_party/omnipay/vendor/aws/aws-sdk-php/src/Lightsail/LightsailClient.php
OK	/htdocs/application/third_party/omnipay/vendor/aws/aws-sdk-php/src/Macie2/Macie2Client.php
OK	/htdocs/application/third_party/omnipay/vendor/aws/aws-sdk-php/src/MarketplaceAgreement/MarketplaceAgreementClient.php
OK	/htdocs/application/third_party/omnipay/vendor/aws/aws-sdk-php/src/MarketplaceReporting/MarketplaceReportingClient.php
OK	/htdocs/application/third_party/omnipay/vendor/aws/aws-sdk-php/src/MediaPackageVod/MediaPackageVodClient.php
OK	/htdocs/application/third_party/omnipay/vendor/aws/aws-sdk-php/src/mgn/mgnClient.php
OK	/htdocs/application/third_party/omnipay/vendor/aws/aws-sdk-php/src/MQ/MQClient.php
OK	/htdocs/application/third_party/omnipay/vendor/aws/aws-sdk-php/src/Neptunedata/Exception/NeptunedataException.php
OK	/htdocs/application/third_party/omnipay/vendor/aws/aws-sdk-php/src/Notifications/Exception/NotificationsException.php
OK	/htdocs/application/third_party/omnipay/vendor/aws/aws-sdk-php/src/OpenSearchService/Exception/OpenSearchServiceException.php
OK	/htdocs/application/third_party/omnipay/vendor/aws/aws-sdk-php/src/Panorama/Exception/PanoramaException.php
OK	/htdocs/application/third_party/omnipay/vendor/aws/aws-sdk-php/src/PCS/Exception/PCSException.php
OK	/htdocs/application/third_party/omnipay/vendor/aws/aws-sdk-php/src/PinpointEmail/Exception/PinpointEmailException.php
OK	/htdocs/application/third_party/omnipay/vendor/aws/aws-sdk-php/src/PrivateNetworks/Exception/PrivateNetworksException.php
OK	/htdocs/application/third_party/omnipay/vendor/aws/aws-sdk-php/src/QLDB/Exception/QLDBException.php
OK	/htdocs/application/third_party/omnipay/vendor/aws/aws-sdk-php/src/RecycleBin/RecycleBinClient.php
OK	/htdocs/application/third_party/omnipay/vendor/aws/aws-sdk-php/src/ResilienceHub/ResilienceHubClient.php
OK	/htdocs/application/third_party/omnipay/vendor/aws/aws-sdk-php/src/Retry/RateLimiter.php
OK	/htdocs/application/third_party/omnipay/vendor/aws/aws-sdk-php/src/Route53Profiles/Exception/Route53ProfilesException.php
OK	/htdocs/application/third_party/omnipay/vendor/aws/aws-sdk-php/src/S3/BucketEndpointArnMiddleware.php
OK	/htdocs/application/third_party/omnipay/vendor/aws/aws-sdk-php/src/S3/PostObject.php
OK	/htdocs/application/third_party/omnipay/vendor/aws/aws-sdk-php/src/S3/Transfer.php
OK	/htdocs/application/third_party/omnipay/vendor/aws/aws-sdk-php/src/S3/Exception/PermanentRedirectException.php
OK	/htdocs/application/third_party/omnipay/vendor/aws/aws-sdk-php/src/S3/UseArnRegion/ConfigurationInterface.php
OK	/htdocs/application/third_party/omnipay/vendor/aws/aws-sdk-php/src/SagemakerEdgeManager/SagemakerEdgeManagerClient.php
OK	/htdocs/application/third_party/omnipay/vendor/aws/aws-sdk-php/src/Scheduler/SchedulerClient.php
OK	/htdocs/application/third_party/omnipay/vendor/aws/aws-sdk-php/src/SecurityLake/Exception/SecurityLakeException.php
OK	/htdocs/application/third_party/omnipay/vendor/aws/aws-sdk-php/src/SesV2/Exception/SesV2Exception.php
OK	/htdocs/application/third_party/omnipay/vendor/aws/aws-sdk-php/src/signer/signerClient.php
OK	/htdocs/application/third_party/omnipay/vendor/aws/aws-sdk-php/src/SocialMessaging/SocialMessagingClient.php
OK	/htdocs/application/third_party/omnipay/vendor/aws/aws-sdk-php/src/SsmSap/SsmSapClient.php
OK	/htdocs/application/third_party/omnipay/vendor/aws/aws-sdk-php/src/Sts/RegionalEndpoints/Configuration.php
OK	/htdocs/application/third_party/omnipay/vendor/aws/aws-sdk-php/src/Synthetics/SyntheticsClient.php
OK	/htdocs/application/third_party/omnipay/vendor/aws/aws-sdk-php/src/Tnb/TnbClient.php
OK	/htdocs/application/third_party/omnipay/vendor/aws/aws-sdk-php/src/TranscribeService/Exception/TranscribeServiceException.php
OK	/htdocs/application/third_party/omnipay/vendor/aws/aws-sdk-php/src/VPCLattice/Exception/VPCLatticeException.php
OK	/htdocs/application/third_party/omnipay/vendor/aws/aws-sdk-php/src/WorkMail/Exception/WorkMailException.php
OK	/htdocs/application/third_party/omnipay/vendor/bin/jp.php.bat
OK	/htdocs/application/third_party/omnipay/vendor/chillerlan/php-qrcode/src/Common/ECICharset.php
OK	/htdocs/application/third_party/omnipay/vendor/chillerlan/php-qrcode/src/Data/ECI.php
OK	/htdocs/application/third_party/omnipay/vendor/chillerlan/php-qrcode/src/Decoder/Decoder.php
OK	/htdocs/application/third_party/omnipay/vendor/chillerlan/php-qrcode/src/Detector/ResultPoint.php
OK	/htdocs/application/third_party/omnipay/vendor/chillerlan/php-qrcode/src/Output/QRMarkup.php
OK	/htdocs/application/third_party/omnipay/vendor/chillerlan/php-settings-container/src/SettingsContainerAbstract.php
OK	/htdocs/application/third_party/omnipay/vendor/composer/autoload_namespaces.php
OK	/htdocs/application/third_party/omnipay/vendor/firebase/php-jwt/LICENSE
OK	/htdocs/application/third_party/omnipay/vendor/google/apiclient/LICENSE
OK	/htdocs/application/third_party/omnipay/vendor/google/apiclient/src/AuthHandler/Guzzle6AuthHandler.php
OK	/htdocs/application/third_party/omnipay/vendor/google/apiclient/src/Utils/UriTemplate.php
OK	/htdocs/application/third_party/omnipay/vendor/google/apiclient-services/src/AdExchangeBuyer.php
OK	/htdocs/application/third_party/omnipay/vendor/google/apiclient-services/src/Analytics.php
OK	/htdocs/application/third_party/omnipay/vendor/google/apiclient-services/src/APIManagement.php
OK	/htdocs/application/third_party/omnipay/vendor/google/apiclient-services/src/BeyondCorp.php
OK	/htdocs/application/third_party/omnipay/vendor/google/apiclient-services/src/BusinessProfilePerformance.php
OK	/htdocs/application/third_party/omnipay/vendor/google/apiclient-services/src/CloudAsset.php
OK	/htdocs/application/third_party/omnipay/vendor/google/apiclient-services/src/Clouderrorreporting.php
OK	/htdocs/application/third_party/omnipay/vendor/google/apiclient-services/src/CloudOSLogin.php
OK	/htdocs/application/third_party/omnipay/vendor/google/apiclient-services/src/CloudSupport.php
OK	/htdocs/application/third_party/omnipay/vendor/google/apiclient-services/src/Contentwarehouse.php
OK	/htdocs/application/third_party/omnipay/vendor/google/apiclient-services/src/Dataproc.php
OK	/htdocs/application/third_party/omnipay/vendor/google/apiclient-services/src/DisplayVideo.php
OK	/htdocs/application/third_party/omnipay/vendor/google/apiclient-services/src/Eventarc.php
OK	/htdocs/application/third_party/omnipay/vendor/google/apiclient-services/src/FirebaseRules.php
OK	/htdocs/application/third_party/omnipay/vendor/google/apiclient-services/src/Gmail.php
OK	/htdocs/application/third_party/omnipay/vendor/google/apiclient-services/src/Indexing.php
OK	/htdocs/application/third_party/omnipay/vendor/google/apiclient-services/src/MapsPlaces.php
OK	/htdocs/application/third_party/omnipay/vendor/google/apiclient-services/src/MyBusinessVerifications.php
OK	/htdocs/application/third_party/omnipay/vendor/google/apiclient-services/src/Parallelstore.php
OK	/htdocs/application/third_party/omnipay/vendor/google/apiclient-services/src/PolyService.php
OK	/htdocs/application/third_party/omnipay/vendor/google/apiclient-services/src/Reseller.php
OK	/htdocs/application/third_party/omnipay/vendor/google/apiclient-services/src/ServerlessVPCAccess.php
OK	/htdocs/application/third_party/omnipay/vendor/google/apiclient-services/src/Solar.php
OK	/htdocs/application/third_party/omnipay/vendor/google/apiclient-services/src/ToolResults.php
OK	/htdocs/application/third_party/omnipay/vendor/google/apiclient-services/src/Walletobjects.php
OK	/htdocs/application/third_party/omnipay/vendor/google/apiclient-services/src/AbusiveExperienceReport/ViolatingSitesResponse.php
OK	/htdocs/application/third_party/omnipay/vendor/google/apiclient-services/src/AccessApproval/AccessReason.php
OK	/htdocs/application/third_party/omnipay/vendor/google/apiclient-services/src/AccessApproval/Resource/Folders.php
OK	/htdocs/application/third_party/omnipay/vendor/google/apiclient-services/src/AccessContextManager/ApiOperation.php
OK	/htdocs/application/third_party/omnipay/vendor/google/apiclient-services/src/AccessContextManager/CustomLevel.php
OK	/htdocs/application/third_party/omnipay/vendor/google/apiclient-services/src/AccessContextManager/IngressPolicy.php
OK	/htdocs/application/third_party/omnipay/vendor/google/apiclient-services/src/AccessContextManager/OsConstraint.php
OK	/htdocs/application/third_party/omnipay/vendor/google/apiclient-services/src/AccessContextManager/Status.php
OK	/htdocs/application/third_party/omnipay/vendor/google/apiclient-services/src/AccessContextManager/Resource/Organizations.php
OK	/htdocs/application/third_party/omnipay/vendor/google/apiclient-services/src/AddressValidation/GoogleMapsAddressvalidationV1Geocode.php
OK	/htdocs/application/third_party/omnipay/vendor/google/apiclient-services/src/AddressValidation/GoogleTypePostalAddress.php
OK	/htdocs/application/third_party/omnipay/vendor/google/apiclient-services/src/AdExchangeBuyer/Buyer.php
OK	/htdocs/application/third_party/omnipay/vendor/google/apiclient-services/src/AdExchangeBuyer/CreativeNativeAd.php
OK	/htdocs/application/third_party/omnipay/vendor/google/apiclient-services/src/AdExchangeBuyer/DealTermsGuaranteedFixedPriceTermsBillingInfo.php
OK	/htdocs/application/third_party/omnipay/vendor/google/apiclient-services/src/AdExchangeBuyer/GetOffersResponse.php
OK	/htdocs/application/third_party/omnipay/vendor/google/apiclient-services/src/AdExchangeBuyer/PretargetingConfig.php
OK	/htdocs/application/third_party/omnipay/vendor/google/apiclient-services/src/AdExchangeBuyer/PublisherProvidedForecast.php
OK	/htdocs/application/third_party/omnipay/vendor/google/apiclient-services/src/AdExchangeBuyer/Resource/Accounts.php
OK	/htdocs/application/third_party/omnipay/vendor/google/apiclient-services/src/AdExchangeBuyerII/AbsoluteDateRange.php
OK	/htdocs/application/third_party/omnipay/vendor/google/apiclient-services/src/AdExchangeBuyerII/CalloutStatusRow.php
OK	/htdocs/application/third_party/omnipay/vendor/google/apiclient-services/src/AdExchangeBuyerII/CreativeSpecification.php
OK	/htdocs/application/third_party/omnipay/vendor/google/apiclient-services/src/AdExchangeBuyerII/FilteredBidCreativeRow.php
OK	/htdocs/application/third_party/omnipay/vendor/google/apiclient-services/src/AdExchangeBuyerII/ListBidResponsesWithoutBidsResponse.php
OK	/htdocs/application/third_party/omnipay/vendor/google/apiclient-services/src/AdExchangeBuyerII/ListLosingBidsResponse.php
OK	/htdocs/application/third_party/omnipay/vendor/google/apiclient-services/src/AdExchangeBuyerII/NonGuaranteedAuctionTerms.php
OK	/htdocs/application/third_party/omnipay/vendor/google/apiclient-services/src/AdExchangeBuyerII/Proposal.php
OK	/htdocs/application/third_party/omnipay/vendor/google/apiclient-services/src/AdExchangeBuyerII/ServingRestriction.php
OK	/htdocs/application/third_party/omnipay/vendor/google/apiclient-services/src/AdExchangeBuyerII/Resource/Accounts.php
OK	/htdocs/application/third_party/omnipay/vendor/google/apiclient-services/src/AdExchangeBuyerII/Resource/BiddersAccountsFilterSets.php
OK	/htdocs/application/third_party/omnipay/vendor/google/apiclient-services/src/AdExchangeBuyerII/Resource/BiddersFilterSetsBidMetrics.php
OK	/htdocs/application/third_party/omnipay/vendor/google/apiclient-services/src/AdExchangeBuyerII/Resource/BuyersFilterSetsBidMetrics.php
OK	/htdocs/application/third_party/omnipay/vendor/google/apiclient-services/src/AdExperienceReport/ViolatingSitesResponse.php
OK	/htdocs/application/third_party/omnipay/vendor/google/apiclient-services/src/AdMob/GenerateNetworkReportResponse.php
OK	/htdocs/application/third_party/omnipay/vendor/google/apiclient-services/src/AdMob/ReportFooter.php
OK	/htdocs/application/third_party/omnipay/vendor/google/apiclient-services/src/Adsense/Account.php
OK	/htdocs/application/third_party/omnipay/vendor/google/apiclient-services/src/Adsense/Header.php
OK	/htdocs/application/third_party/omnipay/vendor/google/apiclient-services/src/Adsense/ListSavedReportsResponse.php
OK	/htdocs/application/third_party/omnipay/vendor/google/apiclient-services/src/Adsense/Resource/Accounts.php
OK	/htdocs/application/third_party/omnipay/vendor/google/apiclient-services/src/AdSenseHost/Accounts.php
OK	/htdocs/application/third_party/omnipay/vendor/google/apiclient-services/src/AdSenseHost/AssociationSession.php
OK	/htdocs/application/third_party/omnipay/vendor/google/apiclient-services/src/AdSenseHost/Resource/Associationsessions.php
OK	/htdocs/application/third_party/omnipay/vendor/google/apiclient-services/src/AdSensePlatform/ListSitesResponse.php
OK	/htdocs/application/third_party/omnipay/vendor/google/apiclient-services/src/Advisorynotifications/GoogleCloudAdvisorynotificationsV1ListNotificationsResponse.php
OK	/htdocs/application/third_party/omnipay/vendor/google/apiclient-services/src/Advisorynotifications/Resource/ProjectsLocations.php
OK	/htdocs/application/third_party/omnipay/vendor/google/apiclient-services/src/Aiplatform/CloudAiLargeModelsVisionRaiInfoDetectedLabelsEntity.php
OK	/htdocs/application/third_party/omnipay/vendor/google/apiclient-services/src/Aiplatform/GoogleCloudAiplatformV1AddTrialMeasurementRequest.php
OK	/htdocs/application/third_party/omnipay/vendor/google/apiclient-services/src/Aiplatform/GoogleCloudAiplatformV1AutomaticResources.php
OK	/htdocs/application/third_party/omnipay/vendor/google/apiclient-services/src/Aiplatform/GoogleCloudAiplatformV1BatchDedicatedResources.php
OK	/htdocs/application/third_party/omnipay/vendor/google/apiclient-services/src/Aiplatform/GoogleCloudAiplatformV1BatchPredictionJobInstanceConfig.php
OK	/htdocs/application/third_party/omnipay/vendor/google/apiclient-services/src/Aiplatform/GoogleCloudAiplatformV1BleuInstance.php
OK	/htdocs/application/third_party/omnipay/vendor/google/apiclient-services/src/Aiplatform/GoogleCloudAiplatformV1CancelDataLabelingJobRequest.php
OK	/htdocs/application/third_party/omnipay/vendor/google/apiclient-services/src/Aiplatform/GoogleCloudAiplatformV1Claim.php
OK	/htdocs/application/third_party/omnipay/vendor/google/apiclient-services/src/Aiplatform/GoogleCloudAiplatformV1CompletionStats.php
OK	/htdocs/application/third_party/omnipay/vendor/google/apiclient-services/src/Aiplatform/GoogleCloudAiplatformV1CorroborateContentRequestParameters.php
OK	/htdocs/application/third_party/omnipay/vendor/google/apiclient-services/src/Aiplatform/GoogleCloudAiplatformV1CreateFeatureOperationMetadata.php
OK	/htdocs/application/third_party/omnipay/vendor/google/apiclient-services/src/Aiplatform/GoogleCloudAiplatformV1CreateRegistryFeatureOperationMetadata.php
OK	/htdocs/application/third_party/omnipay/vendor/google/apiclient-services/src/Aiplatform/GoogleCloudAiplatformV1Dataset.php
OK	/htdocs/application/third_party/omnipay/vendor/google/apiclient-services/src/Aiplatform/GoogleCloudAiplatformV1DeleteFeatureValuesResponseSelectTimeRangeAndFeature.php
OK	/htdocs/application/third_party/omnipay/vendor/google/apiclient-services/src/Aiplatform/GoogleCloudAiplatformV1DeployIndexResponse.php
OK	/htdocs/application/third_party/omnipay/vendor/google/apiclient-services/src/Aiplatform/GoogleCloudAiplatformV1DistillationDataStats.php
OK	/htdocs/application/third_party/omnipay/vendor/google/apiclient-services/src/Aiplatform/GoogleCloudAiplatformV1EvaluateDatasetRequest.php
OK	/htdocs/application/third_party/omnipay/vendor/google/apiclient-services/src/Aiplatform/GoogleCloudAiplatformV1ExamplesOverride.php
OK	/htdocs/application/third_party/omnipay/vendor/google/apiclient-services/src/Aiplatform/GoogleCloudAiplatformV1ExplanationMetadataOverride.php
OK	/htdocs/application/third_party/omnipay/vendor/google/apiclient-services/src/Aiplatform/GoogleCloudAiplatformV1ExportFeatureValuesRequestSnapshotExport.php
OK	/htdocs/application/third_party/omnipay/vendor/google/apiclient-services/src/Aiplatform/GoogleCloudAiplatformV1FasterDeploymentConfig.php
OK	/htdocs/application/third_party/omnipay/vendor/google/apiclient-services/src/Aiplatform/GoogleCloudAiplatformV1FeatureOnlineStoreOptimized.php
OK	/htdocs/application/third_party/omnipay/vendor/google/apiclient-services/src/Aiplatform/GoogleCloudAiplatformV1FeatureValueList.php
OK	/htdocs/application/third_party/omnipay/vendor/google/apiclient-services/src/Aiplatform/GoogleCloudAiplatformV1FeatureViewSync.php
OK	/htdocs/application/third_party/omnipay/vendor/google/apiclient-services/src/Aiplatform/GoogleCloudAiplatformV1FindNeighborsRequest.php
OK	/htdocs/application/third_party/omnipay/vendor/google/apiclient-services/src/Aiplatform/GoogleCloudAiplatformV1FulfillmentInstance.php
OK	/htdocs/application/third_party/omnipay/vendor/google/apiclient-services/src/Aiplatform/GoogleCloudAiplatformV1GenerateContentResponse.php
OK	/htdocs/application/third_party/omnipay/vendor/google/apiclient-services/src/Aiplatform/GoogleCloudAiplatformV1GroundednessInput.php
OK	/htdocs/application/third_party/omnipay/vendor/google/apiclient-services/src/Aiplatform/GoogleCloudAiplatformV1IdMatcher.php
OK	/htdocs/application/third_party/omnipay/vendor/google/apiclient-services/src/Aiplatform/GoogleCloudAiplatformV1Index.php
OK	/htdocs/application/third_party/omnipay/vendor/google/apiclient-services/src/Aiplatform/GoogleCloudAiplatformV1JiraSource.php
OK	/htdocs/application/third_party/omnipay/vendor/google/apiclient-services/src/Aiplatform/GoogleCloudAiplatformV1ListDatasetsResponse.php
OK	/htdocs/application/third_party/omnipay/vendor/google/apiclient-services/src/Aiplatform/GoogleCloudAiplatformV1ListHyperparameterTuningJobsResponse.php
OK	/htdocs/application/third_party/omnipay/vendor/google/apiclient-services/src/Aiplatform/GoogleCloudAiplatformV1ListNasTrialDetailsResponse.php
OK	/htdocs/application/third_party/omnipay/vendor/google/apiclient-services/src/Aiplatform/GoogleCloudAiplatformV1ListSchedulesResponse.php
OK	/htdocs/application/third_party/omnipay/vendor/google/apiclient-services/src/Aiplatform/GoogleCloudAiplatformV1LogprobsResultTopCandidates.php
OK	/htdocs/application/third_party/omnipay/vendor/google/apiclient-services/src/Aiplatform/GoogleCloudAiplatformV1MetricxInput.php
OK	/htdocs/application/third_party/omnipay/vendor/google/apiclient-services/src/Aiplatform/GoogleCloudAiplatformV1MigrateResourceRequestMigrateAutomlModelConfig.php
OK	/htdocs/application/third_party/omnipay/vendor/google/apiclient-services/src/Aiplatform/GoogleCloudAiplatformV1ModelDeploymentMonitoringJobLatestMonitoringPipelineMetadata.php
OK	/htdocs/application/third_party/omnipay/vendor/google/apiclient-services/src/Aiplatform/GoogleCloudAiplatformV1ModelExportFormat.php
OK	/htdocs/application/third_party/omnipay/vendor/google/apiclient-services/src/Aiplatform/GoogleCloudAiplatformV1ModelOriginalModelInfo.php
OK	/htdocs/application/third_party/omnipay/vendor/google/apiclient-services/src/Aiplatform/GoogleCloudAiplatformV1NasJobSpecMultiTrialAlgorithmSpec.php
OK	/htdocs/application/third_party/omnipay/vendor/google/apiclient-services/src/Aiplatform/GoogleCloudAiplatformV1NearestNeighborSearchOperationMetadata.php
OK	/htdocs/application/third_party/omnipay/vendor/google/apiclient-services/src/Aiplatform/GoogleCloudAiplatformV1NotebookExecutionJobGcsNotebookSource.php
OK	/htdocs/application/third_party/omnipay/vendor/google/apiclient-services/src/Aiplatform/GoogleCloudAiplatformV1PairwiseMetricSpec.php
OK	/htdocs/application/third_party/omnipay/vendor/google/apiclient-services/src/Aiplatform/GoogleCloudAiplatformV1PersistentDiskSpec.php
OK	/htdocs/application/third_party/omnipay/vendor/google/apiclient-services/src/Aiplatform/GoogleCloudAiplatformV1PipelineTemplateMetadata.php
OK	/htdocs/application/third_party/omnipay/vendor/google/apiclient-services/src/Aiplatform/GoogleCloudAiplatformV1PredictResponse.php
OK	/htdocs/application/third_party/omnipay/vendor/google/apiclient-services/src/Aiplatform/GoogleCloudAiplatformV1PSCAutomationConfig.php
OK	/htdocs/application/third_party/omnipay/vendor/google/apiclient-services/src/Aiplatform/GoogleCloudAiplatformV1PublisherModelDocumentation.php
OK	/htdocs/application/third_party/omnipay/vendor/google/apiclient-services/src/Aiplatform/GoogleCloudAiplatformV1QueryDeployedModelsResponse.php
OK	/htdocs/application/third_party/omnipay/vendor/google/apiclient-services/src/Aiplatform/GoogleCloudAiplatformV1QuestionAnsweringQualityInstance.php
OK	/htdocs/application/third_party/omnipay/vendor/google/apiclient-services/src/Aiplatform/GoogleCloudAiplatformV1RagFile.php
OK	/htdocs/application/third_party/omnipay/vendor/google/apiclient-services/src/Aiplatform/GoogleCloudAiplatformV1RayLogsSpec.php
OK	/htdocs/application/third_party/omnipay/vendor/google/apiclient-services/src/Aiplatform/GoogleCloudAiplatformV1ReadTensorboardSizeResponse.php
OK	/htdocs/application/third_party/omnipay/vendor/google/apiclient-services/src/Aiplatform/GoogleCloudAiplatformV1RemoveContextChildrenRequest.php
OK	/htdocs/application/third_party/omnipay/vendor/google/apiclient-services/src/Aiplatform/GoogleCloudAiplatformV1ResumeScheduleRequest.php
OK	/htdocs/application/third_party/omnipay/vendor/google/apiclient-services/src/Aiplatform/GoogleCloudAiplatformV1RougeSpec.php
OK	/htdocs/application/third_party/omnipay/vendor/google/apiclient-services/src/Aiplatform/GoogleCloudAiplatformV1Scalar.php
OK	/htdocs/application/third_party/omnipay/vendor/google/apiclient-services/src/Aiplatform/GoogleCloudAiplatformV1SchemaImageSegmentationAnnotationPolygonAnnotation.php
OK	/htdocs/application/third_party/omnipay/vendor/google/apiclient-services/src/Aiplatform/GoogleCloudAiplatformV1SchemaModelevaluationMetricsImageSegmentationEvaluationMetrics.php
OK	/htdocs/application/third_party/omnipay/vendor/google/apiclient-services/src/Aiplatform/GoogleCloudAiplatformV1SchemaModelevaluationMetricsVideoActionMetricsConfidenceMetrics.php
OK	/htdocs/application/third_party/omnipay/vendor/google/apiclient-services/src/Aiplatform/GoogleCloudAiplatformV1SchemaPredictionResult.php
OK	/htdocs/application/third_party/omnipay/vendor/google/apiclient-services/src/Aiplatform/GoogleCloudAiplatformV1SchemaPredictPredictionImageSegmentationPredictionResult.php
OK	/htdocs/application/third_party/omnipay/vendor/google/apiclient-services/src/Aiplatform/GoogleCloudAiplatformV1SchemaPromptInstancePromptExecution.php
OK	/htdocs/application/third_party/omnipay/vendor/google/apiclient-services/src/Aiplatform/GoogleCloudAiplatformV1SchemaPromptSpecTranslationPrompt.php
OK	/htdocs/application/third_party/omnipay/vendor/google/apiclient-services/src/Aiplatform/GoogleCloudAiplatformV1SchemaTextSentimentAnnotation.php
OK	/htdocs/application/third_party/omnipay/vendor/google/apiclient-services/src/Aiplatform/GoogleCloudAiplatformV1SchemaTrainingjobDefinitionAutoMlForecastingInputsTransformationCategoricalTransformation.php
OK	/htdocs/application/third_party/omnipay/vendor/google/apiclient-services/src/Aiplatform/GoogleCloudAiplatformV1SchemaTrainingjobDefinitionAutoMlImageSegmentationInputs.php
OK	/htdocs/application/third_party/omnipay/vendor/google/apiclient-services/src/Aiplatform/GoogleCloudAiplatformV1SchemaTrainingjobDefinitionAutoMlTablesInputsTransformationTextTransformation.php
OK	/htdocs/application/third_party/omnipay/vendor/google/apiclient-services/src/Aiplatform/GoogleCloudAiplatformV1SchemaTrainingjobDefinitionAutoMlVideoClassificationInputs.php
OK	/htdocs/application/third_party/omnipay/vendor/google/apiclient-services/src/Aiplatform/GoogleCloudAiplatformV1SchemaTrainingjobDefinitionSeq2SeqPlusForecastingInputsGranularity.php
OK	/htdocs/application/third_party/omnipay/vendor/google/apiclient-services/src/Aiplatform/GoogleCloudAiplatformV1SchemaTrainingjobDefinitionTftForecastingInputsTransformationAutoTransformation.php
OK	/htdocs/application/third_party/omnipay/vendor/google/apiclient-services/src/Aiplatform/GoogleCloudAiplatformV1SchemaVideoObjectTrackingAnnotation.php
OK	/htdocs/application/third_party/omnipay/vendor/google/apiclient-services/src/Aiplatform/GoogleCloudAiplatformV1SearchNearestEntitiesResponse.php
OK	/htdocs/application/third_party/omnipay/vendor/google/apiclient-services/src/Aiplatform/GoogleCloudAiplatformV1SpeculativeDecodingSpecDraftModelSpeculation.php
OK	/htdocs/application/third_party/omnipay/vendor/google/apiclient-services/src/Aiplatform/GoogleCloudAiplatformV1StreamRawPredictRequest.php
OK	/htdocs/application/third_party/omnipay/vendor/google/apiclient-services/src/Aiplatform/GoogleCloudAiplatformV1StudySpecParameterSpecCategoricalValueSpec.php
OK	/htdocs/application/third_party/omnipay/vendor/google/apiclient-services/src/Aiplatform/GoogleCloudAiplatformV1SuggestTrialsResponse.php
OK	/htdocs/application/third_party/omnipay/vendor/google/apiclient-services/src/Aiplatform/GoogleCloudAiplatformV1SummarizationVerbositySpec.php
OK	/htdocs/application/third_party/omnipay/vendor/google/apiclient-services/src/Aiplatform/GoogleCloudAiplatformV1TensorboardExperiment.php
OK	/htdocs/application/third_party/omnipay/vendor/google/apiclient-services/src/Aiplatform/GoogleCloudAiplatformV1ToolCall.php
OK	/htdocs/application/third_party/omnipay/vendor/google/apiclient-services/src/Aiplatform/GoogleCloudAiplatformV1ToolNameMatchResults.php
OK	/htdocs/application/third_party/omnipay/vendor/google/apiclient-services/src/Aiplatform/GoogleCloudAiplatformV1TrainingConfig.php
OK	/htdocs/application/third_party/omnipay/vendor/google/apiclient-services/src/Aiplatform/GoogleCloudAiplatformV1TrajectoryExactMatchSpec.php
OK	/htdocs/application/third_party/omnipay/vendor/google/apiclient-services/src/Aiplatform/GoogleCloudAiplatformV1TrajectoryRecallInstance.php
OK	/htdocs/application/third_party/omnipay/vendor/google/apiclient-services/src/Aiplatform/GoogleCloudAiplatformV1TunedModel.php
OK	/htdocs/application/third_party/omnipay/vendor/google/apiclient-services/src/Aiplatform/GoogleCloudAiplatformV1UpdateEndpointLongRunningRequest.php
OK	/htdocs/application/third_party/omnipay/vendor/google/apiclient-services/src/Aiplatform/GoogleCloudAiplatformV1UpdateSpecialistPoolOperationMetadata.php
OK	/htdocs/application/third_party/omnipay/vendor/google/apiclient-services/src/Aiplatform/GoogleCloudAiplatformV1UserActionReference.php
OK	/htdocs/application/third_party/omnipay/vendor/google/apiclient-services/src/Aiplatform/GoogleCloudAiplatformV1WriteTensorboardExperimentDataResponse.php
OK	/htdocs/application/third_party/omnipay/vendor/google/apiclient-services/src/Aiplatform/GoogleProtobufEmpty.php
OK	/htdocs/application/third_party/omnipay/vendor/google/apiclient-services/src/Aiplatform/Resource/DatasetsDatasetVersions.php
OK	/htdocs/application/third_party/omnipay/vendor/google/apiclient-services/src/Aiplatform/Resource/ProjectsLocationsDatasetsAnnotationSpecs.php
OK	/htdocs/application/third_party/omnipay/vendor/google/apiclient-services/src/Aiplatform/Resource/ProjectsLocationsEndpoints.php
OK	/htdocs/application/third_party/omnipay/vendor/google/apiclient-services/src/Aiplatform/Resource/ProjectsLocationsFeaturestores.php
OK	/htdocs/application/third_party/omnipay/vendor/google/apiclient-services/src/Aiplatform/Resource/ProjectsLocationsMetadataStores.php
OK	/htdocs/application/third_party/omnipay/vendor/google/apiclient-services/src/Aiplatform/Resource/ProjectsLocationsModelDeploymentMonitoringJobsOperations.php
OK	/htdocs/application/third_party/omnipay/vendor/google/apiclient-services/src/Aiplatform/Resource/ProjectsLocationsNotebookRuntimeTemplates.php
OK	/htdocs/application/third_party/omnipay/vendor/google/apiclient-services/src/Aiplatform/Resource/ProjectsLocationsRagCorporaRagFilesOperations.php
OK	/htdocs/application/third_party/omnipay/vendor/google/apiclient-services/src/Aiplatform/Resource/ProjectsLocationsTensorboardsExperiments.php
OK	/htdocs/application/third_party/omnipay/vendor/google/apiclient-services/src/Aiplatform/Resource/PublishersModels.php
OK	/htdocs/application/third_party/omnipay/vendor/google/apiclient-services/src/AIPlatformNotebooks/DefaultValues.php
OK	/htdocs/application/third_party/omnipay/vendor/google/apiclient-services/src/AIPlatformNotebooks/GetInstanceHealthResponse.php
OK	/htdocs/application/third_party/omnipay/vendor/google/apiclient-services/src/AIPlatformNotebooks/ListRuntimesResponse.php
OK	/htdocs/application/third_party/omnipay/vendor/google/apiclient-services/src/AIPlatformNotebooks/RegisterInstanceRequest.php
OK	/htdocs/application/third_party/omnipay/vendor/google/apiclient-services/src/AIPlatformNotebooks/RuntimeAcceleratorConfig.php
OK	/htdocs/application/third_party/omnipay/vendor/google/apiclient-services/src/AIPlatformNotebooks/SetInstanceMachineTypeRequest.php
OK	/htdocs/application/third_party/omnipay/vendor/google/apiclient-services/src/AIPlatformNotebooks/TriggerScheduleRequest.php
OK	/htdocs/application/third_party/omnipay/vendor/google/apiclient-services/src/AIPlatformNotebooks/VirtualMachineConfig.php
OK	/htdocs/application/third_party/omnipay/vendor/google/apiclient-services/src/AirQuality/Color.php
OK	/htdocs/application/third_party/omnipay/vendor/google/apiclient-services/src/AirQuality/LookupForecastResponse.php
OK	/htdocs/application/third_party/omnipay/vendor/google/apiclient-services/src/AlertCenter/AccountSuspensionWarning.php
OK	/htdocs/application/third_party/omnipay/vendor/google/apiclient-services/src/AlertCenter/Attachment.php
OK	/htdocs/application/third_party/omnipay/vendor/google/apiclient-services/src/AlertCenter/DlpRuleViolation.php
OK	/htdocs/application/third_party/omnipay/vendor/google/apiclient-services/src/AlertCenter/MandatoryServiceAnnouncement.php
OK	/htdocs/application/third_party/omnipay/vendor/google/apiclient-services/src/AlertCenter/RuleViolationInfo.php
OK	/htdocs/application/third_party/omnipay/vendor/google/apiclient-services/src/AlertCenter/TransferError.php
OK	/htdocs/application/third_party/omnipay/vendor/google/apiclient-services/src/Analytics/Account.php
OK	/htdocs/application/third_party/omnipay/vendor/google/apiclient-services/src/Analytics/Column.php
OK	/htdocs/application/third_party/omnipay/vendor/google/apiclient-services/src/Analytics/EntityAdWordsLink.php
OK	/htdocs/application/third_party/omnipay/vendor/google/apiclient-services/src/Analytics/FilterAdvancedDetails.php
OK	/htdocs/application/third_party/omnipay/vendor/google/apiclient-services/src/Analytics/GaDataDataTableRows.php
OK	/htdocs/application/third_party/omnipay/vendor/google/apiclient-services/src/Analytics/GoalVisitTimeOnSiteDetails.php
OK	/htdocs/application/third_party/omnipay/vendor/google/apiclient-services/src/Analytics/ProfileChildLink.php
OK	/htdocs/application/third_party/omnipay/vendor/google/apiclient-services/src/Analytics/RemarketingAudience.php
OK	/htdocs/application/third_party/omnipay/vendor/google/apiclient-services/src/Analytics/Uploads.php
OK	/htdocs/application/third_party/omnipay/vendor/google/apiclient-services/src/Analytics/Resource/DataGa.php
OK	/htdocs/application/third_party/omnipay/vendor/google/apiclient-services/src/Analytics/Resource/ManagementFilters.php
OK	/htdocs/application/third_party/omnipay/vendor/google/apiclient-services/src/Analytics/Resource/Metadata.php
OK	/htdocs/application/third_party/omnipay/vendor/google/apiclient-services/src/AnalyticsData/BetweenFilter.php
OK	/htdocs/application/third_party/omnipay/vendor/google/apiclient-services/src/AnalyticsData/Dimension.php
OK	/htdocs/application/third_party/omnipay/vendor/google/apiclient-services/src/AnalyticsData/ListAudienceExportsResponse.php
OK	/htdocs/application/third_party/omnipay/vendor/google/apiclient-services/src/AnalyticsData/OrderBy.php
OK	/htdocs/application/third_party/omnipay/vendor/google/apiclient-services/src/AnalyticsData/RunPivotReportRequest.php
OK	/htdocs/application/third_party/omnipay/vendor/google/apiclient-services/src/AnalyticsData/V1betaAudienceRow.php
OK	/htdocs/application/third_party/omnipay/vendor/google/apiclient-services/src/AnalyticsHub/DataExchange.php
OK	/htdocs/application/third_party/omnipay/vendor/google/apiclient-services/src/AnalyticsHub/GoogleCloudBigqueryAnalyticshubV1ListingCommercialInfo.php
OK	/htdocs/application/third_party/omnipay/vendor/google/apiclient-services/src/AnalyticsHub/ListSharedResourceSubscriptionsResponse.php
OK	/htdocs/application/third_party/omnipay/vendor/google/apiclient-services/src/AnalyticsHub/PushConfig.php
OK	/htdocs/application/third_party/omnipay/vendor/google/apiclient-services/src/AnalyticsHub/SubscribeDataExchangeRequest.php
OK	/htdocs/application/third_party/omnipay/vendor/google/apiclient-services/src/AnalyticsHub/Resource/ProjectsLocations.php
OK	/htdocs/application/third_party/omnipay/vendor/google/apiclient-services/src/AnalyticsReporting/DimensionFilter.php
OK	/htdocs/application/third_party/omnipay/vendor/google/apiclient-services/src/AnalyticsReporting/MetricHeader.php
OK	/htdocs/application/third_party/omnipay/vendor/google/apiclient-services/src/AnalyticsReporting/ReportRequest.php
OK	/htdocs/application/third_party/omnipay/vendor/google/apiclient-services/src/AnalyticsReporting/SegmentSequenceStep.php
OK	/htdocs/application/third_party/omnipay/vendor/google/apiclient-services/src/AndroidEnterprise/AdministratorWebTokenSpecPlaySearch.php
OK	/htdocs/application/third_party/omnipay/vendor/google/apiclient-services/src/AndroidEnterprise/AppVersion.php
OK	/htdocs/application/third_party/omnipay/vendor/google/apiclient-services/src/AndroidEnterprise/Enterprise.php
OK	/htdocs/application/third_party/omnipay/vendor/google/apiclient-services/src/AndroidEnterprise/InstallFailureEvent.php
OK	/htdocs/application/third_party/omnipay/vendor/google/apiclient-services/src/AndroidEnterprise/NewDeviceEvent.php
OK	/htdocs/application/third_party/omnipay/vendor/google/apiclient-services/src/AndroidEnterprise/ProductPolicy.php
OK	/htdocs/application/third_party/omnipay/vendor/google/apiclient-services/src/AndroidEnterprise/StoreLayout.php
OK	/htdocs/application/third_party/omnipay/vendor/google/apiclient-services/src/AndroidEnterprise/Resource/Devices.php
OK	/htdocs/application/third_party/omnipay/vendor/google/apiclient-services/src/AndroidEnterprise/Resource/Serviceaccountkeys.php
OK	/htdocs/application/third_party/omnipay/vendor/google/apiclient-services/src/AndroidManagement/ApplicationEvent.php
OK	/htdocs/application/third_party/omnipay/vendor/google/apiclient-services/src/AndroidManagement/CertAuthorityRemovedEvent.php
OK	/htdocs/application/third_party/omnipay/vendor/google/apiclient-services/src/AndroidManagement/CryptoSelfTestCompletedEvent.php
OK	/htdocs/application/third_party/omnipay/vendor/google/apiclient-services/src/AndroidManagement/Enterprise.php
OK	/htdocs/application/third_party/omnipay/vendor/google/apiclient-services/src/AndroidManagement/KeyedAppState.php
OK	/htdocs/application/third_party/omnipay/vendor/google/apiclient-services/src/AndroidManagement/ListMigrationTokensResponse.php
OK	/htdocs/application/third_party/omnipay/vendor/google/apiclient-services/src/AndroidManagement/ManagedPropertyEntry.php
OK	/htdocs/application/third_party/omnipay/vendor/google/apiclient-services/src/AndroidManagement/OsShutdownEvent.php
OK	/htdocs/application/third_party/omnipay/vendor/google/apiclient-services/src/AndroidManagement/PostureDetail.php
OK	/htdocs/application/third_party/omnipay/vendor/google/apiclient-services/src/AndroidManagement/SpecificNonComplianceContext.php
OK	/htdocs/application/third_party/omnipay/vendor/google/apiclient-services/src/AndroidManagement/UsageLog.php
OK	/htdocs/application/third_party/omnipay/vendor/google/apiclient-services/src/AndroidManagement/WipeFailureEvent.php
OK	/htdocs/application/third_party/omnipay/vendor/google/apiclient-services/src/AndroidProvisioningPartner/AndroiddeviceprovisioningEmpty.php
OK	/htdocs/application/third_party/omnipay/vendor/google/apiclient-services/src/AndroidProvisioningPartner/CustomerRemoveConfigurationRequest.php
OK	/htdocs/application/third_party/omnipay/vendor/google/apiclient-services/src/AndroidProvisioningPartner/FindDevicesByOwnerRequest.php
OK	/htdocs/application/third_party/omnipay/vendor/google/apiclient-services/src/AndroidProvisioningPartner/PerDeviceStatusInBatch.php
OK	/htdocs/application/third_party/omnipay/vendor/google/apiclient-services/src/AndroidProvisioningPartner/Resource/Partners.php
OK	/htdocs/application/third_party/omnipay/vendor/google/apiclient-services/src/AndroidPublisher/AllUsers.php
OK	/htdocs/application/third_party/omnipay/vendor/google/apiclient-services/src/AndroidPublisher/AppRecoveryAction.php
OK	/htdocs/application/third_party/omnipay/vendor/google/apiclient-services/src/AndroidPublisher/BatchMigrateBasePlanPricesRequest.php
OK	/htdocs/application/third_party/omnipay/vendor/google/apiclient-services/src/AndroidPublisher/CancelAppRecoveryRequest.php
OK	/htdocs/application/third_party/omnipay/vendor/google/apiclient-services/src/AndroidPublisher/DeactivateSubscriptionOfferRequest.php
OK	/htdocs/application/third_party/omnipay/vendor/google/apiclient-services/src/AndroidPublisher/DeviceMetadata.php
OK	/htdocs/application/third_party/omnipay/vendor/google/apiclient-services/src/AndroidPublisher/ExternalSubscription.php
OK	/htdocs/application/third_party/omnipay/vendor/google/apiclient-services/src/AndroidPublisher/GetSubscriptionOfferRequest.php
OK	/htdocs/application/third_party/omnipay/vendor/google/apiclient-services/src/AndroidPublisher/InappproductsDeleteRequest.php
OK	/htdocs/application/third_party/omnipay/vendor/google/apiclient-services/src/AndroidPublisher/ListSubscriptionOffersResponse.php
OK	/htdocs/application/third_party/omnipay/vendor/google/apiclient-services/src/AndroidPublisher/OfferDetails.php
OK	/htdocs/application/third_party/omnipay/vendor/google/apiclient-services/src/AndroidPublisher/PausedStateContext.php
OK	/htdocs/application/third_party/omnipay/vendor/google/apiclient-services/src/AndroidPublisher/RegionalSubscriptionOfferPhaseConfig.php
OK	/htdocs/application/third_party/omnipay/vendor/google/apiclient-services/src/AndroidPublisher/ReviewsListResponse.php
OK	/htdocs/application/third_party/omnipay/vendor/google/apiclient-services/src/AndroidPublisher/SdkVersion.php
OK	/htdocs/application/third_party/omnipay/vendor/google/apiclient-services/src/AndroidPublisher/SubscriptionOffer.php
OK	/htdocs/application/third_party/omnipay/vendor/google/apiclient-services/src/AndroidPublisher/SystemApksListResponse.php
OK	/htdocs/application/third_party/omnipay/vendor/google/apiclient-services/src/AndroidPublisher/TextureCompressionFormat.php
OK	/htdocs/application/third_party/omnipay/vendor/google/apiclient-services/src/AndroidPublisher/UpdateSubscriptionOfferRequest.php
OK	/htdocs/application/third_party/omnipay/vendor/google/apiclient-services/src/AndroidPublisher/VariantTargeting.php
OK	/htdocs/application/third_party/omnipay/vendor/google/apiclient-services/src/AndroidPublisher/Resource/EditsDetails.php
OK	/htdocs/application/third_party/omnipay/vendor/google/apiclient-services/src/AndroidPublisher/Resource/MonetizationSubscriptions.php
OK	/htdocs/application/third_party/omnipay/vendor/google/apiclient-services/src/AndroidPublisher/Resource/Users.php
OK	/htdocs/application/third_party/omnipay/vendor/google/apiclient-services/src/Apigateway/ApigatewayGateway.php
OK	/htdocs/application/third_party/omnipay/vendor/google/apiclient-services/src/Apigateway/ApigatewayStatus.php
OK	/htdocs/application/third_party/omnipay/vendor/google/apiclient-services/src/Apigee/GoogleCloudApigeeV1Access.php
OK	/htdocs/application/third_party/omnipay/vendor/google/apiclient-services/src/Apigee/GoogleCloudApigeeV1ApiCategory.php
OK	/htdocs/application/third_party/omnipay/vendor/google/apiclient-services/src/Apigee/GoogleCloudApigeeV1ApiProxyRevision.php
OK	/htdocs/application/third_party/omnipay/vendor/google/apiclient-services/src/Apigee/GoogleCloudApigeeV1Attribute.php
OK	/htdocs/application/third_party/omnipay/vendor/google/apiclient-services/src/Apigee/GoogleCloudApigeeV1CertInfo.php
OK	/htdocs/application/third_party/omnipay/vendor/google/apiclient-services/src/Apigee/GoogleCloudApigeeV1DataCollector.php
OK	/htdocs/application/third_party/omnipay/vendor/google/apiclient-services/src/Apigee/GoogleCloudApigeeV1DeploymentChangeReportRoutingChange.php
OK	/htdocs/application/third_party/omnipay/vendor/google/apiclient-services/src/Apigee/GoogleCloudApigeeV1DimensionMetric.php
OK	/htdocs/application/third_party/omnipay/vendor/google/apiclient-services/src/Apigee/GoogleCloudApigeeV1EnvironmentConfigClientIPResolutionConfigHeaderIndexAlgorithm.php
OK	/htdocs/application/third_party/omnipay/vendor/google/apiclient-services/src/Apigee/GoogleCloudApigeeV1GenerateUploadUrlResponse.php
OK	/htdocs/application/third_party/omnipay/vendor/google/apiclient-services/src/Apigee/GoogleCloudApigeeV1InstanceAttachment.php
OK	/htdocs/application/third_party/omnipay/vendor/google/apiclient-services/src/Apigee/GoogleCloudApigeeV1ListApiDocsResponse.php
OK	/htdocs/application/third_party/omnipay/vendor/google/apiclient-services/src/Apigee/GoogleCloudApigeeV1ListDeploymentsResponse.php
OK	/htdocs/application/third_party/omnipay/vendor/google/apiclient-services/src/Apigee/GoogleCloudApigeeV1ListNatAddressesResponse.php
OK	/htdocs/application/third_party/omnipay/vendor/google/apiclient-services/src/Apigee/GoogleCloudApigeeV1Metadata.php
OK	/htdocs/application/third_party/omnipay/vendor/google/apiclient-services/src/Apigee/GoogleCloudApigeeV1OptimizedStats.php
OK	/htdocs/application/third_party/omnipay/vendor/google/apiclient-services/src/Apigee/GoogleCloudApigeeV1ProfileConfigMediation.php
OK	/htdocs/application/third_party/omnipay/vendor/google/apiclient-services/src/Apigee/GoogleCloudApigeeV1QueryTimeSeriesStatsResponse.php
OK	/htdocs/application/third_party/omnipay/vendor/google/apiclient-services/src/Apigee/GoogleCloudApigeeV1ResourceFiles.php
OK	/htdocs/application/third_party/omnipay/vendor/google/apiclient-services/src/Apigee/GoogleCloudApigeeV1RuntimeTraceSamplingConfig.php
OK	/htdocs/application/third_party/omnipay/vendor/google/apiclient-services/src/Apigee/GoogleCloudApigeeV1SecurityActionDeny.php
OK	/htdocs/application/third_party/omnipay/vendor/google/apiclient-services/src/Apigee/GoogleCloudApigeeV1SecurityProfileEnvironment.php
OK	/htdocs/application/third_party/omnipay/vendor/google/apiclient-services/src/Apigee/GoogleCloudApigeeV1ServiceIssuersMapping.php
OK	/htdocs/application/third_party/omnipay/vendor/google/apiclient-services/src/Apigee/GoogleCloudApigeeV1TargetServerConfig.php
OK	/htdocs/application/third_party/omnipay/vendor/google/apiclient-services/src/Apigee/GoogleIamV1AuditLogConfig.php
OK	/htdocs/application/third_party/omnipay/vendor/google/apiclient-services/src/Apigee/GoogleTypeExpr.php
OK	/htdocs/application/third_party/omnipay/vendor/google/apiclient-services/src/Apigee/Resource/OrganizationsApisDebugsessions.php
OK	/htdocs/application/third_party/omnipay/vendor/google/apiclient-services/src/Apigee/Resource/OrganizationsDeployments.php
OK	/htdocs/application/third_party/omnipay/vendor/google/apiclient-services/src/Apigee/Resource/OrganizationsEnvgroupsAttachments.php
OK	/htdocs/application/third_party/omnipay/vendor/google/apiclient-services/src/Apigee/Resource/OrganizationsEnvironmentsArchiveDeployments.php
OK	/htdocs/application/third_party/omnipay/vendor/google/apiclient-services/src/Apigee/Resource/OrganizationsEnvironmentsSecurityActions.php
OK	/htdocs/application/third_party/omnipay/vendor/google/apiclient-services/src/Apigee/Resource/OrganizationsHostSecurityReports.php
OK	/htdocs/application/third_party/omnipay/vendor/google/apiclient-services/src/Apigee/Resource/OrganizationsSecurityProfiles.php
OK	/htdocs/application/third_party/omnipay/vendor/google/apiclient-services/src/ApigeeRegistry/ApiDeployment.php
OK	/htdocs/application/third_party/omnipay/vendor/google/apiclient-services/src/ApigeeRegistry/ListApiDeploymentRevisionsResponse.php
OK	/htdocs/application/third_party/omnipay/vendor/google/apiclient-services/src/ApigeeRegistry/Policy.php
OK	/htdocs/application/third_party/omnipay/vendor/google/apiclient-services/src/ApigeeRegistry/Resource/ProjectsLocationsApisArtifacts.php
OK	/htdocs/application/third_party/omnipay/vendor/google/apiclient-services/src/ApiKeysService/Operation.php
OK	/htdocs/application/third_party/omnipay/vendor/google/apiclient-services/src/ApiKeysService/V2Restrictions.php
OK	/htdocs/application/third_party/omnipay/vendor/google/apiclient-services/src/APIManagement/BatchEditTagsApiObservationsResponse.php
OK	/htdocs/application/third_party/omnipay/vendor/google/apiclient-services/src/APIManagement/HttpOperationQueryParam.php
OK	/htdocs/application/third_party/omnipay/vendor/google/apiclient-services/src/APIManagement/OperationMetadata.php
OK	/htdocs/application/third_party/omnipay/vendor/google/apiclient-services/src/Appengine/AppengineEmpty.php
OK	/htdocs/application/third_party/omnipay/vendor/google/apiclient-services/src/Appengine/CpuUtilization.php
OK	/htdocs/application/third_party/omnipay/vendor/google/apiclient-services/src/Appengine/FeatureSettings.php
OK	/htdocs/application/third_party/omnipay/vendor/google/apiclient-services/src/Appengine/ListAuthorizedCertificatesResponse.php
OK	/htdocs/application/third_party/omnipay/vendor/google/apiclient-services/src/Appengine/LocationMetadata.php
OK	/htdocs/application/third_party/omnipay/vendor/google/apiclient-services/src/Appengine/ProjectState.php
OK	/htdocs/application/third_party/omnipay/vendor/google/apiclient-services/src/Appengine/StandardSchedulerSettings.php
OK	/htdocs/application/third_party/omnipay/vendor/google/apiclient-services/src/Appengine/Resource/AppsAuthorizedDomains.php
OK	/htdocs/application/third_party/omnipay/vendor/google/apiclient-services/src/Appengine/Resource/ProjectsLocationsApplicationsAuthorizedDomains.php
OK	/htdocs/application/third_party/omnipay/vendor/google/apiclient-services/src/AppHub/Channel.php
OK	/htdocs/application/third_party/omnipay/vendor/google/apiclient-services/src/AppHub/ExtraParameter.php
OK	/htdocs/application/third_party/omnipay/vendor/google/apiclient-services/src/AppHub/Location.php
OK	/htdocs/application/third_party/omnipay/vendor/google/apiclient-services/src/AppHub/RequirementOverride.php
OK	/htdocs/application/third_party/omnipay/vendor/google/apiclient-services/src/AppHub/Workload.php
OK	/htdocs/application/third_party/omnipay/vendor/google/apiclient-services/src/AppHub/Resource/ProjectsLocationsServiceProjectAttachments.php
OK	/htdocs/application/third_party/omnipay/vendor/google/apiclient-services/src/Area120Tables/ListTablesResponse.php
OK	/htdocs/application/third_party/omnipay/vendor/google/apiclient-services/src/AreaInsights/Circle.php
OK	/htdocs/application/third_party/omnipay/vendor/google/apiclient-services/src/AreaInsights/Resource/V1.php
OK	/htdocs/application/third_party/omnipay/vendor/google/apiclient-services/src/ArtifactRegistry/CommonRemoteRepository.php
OK	/htdocs/application/third_party/omnipay/vendor/google/apiclient-services/src/ArtifactRegistry/GoogleDevtoolsArtifactregistryV1RemoteRepositoryConfigDockerRepositoryCustomRepository.php
OK	/htdocs/application/third_party/omnipay/vendor/google/apiclient-services/src/ArtifactRegistry/ImportAptArtifactsResponse.php
OK	/htdocs/application/third_party/omnipay/vendor/google/apiclient-services/src/ArtifactRegistry/ListAttachmentsResponse.php
OK	/htdocs/application/third_party/omnipay/vendor/google/apiclient-services/src/ArtifactRegistry/ListVersionsResponse.php
OK	/htdocs/application/third_party/omnipay/vendor/google/apiclient-services/src/ArtifactRegistry/PromoteArtifactMetadata.php
OK	/htdocs/application/third_party/omnipay/vendor/google/apiclient-services/src/ArtifactRegistry/UploadAptArtifactMetadata.php
OK	/htdocs/application/third_party/omnipay/vendor/google/apiclient-services/src/ArtifactRegistry/UploadGoogetArtifactMetadata.php
OK	/htdocs/application/third_party/omnipay/vendor/google/apiclient-services/src/ArtifactRegistry/UsernamePasswordCredentials.php
OK	/htdocs/application/third_party/omnipay/vendor/google/apiclient-services/src/ArtifactRegistry/Resource/ProjectsLocationsRepositories.php
OK	/htdocs/application/third_party/omnipay/vendor/google/apiclient-services/src/ArtifactRegistry/Resource/ProjectsLocationsRepositoriesPackagesTags.php
OK	/htdocs/application/third_party/omnipay/vendor/google/apiclient-services/src/Assuredworkloads/GoogleCloudAssuredworkloadsV1beta1WorkloadFedrampHighSettings.php
OK	/htdocs/application/third_party/omnipay/vendor/google/apiclient-services/src/Assuredworkloads/GoogleCloudAssuredworkloadsV1MoveAnalysisResult.php
OK	/htdocs/application/third_party/omnipay/vendor/google/apiclient-services/src/Assuredworkloads/GoogleCloudAssuredworkloadsV1WorkloadComplianceStatus.php
OK	/htdocs/application/third_party/omnipay/vendor/google/apiclient-services/src/Assuredworkloads/GoogleCloudAssuredworkloadsVersioningV1mainWorkloadFedrampHighSettings.php
OK	/htdocs/application/third_party/omnipay/vendor/google/apiclient-services/src/Assuredworkloads/Resource/OrganizationsLocations.php
OK	/htdocs/application/third_party/omnipay/vendor/google/apiclient-services/src/AuthorizedBuyersMarketplace/BatchUpdateDealsRequest.php
OK	/htdocs/application/third_party/omnipay/vendor/google/apiclient-services/src/AuthorizedBuyersMarketplace/Deal.php
OK	/htdocs/application/third_party/omnipay/vendor/google/apiclient-services/src/AuthorizedBuyersMarketplace/ListFinalizedDealsResponse.php
OK	/htdocs/application/third_party/omnipay/vendor/google/apiclient-services/src/AuthorizedBuyersMarketplace/Price.php
OK	/htdocs/application/third_party/omnipay/vendor/google/apiclient-services/src/AuthorizedBuyersMarketplace/SubscribeClientsRequest.php
OK	/htdocs/application/third_party/omnipay/vendor/google/apiclient-services/src/AuthorizedBuyersMarketplace/Resource/Buyers.php
OK	/htdocs/application/third_party/omnipay/vendor/google/apiclient-services/src/Backupdr/AliasIpRange.php
OK	/htdocs/application/third_party/omnipay/vendor/google/apiclient-services/src/Backupdr/BackupdrEmpty.php
OK	/htdocs/application/third_party/omnipay/vendor/google/apiclient-services/src/Backupdr/BlobstoreLocation.php
OK	/htdocs/application/third_party/omnipay/vendor/google/apiclient-services/src/Backupdr/DataSourceGcpResource.php
OK	/htdocs/application/third_party/omnipay/vendor/google/apiclient-services/src/Backupdr/GcpResource.php
OK	/htdocs/application/third_party/omnipay/vendor/google/apiclient-services/src/Backupdr/ListDataSourcesResponse.php
OK	/htdocs/application/third_party/omnipay/vendor/google/apiclient-services/src/Backupdr/NetworkInterface.php
OK	/htdocs/application/third_party/omnipay/vendor/google/apiclient-services/src/Backupdr/RestoreBackupRequest.php
OK	/htdocs/application/third_party/omnipay/vendor/google/apiclient-services/src/Backupdr/Status.php
OK	/htdocs/application/third_party/omnipay/vendor/google/apiclient-services/src/Backupdr/Resource/ProjectsLocations.php
OK	/htdocs/application/third_party/omnipay/vendor/google/apiclient-services/src/BackupforGKE/Backup.php
OK	/htdocs/application/third_party/omnipay/vendor/google/apiclient-services/src/BackupforGKE/GetBackupIndexDownloadUrlResponse.php
OK	/htdocs/application/third_party/omnipay/vendor/google/apiclient-services/src/BackupforGKE/ListRestoresResponse.php
OK	/htdocs/application/third_party/omnipay/vendor/google/apiclient-services/src/BackupforGKE/RestoreConfig.php
OK	/htdocs/application/third_party/omnipay/vendor/google/apiclient-services/src/BackupforGKE/TransformationRuleAction.php
OK	/htdocs/application/third_party/omnipay/vendor/google/apiclient-services/src/BackupforGKE/Resource/ProjectsLocationsRestorePlansRestores.php
OK	/htdocs/application/third_party/omnipay/vendor/google/apiclient-services/src/Baremetalsolution/EnableInteractiveSerialConsoleResponse.php
OK	/htdocs/application/third_party/omnipay/vendor/google/apiclient-services/src/Baremetalsolution/ListLocationsResponse.php
OK	/htdocs/application/third_party/omnipay/vendor/google/apiclient-services/src/Baremetalsolution/LoadInstanceAuthInfoResponse.php
OK	/htdocs/application/third_party/omnipay/vendor/google/apiclient-services/src/Baremetalsolution/NfsExport.php
OK	/htdocs/application/third_party/omnipay/vendor/google/apiclient-services/src/Baremetalsolution/RenameNfsShareRequest.php
OK	/htdocs/application/third_party/omnipay/vendor/google/apiclient-services/src/Baremetalsolution/StartInstanceRequest.php
OK	/htdocs/application/third_party/omnipay/vendor/google/apiclient-services/src/Baremetalsolution/VolumeConfig.php
OK	/htdocs/application/third_party/omnipay/vendor/google/apiclient-services/src/Baremetalsolution/Resource/ProjectsLocationsProvisioningConfigs.php
OK	/htdocs/application/third_party/omnipay/vendor/google/apiclient-services/src/Batch/AgentKMSEnvMap.php
OK	/htdocs/application/third_party/omnipay/vendor/google/apiclient-services/src/Batch/AuditConfig.php
OK	/htdocs/application/third_party/omnipay/vendor/google/apiclient-services/src/Batch/Expr.php
OK	/htdocs/application/third_party/omnipay/vendor/google/apiclient-services/src/Batch/ListOperationsResponse.php
OK	/htdocs/application/third_party/omnipay/vendor/google/apiclient-services/src/Batch/Policy.php
OK	/htdocs/application/third_party/omnipay/vendor/google/apiclient-services/src/Batch/TaskGroupStatus.php
OK	/htdocs/application/third_party/omnipay/vendor/google/apiclient-services/src/Batch/Resource/ProjectsLocationsOperations.php
OK	/htdocs/application/third_party/omnipay/vendor/google/apiclient-services/src/BeyondCorp/CloudPubSubNotificationConfig.php
OK	/htdocs/application/third_party/omnipay/vendor/google/apiclient-services/src/BeyondCorp/ContainerHealthDetails.php
OK	/htdocs/application/third_party/omnipay/vendor/google/apiclient-services/src/BeyondCorp/GoogleCloudBeyondcorpAppconnectionsV1AppConnectionApplicationEndpoint.php
OK	/htdocs/application/third_party/omnipay/vendor/google/apiclient-services/src/BeyondCorp/GoogleCloudBeyondcorpAppconnectorsV1alphaImageConfig.php
OK	/htdocs/application/third_party/omnipay/vendor/google/apiclient-services/src/BeyondCorp/GoogleCloudBeyondcorpAppconnectorsV1AppConnectorPrincipalInfoServiceAccount.php
OK	/htdocs/application/third_party/omnipay/vendor/google/apiclient-services/src/BeyondCorp/GoogleCloudBeyondcorpClientconnectorservicesV1alphaClientConnectorServiceOperationMetadata.php
OK	/htdocs/application/third_party/omnipay/vendor/google/apiclient-services/src/BeyondCorp/GoogleCloudBeyondcorpSecuritygatewaysV1Hub.php
OK	/htdocs/application/third_party/omnipay/vendor/google/apiclient-services/src/BeyondCorp/GoogleIamV1AuditLogConfig.php
OK	/htdocs/application/third_party/omnipay/vendor/google/apiclient-services/src/BeyondCorp/Ingress.php
OK	/htdocs/application/third_party/omnipay/vendor/google/apiclient-services/src/BeyondCorp/ResolveInstanceConfigResponse.php
OK	/htdocs/application/third_party/omnipay/vendor/google/apiclient-services/src/BeyondCorp/Resource/OrganizationsLocationsBeyondcorpGlobalTenants.php
OK	/htdocs/application/third_party/omnipay/vendor/google/apiclient-services/src/BeyondCorp/Resource/ProjectsLocationsClientGateways.php
OK	/htdocs/application/third_party/omnipay/vendor/google/apiclient-services/src/BigLakeService/HiveDatabaseOptions.php
OK	/htdocs/application/third_party/omnipay/vendor/google/apiclient-services/src/BigLakeService/Resource/ProjectsLocationsCatalogsDatabases.php
OK	/htdocs/application/third_party/omnipay/vendor/google/apiclient-services/src/Bigquery/AuditConfig.php
OK	/htdocs/application/third_party/omnipay/vendor/google/apiclient-services/src/Bigquery/BinaryConfusionMatrix.php
OK	/htdocs/application/third_party/omnipay/vendor/google/apiclient-services/src/Bigquery/ConfusionMatrix.php
OK	/htdocs/application/third_party/omnipay/vendor/google/apiclient-services/src/Bigquery/DatasetReference.php
OK	/htdocs/application/third_party/omnipay/vendor/google/apiclient-services/src/Bigquery/ErrorProto.php
OK	/htdocs/application/third_party/omnipay/vendor/google/apiclient-services/src/Bigquery/FeatureValue.php
OK	/htdocs/application/third_party/omnipay/vendor/google/apiclient-services/src/Bigquery/HparamTuningTrial.php
OK	/htdocs/application/third_party/omnipay/vendor/google/apiclient-services/src/Bigquery/JobConfiguration.php
OK	/htdocs/application/third_party/omnipay/vendor/google/apiclient-services/src/Bigquery/JobStatistics3.php
OK	/htdocs/application/third_party/omnipay/vendor/google/apiclient-services/src/Bigquery/LoadQueryStatistics.php
OK	/htdocs/application/third_party/omnipay/vendor/google/apiclient-services/src/Bigquery/ModelReference.php
OK	/htdocs/application/third_party/omnipay/vendor/google/apiclient-services/src/Bigquery/ProjectReference.php
OK	/htdocs/application/third_party/omnipay/vendor/google/apiclient-services/src/Bigquery/RangeValue.php
OK	/htdocs/application/third_party/omnipay/vendor/google/apiclient-services/src/Bigquery/ScriptOptions.php
OK	/htdocs/application/third_party/omnipay/vendor/google/apiclient-services/src/Bigquery/StagePerformanceChangeInsight.php
OK	/htdocs/application/third_party/omnipay/vendor/google/apiclient-services/src/Bigquery/Table.php
OK	/htdocs/application/third_party/omnipay/vendor/google/apiclient-services/src/Bigquery/TableFieldSchema.php
OK	/htdocs/application/third_party/omnipay/vendor/google/apiclient-services/src/Bigquery/TestIamPermissionsRequest.php
OK	/htdocs/application/third_party/omnipay/vendor/google/apiclient-services/src/Bigquery/Resource/Jobs.php
OK	/htdocs/application/third_party/omnipay/vendor/google/apiclient-services/src/BigQueryConnectionService/BigqueryconnectionEmpty.php
OK	/htdocs/application/third_party/omnipay/vendor/google/apiclient-services/src/BigQueryConnectionService/ConnectorConfigurationNetwork.php
OK	/htdocs/application/third_party/omnipay/vendor/google/apiclient-services/src/BigQueryConnectionService/SparkHistoryServerConfig.php
OK	/htdocs/application/third_party/omnipay/vendor/google/apiclient-services/src/BigQueryDataPolicyService/DataPolicy.php
OK	/htdocs/application/third_party/omnipay/vendor/google/apiclient-services/src/BigQueryDataPolicyService/Resource/ProjectsLocationsDataPolicies.php
OK	/htdocs/application/third_party/omnipay/vendor/google/apiclient-services/src/BigQueryDataTransfer/ListTransferConfigsResponse.php
OK	/htdocs/application/third_party/omnipay/vendor/google/apiclient-services/src/BigQueryDataTransfer/TimeBasedSchedule.php
OK	/htdocs/application/third_party/omnipay/vendor/google/apiclient-services/src/BigQueryDataTransfer/Resource/ProjectsLocationsTransferConfigsRuns.php
OK	/htdocs/application/third_party/omnipay/vendor/google/apiclient-services/src/BigQueryReservation/ListCapacityCommitmentsResponse.php
OK	/htdocs/application/third_party/omnipay/vendor/google/apiclient-services/src/BigQueryReservation/Resource/Projects.php
OK	/htdocs/application/third_party/omnipay/vendor/google/apiclient-services/src/BigtableAdmin/Backup.php
OK	/htdocs/application/third_party/omnipay/vendor/google/apiclient-services/src/BigtableAdmin/ColumnFamilyStats.php
OK	/htdocs/application/third_party/omnipay/vendor/google/apiclient-services/src/BigtableAdmin/DataBoostReadLocalWrites.php
OK	/htdocs/application/third_party/omnipay/vendor/google/apiclient-services/src/BigtableAdmin/GoogleBigtableAdminV2AuthorizedViewFamilySubsets.php
OK	/htdocs/application/third_party/omnipay/vendor/google/apiclient-services/src/BigtableAdmin/GoogleBigtableAdminV2TypeDate.php
OK	/htdocs/application/third_party/omnipay/vendor/google/apiclient-services/src/BigtableAdmin/GoogleBigtableAdminV2TypeStructField.php
OK	/htdocs/application/third_party/omnipay/vendor/google/apiclient-services/src/BigtableAdmin/ListOperationsResponse.php
OK	/htdocs/application/third_party/omnipay/vendor/google/apiclient-services/src/BigtableAdmin/Policy.php
OK	/htdocs/application/third_party/omnipay/vendor/google/apiclient-services/src/BigtableAdmin/TableProgress.php
OK	/htdocs/application/third_party/omnipay/vendor/google/apiclient-services/src/BigtableAdmin/UpdateInstanceMetadata.php
OK	/htdocs/application/third_party/omnipay/vendor/google/apiclient-services/src/BigtableAdmin/Resource/ProjectsInstancesTablesAuthorizedViews.php
OK	/htdocs/application/third_party/omnipay/vendor/google/apiclient-services/src/BinaryAuthorization/Binding.php
OK	/htdocs/application/third_party/omnipay/vendor/google/apiclient-services/src/BinaryAuthorization/ImageAllowlist.php
OK	/htdocs/application/third_party/omnipay/vendor/google/apiclient-services/src/BinaryAuthorization/SetIamPolicyRequest.php
OK	/htdocs/application/third_party/omnipay/vendor/google/apiclient-services/src/BinaryAuthorization/ValidateAttestationOccurrenceRequest.php
OK	/htdocs/application/third_party/omnipay/vendor/google/apiclient-services/src/BlockchainNodeEngine/BlockchainNode.php
OK	/htdocs/application/third_party/omnipay/vendor/google/apiclient-services/src/BlockchainNodeEngine/Operation.php
OK	/htdocs/application/third_party/omnipay/vendor/google/apiclient-services/src/Blogger/BlogLocale.php
OK	/htdocs/application/third_party/omnipay/vendor/google/apiclient-services/src/Blogger/Page.php
OK	/htdocs/application/third_party/omnipay/vendor/google/apiclient-services/src/Blogger/PostList.php
OK	/htdocs/application/third_party/omnipay/vendor/google/apiclient-services/src/Blogger/Resource/Pages.php
OK	/htdocs/application/third_party/omnipay/vendor/google/apiclient-services/src/Books/AnnotationsSummaryLayers.php
OK	/htdocs/application/third_party/omnipay/vendor/google/apiclient-services/src/Books/DictlayerdataCommon.php
OK	/htdocs/application/third_party/omnipay/vendor/google/apiclient-services/src/Books/DictlayerdataDictWordsSensesDefinitionsExamplesSource.php
OK	/htdocs/application/third_party/omnipay/vendor/google/apiclient-services/src/Books/GeoAnnotationdata.php
OK	/htdocs/application/third_party/omnipay/vendor/google/apiclient-services/src/Books/Offers.php
OK	/htdocs/application/third_party/omnipay/vendor/google/apiclient-services/src/Books/SeriesSeriesSeriesSubscriptionReleaseInfoCurrentReleaseInfo.php
OK	/htdocs/application/third_party/omnipay/vendor/google/apiclient-services/src/Books/VolumeAccessInfo.php
OK	/htdocs/application/third_party/omnipay/vendor/google/apiclient-services/src/Books/VolumeSaleInfoOffers.php
OK	/htdocs/application/third_party/omnipay/vendor/google/apiclient-services/src/Books/VolumeUserInfoRentalPeriod.php
OK	/htdocs/application/third_party/omnipay/vendor/google/apiclient-services/src/Books/Resource/Familysharing.php
OK	/htdocs/application/third_party/omnipay/vendor/google/apiclient-services/src/Books/Resource/Personalizedstream.php
OK	/htdocs/application/third_party/omnipay/vendor/google/apiclient-services/src/BusinessProfilePerformance/DatedValue.php
OK	/htdocs/application/third_party/omnipay/vendor/google/apiclient-services/src/BusinessProfilePerformance/Resource/LocationsSearchkeywordsImpressionsMonthly.php
OK	/htdocs/application/third_party/omnipay/vendor/google/apiclient-services/src/Calendar/ConferenceData.php
OK	/htdocs/application/third_party/omnipay/vendor/google/apiclient-services/src/Calendar/EventAttendee.php
OK	/htdocs/application/third_party/omnipay/vendor/google/apiclient-services/src/Calendar/EventSource.php
OK	/htdocs/application/third_party/omnipay/vendor/google/apiclient-services/src/Calendar/Resource/Acl.php
OK	/htdocs/application/third_party/omnipay/vendor/google/apiclient-services/src/CCAIPlatform/Component.php
OK	/htdocs/application/third_party/omnipay/vendor/google/apiclient-services/src/CCAIPlatform/Normal.php
OK	/htdocs/application/third_party/omnipay/vendor/google/apiclient-services/src/CCAIPlatform/WeeklySchedule.php
OK	/htdocs/application/third_party/omnipay/vendor/google/apiclient-services/src/CertificateAuthorityService/CaOptions.php
OK	/htdocs/application/third_party/omnipay/vendor/google/apiclient-services/src/CertificateAuthorityService/CertificateTemplate.php
OK	/htdocs/application/third_party/omnipay/vendor/google/apiclient-services/src/CertificateAuthorityService/KeyUsage.php
OK	/htdocs/application/third_party/omnipay/vendor/google/apiclient-services/src/CertificateAuthorityService/ObjectId.php
OK	/htdocs/application/third_party/omnipay/vendor/google/apiclient-services/src/CertificateAuthorityService/SetIamPolicyRequest.php
OK	/htdocs/application/third_party/omnipay/vendor/google/apiclient-services/src/CertificateAuthorityService/X509Extension.php
OK	/htdocs/application/third_party/omnipay/vendor/google/apiclient-services/src/CertificateManager/AuthorizationAttemptInfo.php
OK	/htdocs/application/third_party/omnipay/vendor/google/apiclient-services/src/CertificateManager/IntermediateCA.php
OK	/htdocs/application/third_party/omnipay/vendor/google/apiclient-services/src/CertificateManager/Operation.php
OK	/htdocs/application/third_party/omnipay/vendor/google/apiclient-services/src/CertificateManager/Resource/ProjectsLocationsCertificateIssuanceConfigs.php
OK	/htdocs/application/third_party/omnipay/vendor/google/apiclient-services/src/ChecksService/FindPrivacyPolicyRequest.php
OK	/htdocs/application/third_party/omnipay/vendor/google/apiclient-services/src/ChecksService/GoogleChecksReportV1alphaAppBundle.php
OK	/htdocs/application/third_party/omnipay/vendor/google/apiclient-services/src/ChecksService/GoogleChecksReportV1alphaCheckPermissionRestrictionViolationEvidencePermissionDetails.php
OK	/htdocs/application/third_party/omnipay/vendor/google/apiclient-services/src/ChecksService/GoogleChecksReportV1alphaDataMonitoringSdkResult.php
OK	/htdocs/application/third_party/omnipay/vendor/google/apiclient-services/src/ChecksService/GoogleChecksReportV1alphaSdk.php
OK	/htdocs/application/third_party/omnipay/vendor/google/apiclient-services/src/ChecksService/LastUpdatedDate.php
OK	/htdocs/application/third_party/omnipay/vendor/google/apiclient-services/src/ChecksService/Resource/AccountsAppsOperations.php
OK	/htdocs/application/third_party/omnipay/vendor/google/apiclient-services/src/ChromeManagement/GoogleChromeManagementV1AndroidAppInfo.php
OK	/htdocs/application/third_party/omnipay/vendor/google/apiclient-services/src/ChromeManagement/GoogleChromeManagementV1ChromeAppPermission.php
OK	/htdocs/application/third_party/omnipay/vendor/google/apiclient-services/src/ChromeManagement/GoogleChromeManagementV1CountPrintJobsByPrinterResponse.php
OK	/htdocs/application/third_party/omnipay/vendor/google/apiclient-services/src/ChromeManagement/GoogleChromeManagementV1DisplayInfo.php
OK	/htdocs/application/third_party/omnipay/vendor/google/apiclient-services/src/ChromeManagement/GoogleChromeManagementV1ListTelemetryDevicesResponse.php
OK	/htdocs/application/third_party/omnipay/vendor/google/apiclient-services/src/ChromeManagement/GoogleChromeManagementV1PeripheralsReport.php
OK	/htdocs/application/third_party/omnipay/vendor/google/apiclient-services/src/ChromeManagement/GoogleChromeManagementV1TelemetryAppUninstallEvent.php
OK	/htdocs/application/third_party/omnipay/vendor/google/apiclient-services/src/ChromeManagement/GoogleChromeManagementV1TelemetryUser.php
OK	/htdocs/application/third_party/omnipay/vendor/google/apiclient-services/src/ChromeManagement/GoogleChromeManagementVersionsV1alpha1ChromeOsUserSession.php
OK	/htdocs/application/third_party/omnipay/vendor/google/apiclient-services/src/ChromeManagement/GoogleChromeManagementVersionsV1GenericProfile.php
OK	/htdocs/application/third_party/omnipay/vendor/google/apiclient-services/src/ChromeManagement/Resource/Customers.php
OK	/htdocs/application/third_party/omnipay/vendor/google/apiclient-services/src/ChromePolicy/ChromeCrosDpanelAutosettingsProtoPolicyApiLifecycle.php
OK	/htdocs/application/third_party/omnipay/vendor/google/apiclient-services/src/ChromePolicy/GoogleChromePolicyV1ListGroupPriorityOrderingRequest.php
OK	/htdocs/application/third_party/omnipay/vendor/google/apiclient-services/src/ChromePolicy/GoogleChromePolicyV1PolicySchemaRequiredItems.php
OK	/htdocs/application/third_party/omnipay/vendor/google/apiclient-services/src/ChromePolicy/GoogleChromePolicyV1UploadPolicyFileResponse.php
OK	/htdocs/application/third_party/omnipay/vendor/google/apiclient-services/src/ChromePolicy/GoogleChromePolicyVersionsV1FieldConstraints.php
OK	/htdocs/application/third_party/omnipay/vendor/google/apiclient-services/src/ChromePolicy/GoogleChromePolicyVersionsV1PolicyModificationFieldError.php
OK	/htdocs/application/third_party/omnipay/vendor/google/apiclient-services/src/ChromePolicy/GoogleChromePolicyVersionsV1RemoveNetworkRequest.php
OK	/htdocs/application/third_party/omnipay/vendor/google/apiclient-services/src/ChromePolicy/Proto2EnumDescriptorProto.php
OK	/htdocs/application/third_party/omnipay/vendor/google/apiclient-services/src/ChromeUXReport/Bin.php
OK	/htdocs/application/third_party/omnipay/vendor/google/apiclient-services/src/ChromeUXReport/QueryRequest.php
OK	/htdocs/application/third_party/omnipay/vendor/google/apiclient-services/src/CivicInfo/DivisionByAddressResponse.php
OK	/htdocs/application/third_party/omnipay/vendor/google/apiclient-services/src/CivicInfo/Official.php
OK	/htdocs/application/third_party/omnipay/vendor/google/apiclient-services/src/Classroom/AddOnAttachmentStudentSubmission.php
OK	/htdocs/application/third_party/omnipay/vendor/google/apiclient-services/src/Classroom/CourseMaterialSet.php
OK	/htdocs/application/third_party/omnipay/vendor/google/apiclient-services/src/Classroom/GlobalPermission.php
OK	/htdocs/application/third_party/omnipay/vendor/google/apiclient-services/src/Classroom/ListCourseAliasesResponse.php
OK	/htdocs/application/third_party/omnipay/vendor/google/apiclient-services/src/Classroom/Material.php
OK	/htdocs/application/third_party/omnipay/vendor/google/apiclient-services/src/Classroom/RubricGrade.php
OK	/htdocs/application/third_party/omnipay/vendor/google/apiclient-services/src/Classroom/TurnInStudentSubmissionRequest.php
OK	/htdocs/application/third_party/omnipay/vendor/google/apiclient-services/src/Classroom/Resource/CoursesCourseWorkRubrics.php
OK	/htdocs/application/third_party/omnipay/vendor/google/apiclient-services/src/Classroom/Resource/UserProfilesGuardians.php
OK	/htdocs/application/third_party/omnipay/vendor/google/apiclient-services/src/CloudAlloyDBAdmin/ConnectionInfo.php
OK	/htdocs/application/third_party/omnipay/vendor/google/apiclient-services/src/CloudAlloyDBAdmin/GenerateClientCertificateRequest.php
OK	/htdocs/application/third_party/omnipay/vendor/google/apiclient-services/src/CloudAlloyDBAdmin/ListBackupsResponse.php
OK	/htdocs/application/third_party/omnipay/vendor/google/apiclient-services/src/CloudAlloyDBAdmin/Node.php
OK	/htdocs/application/third_party/omnipay/vendor/google/apiclient-services/src/CloudAlloyDBAdmin/RestartInstanceRequest.php
OK	/htdocs/application/third_party/omnipay/vendor/google/apiclient-services/src/CloudAlloyDBAdmin/StorageDatabasecenterPartnerapiV1mainCustomMetadataData.php
OK	/htdocs/application/third_party/omnipay/vendor/google/apiclient-services/src/CloudAlloyDBAdmin/StorageDatabasecenterPartnerapiV1mainRetentionSettings.php
OK	/htdocs/application/third_party/omnipay/vendor/google/apiclient-services/src/CloudAlloyDBAdmin/User.php
OK	/htdocs/application/third_party/omnipay/vendor/google/apiclient-services/src/CloudAsset/AnalyzeIamPolicyLongrunningMetadata.php
OK	/htdocs/application/third_party/omnipay/vendor/google/apiclient-services/src/CloudAsset/AttachedResource.php
OK	/htdocs/application/third_party/omnipay/vendor/google/apiclient-services/src/CloudAsset/CreateFeedRequest.php
OK	/htdocs/application/third_party/omnipay/vendor/google/apiclient-services/src/CloudAsset/GoogleCloudAssetV1AccessControlList.php
OK	/htdocs/application/third_party/omnipay/vendor/google/apiclient-services/src/CloudAsset/GoogleCloudAssetV1DeniedAccessResource.php
OK	/htdocs/application/third_party/omnipay/vendor/google/apiclient-services/src/CloudAsset/GoogleCloudAssetV1QueryAssetsOutputConfigBigQueryDestination.php
OK	/htdocs/application/third_party/omnipay/vendor/google/apiclient-services/src/CloudAsset/GoogleIdentityAccesscontextmanagerV1BasicLevel.php
OK	/htdocs/application/third_party/omnipay/vendor/google/apiclient-services/src/CloudAsset/GoogleIdentityAccesscontextmanagerV1MethodSelector.php
OK	/htdocs/application/third_party/omnipay/vendor/google/apiclient-services/src/CloudAsset/IamPolicySearchResult.php
OK	/htdocs/application/third_party/omnipay/vendor/google/apiclient-services/src/CloudAsset/OrgPolicyResult.php
OK	/htdocs/application/third_party/omnipay/vendor/google/apiclient-services/src/CloudAsset/QueryResult.php
OK	/htdocs/application/third_party/omnipay/vendor/google/apiclient-services/src/CloudAsset/SoftwarePackage.php
OK	/htdocs/application/third_party/omnipay/vendor/google/apiclient-services/src/CloudAsset/WindowsUpdateCategory.php
OK	/htdocs/application/third_party/omnipay/vendor/google/apiclient-services/src/Cloudbilling/BillingAccount.php
OK	/htdocs/application/third_party/omnipay/vendor/google/apiclient-services/src/Cloudbilling/PricingExpression.php
OK	/htdocs/application/third_party/omnipay/vendor/google/apiclient-services/src/Cloudbilling/Resource/Organizations.php
OK	/htdocs/application/third_party/omnipay/vendor/google/apiclient-services/src/CloudBillingBudget/GoogleCloudBillingBudgetsV1ThresholdRule.php
OK	/htdocs/application/third_party/omnipay/vendor/google/apiclient-services/src/CloudBuild/ArtifactResult.php
OK	/htdocs/application/third_party/omnipay/vendor/google/apiclient-services/src/CloudBuild/Binding.php
OK	/htdocs/application/third_party/omnipay/vendor/google/apiclient-services/src/CloudBuild/BuildOptions.php
OK	/htdocs/application/third_party/omnipay/vendor/google/apiclient-services/src/CloudBuild/CreateBitbucketServerConnectedRepositoryRequest.php
OK	/htdocs/application/third_party/omnipay/vendor/google/apiclient-services/src/CloudBuild/EnvVar.php
OK	/htdocs/application/third_party/omnipay/vendor/google/apiclient-services/src/CloudBuild/GitHubConfig.php
OK	/htdocs/application/third_party/omnipay/vendor/google/apiclient-services/src/CloudBuild/GitSource.php
OK	/htdocs/application/third_party/omnipay/vendor/google/apiclient-services/src/CloudBuild/InlineSecret.php
OK	/htdocs/application/third_party/omnipay/vendor/google/apiclient-services/src/CloudBuild/ListWorkerPoolsResponse.php
OK	/htdocs/application/third_party/omnipay/vendor/google/apiclient-services/src/CloudBuild/Operation.php
OK	/htdocs/application/third_party/omnipay/vendor/google/apiclient-services/src/CloudBuild/Policy.php
OK	/htdocs/application/third_party/omnipay/vendor/google/apiclient-services/src/CloudBuild/RemoveBitbucketServerConnectedRepositoryRequest.php
OK	/htdocs/application/third_party/omnipay/vendor/google/apiclient-services/src/CloudBuild/Secrets.php
OK	/htdocs/application/third_party/omnipay/vendor/google/apiclient-services/src/CloudBuild/Status.php
OK	/htdocs/application/third_party/omnipay/vendor/google/apiclient-services/src/CloudBuild/TimeSpan.php
OK	/htdocs/application/third_party/omnipay/vendor/google/apiclient-services/src/CloudBuild/VolumeSource.php
OK	/htdocs/application/third_party/omnipay/vendor/google/apiclient-services/src/CloudBuild/Resource/Operations.php
OK	/htdocs/application/third_party/omnipay/vendor/google/apiclient-services/src/CloudBuild/Resource/ProjectsLocationsGitLabConfigs.php
OK	/htdocs/application/third_party/omnipay/vendor/google/apiclient-services/src/Cloudchannel/GoogleCloudChannelV1alpha1Column.php
OK	/htdocs/application/third_party/omnipay/vendor/google/apiclient-services/src/Cloudchannel/GoogleCloudChannelV1alpha1Report.php
OK	/htdocs/application/third_party/omnipay/vendor/google/apiclient-services/src/Cloudchannel/GoogleCloudChannelV1BillingAccountPurchaseInfo.php
OK	/htdocs/application/third_party/omnipay/vendor/google/apiclient-services/src/Cloudchannel/GoogleCloudChannelV1CommitmentSettings.php
OK	/htdocs/application/third_party/omnipay/vendor/google/apiclient-services/src/Cloudchannel/GoogleCloudChannelV1EntitlementChange.php
OK	/htdocs/application/third_party/omnipay/vendor/google/apiclient-services/src/Cloudchannel/GoogleCloudChannelV1ListProductsResponse.php
OK	/htdocs/application/third_party/omnipay/vendor/google/apiclient-services/src/Cloudchannel/GoogleCloudChannelV1MarketingInfo.php
OK	/htdocs/application/third_party/omnipay/vendor/google/apiclient-services/src/Cloudchannel/GoogleCloudChannelV1PriceTier.php
OK	/htdocs/application/third_party/omnipay/vendor/google/apiclient-services/src/Cloudchannel/GoogleCloudChannelV1ReportResultsMetadata.php
OK	/htdocs/application/third_party/omnipay/vendor/google/apiclient-services/src/Cloudchannel/GoogleCloudChannelV1SkuGroup.php
OK	/htdocs/application/third_party/omnipay/vendor/google/apiclient-services/src/Cloudchannel/GoogleCloudChannelV1TrialSettings.php
OK	/htdocs/application/third_party/omnipay/vendor/google/apiclient-services/src/Cloudchannel/GoogleTypeDecimal.php
OK	/htdocs/application/third_party/omnipay/vendor/google/apiclient-services/src/Cloudchannel/Resource/AccountsReportJobs.php
OK	/htdocs/application/third_party/omnipay/vendor/google/apiclient-services/src/CloudCommercePartnerProcurementService/ApproveEntitlementRequest.php
OK	/htdocs/application/third_party/omnipay/vendor/google/apiclient-services/src/CloudCommercePartnerProcurementService/Resource/ProvidersAccounts.php
OK	/htdocs/application/third_party/omnipay/vendor/google/apiclient-services/src/CloudComposer/DatabaseConfig.php
OK	/htdocs/application/third_party/omnipay/vendor/google/apiclient-services/src/CloudComposer/ImageVersion.php
OK	/htdocs/application/third_party/omnipay/vendor/google/apiclient-services/src/CloudComposer/MasterAuthorizedNetworksConfig.php
OK	/htdocs/application/third_party/omnipay/vendor/google/apiclient-services/src/CloudComposer/ScheduledSnapshotsConfig.php
OK	/htdocs/application/third_party/omnipay/vendor/google/apiclient-services/src/CloudComposer/WebServerNetworkAccessControl.php
OK	/htdocs/application/third_party/omnipay/vendor/google/apiclient-services/src/CloudControlsPartnerService/AccessApprovalRequest.php
OK	/htdocs/application/third_party/omnipay/vendor/google/apiclient-services/src/CloudControlsPartnerService/Instructions.php
OK	/htdocs/application/third_party/omnipay/vendor/google/apiclient-services/src/CloudControlsPartnerService/WorkloadOnboardingState.php
OK	/htdocs/application/third_party/omnipay/vendor/google/apiclient-services/src/CloudDataplex/CloudReliabilityZicyWs3DataplaneProtosCloudAsset.php
OK	/htdocs/application/third_party/omnipay/vendor/google/apiclient-services/src/CloudDataplex/GoogleCloudDataplexV1Action.php
OK	/htdocs/application/third_party/omnipay/vendor/google/apiclient-services/src/CloudDataplex/GoogleCloudDataplexV1AspectTypeAuthorization.php
OK	/htdocs/application/third_party/omnipay/vendor/google/apiclient-services/src/CloudDataplex/GoogleCloudDataplexV1AssetResourceStatus.php
OK	/htdocs/application/third_party/omnipay/vendor/google/apiclient-services/src/CloudDataplex/GoogleCloudDataplexV1DataDiscoveryResult.php
OK	/htdocs/application/third_party/omnipay/vendor/google/apiclient-services/src/CloudDataplex/GoogleCloudDataplexV1DataProfileResultPostScanActionsResultBigQueryExportResult.php
OK	/htdocs/application/third_party/omnipay/vendor/google/apiclient-services/src/CloudDataplex/GoogleCloudDataplexV1DataQualityColumnResult.php
OK	/htdocs/application/third_party/omnipay/vendor/google/apiclient-services/src/CloudDataplex/GoogleCloudDataplexV1DataQualityRuleSetExpectation.php
OK	/htdocs/application/third_party/omnipay/vendor/google/apiclient-services/src/CloudDataplex/GoogleCloudDataplexV1DataQualitySpecPostScanActionsRecipients.php
OK	/htdocs/application/third_party/omnipay/vendor/google/apiclient-services/src/CloudDataplex/GoogleCloudDataplexV1DataScanJob.php
OK	/htdocs/application/third_party/omnipay/vendor/google/apiclient-services/src/CloudDataplex/GoogleCloudDataplexV1Entry.php
OK	/htdocs/application/third_party/omnipay/vendor/google/apiclient-services/src/CloudDataplex/GoogleCloudDataplexV1EnvironmentSessionSpec.php
OK	/htdocs/application/third_party/omnipay/vendor/google/apiclient-services/src/CloudDataplex/GoogleCloudDataplexV1ListActionsResponse.php
OK	/htdocs/application/third_party/omnipay/vendor/google/apiclient-services/src/CloudDataplex/GoogleCloudDataplexV1ListEntryTypesResponse.php
OK	/htdocs/application/third_party/omnipay/vendor/google/apiclient-services/src/CloudDataplex/GoogleCloudDataplexV1MetadataJobImportJobResult.php
OK	/htdocs/application/third_party/omnipay/vendor/google/apiclient-services/src/CloudDataplex/GoogleCloudDataplexV1ScannedDataIncrementalField.php
OK	/htdocs/application/third_party/omnipay/vendor/google/apiclient-services/src/CloudDataplex/GoogleCloudDataplexV1StorageFormatCsvOptions.php
OK	/htdocs/application/third_party/omnipay/vendor/google/apiclient-services/src/CloudDataplex/GoogleCloudDataplexV1TaskTriggerSpec.php
OK	/htdocs/application/third_party/omnipay/vendor/google/apiclient-services/src/CloudDataplex/GoogleIamV1AuditLogConfig.php
OK	/htdocs/application/third_party/omnipay/vendor/google/apiclient-services/src/CloudDataplex/Resource/OrganizationsLocations.php
OK	/htdocs/application/third_party/omnipay/vendor/google/apiclient-services/src/CloudDataplex/Resource/ProjectsLocationsEntryGroupsEntries.php
OK	/htdocs/application/third_party/omnipay/vendor/google/apiclient-services/src/CloudDataplex/Resource/ProjectsLocationsLakesEnvironmentsSessions.php
OK	/htdocs/application/third_party/omnipay/vendor/google/apiclient-services/src/CloudDebugger/Breakpoint.php
OK	/htdocs/application/third_party/omnipay/vendor/google/apiclient-services/src/CloudDebugger/ListBreakpointsResponse.php
OK	/htdocs/application/third_party/omnipay/vendor/google/apiclient-services/src/CloudDebugger/UpdateActiveBreakpointResponse.php
OK	/htdocs/application/third_party/omnipay/vendor/google/apiclient-services/src/CloudDeploy/AdvanceRolloutOperation.php
OK	/htdocs/application/third_party/omnipay/vendor/google/apiclient-services/src/CloudDeploy/AutomationResourceSelector.php
OK	/htdocs/application/third_party/omnipay/vendor/google/apiclient-services/src/CloudDeploy/CancelOperationRequest.php
OK	/htdocs/application/third_party/omnipay/vendor/google/apiclient-services/src/CloudDeploy/CustomCanaryDeployment.php
OK	/htdocs/application/third_party/omnipay/vendor/google/apiclient-services/src/CloudDeploy/DeployArtifact.php
OK	/htdocs/application/third_party/omnipay/vendor/google/apiclient-services/src/CloudDeploy/GatewayServiceMesh.php
OK	/htdocs/application/third_party/omnipay/vendor/google/apiclient-services/src/CloudDeploy/ListDeployPoliciesResponse.php
OK	/htdocs/application/third_party/omnipay/vendor/google/apiclient-services/src/CloudDeploy/OperationMetadata.php
OK	/htdocs/application/third_party/omnipay/vendor/google/apiclient-services/src/CloudDeploy/PostdeployJobRun.php
OK	/htdocs/application/third_party/omnipay/vendor/google/apiclient-services/src/CloudDeploy/RenderMetadata.php
OK	/htdocs/application/third_party/omnipay/vendor/google/apiclient-services/src/CloudDeploy/RollbackAttempt.php
OK	/htdocs/application/third_party/omnipay/vendor/google/apiclient-services/src/CloudDeploy/SetIamPolicyRequest.php
OK	/htdocs/application/third_party/omnipay/vendor/google/apiclient-services/src/CloudDeploy/TargetArtifact.php
OK	/htdocs/application/third_party/omnipay/vendor/google/apiclient-services/src/CloudDeploy/TimedPromoteReleaseOperation.php
OK	/htdocs/application/third_party/omnipay/vendor/google/apiclient-services/src/CloudDeploy/Resource/ProjectsLocationsDeliveryPipelinesAutomations.php
OK	/htdocs/application/third_party/omnipay/vendor/google/apiclient-services/src/CloudDomains/ConfigureDnsSettingsRequest.php
OK	/htdocs/application/third_party/omnipay/vendor/google/apiclient-services/src/CloudDomains/GeoPolicy.php
OK	/htdocs/application/third_party/omnipay/vendor/google/apiclient-services/src/CloudDomains/ManagementSettings.php
OK	/htdocs/application/third_party/omnipay/vendor/google/apiclient-services/src/CloudDomains/ResourceRecordSet.php
OK	/htdocs/application/third_party/omnipay/vendor/google/apiclient-services/src/CloudDomains/TransferDomainRequest.php
OK	/htdocs/application/third_party/omnipay/vendor/google/apiclient-services/src/Clouderrorreporting/ErrorGroupStats.php
OK	/htdocs/application/third_party/omnipay/vendor/google/apiclient-services/src/Clouderrorreporting/Resource/ProjectsEvents.php
OK	/htdocs/application/third_party/omnipay/vendor/google/apiclient-services/src/CloudFilestore/FileEmpty.php
OK	/htdocs/application/third_party/omnipay/vendor/google/apiclient-services/src/CloudFilestore/GoogleCloudSaasacceleratorManagementProvidersV1SloMetadata.php
OK	/htdocs/application/third_party/omnipay/vendor/google/apiclient-services/src/CloudFilestore/NetworkConfig.php
OK	/htdocs/application/third_party/omnipay/vendor/google/apiclient-services/src/CloudFilestore/Snapshot.php
OK	/htdocs/application/third_party/omnipay/vendor/google/apiclient-services/src/CloudFunctions/AuditConfig.php
OK	/htdocs/application/third_party/omnipay/vendor/google/apiclient-services/src/CloudFunctions/EventFilter.php
OK	/htdocs/application/third_party/omnipay/vendor/google/apiclient-services/src/CloudFunctions/GoogleCloudFunctionsV2betaLocationMetadata.php
OK	/htdocs/application/third_party/omnipay/vendor/google/apiclient-services/src/CloudFunctions/ListRuntimesResponse.php
OK	/htdocs/application/third_party/omnipay/vendor/google/apiclient-services/src/CloudFunctions/SecretEnvVar.php
OK	/htdocs/application/third_party/omnipay/vendor/google/apiclient-services/src/CloudFunctions/TestIamPermissionsRequest.php
OK	/htdocs/application/third_party/omnipay/vendor/google/apiclient-services/src/CloudHealthcare/AnalyzeEntitiesRequest.php
OK	/htdocs/application/third_party/omnipay/vendor/google/apiclient-services/src/CloudHealthcare/AuditLogConfig.php
OK	/htdocs/application/third_party/omnipay/vendor/google/apiclient-services/src/CloudHealthcare/ConsentConfig.php
OK	/htdocs/application/third_party/omnipay/vendor/google/apiclient-services/src/CloudHealthcare/DeidentifyDatasetRequest.php
OK	/htdocs/application/third_party/omnipay/vendor/google/apiclient-services/src/CloudHealthcare/EvaluateUserConsentsRequest.php
OK	/htdocs/application/third_party/omnipay/vendor/google/apiclient-services/src/CloudHealthcare/Feature.php
OK	/htdocs/application/third_party/omnipay/vendor/google/apiclient-services/src/CloudHealthcare/GoogleCloudHealthcareV1ConsentPolicy.php
OK	/htdocs/application/third_party/omnipay/vendor/google/apiclient-services/src/CloudHealthcare/Hl7SchemaConfig.php
OK	/htdocs/application/third_party/omnipay/vendor/google/apiclient-services/src/CloudHealthcare/ImportMessagesResponse.php
OK	/htdocs/application/third_party/omnipay/vendor/google/apiclient-services/src/CloudHealthcare/ListConsentStoresResponse.php
OK	/htdocs/application/third_party/omnipay/vendor/google/apiclient-services/src/CloudHealthcare/Operation.php
OK	/htdocs/application/third_party/omnipay/vendor/google/apiclient-services/src/CloudHealthcare/RejectConsentRequest.php
OK	/htdocs/application/third_party/omnipay/vendor/google/apiclient-services/src/CloudHealthcare/SchemaGroup.php
OK	/htdocs/application/third_party/omnipay/vendor/google/apiclient-services/src/CloudHealthcare/StorageInfo.php
OK	/htdocs/application/third_party/omnipay/vendor/google/apiclient-services/src/CloudHealthcare/UserDataMapping.php
OK	/htdocs/application/third_party/omnipay/vendor/google/apiclient-services/src/CloudHealthcare/Resource/ProjectsLocationsDatasetsDicomStores.php
OK	/htdocs/application/third_party/omnipay/vendor/google/apiclient-services/src/CloudHealthcare/Resource/ProjectsLocationsDatasetsHl7V2Stores.php
OK	/htdocs/application/third_party/omnipay/vendor/google/apiclient-services/src/CloudIAP/CorsSettings.php
OK	/htdocs/application/third_party/omnipay/vendor/google/apiclient-services/src/CloudIAP/ListTunnelDestGroupsResponse.php
OK	/htdocs/application/third_party/omnipay/vendor/google/apiclient-services/src/CloudIAP/TagsPartialState.php
OK	/htdocs/application/third_party/omnipay/vendor/google/apiclient-services/src/CloudIAP/Resource/V1.php
OK	/htdocs/application/third_party/omnipay/vendor/google/apiclient-services/src/CloudIdentity/DeleteInboundSsoAssignmentOperationMetadata.php
OK	/htdocs/application/third_party/omnipay/vendor/google/apiclient-services/src/CloudIdentity/GoogleAppsCloudidentityDevicesV1ApproveDeviceUserRequest.php
OK	/htdocs/application/third_party/omnipay/vendor/google/apiclient-services/src/CloudIdentity/GoogleAppsCloudidentityDevicesV1CancelWipeDeviceUserResponse.php
OK	/htdocs/application/third_party/omnipay/vendor/google/apiclient-services/src/CloudIdentity/GoogleAppsCloudidentityDevicesV1ListDevicesResponse.php
OK	/htdocs/application/third_party/omnipay/vendor/google/apiclient-services/src/CloudIdentity/GoogleAppsCloudidentityDevicesV1WipeDeviceUserResponse.php
OK	/htdocs/application/third_party/omnipay/vendor/google/apiclient-services/src/CloudIdentity/ListPoliciesResponse.php
OK	/htdocs/application/third_party/omnipay/vendor/google/apiclient-services/src/CloudIdentity/ModifyMembershipRolesResponse.php
OK	/htdocs/application/third_party/omnipay/vendor/google/apiclient-services/src/CloudIdentity/SearchTransitiveGroupsResponse.php
OK	/htdocs/application/third_party/omnipay/vendor/google/apiclient-services/src/CloudIdentity/UpdateMembershipRolesParams.php
OK	/htdocs/application/third_party/omnipay/vendor/google/apiclient-services/src/CloudIdentity/Resource/Policies.php
OK	/htdocs/application/third_party/omnipay/vendor/google/apiclient-services/src/CloudIot/GatewayConfig.php
OK	/htdocs/application/third_party/omnipay/vendor/google/apiclient-services/src/CloudIot/PublicKeyCredential.php
OK	/htdocs/application/third_party/omnipay/vendor/google/apiclient-services/src/CloudIot/Resource/Projects.php
OK	/htdocs/application/third_party/omnipay/vendor/google/apiclient-services/src/CloudKMS/AuditConfig.php
OK	/htdocs/application/third_party/omnipay/vendor/google/apiclient-services/src/CloudKMS/DestroyCryptoKeyVersionRequest.php
OK	/htdocs/application/third_party/omnipay/vendor/google/apiclient-services/src/CloudKMS/KeyAccessJustificationsPolicy.php
OK	/htdocs/application/third_party/omnipay/vendor/google/apiclient-services/src/CloudKMS/LocationMetadata.php
OK	/htdocs/application/third_party/omnipay/vendor/google/apiclient-services/src/CloudKMS/RestoreCryptoKeyVersionRequest.php
OK	/htdocs/application/third_party/omnipay/vendor/google/apiclient-services/src/CloudKMS/Resource/ProjectsLocations.php
OK	/htdocs/application/third_party/omnipay/vendor/google/apiclient-services/src/CloudLifeSciences/ContainerKilledEvent.php
OK	/htdocs/application/third_party/omnipay/vendor/google/apiclient-services/src/CloudLifeSciences/Metadata.php
OK	/htdocs/application/third_party/omnipay/vendor/google/apiclient-services/src/CloudLifeSciences/Secret.php
OK	/htdocs/application/third_party/omnipay/vendor/google/apiclient-services/src/CloudMachineLearningEngine/GoogleApiHttpBody.php
OK	/htdocs/application/third_party/omnipay/vendor/google/apiclient-services/src/CloudMachineLearningEngine/GoogleCloudMlV1CheckTrialEarlyStoppingStateResponse.php
OK	/htdocs/application/third_party/omnipay/vendor/google/apiclient-services/src/CloudMachineLearningEngine/GoogleCloudMlV1HyperparameterOutputHyperparameterMetric.php
OK	/htdocs/application/third_party/omnipay/vendor/google/apiclient-services/src/CloudMachineLearningEngine/GoogleCloudMlV1Location.php
OK	/htdocs/application/third_party/omnipay/vendor/google/apiclient-services/src/CloudMachineLearningEngine/GoogleCloudMlV1RequestLoggingConfig.php
OK	/htdocs/application/third_party/omnipay/vendor/google/apiclient-services/src/CloudMachineLearningEngine/GoogleCloudMlV1StudyConfigParameterSpecDoubleValueSpec.php
OK	/htdocs/application/third_party/omnipay/vendor/google/apiclient-services/src/CloudMachineLearningEngine/GoogleCloudMlV1Version.php
OK	/htdocs/application/third_party/omnipay/vendor/google/apiclient-services/src/CloudMachineLearningEngine/GoogleRpcStatus.php
OK	/htdocs/application/third_party/omnipay/vendor/google/apiclient-services/src/CloudMemorystoreforMemcached/AssetLocation.php
OK	/htdocs/application/third_party/omnipay/vendor/google/apiclient-services/src/CloudMemorystoreforMemcached/GoogleCloudMemcacheV1OperationMetadata.php
OK	/htdocs/application/third_party/omnipay/vendor/google/apiclient-services/src/CloudMemorystoreforMemcached/GoogleCloudSaasacceleratorManagementProvidersV1SloMetadata.php
OK	/htdocs/application/third_party/omnipay/vendor/google/apiclient-services/src/CloudMemorystoreforMemcached/MaintenanceSchedule.php
OK	/htdocs/application/third_party/omnipay/vendor/google/apiclient-services/src/CloudMemorystoreforMemcached/Schedule.php
OK	/htdocs/application/third_party/omnipay/vendor/google/apiclient-services/src/CloudMemorystoreforMemcached/Resource/ProjectsLocations.php
OK	/htdocs/application/third_party/omnipay/vendor/google/apiclient-services/src/CloudNaturalLanguage/AnnotateTextRequestFeatures.php
OK	/htdocs/application/third_party/omnipay/vendor/google/apiclient-services/src/CloudNaturalLanguage/EntityMention.php
OK	/htdocs/application/third_party/omnipay/vendor/google/apiclient-services/src/CloudNaturalLanguage/Token.php
OK	/htdocs/application/third_party/omnipay/vendor/google/apiclient-services/src/CloudNaturalLanguage/XPSColorMapIntColor.php
OK	/htdocs/application/third_party/omnipay/vendor/google/apiclient-services/src/CloudNaturalLanguage/XPSDataType.php
OK	/htdocs/application/third_party/omnipay/vendor/google/apiclient-services/src/CloudNaturalLanguage/XPSImageModelArtifactSpec.php
OK	/htdocs/application/third_party/omnipay/vendor/google/apiclient-services/src/CloudNaturalLanguage/XPSPreprocessResponse.php
OK	/htdocs/application/third_party/omnipay/vendor/google/apiclient-services/src/CloudNaturalLanguage/XPSSpeechModelSpec.php
OK	/htdocs/application/third_party/omnipay/vendor/google/apiclient-services/src/CloudNaturalLanguage/XPSTablesEvaluationMetrics.php
OK	/htdocs/application/third_party/omnipay/vendor/google/apiclient-services/src/CloudNaturalLanguage/XPSTextSentimentEvaluationMetrics.php
OK	/htdocs/application/third_party/omnipay/vendor/google/apiclient-services/src/CloudNaturalLanguage/XPSTranslationEvaluationMetrics.php
OK	/htdocs/application/third_party/omnipay/vendor/google/apiclient-services/src/CloudNaturalLanguage/XPSVideoObjectTrackingEvaluationMetrics.php
OK	/htdocs/application/third_party/omnipay/vendor/google/apiclient-services/src/CloudOSLogin/PosixAccount.php
OK	/htdocs/application/third_party/omnipay/vendor/google/apiclient-services/src/CloudRedis/AOFConfig.php
OK	/htdocs/application/third_party/omnipay/vendor/google/apiclient-services/src/CloudRedis/CertificateAuthority.php
OK	/htdocs/application/third_party/omnipay/vendor/google/apiclient-services/src/CloudRedis/CrossClusterReplicationConfig.php
OK	/htdocs/application/third_party/omnipay/vendor/google/apiclient-services/src/CloudRedis/Entitlement.php
OK	/htdocs/application/third_party/omnipay/vendor/google/apiclient-services/src/CloudRedis/GoogleCloudRedisV1ZoneMetadata.php
OK	/htdocs/application/third_party/omnipay/vendor/google/apiclient-services/src/CloudRedis/ListOperationsResponse.php
OK	/htdocs/application/third_party/omnipay/vendor/google/apiclient-services/src/CloudRedis/Operation.php
OK	/htdocs/application/third_party/omnipay/vendor/google/apiclient-services/src/CloudRedis/RDBConfig.php
OK	/htdocs/application/third_party/omnipay/vendor/google/apiclient-services/src/CloudRedis/Tags.php
OK	/htdocs/application/third_party/omnipay/vendor/google/apiclient-services/src/CloudRedis/Resource/ProjectsLocations.php
OK	/htdocs/application/third_party/omnipay/vendor/google/apiclient-services/src/CloudResourceManager/CreateFolderMetadata.php
OK	/htdocs/application/third_party/omnipay/vendor/google/apiclient-services/src/CloudResourceManager/Expr.php
OK	/htdocs/application/third_party/omnipay/vendor/google/apiclient-services/src/CloudResourceManager/ListTagHoldsResponse.php
OK	/htdocs/application/third_party/omnipay/vendor/google/apiclient-services/src/CloudResourceManager/SearchFoldersResponse.php
OK	/htdocs/application/third_party/omnipay/vendor/google/apiclient-services/src/CloudResourceManager/UndeleteFolderRequest.php
OK	/htdocs/application/third_party/omnipay/vendor/google/apiclient-services/src/CloudResourceManager/Resource/Organizations.php
OK	/htdocs/application/third_party/omnipay/vendor/google/apiclient-services/src/CloudRetail/GoogleCloudRetailLoggingSourceLocation.php
OK	/htdocs/application/third_party/omnipay/vendor/google/apiclient-services/src/CloudRetail/GoogleCloudRetailV2alphaAddLocalInventoriesResponse.php
OK	/htdocs/application/third_party/omnipay/vendor/google/apiclient-services/src/CloudRetail/GoogleCloudRetailV2alphaImportCompletionDataResponse.php
OK	/htdocs/application/third_party/omnipay/vendor/google/apiclient-services/src/CloudRetail/GoogleCloudRetailV2alphaModelPageOptimizationConfigCandidate.php
OK	/htdocs/application/third_party/omnipay/vendor/google/apiclient-services/src/CloudRetail/GoogleCloudRetailV2alphaRemoveLocalInventoriesMetadata.php
OK	/htdocs/application/third_party/omnipay/vendor/google/apiclient-services/src/CloudRetail/GoogleCloudRetailV2BatchUpdateGenerativeQuestionConfigsRequest.php
OK	/htdocs/application/third_party/omnipay/vendor/google/apiclient-services/src/CloudRetail/GoogleCloudRetailV2betaExportProductsResponse.php
OK	/htdocs/application/third_party/omnipay/vendor/google/apiclient-services/src/CloudRetail/GoogleCloudRetailV2betaModelModelFeaturesConfig.php
OK	/htdocs/application/third_party/omnipay/vendor/google/apiclient-services/src/CloudRetail/GoogleCloudRetailV2betaRemoveLocalInventoriesResponse.php
OK	/htdocs/application/third_party/omnipay/vendor/google/apiclient-services/src/CloudRetail/GoogleCloudRetailV2CatalogAttributeFacetConfigMergedFacet.php
OK	/htdocs/application/third_party/omnipay/vendor/google/apiclient-services/src/CloudRetail/GoogleCloudRetailV2Condition.php
OK	/htdocs/application/third_party/omnipay/vendor/google/apiclient-services/src/CloudRetail/GoogleCloudRetailV2FulfillmentInfo.php
OK	/htdocs/application/third_party/omnipay/vendor/google/apiclient-services/src/CloudRetail/GoogleCloudRetailV2ImportProductsResponse.php
OK	/htdocs/application/third_party/omnipay/vendor/google/apiclient-services/src/CloudRetail/GoogleCloudRetailV2ModelFrequentlyBoughtTogetherFeaturesConfig.php
OK	/htdocs/application/third_party/omnipay/vendor/google/apiclient-services/src/CloudRetail/GoogleCloudRetailV2PredictResponsePredictionResult.php
OK	/htdocs/application/third_party/omnipay/vendor/google/apiclient-services/src/CloudRetail/GoogleCloudRetailV2PurgeMetadata.php
OK	/htdocs/application/third_party/omnipay/vendor/google/apiclient-services/src/CloudRetail/GoogleCloudRetailV2RemoveFulfillmentPlacesMetadata.php
OK	/htdocs/application/third_party/omnipay/vendor/google/apiclient-services/src/CloudRetail/GoogleCloudRetailV2RuleForceReturnFacetAction.php
OK	/htdocs/application/third_party/omnipay/vendor/google/apiclient-services/src/CloudRetail/GoogleCloudRetailV2SearchRequestConversationalSearchSpec.php
OK	/htdocs/application/third_party/omnipay/vendor/google/apiclient-services/src/CloudRetail/GoogleCloudRetailV2SearchResponseConversationalSearchResultAdditionalFilter.php
OK	/htdocs/application/third_party/omnipay/vendor/google/apiclient-services/src/CloudRetail/GoogleCloudRetailV2Tile.php
OK	/htdocs/application/third_party/omnipay/vendor/google/apiclient-services/src/CloudRetail/GoogleProtobufEmpty.php
OK	/htdocs/application/third_party/omnipay/vendor/google/apiclient-services/src/CloudRetail/Resource/ProjectsLocationsCatalogsGenerativeQuestion.php
OK	/htdocs/application/third_party/omnipay/vendor/google/apiclient-services/src/CloudRun/AuthorizedDomain.php
OK	/htdocs/application/third_party/omnipay/vendor/google/apiclient-services/src/CloudRun/DomainMappingStatus.php
OK	/htdocs/application/third_party/omnipay/vendor/google/apiclient-services/src/CloudRun/GoogleCloudRunOpV2EnvVarSource.php
OK	/htdocs/application/third_party/omnipay/vendor/google/apiclient-services/src/CloudRun/GoogleCloudRunOpV2VersionToPath.php
OK	/htdocs/application/third_party/omnipay/vendor/google/apiclient-services/src/CloudRun/GoogleCloudRunV2Container.php
OK	/htdocs/application/third_party/omnipay/vendor/google/apiclient-services/src/CloudRun/GoogleCloudRunV2ExportImageResponse.php
OK	/htdocs/application/third_party/omnipay/vendor/google/apiclient-services/src/CloudRun/GoogleCloudRunV2ListRevisionsResponse.php
OK	/htdocs/application/third_party/omnipay/vendor/google/apiclient-services/src/CloudRun/GoogleCloudRunV2RevisionScaling.php
OK	/htdocs/application/third_party/omnipay/vendor/google/apiclient-services/src/CloudRun/GoogleCloudRunV2Task.php
OK	/htdocs/application/third_party/omnipay/vendor/google/apiclient-services/src/CloudRun/GoogleCloudRunV2WorkerPoolScaling.php
OK	/htdocs/application/third_party/omnipay/vendor/google/apiclient-services/src/CloudRun/GoogleDevtoolsCloudbuildV1Dependency.php
OK	/htdocs/application/third_party/omnipay/vendor/google/apiclient-services/src/CloudRun/GoogleDevtoolsCloudbuildV1InlineSecret.php
OK	/htdocs/application/third_party/omnipay/vendor/google/apiclient-services/src/CloudRun/GoogleDevtoolsCloudbuildV1StorageSource.php
OK	/htdocs/application/third_party/omnipay/vendor/google/apiclient-services/src/CloudRun/GoogleIamV1Policy.php
OK	/htdocs/application/third_party/omnipay/vendor/google/apiclient-services/src/CloudRun/HTTPHeader.php
OK	/htdocs/application/third_party/omnipay/vendor/google/apiclient-services/src/CloudRun/ObjectMeta.php
OK	/htdocs/application/third_party/omnipay/vendor/google/apiclient-services/src/CloudRun/RouteSpec.php
OK	/htdocs/application/third_party/omnipay/vendor/google/apiclient-services/src/CloudRun/StatusCause.php
OK	/htdocs/application/third_party/omnipay/vendor/google/apiclient-services/src/CloudRun/Resource/NamespacesDomainmappings.php
OK	/htdocs/application/third_party/omnipay/vendor/google/apiclient-services/src/CloudRun/Resource/ProjectsLocationsJobs.php
OK	/htdocs/application/third_party/omnipay/vendor/google/apiclient-services/src/CloudRuntimeConfig/Operation.php
OK	/htdocs/application/third_party/omnipay/vendor/google/apiclient-services/src/CloudScheduler/ListOperationsResponse.php
OK	/htdocs/application/third_party/omnipay/vendor/google/apiclient-services/src/CloudScheduler/Status.php
OK	/htdocs/application/third_party/omnipay/vendor/google/apiclient-services/src/CloudSearch/AddonComposeUiActionMarkup.php
OK	/htdocs/application/third_party/omnipay/vendor/google/apiclient-services/src/CloudSearch/AppsDynamiteBabelPlaceholderMetadata.php
OK	/htdocs/application/third_party/omnipay/vendor/google/apiclient-services/src/CloudSearch/AppsDynamiteCustomEmojiMetadata.php
OK	/htdocs/application/third_party/omnipay/vendor/google/apiclient-services/src/CloudSearch/AppsDynamiteFrontendRoster.php
OK	/htdocs/application/third_party/omnipay/vendor/google/apiclient-services/src/CloudSearch/AppsDynamiteMessage.php
OK	/htdocs/application/third_party/omnipay/vendor/google/apiclient-services/src/CloudSearch/AppsDynamiteRoomUpdatedMetadata.php
OK	/htdocs/application/third_party/omnipay/vendor/google/apiclient-services/src/CloudSearch/AppsDynamiteSharedAssistantFeedbackContextFeedbackChip.php
OK	/htdocs/application/third_party/omnipay/vendor/google/apiclient-services/src/CloudSearch/AppsDynamiteSharedCalendarEventAnnotationDataCalendarEvent.php
OK	/htdocs/application/third_party/omnipay/vendor/google/apiclient-services/src/CloudSearch/AppsDynamiteSharedChatItemActivityInfoFeedItemNudge.php
OK	/htdocs/application/third_party/omnipay/vendor/google/apiclient-services/src/CloudSearch/AppsDynamiteSharedDecoratedTextSwitchControl.php
OK	/htdocs/application/third_party/omnipay/vendor/google/apiclient-services/src/CloudSearch/AppsDynamiteSharedImage.php
OK	/htdocs/application/third_party/omnipay/vendor/google/apiclient-services/src/CloudSearch/AppsDynamiteSharedOpenLinkAppUri.php
OK	/htdocs/application/third_party/omnipay/vendor/google/apiclient-services/src/CloudSearch/AppsDynamiteSharedSelectionInput.php
OK	/htdocs/application/third_party/omnipay/vendor/google/apiclient-services/src/CloudSearch/AppsDynamiteSharedTasksMessageIntegrationPayload.php
OK	/htdocs/application/third_party/omnipay/vendor/google/apiclient-services/src/CloudSearch/AppsDynamiteStorageActionActionParameter.php
OK	/htdocs/application/third_party/omnipay/vendor/google/apiclient-services/src/CloudSearch/AppsDynamiteStorageDecoratedText.php
OK	/htdocs/application/third_party/omnipay/vendor/google/apiclient-services/src/CloudSearch/AppsDynamiteStorageOpenLinkAppUri.php
OK	/htdocs/application/third_party/omnipay/vendor/google/apiclient-services/src/CloudSearch/AppsDynamiteUploadMetadata.php
OK	/htdocs/application/third_party/omnipay/vendor/google/apiclient-services/src/CloudSearch/AppsExtensionsMarkupCalendarClientActionMarkupConferenceDataMarkup.php
OK	/htdocs/application/third_party/omnipay/vendor/google/apiclient-services/src/CloudSearch/AuditLoggingSettings.php
OK	/htdocs/application/third_party/omnipay/vendor/google/apiclient-services/src/CloudSearch/BotMessageMetadata.php
OK	/htdocs/application/third_party/omnipay/vendor/google/apiclient-services/src/CloudSearch/CardAction.php
OK	/htdocs/application/third_party/omnipay/vendor/google/apiclient-services/src/CloudSearch/ChatConserverDynamitePlaceholderMetadataTasksMetadata.php
OK	/htdocs/application/third_party/omnipay/vendor/google/apiclient-services/src/CloudSearch/Color.php
OK	/htdocs/application/third_party/omnipay/vendor/google/apiclient-services/src/CloudSearch/CseInfo.php
OK	/htdocs/application/third_party/omnipay/vendor/google/apiclient-services/src/CloudSearch/DataSource.php
OK	/htdocs/application/third_party/omnipay/vendor/google/apiclient-services/src/CloudSearch/DeleteQueueItemsRequest.php
OK	/htdocs/application/third_party/omnipay/vendor/google/apiclient-services/src/CloudSearch/DriveClientActionMarkup.php
OK	/htdocs/application/third_party/omnipay/vendor/google/apiclient-services/src/CloudSearch/EmailOwnerProto.php
OK	/htdocs/application/third_party/omnipay/vendor/google/apiclient-services/src/CloudSearch/EnterpriseTopazSidekickAnswerSuggestedQueryCategory.php
OK	/htdocs/application/third_party/omnipay/vendor/google/apiclient-services/src/CloudSearch/EnterpriseTopazSidekickDocumentPerCategoryListDocumentPerCategoryListEntry.php
OK	/htdocs/application/third_party/omnipay/vendor/google/apiclient-services/src/CloudSearch/EnterpriseTopazSidekickPeopleAnswerPeopleAnswerCardHeader.php
OK	/htdocs/application/third_party/omnipay/vendor/google/apiclient-services/src/CloudSearch/EnterpriseTopazSidekickTimeSlot.php
OK	/htdocs/application/third_party/omnipay/vendor/google/apiclient-services/src/CloudSearch/FieldViolation.php
OK	/htdocs/application/third_party/omnipay/vendor/google/apiclient-services/src/CloudSearch/FreshnessOptions.php
OK	/htdocs/application/third_party/omnipay/vendor/google/apiclient-services/src/CloudSearch/GetCustomerUserStatsResponse.php
OK	/htdocs/application/third_party/omnipay/vendor/google/apiclient-services/src/CloudSearch/GoogleChatV1WidgetMarkup.php
OK	/htdocs/application/third_party/omnipay/vendor/google/apiclient-services/src/CloudSearch/GoogleDocsResultInfo.php
OK	/htdocs/application/third_party/omnipay/vendor/google/apiclient-services/src/CloudSearch/History.php
OK	/htdocs/application/third_party/omnipay/vendor/google/apiclient-services/src/CloudSearch/ImageCropStyle.php
OK	/htdocs/application/third_party/omnipay/vendor/google/apiclient-services/src/CloudSearch/InsertContent.php
OK	/htdocs/application/third_party/omnipay/vendor/google/apiclient-services/src/CloudSearch/ItemAcl.php
OK	/htdocs/application/third_party/omnipay/vendor/google/apiclient-services/src/CloudSearch/LabelDeleted.php
OK	/htdocs/application/third_party/omnipay/vendor/google/apiclient-services/src/CloudSearch/ListItemNamesForUnmappedIdentityResponse.php
OK	/htdocs/application/third_party/omnipay/vendor/google/apiclient-services/src/CloudSearch/Media.php
OK	/htdocs/application/third_party/omnipay/vendor/google/apiclient-services/src/CloudSearch/MessageDeleted.php
OK	/htdocs/application/third_party/omnipay/vendor/google/apiclient-services/src/CloudSearch/OAuthConsumerProto.php
OK	/htdocs/application/third_party/omnipay/vendor/google/apiclient-services/src/CloudSearch/OtrModificationEvent.php
OK	/htdocs/application/third_party/omnipay/vendor/google/apiclient-services/src/CloudSearch/PollItemsRequest.php
OK	/htdocs/application/third_party/omnipay/vendor/google/apiclient-services/src/CloudSearch/ProcessingError.php
OK	/htdocs/application/third_party/omnipay/vendor/google/apiclient-services/src/CloudSearch/QueryOperator.php
OK	/htdocs/application/third_party/omnipay/vendor/google/apiclient-services/src/CloudSearch/RecordingSessionInfo.php
OK	/htdocs/application/third_party/omnipay/vendor/google/apiclient-services/src/CloudSearch/ResourceRoleProto.php
OK	/htdocs/application/third_party/omnipay/vendor/google/apiclient-services/src/CloudSearch/RoomUpdatedMetadata.php
OK	/htdocs/application/third_party/omnipay/vendor/google/apiclient-services/src/CloudSearch/SearchItemsByViewUrlRequest.php
OK	/htdocs/application/third_party/omnipay/vendor/google/apiclient-services/src/CloudSearch/SessionEvent.php
OK	/htdocs/application/third_party/omnipay/vendor/google/apiclient-services/src/CloudSearch/SortOptions.php
OK	/htdocs/application/third_party/omnipay/vendor/google/apiclient-services/src/CloudSearch/Status.php
OK	/htdocs/application/third_party/omnipay/vendor/google/apiclient-services/src/CloudSearch/TasksMetadata.php
OK	/htdocs/application/third_party/omnipay/vendor/google/apiclient-services/src/CloudSearch/TimestampPropertyOptions.php
OK	/htdocs/application/third_party/omnipay/vendor/google/apiclient-services/src/CloudSearch/TriggerAction.php
OK	/htdocs/application/third_party/omnipay/vendor/google/apiclient-services/src/CloudSearch/UpdateDraftActionMarkup.php
OK	/htdocs/application/third_party/omnipay/vendor/google/apiclient-services/src/CloudSearch/UserMentionData.php
OK	/htdocs/application/third_party/omnipay/vendor/google/apiclient-services/src/CloudSearch/WonderMessageMapping.php
OK	/htdocs/application/third_party/omnipay/vendor/google/apiclient-services/src/CloudSearch/Resource/DebugIdentitysources.php
OK	/htdocs/application/third_party/omnipay/vendor/google/apiclient-services/src/CloudSearch/Resource/SettingsDatasources.php
OK	/htdocs/application/third_party/omnipay/vendor/google/apiclient-services/src/CloudSecurityToken/GoogleIamV1Binding.php
OK	/htdocs/application/third_party/omnipay/vendor/google/apiclient-services/src/CloudSecurityToken/GoogleIdentityStsV1Options.php
OK	/htdocs/application/third_party/omnipay/vendor/google/apiclient-services/src/CloudShell/DeleteEnvironmentMetadata.php
OK	/htdocs/application/third_party/omnipay/vendor/google/apiclient-services/src/CloudShell/Resource/Users.php
OK	/htdocs/application/third_party/omnipay/vendor/google/apiclient-services/src/CloudSourceRepositories/Repo.php
OK	/htdocs/application/third_party/omnipay/vendor/google/apiclient-services/src/CloudSupport/Actor.php
OK	/htdocs/application/third_party/omnipay/vendor/google/apiclient-services/src/CloudSupport/DiffUploadRequest.php
OK	/htdocs/application/third_party/omnipay/vendor/google/apiclient-services/src/CloudSupport/SearchCasesResponse.php
OK	/htdocs/application/third_party/omnipay/vendor/google/apiclient-services/src/CloudSupport/Resource/OrganizationsCases.php
OK	/htdocs/application/third_party/omnipay/vendor/google/apiclient-services/src/CloudTalentSolution/BatchUpdateJobsResponse.php
OK	/htdocs/application/third_party/omnipay/vendor/google/apiclient-services/src/CloudTalentSolution/CustomAttribute.php
OK	/htdocs/application/third_party/omnipay/vendor/google/apiclient-services/src/CloudTalentSolution/ListCompaniesResponse.php
OK	/htdocs/application/third_party/omnipay/vendor/google/apiclient-services/src/CloudTalentSolution/RequestMetadata.php
OK	/htdocs/application/third_party/omnipay/vendor/google/apiclient-services/src/CloudTalentSolution/Resource/ProjectsTenantsClientEvents.php
OK	/htdocs/application/third_party/omnipay/vendor/google/apiclient-services/src/CloudTasks/Expr.php
OK	/htdocs/application/third_party/omnipay/vendor/google/apiclient-services/src/CloudTasks/OAuthToken.php
OK	/htdocs/application/third_party/omnipay/vendor/google/apiclient-services/src/CloudTasks/SetIamPolicyRequest.php
OK	/htdocs/application/third_party/omnipay/vendor/google/apiclient-services/src/CloudTrace/Attributes.php
OK	/htdocs/application/third_party/omnipay/vendor/google/apiclient-services/src/CloudTrace/Status.php
OK	/htdocs/application/third_party/omnipay/vendor/google/apiclient-services/src/CloudVideoIntelligence/GoogleCloudVideointelligenceV1beta2DetectedAttribute.php
OK	/htdocs/application/third_party/omnipay/vendor/google/apiclient-services/src/CloudVideoIntelligence/GoogleCloudVideointelligenceV1beta2LogoRecognitionAnnotation.php
OK	/htdocs/application/third_party/omnipay/vendor/google/apiclient-services/src/CloudVideoIntelligence/GoogleCloudVideointelligenceV1beta2TimestampedObject.php
OK	/htdocs/application/third_party/omnipay/vendor/google/apiclient-services/src/CloudVideoIntelligence/GoogleCloudVideointelligenceV1FaceAnnotation.php
OK	/htdocs/application/third_party/omnipay/vendor/google/apiclient-services/src/CloudVideoIntelligence/GoogleCloudVideointelligenceV1NormalizedVertex.php
OK	/htdocs/application/third_party/omnipay/vendor/google/apiclient-services/src/CloudVideoIntelligence/GoogleCloudVideointelligenceV1p1beta1FaceDetectionAnnotation.php
OK	/htdocs/application/third_party/omnipay/vendor/google/apiclient-services/src/CloudVideoIntelligence/GoogleCloudVideointelligenceV1p1beta1PersonDetectionAnnotation.php
OK	/htdocs/application/third_party/omnipay/vendor/google/apiclient-services/src/CloudVideoIntelligence/GoogleCloudVideointelligenceV1p2beta1AnnotateVideoProgress.php
OK	/htdocs/application/third_party/omnipay/vendor/google/apiclient-services/src/CloudVideoIntelligence/GoogleCloudVideointelligenceV1p2beta1LabelFrame.php
OK	/htdocs/application/third_party/omnipay/vendor/google/apiclient-services/src/CloudVideoIntelligence/GoogleCloudVideointelligenceV1p2beta1TextFrame.php
OK	/htdocs/application/third_party/omnipay/vendor/google/apiclient-services/src/CloudVideoIntelligence/GoogleCloudVideointelligenceV1p3beta1CelebrityTrack.php
OK	/htdocs/application/third_party/omnipay/vendor/google/apiclient-services/src/CloudVideoIntelligence/GoogleCloudVideointelligenceV1p3beta1LabelSegment.php
OK	/htdocs/application/third_party/omnipay/vendor/google/apiclient-services/src/CloudVideoIntelligence/GoogleCloudVideointelligenceV1p3beta1StreamingVideoAnnotationResults.php
OK	/htdocs/application/third_party/omnipay/vendor/google/apiclient-services/src/CloudVideoIntelligence/GoogleCloudVideointelligenceV1ShotChangeDetectionConfig.php
OK	/htdocs/application/third_party/omnipay/vendor/google/apiclient-services/src/CloudVideoIntelligence/GoogleCloudVideointelligenceV1VideoAnnotationResults.php
OK	/htdocs/application/third_party/omnipay/vendor/google/apiclient-services/src/CloudVideoIntelligence/Resource/OperationsProjectsLocationsOperations.php
OK	/htdocs/application/third_party/omnipay/vendor/google/apiclient-services/src/CloudWorkstations/CustomerEncryptionKey.php
OK	/htdocs/application/third_party/omnipay/vendor/google/apiclient-services/src/CloudWorkstations/GoogleProtobufEmpty.php
OK	/htdocs/application/third_party/omnipay/vendor/google/apiclient-services/src/CloudWorkstations/PersistentDirectory.php
OK	/htdocs/application/third_party/omnipay/vendor/google/apiclient-services/src/CloudWorkstations/Workstation.php
OK	/htdocs/application/third_party/omnipay/vendor/google/apiclient-services/src/Compute/AcceleratorTypeAggregatedList.php
OK	/htdocs/application/third_party/omnipay/vendor/google/apiclient-services/src/Compute/AddressAggregatedListWarning.php
OK	/htdocs/application/third_party/omnipay/vendor/google/apiclient-services/src/Compute/AllocationAggregateReservationReservedResourceInfoAccelerator.php
OK	/htdocs/application/third_party/omnipay/vendor/google/apiclient-services/src/Compute/AutoscalerAggregatedList.php
OK	/htdocs/application/third_party/omnipay/vendor/google/apiclient-services/src/Compute/AutoscalingPolicyCustomMetricUtilization.php
OK	/htdocs/application/third_party/omnipay/vendor/google/apiclient-services/src/Compute/BackendBucketListWarning.php
OK	/htdocs/application/third_party/omnipay/vendor/google/apiclient-services/src/Compute/BackendServiceGroupHealth.php
OK	/htdocs/application/third_party/omnipay/vendor/google/apiclient-services/src/Compute/BackendServiceLogConfig.php
OK	/htdocs/application/third_party/omnipay/vendor/google/apiclient-services/src/Compute/Binding.php
OK	/htdocs/application/third_party/omnipay/vendor/google/apiclient-services/src/Compute/CommitmentList.php
OK	/htdocs/application/third_party/omnipay/vendor/google/apiclient-services/src/Compute/CorsPolicy.php
OK	/htdocs/application/third_party/omnipay/vendor/google/apiclient-services/src/Compute/DiskInstantiationConfig.php
OK	/htdocs/application/third_party/omnipay/vendor/google/apiclient-services/src/Compute/DisksScopedListWarning.php
OK	/htdocs/application/third_party/omnipay/vendor/google/apiclient-services/src/Compute/DiskTypesScopedListWarning.php
OK	/htdocs/application/third_party/omnipay/vendor/google/apiclient-services/src/Compute/ExternalVpnGateway.php
OK	/htdocs/application/third_party/omnipay/vendor/google/apiclient-services/src/Compute/FirewallLogConfig.php
OK	/htdocs/application/third_party/omnipay/vendor/google/apiclient-services/src/Compute/FirewallPolicyRuleMatcherLayer4Config.php
OK	/htdocs/application/third_party/omnipay/vendor/google/apiclient-services/src/Compute/ForwardingRulesScopedList.php
OK	/htdocs/application/third_party/omnipay/vendor/google/apiclient-services/src/Compute/FutureReservationsScopedListWarning.php
OK	/htdocs/application/third_party/omnipay/vendor/google/apiclient-services/src/Compute/GlobalSetLabelsRequest.php
OK	/htdocs/application/third_party/omnipay/vendor/google/apiclient-services/src/Compute/HealthCheckReference.php
OK	/htdocs/application/third_party/omnipay/vendor/google/apiclient-services/src/Compute/HealthStatus.php
OK	/htdocs/application/third_party/omnipay/vendor/google/apiclient-services/src/Compute/HttpHealthCheck.php
OK	/htdocs/application/third_party/omnipay/vendor/google/apiclient-services/src/Compute/HttpsHealthCheckListWarning.php
OK	/htdocs/application/third_party/omnipay/vendor/google/apiclient-services/src/Compute/InstanceAggregatedListWarningData.php
OK	/htdocs/application/third_party/omnipay/vendor/google/apiclient-services/src/Compute/InstanceGroupManagerAggregatedList.php
OK	/htdocs/application/third_party/omnipay/vendor/google/apiclient-services/src/Compute/InstanceGroupManagerResizeRequestsListResponse.php
OK	/htdocs/application/third_party/omnipay/vendor/google/apiclient-services/src/Compute/InstanceGroupManagersApplyUpdatesRequest.php
OK	/htdocs/application/third_party/omnipay/vendor/google/apiclient-services/src/Compute/InstanceGroupManagersScopedList.php
OK	/htdocs/application/third_party/omnipay/vendor/google/apiclient-services/src/Compute/InstanceGroupManagerStatusStatefulPerInstanceConfigs.php
OK	/htdocs/application/third_party/omnipay/vendor/google/apiclient-services/src/Compute/InstanceGroupsScopedListWarning.php
OK	/htdocs/application/third_party/omnipay/vendor/google/apiclient-services/src/Compute/InstanceMoveRequest.php
OK	/htdocs/application/third_party/omnipay/vendor/google/apiclient-services/src/Compute/InstancesScopedList.php
OK	/htdocs/application/third_party/omnipay/vendor/google/apiclient-services/src/Compute/InstanceTemplateAggregatedList.php
OK	/htdocs/application/third_party/omnipay/vendor/google/apiclient-services/src/Compute/InstantSnapshotAggregatedListWarning.php
OK	/htdocs/application/third_party/omnipay/vendor/google/apiclient-services/src/Compute/InterconnectAttachmentAggregatedList.php
OK	/htdocs/application/third_party/omnipay/vendor/google/apiclient-services/src/Compute/InterconnectAttachmentsScopedListWarningData.php
OK	/htdocs/application/third_party/omnipay/vendor/google/apiclient-services/src/Compute/InterconnectLocationList.php
OK	/htdocs/application/third_party/omnipay/vendor/google/apiclient-services/src/Compute/InterconnectRemoteLocationList.php
OK	/htdocs/application/third_party/omnipay/vendor/google/apiclient-services/src/Compute/LicensesListResponseWarning.php
OK	/htdocs/application/third_party/omnipay/vendor/google/apiclient-services/src/Compute/MachineImage.php
OK	/htdocs/application/third_party/omnipay/vendor/google/apiclient-services/src/Compute/MachineTypeScratchDisks.php
OK	/htdocs/application/third_party/omnipay/vendor/google/apiclient-services/src/Compute/Metadata.php
OK	/htdocs/application/third_party/omnipay/vendor/google/apiclient-services/src/Compute/NetworkAttachmentAggregatedListWarningData.php
OK	/htdocs/application/third_party/omnipay/vendor/google/apiclient-services/src/Compute/NetworkEdgeSecurityServicesScopedList.php
OK	/htdocs/application/third_party/omnipay/vendor/google/apiclient-services/src/Compute/NetworkEndpointGroupListWarning.php
OK	/htdocs/application/third_party/omnipay/vendor/google/apiclient-services/src/Compute/NetworkEndpointWithHealthStatus.php
OK	/htdocs/application/third_party/omnipay/vendor/google/apiclient-services/src/Compute/NetworkProfileNetworkFeatures.php
OK	/htdocs/application/third_party/omnipay/vendor/google/apiclient-services/src/Compute/NodeGroupAggregatedListWarning.php
OK	/htdocs/application/third_party/omnipay/vendor/google/apiclient-services/src/Compute/NodeGroupsListNodesWarningData.php
OK	/htdocs/application/third_party/omnipay/vendor/google/apiclient-services/src/Compute/NodeTemplateListWarning.php
OK	/htdocs/application/third_party/omnipay/vendor/google/apiclient-services/src/Compute/NodeTypeListWarningData.php
OK	/htdocs/application/third_party/omnipay/vendor/google/apiclient-services/src/Compute/OperationAggregatedListWarningData.php
OK	/htdocs/application/third_party/omnipay/vendor/google/apiclient-services/src/Compute/OutlierDetection.php
OK	/htdocs/application/third_party/omnipay/vendor/google/apiclient-services/src/Compute/PacketMirroringMirroredResourceInfoInstanceInfo.php
OK	/htdocs/application/third_party/omnipay/vendor/google/apiclient-services/src/Compute/PreservedStatePreservedDisk.php
OK	/htdocs/application/third_party/omnipay/vendor/google/apiclient-services/src/Compute/PublicAdvertisedPrefixListWarning.php
OK	/htdocs/application/third_party/omnipay/vendor/google/apiclient-services/src/Compute/PublicDelegatedPrefixListWarningData.php
OK	/htdocs/application/third_party/omnipay/vendor/google/apiclient-services/src/Compute/RegionDisksResizeRequest.php
OK	/htdocs/application/third_party/omnipay/vendor/google/apiclient-services/src/Compute/RegionInstanceGroupManagerPatchInstanceConfigReq.php
OK	/htdocs/application/third_party/omnipay/vendor/google/apiclient-services/src/Compute/RegionInstanceGroupManagersSetTargetPoolsRequest.php
OK	/htdocs/application/third_party/omnipay/vendor/google/apiclient-services/src/Compute/RegionListWarning.php
OK	/htdocs/application/third_party/omnipay/vendor/google/apiclient-services/src/Compute/RequestMirrorPolicy.php
OK	/htdocs/application/third_party/omnipay/vendor/google/apiclient-services/src/Compute/ReservationsScopedListWarningData.php
OK	/htdocs/application/third_party/omnipay/vendor/google/apiclient-services/src/Compute/ResourcePolicyGroupPlacementPolicy.php
OK	/htdocs/application/third_party/omnipay/vendor/google/apiclient-services/src/Compute/ResourcePolicySnapshotSchedulePolicySnapshotProperties.php
OK	/htdocs/application/third_party/omnipay/vendor/google/apiclient-services/src/Compute/Router.php
OK	/htdocs/application/third_party/omnipay/vendor/google/apiclient-services/src/Compute/RouterListWarningData.php
OK	/htdocs/application/third_party/omnipay/vendor/google/apiclient-services/src/Compute/RoutersListRoutePoliciesWarning.php
OK	/htdocs/application/third_party/omnipay/vendor/google/apiclient-services/src/Compute/RouteWarningsData.php
OK	/htdocs/application/third_party/omnipay/vendor/google/apiclient-services/src/Compute/SecurityPoliciesListPreconfiguredExpressionSetsResponse.php
OK	/htdocs/application/third_party/omnipay/vendor/google/apiclient-services/src/Compute/SecurityPolicyDdosProtectionConfig.php
OK	/htdocs/application/third_party/omnipay/vendor/google/apiclient-services/src/Compute/SecurityPolicyRuleMatcherExprOptionsRecaptchaOptions.php
OK	/htdocs/application/third_party/omnipay/vendor/google/apiclient-services/src/Compute/SerialPortOutput.php
OK	/htdocs/application/third_party/omnipay/vendor/google/apiclient-services/src/Compute/ServiceAttachmentsScopedList.php
OK	/htdocs/application/third_party/omnipay/vendor/google/apiclient-services/src/Compute/Snapshot.php
OK	/htdocs/application/third_party/omnipay/vendor/google/apiclient-services/src/Compute/SslCertificateAggregatedListWarning.php
OK	/htdocs/application/third_party/omnipay/vendor/google/apiclient-services/src/Compute/SslPoliciesAggregatedListWarning.php
OK	/htdocs/application/third_party/omnipay/vendor/google/apiclient-services/src/Compute/SslPolicyWarningsData.php
OK	/htdocs/application/third_party/omnipay/vendor/google/apiclient-services/src/Compute/StoragePoolListDisks.php
OK	/htdocs/application/third_party/omnipay/vendor/google/apiclient-services/src/Compute/StoragePoolTypeAggregatedListWarningData.php
OK	/htdocs/application/third_party/omnipay/vendor/google/apiclient-services/src/Compute/SubnetworkListWarning.php
OK	/htdocs/application/third_party/omnipay/vendor/google/apiclient-services/src/Compute/TargetGrpcProxyList.php
OK	/htdocs/application/third_party/omnipay/vendor/google/apiclient-services/src/Compute/TargetHttpsProxiesScopedListWarning.php
OK	/htdocs/application/third_party/omnipay/vendor/google/apiclient-services/src/Compute/TargetInstance.php
OK	/htdocs/application/third_party/omnipay/vendor/google/apiclient-services/src/Compute/TargetPoolAggregatedListWarning.php
OK	/htdocs/application/third_party/omnipay/vendor/google/apiclient-services/src/Compute/TargetPoolsScopedListWarningData.php
OK	/htdocs/application/third_party/omnipay/vendor/google/apiclient-services/src/Compute/TargetTcpProxiesScopedListWarningData.php
OK	/htdocs/application/third_party/omnipay/vendor/google/apiclient-services/src/Compute/TargetVpnGatewayAggregatedListWarning.php
OK	/htdocs/application/third_party/omnipay/vendor/google/apiclient-services/src/Compute/Uint128.php
OK	/htdocs/application/third_party/omnipay/vendor/google/apiclient-services/src/Compute/UrlMapsScopedListWarningData.php
OK	/htdocs/application/third_party/omnipay/vendor/google/apiclient-services/src/Compute/UsageExportLocation.php
OK	/htdocs/application/third_party/omnipay/vendor/google/apiclient-services/src/Compute/VpnGatewayListWarning.php
OK	/htdocs/application/third_party/omnipay/vendor/google/apiclient-services/src/Compute/VpnTunnelAggregatedList.php
OK	/htdocs/application/third_party/omnipay/vendor/google/apiclient-services/src/Compute/XpnHostList.php
OK	/htdocs/application/third_party/omnipay/vendor/google/apiclient-services/src/Compute/Resource/Autoscalers.php
OK	/htdocs/application/third_party/omnipay/vendor/google/apiclient-services/src/Compute/Resource/GlobalNetworkEndpointGroups.php
OK	/htdocs/application/third_party/omnipay/vendor/google/apiclient-services/src/Compute/Resource/Instances.php
OK	/htdocs/application/third_party/omnipay/vendor/google/apiclient-services/src/Compute/Resource/NetworkAttachments.php
OK	/htdocs/application/third_party/omnipay/vendor/google/apiclient-services/src/Compute/Resource/PublicDelegatedPrefixes.php
OK	/htdocs/application/third_party/omnipay/vendor/google/apiclient-services/src/Compute/Resource/RegionInstantSnapshots.php
OK	/htdocs/application/third_party/omnipay/vendor/google/apiclient-services/src/Compute/Resource/RegionUrlMaps.php
OK	/htdocs/application/third_party/omnipay/vendor/google/apiclient-services/src/Compute/Resource/StoragePools.php
OK	/htdocs/application/third_party/omnipay/vendor/google/apiclient-services/src/Compute/Resource/VpnGateways.php
OK	/htdocs/application/third_party/omnipay/vendor/google/apiclient-services/src/Config/Deployment.php
OK	/htdocs/application/third_party/omnipay/vendor/google/apiclient-services/src/Config/ListPreviewsResponse.php
OK	/htdocs/application/third_party/omnipay/vendor/google/apiclient-services/src/Config/PreviewOperationMetadata.php
OK	/htdocs/application/third_party/omnipay/vendor/google/apiclient-services/src/Config/TerraformVersion.php
OK	/htdocs/application/third_party/omnipay/vendor/google/apiclient-services/src/Connectors/AccessCredentials.php
OK	/htdocs/application/third_party/omnipay/vendor/google/apiclient-services/src/Connectors/CheckStatusResponse.php
OK	/htdocs/application/third_party/omnipay/vendor/google/apiclient-services/src/Connectors/DenyMaintenancePeriod.php
OK	/htdocs/application/third_party/omnipay/vendor/google/apiclient-services/src/Connectors/Expr.php
OK	/htdocs/application/third_party/omnipay/vendor/google/apiclient-services/src/Connectors/ListEntitiesResponse.php
OK	/htdocs/application/third_party/omnipay/vendor/google/apiclient-services/src/Connectors/MaintenanceSettings.php
OK	/htdocs/application/third_party/omnipay/vendor/google/apiclient-services/src/Connectors/ProvisionedResource.php
OK	/htdocs/application/third_party/omnipay/vendor/google/apiclient-services/src/Connectors/Schedule.php
OK	/htdocs/application/third_party/omnipay/vendor/google/apiclient-services/src/Connectors/UpdateEntitiesWithConditionsResponse.php
OK	/htdocs/application/third_party/omnipay/vendor/google/apiclient-services/src/Connectors/Resource/ProjectsLocationsConnectionsRuntimeEntitySchemas.php
OK	/htdocs/application/third_party/omnipay/vendor/google/apiclient-services/src/Contactcenterinsights/GoogleCloudContactcenterinsightsV1AgentCoachingSuggestionSampleResponse.php
OK	/htdocs/application/third_party/omnipay/vendor/google/apiclient-services/src/Contactcenterinsights/GoogleCloudContactcenterinsightsV1alpha1AnnotatorSelectorQaConfig.php
OK	/htdocs/application/third_party/omnipay/vendor/google/apiclient-services/src/Contactcenterinsights/GoogleCloudContactcenterinsightsV1alpha1Conversation.php
OK	/htdocs/application/third_party/omnipay/vendor/google/apiclient-services/src/Contactcenterinsights/GoogleCloudContactcenterinsightsV1alpha1ConversationTranscriptTranscriptSegmentWordInfo.php
OK	/htdocs/application/third_party/omnipay/vendor/google/apiclient-services/src/Contactcenterinsights/GoogleCloudContactcenterinsightsV1alpha1DialogflowInteractionData.php
OK	/htdocs/application/third_party/omnipay/vendor/google/apiclient-services/src/Contactcenterinsights/GoogleCloudContactcenterinsightsV1alpha1ExportInsightsDataRequestBigQueryDestination.php
OK	/htdocs/application/third_party/omnipay/vendor/google/apiclient-services/src/Contactcenterinsights/GoogleCloudContactcenterinsightsV1alpha1GetKnowledgeAssistResponse.php
OK	/htdocs/application/third_party/omnipay/vendor/google/apiclient-services/src/Contactcenterinsights/GoogleCloudContactcenterinsightsV1alpha1IngestConversationsMetadata.php
OK	/htdocs/application/third_party/omnipay/vendor/google/apiclient-services/src/Contactcenterinsights/GoogleCloudContactcenterinsightsV1alpha1InterruptionData.php
OK	/htdocs/application/third_party/omnipay/vendor/google/apiclient-services/src/Contactcenterinsights/GoogleCloudContactcenterinsightsV1alpha1QaAnswer.php
OK	/htdocs/application/third_party/omnipay/vendor/google/apiclient-services/src/Contactcenterinsights/GoogleCloudContactcenterinsightsV1alpha1QueryMetricsResponseSliceTimeSeries.php
OK	/htdocs/application/third_party/omnipay/vendor/google/apiclient-services/src/Contactcenterinsights/GoogleCloudContactcenterinsightsV1alpha1SummarySuggestionSummarySection.php
OK	/htdocs/application/third_party/omnipay/vendor/google/apiclient-services/src/Contactcenterinsights/GoogleCloudContactcenterinsightsV1AnnotatorSelectorQaConfig.php
OK	/htdocs/application/third_party/omnipay/vendor/google/apiclient-services/src/Contactcenterinsights/GoogleCloudContactcenterinsightsV1BulkDownloadFeedbackLabelsMetadataDownloadStats.php
OK	/htdocs/application/third_party/omnipay/vendor/google/apiclient-services/src/Contactcenterinsights/GoogleCloudContactcenterinsightsV1ConversationCallMetadata.php
OK	/htdocs/application/third_party/omnipay/vendor/google/apiclient-services/src/Contactcenterinsights/GoogleCloudContactcenterinsightsV1CreateAnalysisOperationMetadata.php
OK	/htdocs/application/third_party/omnipay/vendor/google/apiclient-services/src/Contactcenterinsights/GoogleCloudContactcenterinsightsV1DialogflowInteractionData.php
OK	/htdocs/application/third_party/omnipay/vendor/google/apiclient-services/src/Contactcenterinsights/GoogleCloudContactcenterinsightsV1ExportInsightsDataRequest.php
OK	/htdocs/application/third_party/omnipay/vendor/google/apiclient-services/src/Contactcenterinsights/GoogleCloudContactcenterinsightsV1GetGeneratorSuggestionResponse.php
OK	/htdocs/application/third_party/omnipay/vendor/google/apiclient-services/src/Contactcenterinsights/GoogleCloudContactcenterinsightsV1ImportIssueModelResponse.php
OK	/htdocs/application/third_party/omnipay/vendor/google/apiclient-services/src/Contactcenterinsights/GoogleCloudContactcenterinsightsV1IntentMatchData.php
OK	/htdocs/application/third_party/omnipay/vendor/google/apiclient-services/src/Contactcenterinsights/GoogleCloudContactcenterinsightsV1ListAnalysisRulesResponse.php
OK	/htdocs/application/third_party/omnipay/vendor/google/apiclient-services/src/Contactcenterinsights/GoogleCloudContactcenterinsightsV1PhraseMatcher.php
OK	/htdocs/application/third_party/omnipay/vendor/google/apiclient-services/src/Contactcenterinsights/GoogleCloudContactcenterinsightsV1QaScorecard.php
OK	/htdocs/application/third_party/omnipay/vendor/google/apiclient-services/src/Contactcenterinsights/GoogleCloudContactcenterinsightsV1QueryMetricsResponseSliceTimeSeries.php
OK	/htdocs/application/third_party/omnipay/vendor/google/apiclient-services/src/Contactcenterinsights/GoogleCloudContactcenterinsightsV1SpeechConfig.php
OK	/htdocs/application/third_party/omnipay/vendor/google/apiclient-services/src/Contactcenterinsights/GoogleIamV1AuditLogConfig.php
OK	/htdocs/application/third_party/omnipay/vendor/google/apiclient-services/src/Contactcenterinsights/Resource/Projects.php
OK	/htdocs/application/third_party/omnipay/vendor/google/apiclient-services/src/Contactcenterinsights/Resource/ProjectsLocationsAuthorizedViewSetsAuthorizedViewsOperations.php
OK	/htdocs/application/third_party/omnipay/vendor/google/apiclient-services/src/Contactcenterinsights/Resource/ProjectsLocationsQaScorecardsRevisions.php
OK	/htdocs/application/third_party/omnipay/vendor/google/apiclient-services/src/Container/AutopilotCompatibilityIssue.php
OK	/htdocs/application/third_party/omnipay/vendor/google/apiclient-services/src/Container/CidrBlock.php
OK	/htdocs/application/third_party/omnipay/vendor/google/apiclient-services/src/Container/ConfigConnectorConfig.php
OK	/htdocs/application/third_party/omnipay/vendor/google/apiclient-services/src/Container/DnsCacheConfig.php
OK	/htdocs/application/third_party/omnipay/vendor/google/apiclient-services/src/Container/GCPSecretManagerCertificateConfig.php
OK	/htdocs/application/third_party/omnipay/vendor/google/apiclient-services/src/Container/ILBSubsettingConfig.php
OK	/htdocs/application/third_party/omnipay/vendor/google/apiclient-services/src/Container/ListUsableSubnetworksResponse.php
OK	/htdocs/application/third_party/omnipay/vendor/google/apiclient-services/src/Container/MeshCertificates.php
OK	/htdocs/application/third_party/omnipay/vendor/google/apiclient-services/src/Container/NodeKubeletConfig.php
OK	/htdocs/application/third_party/omnipay/vendor/google/apiclient-services/src/Container/Operation.php
OK	/htdocs/application/third_party/omnipay/vendor/google/apiclient-services/src/Container/RangeInfo.php
OK	/htdocs/application/third_party/omnipay/vendor/google/apiclient-services/src/Container/ResourceUsageExportConfig.php
OK	/htdocs/application/third_party/omnipay/vendor/google/apiclient-services/src/Container/SetLegacyAbacRequest.php
OK	/htdocs/application/third_party/omnipay/vendor/google/apiclient-services/src/Container/SoleTenantConfig.php
OK	/htdocs/application/third_party/omnipay/vendor/google/apiclient-services/src/Container/UpgradeEvent.php
OK	/htdocs/application/third_party/omnipay/vendor/google/apiclient-services/src/Container/Resource/Projects.php
OK	/htdocs/application/third_party/omnipay/vendor/google/apiclient-services/src/ContainerAnalysis/AliasContext.php
OK	/htdocs/application/third_party/omnipay/vendor/google/apiclient-services/src/ContainerAnalysis/BatchCreateNotesResponse.php
OK	/htdocs/application/third_party/omnipay/vendor/google/apiclient-services/src/ContainerAnalysis/BuildStep.php
OK	/htdocs/application/third_party/omnipay/vendor/google/apiclient-services/src/ContainerAnalysis/ContaineranalysisEmpty.php
OK	/htdocs/application/third_party/omnipay/vendor/google/apiclient-services/src/ContainerAnalysis/ContaineranalysisGoogleDevtoolsCloudbuildV1BuildOptions.php
OK	/htdocs/application/third_party/omnipay/vendor/google/apiclient-services/src/ContainerAnalysis/ContaineranalysisGoogleDevtoolsCloudbuildV1GCSLocation.php
OK	/htdocs/application/third_party/omnipay/vendor/google/apiclient-services/src/ContainerAnalysis/ContaineranalysisGoogleDevtoolsCloudbuildV1SourceProvenance.php
OK	/htdocs/application/third_party/omnipay/vendor/google/apiclient-services/src/ContainerAnalysis/Deployable.php
OK	/htdocs/application/third_party/omnipay/vendor/google/apiclient-services/src/ContainerAnalysis/Distribution.php
OK	/htdocs/application/third_party/omnipay/vendor/google/apiclient-services/src/ContainerAnalysis/ExternalRef.php
OK	/htdocs/application/third_party/omnipay/vendor/google/apiclient-services/src/ContainerAnalysis/GoogleDevtoolsContaineranalysisV1alpha1OperationMetadata.php
OK	/htdocs/application/third_party/omnipay/vendor/google/apiclient-services/src/ContainerAnalysis/GrafeasV1SlsaProvenanceZeroTwoSlsaCompleteness.php
OK	/htdocs/application/third_party/omnipay/vendor/google/apiclient-services/src/ContainerAnalysis/InTotoProvenance.php
OK	/htdocs/application/third_party/omnipay/vendor/google/apiclient-services/src/ContainerAnalysis/ListOccurrencesResponse.php
OK	/htdocs/application/third_party/omnipay/vendor/google/apiclient-services/src/ContainerAnalysis/PackageNote.php
OK	/htdocs/application/third_party/omnipay/vendor/google/apiclient-services/src/ContainerAnalysis/RelationshipOccurrence.php
OK	/htdocs/application/third_party/omnipay/vendor/google/apiclient-services/src/ContainerAnalysis/Signature.php
OK	/htdocs/application/third_party/omnipay/vendor/google/apiclient-services/src/ContainerAnalysis/Subject.php
OK	/htdocs/application/third_party/omnipay/vendor/google/apiclient-services/src/ContainerAnalysis/VulnerabilityAttestation.php
OK	/htdocs/application/third_party/omnipay/vendor/google/apiclient-services/src/ContainerAnalysis/Resource/ProjectsLocationsOccurrences.php
OK	/htdocs/application/third_party/omnipay/vendor/google/apiclient-services/src/Contentwarehouse/CloudAiPlatformTenantresourceServiceAccountIdentity.php
OK	/htdocs/application/third_party/omnipay/vendor/google/apiclient-services/src/Contentwarehouse/GoogleCloudContentwarehouseV1beta1CreateDocumentMetadata.php
OK	/htdocs/application/third_party/omnipay/vendor/google/apiclient-services/src/Contentwarehouse/GoogleCloudContentwarehouseV1DateTimeTypeOptions.php
OK	/htdocs/application/third_party/omnipay/vendor/google/apiclient-services/src/Contentwarehouse/GoogleCloudContentwarehouseV1ExportToCdwPipeline.php
OK	/htdocs/application/third_party/omnipay/vendor/google/apiclient-services/src/Contentwarehouse/GoogleCloudContentwarehouseV1IngestPipelineConfig.php
OK	/htdocs/application/third_party/omnipay/vendor/google/apiclient-services/src/Contentwarehouse/GoogleCloudContentwarehouseV1ListSynonymSetsResponse.php
OK	/htdocs/application/third_party/omnipay/vendor/google/apiclient-services/src/Contentwarehouse/GoogleCloudContentwarehouseV1PropertyFilter.php
OK	/htdocs/application/third_party/omnipay/vendor/google/apiclient-services/src/Contentwarehouse/GoogleCloudContentwarehouseV1RuleSet.php
OK	/htdocs/application/third_party/omnipay/vendor/google/apiclient-services/src/Contentwarehouse/GoogleCloudContentwarehouseV1SynonymSet.php
OK	/htdocs/application/third_party/omnipay/vendor/google/apiclient-services/src/Contentwarehouse/GoogleCloudContentwarehouseV1UpdateOptions.php
OK	/htdocs/application/third_party/omnipay/vendor/google/apiclient-services/src/Contentwarehouse/GoogleCloudDocumentaiV1DocumentChunkedDocumentChunkChunkPageSpan.php
OK	/htdocs/application/third_party/omnipay/vendor/google/apiclient-services/src/Contentwarehouse/GoogleCloudDocumentaiV1DocumentEntityRelation.php
OK	/htdocs/application/third_party/omnipay/vendor/google/apiclient-services/src/Contentwarehouse/GoogleCloudDocumentaiV1DocumentPageLayout.php
OK	/htdocs/application/third_party/omnipay/vendor/google/apiclient-services/src/Contentwarehouse/GoogleCloudDocumentaiV1DocumentProvenance.php
OK	/htdocs/application/third_party/omnipay/vendor/google/apiclient-services/src/Contentwarehouse/GoogleIamV1AuditConfig.php
OK	/htdocs/application/third_party/omnipay/vendor/google/apiclient-services/src/Contentwarehouse/GoogleTypeMoney.php
OK	/htdocs/application/third_party/omnipay/vendor/google/apiclient-services/src/Css/Account.php
OK	/htdocs/application/third_party/omnipay/vendor/google/apiclient-services/src/Css/ItemLevelIssue.php
OK	/htdocs/application/third_party/omnipay/vendor/google/apiclient-services/src/Css/Resource/AccountsLabels.php
OK	/htdocs/application/third_party/omnipay/vendor/google/apiclient-services/src/CustomSearchAPI/SearchSearchInformation.php
OK	/htdocs/application/third_party/omnipay/vendor/google/apiclient-services/src/DatabaseMigrationService/AuditLogConfig.php
OK	/htdocs/application/third_party/omnipay/vendor/google/apiclient-services/src/DatabaseMigrationService/ConstraintEntity.php
OK	/htdocs/application/third_party/omnipay/vendor/google/apiclient-services/src/DatabaseMigrationService/DemoteDestinationRequest.php
OK	/htdocs/application/third_party/omnipay/vendor/google/apiclient-services/src/DatabaseMigrationService/Expr.php
OK	/htdocs/application/third_party/omnipay/vendor/google/apiclient-services/src/DatabaseMigrationService/IntComparisonFilter.php
OK	/htdocs/application/third_party/omnipay/vendor/google/apiclient-services/src/DatabaseMigrationService/LookupMigrationJobObjectRequest.php
OK	/htdocs/application/third_party/omnipay/vendor/google/apiclient-services/src/DatabaseMigrationService/Operation.php
OK	/htdocs/application/third_party/omnipay/vendor/google/apiclient-services/src/DatabaseMigrationService/PrimaryInstanceSettings.php
OK	/htdocs/application/third_party/omnipay/vendor/google/apiclient-services/src/DatabaseMigrationService/SearchBackgroundJobsResponse.php
OK	/htdocs/application/third_party/omnipay/vendor/google/apiclient-services/src/DatabaseMigrationService/SourceObjectsConfig.php
OK	/htdocs/application/third_party/omnipay/vendor/google/apiclient-services/src/DatabaseMigrationService/StartMigrationJobRequest.php
OK	/htdocs/application/third_party/omnipay/vendor/google/apiclient-services/src/DatabaseMigrationService/UDTEntity.php
OK	/htdocs/application/third_party/omnipay/vendor/google/apiclient-services/src/DatabaseMigrationService/Resource/ProjectsLocationsConnectionProfiles.php
OK	/htdocs/application/third_party/omnipay/vendor/google/apiclient-services/src/DataCatalog/GoogleCloudDatacatalogV1beta1BigQueryDateShardedSpec.php
OK	/htdocs/application/third_party/omnipay/vendor/google/apiclient-services/src/DataCatalog/GoogleCloudDatacatalogV1beta1ImportTaxonomiesResponse.php
OK	/htdocs/application/third_party/omnipay/vendor/google/apiclient-services/src/DataCatalog/GoogleCloudDatacatalogV1beta1SearchCatalogRequestScope.php
OK	/htdocs/application/third_party/omnipay/vendor/google/apiclient-services/src/DataCatalog/GoogleCloudDatacatalogV1beta1Taxonomy.php
OK	/htdocs/application/third_party/omnipay/vendor/google/apiclient-services/src/DataCatalog/GoogleCloudDatacatalogV1CloudSqlBigQueryConnectionSpec.php
OK	/htdocs/application/third_party/omnipay/vendor/google/apiclient-services/src/DataCatalog/GoogleCloudDatacatalogV1DataplexSpec.php
OK	/htdocs/application/third_party/omnipay/vendor/google/apiclient-services/src/DataCatalog/GoogleCloudDatacatalogV1FieldTypeEnumType.php
OK	/htdocs/application/third_party/omnipay/vendor/google/apiclient-services/src/DataCatalog/GoogleCloudDatacatalogV1ListEntryGroupsResponse.php
OK	/htdocs/application/third_party/omnipay/vendor/google/apiclient-services/src/DataCatalog/GoogleCloudDatacatalogV1PhysicalSchemaAvroSchema.php
OK	/htdocs/application/third_party/omnipay/vendor/google/apiclient-services/src/DataCatalog/GoogleCloudDatacatalogV1ReplaceTaxonomyRequest.php
OK	/htdocs/application/third_party/omnipay/vendor/google/apiclient-services/src/DataCatalog/GoogleCloudDatacatalogV1SqlDatabaseSystemSpec.php
OK	/htdocs/application/third_party/omnipay/vendor/google/apiclient-services/src/DataCatalog/GoogleCloudDatacatalogV1Taxonomy.php
OK	/htdocs/application/third_party/omnipay/vendor/google/apiclient-services/src/DataCatalog/Policy.php
OK	/htdocs/application/third_party/omnipay/vendor/google/apiclient-services/src/DataCatalog/Resource/ProjectsLocationsEntryGroupsEntries.php
OK	/htdocs/application/third_party/omnipay/vendor/google/apiclient-services/src/Dataflow/AutoscalingEvent.php
OK	/htdocs/application/third_party/omnipay/vendor/google/apiclient-services/src/Dataflow/ContainerSpec.php
OK	/htdocs/application/third_party/omnipay/vendor/google/apiclient-services/src/Dataflow/DataSamplingReport.php
OK	/htdocs/application/third_party/omnipay/vendor/google/apiclient-services/src/Dataflow/FailedLocation.php
OK	/htdocs/application/third_party/omnipay/vendor/google/apiclient-services/src/Dataflow/HotKeyDebuggingInfo.php
OK	/htdocs/application/third_party/omnipay/vendor/google/apiclient-services/src/Dataflow/JobMessage.php
OK	/htdocs/application/third_party/omnipay/vendor/google/apiclient-services/src/Dataflow/Linear.php
OK	/htdocs/application/third_party/omnipay/vendor/google/apiclient-services/src/Dataflow/NameAndKind.php
OK	/htdocs/application/third_party/omnipay/vendor/google/apiclient-services/src/Dataflow/Point.php
OK	/htdocs/application/third_party/omnipay/vendor/google/apiclient-services/src/Dataflow/ResourceUtilizationReportResponse.php
OK	/htdocs/application/third_party/omnipay/vendor/google/apiclient-services/src/Dataflow/SeqMapTask.php
OK	/htdocs/application/third_party/omnipay/vendor/google/apiclient-services/src/Dataflow/SourceMetadata.php
OK	/htdocs/application/third_party/omnipay/vendor/google/apiclient-services/src/Dataflow/StateFamilyConfig.php
OK	/htdocs/application/third_party/omnipay/vendor/google/apiclient-services/src/Dataflow/StreamingOperationalLimits.php
OK	/htdocs/application/third_party/omnipay/vendor/google/apiclient-services/src/Dataflow/TopologyConfig.php
OK	/htdocs/application/third_party/omnipay/vendor/google/apiclient-services/src/Dataflow/WorkerShutdownNotice.php
OK	/htdocs/application/third_party/omnipay/vendor/google/apiclient-services/src/Dataflow/Resource/ProjectsJobsMessages.php
OK	/htdocs/application/third_party/omnipay/vendor/google/apiclient-services/src/Dataflow/Resource/ProjectsLocationsTemplates.php
OK	/htdocs/application/third_party/omnipay/vendor/google/apiclient-services/src/Dataform/CommitRepositoryChangesRequest.php
OK	/htdocs/application/third_party/omnipay/vendor/google/apiclient-services/src/Dataform/DeleteFile.php
OK	/htdocs/application/third_party/omnipay/vendor/google/apiclient-services/src/Dataform/IncrementalTableConfig.php
OK	/htdocs/application/third_party/omnipay/vendor/google/apiclient-services/src/Dataform/Location.php
OK	/htdocs/application/third_party/omnipay/vendor/google/apiclient-services/src/Dataform/Policy.php
OK	/htdocs/application/third_party/omnipay/vendor/google/apiclient-services/src/Dataform/RemoveDirectoryRequest.php
OK	/htdocs/application/third_party/omnipay/vendor/google/apiclient-services/src/Dataform/TestIamPermissionsRequest.php
OK	/htdocs/application/third_party/omnipay/vendor/google/apiclient-services/src/Dataform/Resource/ProjectsLocations.php
OK	/htdocs/application/third_party/omnipay/vendor/google/apiclient-services/src/DataFusion/AuditConfig.php
OK	/htdocs/application/third_party/omnipay/vendor/google/apiclient-services/src/DataFusion/EventPublishConfig.php
OK	/htdocs/application/third_party/omnipay/vendor/google/apiclient-services/src/DataFusion/LocationData.php
OK	/htdocs/application/third_party/omnipay/vendor/google/apiclient-services/src/DataFusion/RegionalMigDistributionPolicy.php
OK	/htdocs/application/third_party/omnipay/vendor/google/apiclient-services/src/DataFusion/Resource/Projects.php
OK	/htdocs/application/third_party/omnipay/vendor/google/apiclient-services/src/DataLabeling/GoogleCloudDatalabelingV1alpha1ImportDataOperationMetadata.php
OK	/htdocs/application/third_party/omnipay/vendor/google/apiclient-services/src/DataLabeling/GoogleCloudDatalabelingV1alpha1LabelVideoClassificationOperationMetadata.php
OK	/htdocs/application/third_party/omnipay/vendor/google/apiclient-services/src/DataLabeling/GoogleCloudDatalabelingV1beta1AnnotationValue.php
OK	/htdocs/application/third_party/omnipay/vendor/google/apiclient-services/src/DataLabeling/GoogleCloudDatalabelingV1beta1CreateDatasetRequest.php
OK	/htdocs/application/third_party/omnipay/vendor/google/apiclient-services/src/DataLabeling/GoogleCloudDatalabelingV1beta1EvaluationMetrics.php
OK	/htdocs/application/third_party/omnipay/vendor/google/apiclient-services/src/DataLabeling/GoogleCloudDatalabelingV1beta1GcsSource.php
OK	/htdocs/application/third_party/omnipay/vendor/google/apiclient-services/src/DataLabeling/GoogleCloudDatalabelingV1beta1Instruction.php
OK	/htdocs/application/third_party/omnipay/vendor/google/apiclient-services/src/DataLabeling/GoogleCloudDatalabelingV1beta1LabelTextRequest.php
OK	/htdocs/application/third_party/omnipay/vendor/google/apiclient-services/src/DataLabeling/GoogleCloudDatalabelingV1beta1ListFeedbackMessagesResponse.php
OK	/htdocs/application/third_party/omnipay/vendor/google/apiclient-services/src/DataLabeling/GoogleCloudDatalabelingV1beta1OutputConfig.php
OK	/htdocs/application/third_party/omnipay/vendor/google/apiclient-services/src/DataLabeling/GoogleCloudDatalabelingV1beta1SegmentationConfig.php
OK	/htdocs/application/third_party/omnipay/vendor/google/apiclient-services/src/DataLabeling/GoogleCloudDatalabelingV1beta1VideoClassificationConfig.php
OK	/htdocs/application/third_party/omnipay/vendor/google/apiclient-services/src/DataLabeling/GoogleCloudDatalabelingV1p1alpha1ImportDataOperationMetadata.php
OK	/htdocs/application/third_party/omnipay/vendor/google/apiclient-services/src/DataLabeling/GoogleCloudDatalabelingV1p1alpha1LabelVideoClassificationOperationMetadata.php
OK	/htdocs/application/third_party/omnipay/vendor/google/apiclient-services/src/DataLabeling/GoogleCloudDatalabelingV1p2alpha1ImportDataOperationResponse.php
OK	/htdocs/application/third_party/omnipay/vendor/google/apiclient-services/src/DataLabeling/GoogleCloudDatalabelingV1p2alpha1LabelVideoEventOperationMetadata.php
OK	/htdocs/application/third_party/omnipay/vendor/google/apiclient-services/src/DataLabeling/Resource/ProjectsDatasetsAnnotatedDatasetsDataItems.php
OK	/htdocs/application/third_party/omnipay/vendor/google/apiclient-services/src/DataLabeling/Resource/ProjectsInstructions.php
OK	/htdocs/application/third_party/omnipay/vendor/google/apiclient-services/src/Datalineage/GoogleCloudDatacatalogLineageV1Origin.php
OK	/htdocs/application/third_party/omnipay/vendor/google/apiclient-services/src/Datalineage/GoogleRpcStatus.php
OK	/htdocs/application/third_party/omnipay/vendor/google/apiclient-services/src/Datapipelines/GoogleCloudDatapipelinesV1DataflowJobDetails.php
OK	/htdocs/application/third_party/omnipay/vendor/google/apiclient-services/src/Datapipelines/GoogleCloudDatapipelinesV1LaunchTemplateRequest.php
OK	/htdocs/application/third_party/omnipay/vendor/google/apiclient-services/src/Datapipelines/GoogleCloudDatapipelinesV1RunPipelineRequest.php
OK	/htdocs/application/third_party/omnipay/vendor/google/apiclient-services/src/Datapipelines/GoogleTypeDateTime.php
OK	/htdocs/application/third_party/omnipay/vendor/google/apiclient-services/src/DataPortability/InitiatePortabilityArchiveResponse.php
OK	/htdocs/application/third_party/omnipay/vendor/google/apiclient-services/src/Dataproc/AccessSessionSparkApplicationSqlQueryResponse.php
OK	/htdocs/application/third_party/omnipay/vendor/google/apiclient-services/src/Dataproc/AnalyzeBatchRequest.php
OK	/htdocs/application/third_party/omnipay/vendor/google/apiclient-services/src/Dataproc/BasicAutoscalingAlgorithm.php
OK	/htdocs/application/third_party/omnipay/vendor/google/apiclient-services/src/Dataproc/ClusterOperationStatus.php
OK	/htdocs/application/third_party/omnipay/vendor/google/apiclient-services/src/Dataproc/EncryptionConfig.php
OK	/htdocs/application/third_party/omnipay/vendor/google/apiclient-services/src/Dataproc/FlinkJob.php
OK	/htdocs/application/third_party/omnipay/vendor/google/apiclient-services/src/Dataproc/HadoopJob.php
OK	/htdocs/application/third_party/omnipay/vendor/google/apiclient-services/src/Dataproc/InstanceSelection.php
OK	/htdocs/application/third_party/omnipay/vendor/google/apiclient-services/src/Dataproc/JupyterConfig.php
OK	/htdocs/application/third_party/omnipay/vendor/google/apiclient-services/src/Dataproc/ListWorkflowTemplatesResponse.php
OK	/htdocs/application/third_party/omnipay/vendor/google/apiclient-services/src/Dataproc/NodeGroupOperationMetadata.php
OK	/htdocs/application/third_party/omnipay/vendor/google/apiclient-services/src/Dataproc/PrestoJob.php
OK	/htdocs/application/third_party/omnipay/vendor/google/apiclient-services/src/Dataproc/RddOperationNode.php
OK	/htdocs/application/third_party/omnipay/vendor/google/apiclient-services/src/Dataproc/RuntimeInfo.php
OK	/htdocs/application/third_party/omnipay/vendor/google/apiclient-services/src/Dataproc/SearchSparkApplicationSqlQueriesResponse.php
OK	/htdocs/application/third_party/omnipay/vendor/google/apiclient-services/src/Dataproc/ShufflePushReadMetrics.php
OK	/htdocs/application/third_party/omnipay/vendor/google/apiclient-services/src/Dataproc/SparkHistoryServerConfig.php
OK	/htdocs/application/third_party/omnipay/vendor/google/apiclient-services/src/Dataproc/SparkStandaloneAutoscalingConfig.php
OK	/htdocs/application/third_party/omnipay/vendor/google/apiclient-services/src/Dataproc/StageShuffleWriteMetrics.php
OK	/htdocs/application/third_party/omnipay/vendor/google/apiclient-services/src/Dataproc/SummarizeSessionSparkApplicationExecutorsResponse.php
OK	/htdocs/application/third_party/omnipay/vendor/google/apiclient-services/src/Dataproc/TemplateParameter.php
OK	/htdocs/application/third_party/omnipay/vendor/google/apiclient-services/src/Dataproc/WorkflowTemplate.php
OK	/htdocs/application/third_party/omnipay/vendor/google/apiclient-services/src/Dataproc/Resource/ProjectsLocationsOperations.php
OK	/htdocs/application/third_party/omnipay/vendor/google/apiclient-services/src/DataprocMetastore/AlterMetadataResourceLocationRequest.php
OK	/htdocs/application/third_party/omnipay/vendor/google/apiclient-services/src/DataprocMetastore/CdcConfig.php
OK	/htdocs/application/third_party/omnipay/vendor/google/apiclient-services/src/DataprocMetastore/Expr.php
OK	/htdocs/application/third_party/omnipay/vendor/google/apiclient-services/src/DataprocMetastore/GoogleCloudMetastoreV1alphaQueryMetadataResponse.php
OK	/htdocs/application/third_party/omnipay/vendor/google/apiclient-services/src/DataprocMetastore/GoogleCloudMetastoreV1betaQueryMetadataResponse.php
OK	/htdocs/application/third_party/omnipay/vendor/google/apiclient-services/src/DataprocMetastore/GoogleCloudMetastoreV2Backup.php
OK	/htdocs/application/third_party/omnipay/vendor/google/apiclient-services/src/DataprocMetastore/GoogleCloudMetastoreV2MoveTableToDatabaseRequest.php
OK	/htdocs/application/third_party/omnipay/vendor/google/apiclient-services/src/DataprocMetastore/LatestBackup.php
OK	/htdocs/application/third_party/omnipay/vendor/google/apiclient-services/src/DataprocMetastore/MetadataExport.php
OK	/htdocs/application/third_party/omnipay/vendor/google/apiclient-services/src/DataprocMetastore/Policy.php
OK	/htdocs/application/third_party/omnipay/vendor/google/apiclient-services/src/DataprocMetastore/StartMigrationRequest.php
OK	/htdocs/application/third_party/omnipay/vendor/google/apiclient-services/src/DataprocMetastore/Resource/ProjectsLocationsServicesDatabases.php
OK	/htdocs/application/third_party/omnipay/vendor/google/apiclient-services/src/Datastore/BeginTransactionRequest.php
OK	/htdocs/application/third_party/omnipay/vendor/google/apiclient-services/src/Datastore/ExplainOptions.php
OK	/htdocs/application/third_party/omnipay/vendor/google/apiclient-services/src/Datastore/GoogleDatastoreAdminV1ExportEntitiesMetadata.php
OK	/htdocs/application/third_party/omnipay/vendor/google/apiclient-services/src/Datastore/GoogleDatastoreAdminV1Progress.php
OK	/htdocs/application/third_party/omnipay/vendor/google/apiclient-services/src/Datastore/MutationResult.php
OK	/htdocs/application/third_party/omnipay/vendor/google/apiclient-services/src/Datastore/QueryResultBatch.php
OK	/htdocs/application/third_party/omnipay/vendor/google/apiclient-services/src/Datastore/Status.php
OK	/htdocs/application/third_party/omnipay/vendor/google/apiclient-services/src/Datastream/BigQueryDestinationConfig.php
OK	/htdocs/application/third_party/omnipay/vendor/google/apiclient-services/src/Datastream/DiscoverConnectionProfileResponse.php
OK	/htdocs/application/third_party/omnipay/vendor/google/apiclient-services/src/Datastream/ListLocationsResponse.php
OK	/htdocs/application/third_party/omnipay/vendor/google/apiclient-services/src/Datastream/MysqlColumn.php
OK	/htdocs/application/third_party/omnipay/vendor/google/apiclient-services/src/Datastream/Oauth2ClientCredentials.php
OK	/htdocs/application/third_party/omnipay/vendor/google/apiclient-services/src/Datastream/OracleSourceConfig.php
OK	/htdocs/application/third_party/omnipay/vendor/google/apiclient-services/src/Datastream/PrivateConnectivity.php
OK	/htdocs/application/third_party/omnipay/vendor/google/apiclient-services/src/Datastream/SourceConfig.php
OK	/htdocs/application/third_party/omnipay/vendor/google/apiclient-services/src/Datastream/SqlServerTable.php
OK	/htdocs/application/third_party/omnipay/vendor/google/apiclient-services/src/Datastream/Validation.php
OK	/htdocs/application/third_party/omnipay/vendor/google/apiclient-services/src/DataTransfer/Application.php
OK	/htdocs/application/third_party/omnipay/vendor/google/apiclient-services/src/DeploymentManager/ConfigFile.php
OK	/htdocs/application/third_party/omnipay/vendor/google/apiclient-services/src/DeploymentManager/ErrorInfo.php
OK	/htdocs/application/third_party/omnipay/vendor/google/apiclient-services/src/DeploymentManager/OperationErrorErrors.php
OK	/htdocs/application/third_party/omnipay/vendor/google/apiclient-services/src/DeploymentManager/ResourceUpdateErrorErrorsErrorDetails.php
OK	/htdocs/application/third_party/omnipay/vendor/google/apiclient-services/src/DeploymentManager/Resource/Manifests.php
OK	/htdocs/application/third_party/omnipay/vendor/google/apiclient-services/src/DeveloperConnect/FetchLinkableGitRepositoriesResponse.php
OK	/htdocs/application/third_party/omnipay/vendor/google/apiclient-services/src/DeveloperConnect/Installation.php
OK	/htdocs/application/third_party/omnipay/vendor/google/apiclient-services/src/DeveloperConnect/ProcessBitbucketDataCenterWebhookRequest.php
OK	/htdocs/application/third_party/omnipay/vendor/google/apiclient-services/src/Dfareporting/Account.php
OK	/htdocs/application/third_party/omnipay/vendor/google/apiclient-services/src/Dfareporting/AdsListResponse.php
OK	/htdocs/application/third_party/omnipay/vendor/google/apiclient-services/src/Dfareporting/BillingProfile.php
OK	/htdocs/application/third_party/omnipay/vendor/google/apiclient-services/src/Dfareporting/CartData.php
OK	/htdocs/application/third_party/omnipay/vendor/google/apiclient-services/src/Dfareporting/CompanionSetting.php
OK	/htdocs/application/third_party/omnipay/vendor/google/apiclient-services/src/Dfareporting/ConversionStatus.php
OK	/htdocs/application/third_party/omnipay/vendor/google/apiclient-services/src/Dfareporting/CreativeFieldAssignment.php
OK	/htdocs/application/third_party/omnipay/vendor/google/apiclient-services/src/Dfareporting/CustomFloodlightVariable.php
OK	/htdocs/application/third_party/omnipay/vendor/google/apiclient-services/src/Dfareporting/Dimension.php
OK	/htdocs/application/third_party/omnipay/vendor/google/apiclient-services/src/Dfareporting/EventFilter.php
OK	/htdocs/application/third_party/omnipay/vendor/google/apiclient-services/src/Dfareporting/FloodlightActivityPublisherDynamicTag.php
OK	/htdocs/application/third_party/omnipay/vendor/google/apiclient-services/src/Dfareporting/Language.php
OK	/htdocs/application/third_party/omnipay/vendor/google/apiclient-services/src/Dfareporting/Metric.php
OK	/htdocs/application/third_party/omnipay/vendor/google/apiclient-services/src/Dfareporting/OperatingSystem.php
OK	/htdocs/application/third_party/omnipay/vendor/google/apiclient-services/src/Dfareporting/PathReportDimensionValue.php
OK	/htdocs/application/third_party/omnipay/vendor/google/apiclient-services/src/Dfareporting/PlacementTag.php
OK	/htdocs/application/third_party/omnipay/vendor/google/apiclient-services/src/Dfareporting/Recipient.php
OK	/htdocs/application/third_party/omnipay/vendor/google/apiclient-services/src/Dfareporting/ReportFloodlightCriteria.php
OK	/htdocs/application/third_party/omnipay/vendor/google/apiclient-services/src/Dfareporting/Site.php
OK	/htdocs/application/third_party/omnipay/vendor/google/apiclient-services/src/Dfareporting/Subaccount.php
OK	/htdocs/application/third_party/omnipay/vendor/google/apiclient-services/src/Dfareporting/ThirdPartyTrackingUrl.php
OK	/htdocs/application/third_party/omnipay/vendor/google/apiclient-services/src/Dfareporting/UserRolePermission.php
OK	/htdocs/application/third_party/omnipay/vendor/google/apiclient-services/src/Dfareporting/Resource/AccountPermissions.php
OK	/htdocs/application/third_party/omnipay/vendor/google/apiclient-services/src/Dfareporting/Resource/CampaignCreativeAssociations.php
OK	/htdocs/application/third_party/omnipay/vendor/google/apiclient-services/src/Dfareporting/Resource/Creatives.php
OK	/htdocs/application/third_party/omnipay/vendor/google/apiclient-services/src/Dfareporting/Resource/MobileApps.php
OK	/htdocs/application/third_party/omnipay/vendor/google/apiclient-services/src/Dfareporting/Resource/Regions.php
OK	/htdocs/application/third_party/omnipay/vendor/google/apiclient-services/src/Dfareporting/Resource/TvCampaignSummaries.php
OK	/htdocs/application/third_party/omnipay/vendor/google/apiclient-services/src/Dialogflow/GoogleCloudDialogflowCxV3AgentClientCertificateSettings.php
OK	/htdocs/application/third_party/omnipay/vendor/google/apiclient-services/src/Dialogflow/GoogleCloudDialogflowCxV3BatchRunTestCasesRequest.php
OK	/htdocs/application/third_party/omnipay/vendor/google/apiclient-services/src/Dialogflow/GoogleCloudDialogflowCxV3beta1ConversationTurn.php
OK	/htdocs/application/third_party/omnipay/vendor/google/apiclient-services/src/Dialogflow/GoogleCloudDialogflowCxV3beta1EnvironmentVersionConfig.php
OK	/htdocs/application/third_party/omnipay/vendor/google/apiclient-services/src/Dialogflow/GoogleCloudDialogflowCxV3beta1Form.php
OK	/htdocs/application/third_party/omnipay/vendor/google/apiclient-services/src/Dialogflow/GoogleCloudDialogflowCxV3beta1ImportEntityTypesMetadata.php
OK	/htdocs/application/third_party/omnipay/vendor/google/apiclient-services/src/Dialogflow/GoogleCloudDialogflowCxV3beta1IntentInput.php
OK	/htdocs/application/third_party/omnipay/vendor/google/apiclient-services/src/Dialogflow/GoogleCloudDialogflowCxV3beta1ResponseMessage.php
OK	/htdocs/application/third_party/omnipay/vendor/google/apiclient-services/src/Dialogflow/GoogleCloudDialogflowCxV3beta1RunContinuousTestResponse.php
OK	/htdocs/application/third_party/omnipay/vendor/google/apiclient-services/src/Dialogflow/GoogleCloudDialogflowCxV3beta1ToolCallResult.php
OK	/htdocs/application/third_party/omnipay/vendor/google/apiclient-services/src/Dialogflow/GoogleCloudDialogflowCxV3beta1WebhookRequestSentimentAnalysisResult.php
OK	/htdocs/application/third_party/omnipay/vendor/google/apiclient-services/src/Dialogflow/GoogleCloudDialogflowCxV3CompareVersionsResponse.php
OK	/htdocs/application/third_party/omnipay/vendor/google/apiclient-services/src/Dialogflow/GoogleCloudDialogflowCxV3DataStoreConnectionSignalsCitedSnippet.php
OK	/htdocs/application/third_party/omnipay/vendor/google/apiclient-services/src/Dialogflow/GoogleCloudDialogflowCxV3DetectIntentResponse.php
OK	/htdocs/application/third_party/omnipay/vendor/google/apiclient-services/src/Dialogflow/GoogleCloudDialogflowCxV3ExperimentDefinition.php
OK	/htdocs/application/third_party/omnipay/vendor/google/apiclient-services/src/Dialogflow/GoogleCloudDialogflowCxV3ExportFlowResponse.php
OK	/htdocs/application/third_party/omnipay/vendor/google/apiclient-services/src/Dialogflow/GoogleCloudDialogflowCxV3Form.php
OK	/htdocs/application/third_party/omnipay/vendor/google/apiclient-services/src/Dialogflow/GoogleCloudDialogflowCxV3GenerativeSettingsFallbackSettings.php
OK	/htdocs/application/third_party/omnipay/vendor/google/apiclient-services/src/Dialogflow/GoogleCloudDialogflowCxV3ImportEntityTypesResponseConflictingResources.php
OK	/htdocs/application/third_party/omnipay/vendor/google/apiclient-services/src/Dialogflow/GoogleCloudDialogflowCxV3InputAudioConfig.php
OK	/htdocs/application/third_party/omnipay/vendor/google/apiclient-services/src/Dialogflow/GoogleCloudDialogflowCxV3ListContinuousTestResultsResponse.php
OK	/htdocs/application/third_party/omnipay/vendor/google/apiclient-services/src/Dialogflow/GoogleCloudDialogflowCxV3ListTestCasesResponse.php
OK	/htdocs/application/third_party/omnipay/vendor/google/apiclient-services/src/Dialogflow/GoogleCloudDialogflowCxV3PageInfo.php
OK	/htdocs/application/third_party/omnipay/vendor/google/apiclient-services/src/Dialogflow/GoogleCloudDialogflowCxV3ResponseMessageKnowledgeInfoCard.php
OK	/htdocs/application/third_party/omnipay/vendor/google/apiclient-services/src/Dialogflow/GoogleCloudDialogflowCxV3RolloutState.php
OK	/htdocs/application/third_party/omnipay/vendor/google/apiclient-services/src/Dialogflow/GoogleCloudDialogflowCxV3SecuritySettingsInsightsExportSettings.php
OK	/htdocs/application/third_party/omnipay/vendor/google/apiclient-services/src/Dialogflow/GoogleCloudDialogflowCxV3TestConfig.php
OK	/htdocs/application/third_party/omnipay/vendor/google/apiclient-services/src/Dialogflow/GoogleCloudDialogflowCxV3TransitionRouteGroupCoverage.php
OK	/htdocs/application/third_party/omnipay/vendor/google/apiclient-services/src/Dialogflow/GoogleCloudDialogflowCxV3VoiceSelectionParams.php
OK	/htdocs/application/third_party/omnipay/vendor/google/apiclient-services/src/Dialogflow/GoogleCloudDialogflowV2AnnotatedMessagePart.php
OK	/htdocs/application/third_party/omnipay/vendor/google/apiclient-services/src/Dialogflow/GoogleCloudDialogflowV2beta1DialogflowAssistAnswer.php
OK	/htdocs/application/third_party/omnipay/vendor/google/apiclient-services/src/Dialogflow/GoogleCloudDialogflowV2beta1InitializeEncryptionSpecRequest.php
OK	/htdocs/application/third_party/omnipay/vendor/google/apiclient-services/src/Dialogflow/GoogleCloudDialogflowV2beta1IntentMessageCarouselSelect.php
OK	/htdocs/application/third_party/omnipay/vendor/google/apiclient-services/src/Dialogflow/GoogleCloudDialogflowV2beta1IntentMessageRbmCarouselCard.php
OK	/htdocs/application/third_party/omnipay/vendor/google/apiclient-services/src/Dialogflow/GoogleCloudDialogflowV2beta1IntentMessageSuggestion.php
OK	/htdocs/application/third_party/omnipay/vendor/google/apiclient-services/src/Dialogflow/GoogleCloudDialogflowV2beta1IntentTrainingPhrasePart.php
OK	/htdocs/application/third_party/omnipay/vendor/google/apiclient-services/src/Dialogflow/GoogleCloudDialogflowV2beta1OriginalDetectIntentRequest.php
OK	/htdocs/application/third_party/omnipay/vendor/google/apiclient-services/src/Dialogflow/GoogleCloudDialogflowV2beta1SetSuggestionFeatureConfigOperationMetadata.php
OK	/htdocs/application/third_party/omnipay/vendor/google/apiclient-services/src/Dialogflow/GoogleCloudDialogflowV2beta1WebhookResponse.php
OK	/htdocs/application/third_party/omnipay/vendor/google/apiclient-services/src/Dialogflow/GoogleCloudDialogflowV2EntityType.php
OK	/htdocs/application/third_party/omnipay/vendor/google/apiclient-services/src/Dialogflow/GoogleCloudDialogflowV2InitializeEncryptionSpecRequest.php
OK	/htdocs/application/third_party/omnipay/vendor/google/apiclient-services/src/Dialogflow/GoogleCloudDialogflowV2IntentMessageCardButton.php
OK	/htdocs/application/third_party/omnipay/vendor/google/apiclient-services/src/Dialogflow/GoogleCloudDialogflowV2IntentMessageSimpleResponse.php
OK	/htdocs/application/third_party/omnipay/vendor/google/apiclient-services/src/Dialogflow/GoogleCloudDialogflowV2KnowledgeAssistAnswerKnowledgeAnswer.php
OK	/htdocs/application/third_party/omnipay/vendor/google/apiclient-services/src/Dialogflow/GoogleCloudDialogflowV2SessionEntityType.php
OK	/htdocs/application/third_party/omnipay/vendor/google/apiclient-services/src/Dialogflow/GoogleCloudDialogflowV2WebhookRequest.php
OK	/htdocs/application/third_party/omnipay/vendor/google/apiclient-services/src/Dialogflow/GoogleCloudLocationLocation.php
OK	/htdocs/application/third_party/omnipay/vendor/google/apiclient-services/src/Dialogflow/Resource/ProjectsLocationsAgentsEnvironmentsContinuousTestResults.php
OK	/htdocs/application/third_party/omnipay/vendor/google/apiclient-services/src/Dialogflow/Resource/ProjectsLocationsAgentsSessionsEntityTypes.php
OK	/htdocs/application/third_party/omnipay/vendor/google/apiclient-services/src/Digitalassetlinks/CertificateInfo.php
OK	/htdocs/application/third_party/omnipay/vendor/google/apiclient-services/src/Directory/Asps.php
OK	/htdocs/application/third_party/omnipay/vendor/google/apiclient-services/src/Directory/BatchDeletePrintServersResponse.php
OK	/htdocs/application/third_party/omnipay/vendor/google/apiclient-services/src/Directory/ChromeOsDeviceAction.php
OK	/htdocs/application/third_party/omnipay/vendor/google/apiclient-services/src/Directory/ChromeOsDevices.php
OK	/htdocs/application/third_party/omnipay/vendor/google/apiclient-services/src/Directory/DirectoryChromeosdevicesIssueCommandResponse.php
OK	/htdocs/application/third_party/omnipay/vendor/google/apiclient-services/src/Directory/GroupAlias.php
OK	/htdocs/application/third_party/omnipay/vendor/google/apiclient-services/src/Directory/OrgUnit.php
OK	/htdocs/application/third_party/omnipay/vendor/google/apiclient-services/src/Directory/RoleRolePrivileges.php
OK	/htdocs/application/third_party/omnipay/vendor/google/apiclient-services/src/Directory/UserAlias.php
OK	/htdocs/application/third_party/omnipay/vendor/google/apiclient-services/src/Directory/UserPhone.php
OK	/htdocs/application/third_party/omnipay/vendor/google/apiclient-services/src/Directory/Resource/Chromeosdevices.php
OK	/htdocs/application/third_party/omnipay/vendor/google/apiclient-services/src/Directory/Resource/GroupsAliases.php
OK	/htdocs/application/third_party/omnipay/vendor/google/apiclient-services/src/Directory/Resource/Tokens.php
OK	/htdocs/application/third_party/omnipay/vendor/google/apiclient-services/src/DiscoveryEngine/GoogleApiDistributionRange.php
OK	/htdocs/application/third_party/omnipay/vendor/google/apiclient-services/src/DiscoveryEngine/GoogleCloudDiscoveryengineV1AlloyDbSource.php
OK	/htdocs/application/third_party/omnipay/vendor/google/apiclient-services/src/DiscoveryEngine/GoogleCloudDiscoveryengineV1alphaAnswerReferenceChunkInfoDocumentMetadata.php
OK	/htdocs/application/third_party/omnipay/vendor/google/apiclient-services/src/DiscoveryEngine/GoogleCloudDiscoveryengineV1alphaBatchCreateTargetSitesResponse.php
OK	/htdocs/application/third_party/omnipay/vendor/google/apiclient-services/src/DiscoveryEngine/GoogleCloudDiscoveryengineV1alphaControlFilterAction.php
OK	/htdocs/application/third_party/omnipay/vendor/google/apiclient-services/src/DiscoveryEngine/GoogleCloudDiscoveryengineV1alphaCustomTuningModel.php
OK	/htdocs/application/third_party/omnipay/vendor/google/apiclient-services/src/DiscoveryEngine/GoogleCloudDiscoveryengineV1alphaDeleteSchemaMetadata.php
OK	/htdocs/application/third_party/omnipay/vendor/google/apiclient-services/src/DiscoveryEngine/GoogleCloudDiscoveryengineV1alphaDocumentProcessingConfigParsingConfig.php
OK	/htdocs/application/third_party/omnipay/vendor/google/apiclient-services/src/DiscoveryEngine/GoogleCloudDiscoveryengineV1alphaEngineMediaRecommendationEngineConfigOptimizationObjectiveConfig.php
OK	/htdocs/application/third_party/omnipay/vendor/google/apiclient-services/src/DiscoveryEngine/GoogleCloudDiscoveryengineV1alphaFetchSitemapsResponseSitemapMetadata.php
OK	/htdocs/application/third_party/omnipay/vendor/google/apiclient-services/src/DiscoveryEngine/GoogleCloudDiscoveryengineV1alphaImportDocumentsMetadata.php
OK	/htdocs/application/third_party/omnipay/vendor/google/apiclient-services/src/DiscoveryEngine/GoogleCloudDiscoveryengineV1alphaLayoutParsingConfig.php
OK	/htdocs/application/third_party/omnipay/vendor/google/apiclient-services/src/DiscoveryEngine/GoogleCloudDiscoveryengineV1alphaProjectServiceTerms.php
OK	/htdocs/application/third_party/omnipay/vendor/google/apiclient-services/src/DiscoveryEngine/GoogleCloudDiscoveryengineV1alphaQuery.php
OK	/htdocs/application/third_party/omnipay/vendor/google/apiclient-services/src/DiscoveryEngine/GoogleCloudDiscoveryengineV1alphaSearchRequestBoostSpecConditionBoostSpec.php
OK	/htdocs/application/third_party/omnipay/vendor/google/apiclient-services/src/DiscoveryEngine/GoogleCloudDiscoveryengineV1alphaSearchRequestEmbeddingSpec.php
OK	/htdocs/application/third_party/omnipay/vendor/google/apiclient-services/src/DiscoveryEngine/GoogleCloudDiscoveryengineV1alphaSession.php
OK	/htdocs/application/third_party/omnipay/vendor/google/apiclient-services/src/DiscoveryEngine/GoogleCloudDiscoveryengineV1alphaTargetSiteFailureReasonQuotaFailure.php
OK	/htdocs/application/third_party/omnipay/vendor/google/apiclient-services/src/DiscoveryEngine/GoogleCloudDiscoveryengineV1Answer.php
OK	/htdocs/application/third_party/omnipay/vendor/google/apiclient-services/src/DiscoveryEngine/GoogleCloudDiscoveryengineV1AnswerQueryRequestGroundingSpec.php
OK	/htdocs/application/third_party/omnipay/vendor/google/apiclient-services/src/DiscoveryEngine/GoogleCloudDiscoveryengineV1AnswerQueryRequestSearchSpecSearchResultListSearchResultChunkInfo.php
OK	/htdocs/application/third_party/omnipay/vendor/google/apiclient-services/src/DiscoveryEngine/GoogleCloudDiscoveryengineV1AnswerReferenceStructuredDocumentInfo.php
OK	/htdocs/application/third_party/omnipay/vendor/google/apiclient-services/src/DiscoveryEngine/GoogleCloudDiscoveryengineV1BatchCreateTargetSitesResponse.php
OK	/htdocs/application/third_party/omnipay/vendor/google/apiclient-services/src/DiscoveryEngine/GoogleCloudDiscoveryengineV1betaAnswerQueryRequestAnswerGenerationSpecPromptSpec.php
OK	/htdocs/application/third_party/omnipay/vendor/google/apiclient-services/src/DiscoveryEngine/GoogleCloudDiscoveryengineV1betaAnswerQueryRequestSearchSpecSearchResultListSearchResultUnstructuredDocumentInfoDocumentContext.php
OK	/htdocs/application/third_party/omnipay/vendor/google/apiclient-services/src/DiscoveryEngine/GoogleCloudDiscoveryengineV1betaAnswerStepAction.php
OK	/htdocs/application/third_party/omnipay/vendor/google/apiclient-services/src/DiscoveryEngine/GoogleCloudDiscoveryengineV1betaBigtableOptionsBigtableColumn.php
OK	/htdocs/application/third_party/omnipay/vendor/google/apiclient-services/src/DiscoveryEngine/GoogleCloudDiscoveryengineV1betaCondition.php
OK	/htdocs/application/third_party/omnipay/vendor/google/apiclient-services/src/DiscoveryEngine/GoogleCloudDiscoveryengineV1betaConversationContext.php
OK	/htdocs/application/third_party/omnipay/vendor/google/apiclient-services/src/DiscoveryEngine/GoogleCloudDiscoveryengineV1betaCustomAttribute.php
OK	/htdocs/application/third_party/omnipay/vendor/google/apiclient-services/src/DiscoveryEngine/GoogleCloudDiscoveryengineV1betaDigitalParsingConfig.php
OK	/htdocs/application/third_party/omnipay/vendor/google/apiclient-services/src/DiscoveryEngine/GoogleCloudDiscoveryengineV1betaDocumentProcessingConfigParsingConfigLayoutParsingConfig.php
OK	/htdocs/application/third_party/omnipay/vendor/google/apiclient-services/src/DiscoveryEngine/GoogleCloudDiscoveryengineV1betaEngineSearchEngineConfig.php
OK	/htdocs/application/third_party/omnipay/vendor/google/apiclient-services/src/DiscoveryEngine/GoogleCloudDiscoveryengineV1betaGroundingFact.php
OK	/htdocs/application/third_party/omnipay/vendor/google/apiclient-services/src/DiscoveryEngine/GoogleCloudDiscoveryengineV1betaImportSampleQueriesResponse.php
OK	/htdocs/application/third_party/omnipay/vendor/google/apiclient-services/src/DiscoveryEngine/GoogleCloudDiscoveryengineV1betaListCustomModelsResponse.php
OK	/htdocs/application/third_party/omnipay/vendor/google/apiclient-services/src/DiscoveryEngine/GoogleCloudDiscoveryengineV1betaOrganicCrawlRateTimeSeries.php
OK	/htdocs/application/third_party/omnipay/vendor/google/apiclient-services/src/DiscoveryEngine/GoogleCloudDiscoveryengineV1betaPurgeSuggestionDenyListEntriesResponse.php
OK	/htdocs/application/third_party/omnipay/vendor/google/apiclient-services/src/DiscoveryEngine/GoogleCloudDiscoveryengineV1betaRemoveDedicatedCrawlRateResponse.php
OK	/htdocs/application/third_party/omnipay/vendor/google/apiclient-services/src/DiscoveryEngine/GoogleCloudDiscoveryengineV1betaSearchRequestContentSearchSpec.php
OK	/htdocs/application/third_party/omnipay/vendor/google/apiclient-services/src/DiscoveryEngine/GoogleCloudDiscoveryengineV1betaSearchRequestImageQuery.php
OK	/htdocs/application/third_party/omnipay/vendor/google/apiclient-services/src/DiscoveryEngine/GoogleCloudDiscoveryengineV1betaSearchResponseGuidedSearchResultRefinementAttribute.php
OK	/htdocs/application/third_party/omnipay/vendor/google/apiclient-services/src/DiscoveryEngine/GoogleCloudDiscoveryengineV1betaServingConfigDataStore.php
OK	/htdocs/application/third_party/omnipay/vendor/google/apiclient-services/src/DiscoveryEngine/GoogleCloudDiscoveryengineV1betaSuggestionDenyListEntry.php
OK	/htdocs/application/third_party/omnipay/vendor/google/apiclient-services/src/DiscoveryEngine/GoogleCloudDiscoveryengineV1betaTuneEngineResponse.php
OK	/htdocs/application/third_party/omnipay/vendor/google/apiclient-services/src/DiscoveryEngine/GoogleCloudDiscoveryengineV1CheckGroundingResponse.php
OK	/htdocs/application/third_party/omnipay/vendor/google/apiclient-services/src/DiscoveryEngine/GoogleCloudDiscoveryengineV1CompleteQueryResponseQuerySuggestion.php
OK	/htdocs/application/third_party/omnipay/vendor/google/apiclient-services/src/DiscoveryEngine/GoogleCloudDiscoveryengineV1ControlRedirectAction.php
OK	/htdocs/application/third_party/omnipay/vendor/google/apiclient-services/src/DiscoveryEngine/GoogleCloudDiscoveryengineV1CreateTargetSiteRequest.php
OK	/htdocs/application/third_party/omnipay/vendor/google/apiclient-services/src/DiscoveryEngine/GoogleCloudDiscoveryengineV1DeleteTargetSiteMetadata.php
OK	/htdocs/application/third_party/omnipay/vendor/google/apiclient-services/src/DiscoveryEngine/GoogleCloudDiscoveryengineV1DocumentProcessingConfigParsingConfig.php
OK	/htdocs/application/third_party/omnipay/vendor/google/apiclient-services/src/DiscoveryEngine/GoogleCloudDiscoveryengineV1EngineSearchEngineConfig.php
OK	/htdocs/application/third_party/omnipay/vendor/google/apiclient-services/src/DiscoveryEngine/GoogleCloudDiscoveryengineV1GenerateGroundedContentRequestDynamicRetrievalConfigurationDynamicRetrievalPredictor.php
OK	/htdocs/application/third_party/omnipay/vendor/google/apiclient-services/src/DiscoveryEngine/GoogleCloudDiscoveryengineV1GenerateGroundedContentResponseCandidateGroundingMetadataGroundingSupport.php
OK	/htdocs/application/third_party/omnipay/vendor/google/apiclient-services/src/DiscoveryEngine/GoogleCloudDiscoveryengineV1ImportCompletionSuggestionsRequestInlineSource.php
OK	/htdocs/application/third_party/omnipay/vendor/google/apiclient-services/src/DiscoveryEngine/GoogleCloudDiscoveryengineV1ImportSuggestionDenyListEntriesRequestInlineSource.php
OK	/htdocs/application/third_party/omnipay/vendor/google/apiclient-services/src/DiscoveryEngine/GoogleCloudDiscoveryengineV1ListEnginesResponse.php
OK	/htdocs/application/third_party/omnipay/vendor/google/apiclient-services/src/DiscoveryEngine/GoogleCloudDiscoveryengineV1ProvisionProjectMetadata.php
OK	/htdocs/application/third_party/omnipay/vendor/google/apiclient-services/src/DiscoveryEngine/GoogleCloudDiscoveryengineV1PurgeSuggestionDenyListEntriesMetadata.php
OK	/htdocs/application/third_party/omnipay/vendor/google/apiclient-services/src/DiscoveryEngine/GoogleCloudDiscoveryengineV1Reply.php
OK	/htdocs/application/third_party/omnipay/vendor/google/apiclient-services/src/DiscoveryEngine/GoogleCloudDiscoveryengineV1SearchRequestContentSearchSpecExtractiveContentSpec.php
OK	/htdocs/application/third_party/omnipay/vendor/google/apiclient-services/src/DiscoveryEngine/GoogleCloudDiscoveryengineV1SearchRequestSpellCorrectionSpec.php
OK	/htdocs/application/third_party/omnipay/vendor/google/apiclient-services/src/DiscoveryEngine/GoogleCloudDiscoveryengineV1SearchResponseSummaryReferenceChunkContent.php
OK	/htdocs/application/third_party/omnipay/vendor/google/apiclient-services/src/DiscoveryEngine/GoogleCloudDiscoveryengineV1SiteVerificationInfo.php
OK	/htdocs/application/third_party/omnipay/vendor/google/apiclient-services/src/DiscoveryEngine/GoogleCloudDiscoveryengineV1UpdateCmekConfigMetadata.php
OK	/htdocs/application/third_party/omnipay/vendor/google/apiclient-services/src/DiscoveryEngine/GoogleMonitoringV3TypedValue.php
OK	/htdocs/application/third_party/omnipay/vendor/google/apiclient-services/src/DiscoveryEngine/Resource/ProjectsLocationsCollectionsDataStoresBranches.php
OK	/htdocs/application/third_party/omnipay/vendor/google/apiclient-services/src/DiscoveryEngine/Resource/ProjectsLocationsCollectionsDataStoresServingConfigs.php
OK	/htdocs/application/third_party/omnipay/vendor/google/apiclient-services/src/DiscoveryEngine/Resource/ProjectsLocationsCollectionsEnginesConversations.php
OK	/htdocs/application/third_party/omnipay/vendor/google/apiclient-services/src/DiscoveryEngine/Resource/ProjectsLocationsDataStoresConversations.php
OK	/htdocs/application/third_party/omnipay/vendor/google/apiclient-services/src/DiscoveryEngine/Resource/ProjectsLocationsDataStoresUserEvents.php
OK	/htdocs/application/third_party/omnipay/vendor/google/apiclient-services/src/DisplayVideo/AdGroupAssignedTargetingOption.php
OK	/htdocs/application/third_party/omnipay/vendor/google/apiclient-services/src/DisplayVideo/AgeRangeTargetingOptionDetails.php
OK	/htdocs/application/third_party/omnipay/vendor/google/apiclient-services/src/DisplayVideo/Asset.php
OK	/htdocs/application/third_party/omnipay/vendor/google/apiclient-services/src/DisplayVideo/AuthorizedSellerStatusAssignedTargetingOptionDetails.php
OK	/htdocs/application/third_party/omnipay/vendor/google/apiclient-services/src/DisplayVideo/BulkEditAssignedTargetingOptionsRequest.php
OK	/htdocs/application/third_party/omnipay/vendor/google/apiclient-services/src/DisplayVideo/BulkListAdGroupAssignedTargetingOptionsResponse.php
OK	/htdocs/application/third_party/omnipay/vendor/google/apiclient-services/src/DisplayVideo/Campaign.php
OK	/htdocs/application/third_party/omnipay/vendor/google/apiclient-services/src/DisplayVideo/CombinedAudience.php
OK	/htdocs/application/third_party/omnipay/vendor/google/apiclient-services/src/DisplayVideo/ContentInstreamPositionTargetingOptionDetails.php
OK	/htdocs/application/third_party/omnipay/vendor/google/apiclient-services/src/DisplayVideo/CreativeConfig.php
OK	/htdocs/application/third_party/omnipay/vendor/google/apiclient-services/src/DisplayVideo/CustomListTargetingSetting.php
OK	/htdocs/application/third_party/omnipay/vendor/google/apiclient-services/src/DisplayVideo/DigitalContentLabelTargetingOptionDetails.php
OK	/htdocs/application/third_party/omnipay/vendor/google/apiclient-services/src/DisplayVideo/EditCustomerMatchMembersRequest.php
OK	/htdocs/application/third_party/omnipay/vendor/google/apiclient-services/src/DisplayVideo/ExchangeTargetingOptionDetails.php
OK	/htdocs/application/third_party/omnipay/vendor/google/apiclient-services/src/DisplayVideo/GenderAssignedTargetingOptionDetails.php
OK	/htdocs/application/third_party/omnipay/vendor/google/apiclient-services/src/DisplayVideo/HouseholdIncomeAssignedTargetingOptionDetails.php
OK	/htdocs/application/third_party/omnipay/vendor/google/apiclient-services/src/DisplayVideo/InventorySourceAccessorsAdvertiserAccessors.php
OK	/htdocs/application/third_party/omnipay/vendor/google/apiclient-services/src/DisplayVideo/LanguageAssignedTargetingOptionDetails.php
OK	/htdocs/application/third_party/omnipay/vendor/google/apiclient-services/src/DisplayVideo/ListAssignedLocationsResponse.php
OK	/htdocs/application/third_party/omnipay/vendor/google/apiclient-services/src/DisplayVideo/ListFloodlightActivitiesResponse.php
OK	/htdocs/application/third_party/omnipay/vendor/google/apiclient-services/src/DisplayVideo/ListNegativeKeywordListsResponse.php
OK	/htdocs/application/third_party/omnipay/vendor/google/apiclient-services/src/DisplayVideo/LookupInvoiceCurrencyResponse.php
OK	/htdocs/application/third_party/omnipay/vendor/google/apiclient-services/src/DisplayVideo/NegativeKeywordListAssignedTargetingOptionDetails.php
OK	/htdocs/application/third_party/omnipay/vendor/google/apiclient-services/src/DisplayVideo/ParentalStatusTargetingOptionDetails.php
OK	/htdocs/application/third_party/omnipay/vendor/google/apiclient-services/src/DisplayVideo/PoiSearchTerms.php
OK	/htdocs/application/third_party/omnipay/vendor/google/apiclient-services/src/DisplayVideo/ReplaceNegativeKeywordsResponse.php
OK	/htdocs/application/third_party/omnipay/vendor/google/apiclient-services/src/DisplayVideo/SensitiveCategoryAssignedTargetingOptionDetails.php
OK	/htdocs/application/third_party/omnipay/vendor/google/apiclient-services/src/DisplayVideo/ThirdPartyUrl.php
OK	/htdocs/application/third_party/omnipay/vendor/google/apiclient-services/src/DisplayVideo/VideoAdSequenceSettings.php
OK	/htdocs/application/third_party/omnipay/vendor/google/apiclient-services/src/DisplayVideo/YoutubeAndPartnersInventorySourceConfig.php
OK	/htdocs/application/third_party/omnipay/vendor/google/apiclient-services/src/DisplayVideo/Resource/AdvertisersCampaigns.php
OK	/htdocs/application/third_party/omnipay/vendor/google/apiclient-services/src/DisplayVideo/Resource/AdvertisersLineItemsTargetingTypesAssignedTargetingOptions.php
OK	/htdocs/application/third_party/omnipay/vendor/google/apiclient-services/src/DisplayVideo/Resource/CombinedAudiences.php
OK	/htdocs/application/third_party/omnipay/vendor/google/apiclient-services/src/DisplayVideo/Resource/InventorySourceGroupsAssignedInventorySources.php
OK	/htdocs/application/third_party/omnipay/vendor/google/apiclient-services/src/DisplayVideo/Resource/TargetingTypes.php
OK	/htdocs/application/third_party/omnipay/vendor/google/apiclient-services/src/DLP/GooglePrivacyDlpV2AmazonS3BucketConditions.php
OK	/htdocs/application/third_party/omnipay/vendor/google/apiclient-services/src/DLP/GooglePrivacyDlpV2BigQueryRegexes.php
OK	/htdocs/application/third_party/omnipay/vendor/google/apiclient-services/src/DLP/GooglePrivacyDlpV2CharacterMaskConfig.php
OK	/htdocs/application/third_party/omnipay/vendor/google/apiclient-services/src/DLP/GooglePrivacyDlpV2Color.php
OK	/htdocs/application/third_party/omnipay/vendor/google/apiclient-services/src/DLP/GooglePrivacyDlpV2CreateInspectTemplateRequest.php
OK	/htdocs/application/third_party/omnipay/vendor/google/apiclient-services/src/DLP/GooglePrivacyDlpV2DataProfileAction.php
OK	/htdocs/application/third_party/omnipay/vendor/google/apiclient-services/src/DLP/GooglePrivacyDlpV2DateTime.php
OK	/htdocs/application/third_party/omnipay/vendor/google/apiclient-services/src/DLP/GooglePrivacyDlpV2DetectionRule.php
OK	/htdocs/application/third_party/omnipay/vendor/google/apiclient-services/src/DLP/GooglePrivacyDlpV2DiscoveryFileStoreConditions.php
OK	/htdocs/application/third_party/omnipay/vendor/google/apiclient-services/src/DLP/GooglePrivacyDlpV2DiscoveryVertexDatasetGenerationCadence.php
OK	/htdocs/application/third_party/omnipay/vendor/google/apiclient-services/src/DLP/GooglePrivacyDlpV2FileClusterSummary.php
OK	/htdocs/application/third_party/omnipay/vendor/google/apiclient-services/src/DLP/GooglePrivacyDlpV2FixedSizeBucketingConfig.php
OK	/htdocs/application/third_party/omnipay/vendor/google/apiclient-services/src/DLP/GooglePrivacyDlpV2ImageRedactionConfig.php
OK	/htdocs/application/third_party/omnipay/vendor/google/apiclient-services/src/DLP/GooglePrivacyDlpV2InspectConfig.php
OK	/htdocs/application/third_party/omnipay/vendor/google/apiclient-services/src/DLP/GooglePrivacyDlpV2KAnonymityEquivalenceClass.php
OK	/htdocs/application/third_party/omnipay/vendor/google/apiclient-services/src/DLP/GooglePrivacyDlpV2LDiversityConfig.php
OK	/htdocs/application/third_party/omnipay/vendor/google/apiclient-services/src/DLP/GooglePrivacyDlpV2ListInfoTypesResponse.php
OK	/htdocs/application/third_party/omnipay/vendor/google/apiclient-services/src/DLP/GooglePrivacyDlpV2OrConditions.php
OK	/htdocs/application/third_party/omnipay/vendor/google/apiclient-services/src/DLP/GooglePrivacyDlpV2PrimitiveTransformation.php
OK	/htdocs/application/third_party/omnipay/vendor/google/apiclient-services/src/DLP/GooglePrivacyDlpV2PubSubCondition.php
OK	/htdocs/application/third_party/omnipay/vendor/google/apiclient-services/src/DLP/GooglePrivacyDlpV2RecordTransformation.php
OK	/htdocs/application/third_party/omnipay/vendor/google/apiclient-services/src/DLP/GooglePrivacyDlpV2RequestedDeidentifyOptions.php
OK	/htdocs/application/third_party/omnipay/vendor/google/apiclient-services/src/DLP/GooglePrivacyDlpV2SelectedInfoTypes.php
OK	/htdocs/application/third_party/omnipay/vendor/google/apiclient-services/src/DLP/GooglePrivacyDlpV2Table.php
OK	/htdocs/application/third_party/omnipay/vendor/google/apiclient-services/src/DLP/GooglePrivacyDlpV2TimeZone.php
OK	/htdocs/application/third_party/omnipay/vendor/google/apiclient-services/src/DLP/GooglePrivacyDlpV2UnwrappedCryptoKey.php
OK	/htdocs/application/third_party/omnipay/vendor/google/apiclient-services/src/DLP/GooglePrivacyDlpV2VertexDatasetRegex.php
OK	/htdocs/application/third_party/omnipay/vendor/google/apiclient-services/src/DLP/Resource/OrganizationsDeidentifyTemplates.php
OK	/htdocs/application/third_party/omnipay/vendor/google/apiclient-services/src/DLP/Resource/OrganizationsLocationsStoredInfoTypes.php
OK	/htdocs/application/third_party/omnipay/vendor/google/apiclient-services/src/DLP/Resource/ProjectsLocationsConnections.php
OK	/htdocs/application/third_party/omnipay/vendor/google/apiclient-services/src/DLP/Resource/ProjectsStoredInfoTypes.php
OK	/htdocs/application/third_party/omnipay/vendor/google/apiclient-services/src/Dns/GoogleIamV1GetPolicyOptions.php
OK	/htdocs/application/third_party/omnipay/vendor/google/apiclient-services/src/Dns/ManagedZonePeeringConfigTargetNetwork.php
OK	/htdocs/application/third_party/omnipay/vendor/google/apiclient-services/src/Dns/PoliciesPatchResponse.php
OK	/htdocs/application/third_party/omnipay/vendor/google/apiclient-services/src/Dns/ResourceRecordSetsListResponse.php
OK	/htdocs/application/third_party/omnipay/vendor/google/apiclient-services/src/Dns/ResponsePolicyRulesUpdateResponse.php
OK	/htdocs/application/third_party/omnipay/vendor/google/apiclient-services/src/Dns/Resource/ManagedZones.php
OK	/htdocs/application/third_party/omnipay/vendor/google/apiclient-services/src/Docs/BatchUpdateDocumentResponse.php
OK	/htdocs/application/third_party/omnipay/vendor/google/apiclient-services/src/Docs/CreateHeaderResponse.php
OK	/htdocs/application/third_party/omnipay/vendor/google/apiclient-services/src/Docs/DeleteTableColumnRequest.php
OK	/htdocs/application/third_party/omnipay/vendor/google/apiclient-services/src/Docs/EmbeddedObjectBorderSuggestionState.php
OK	/htdocs/application/third_party/omnipay/vendor/google/apiclient-services/src/Docs/InlineObject.php
OK	/htdocs/application/third_party/omnipay/vendor/google/apiclient-services/src/Docs/InsertTextRequest.php
OK	/htdocs/application/third_party/omnipay/vendor/google/apiclient-services/src/Docs/NamedStylesSuggestionState.php
OK	/htdocs/application/third_party/omnipay/vendor/google/apiclient-services/src/Docs/Person.php
OK	/htdocs/application/third_party/omnipay/vendor/google/apiclient-services/src/Docs/ReplaceNamedRangeContentRequest.php
OK	/htdocs/application/third_party/omnipay/vendor/google/apiclient-services/src/Docs/SheetsChartReferenceSuggestionState.php
OK	/htdocs/application/third_party/omnipay/vendor/google/apiclient-services/src/Docs/SuggestedTableCellStyle.php
OK	/htdocs/application/third_party/omnipay/vendor/google/apiclient-services/src/Docs/TableRange.php
OK	/htdocs/application/third_party/omnipay/vendor/google/apiclient-services/src/Docs/UpdateDocumentStyleRequest.php
OK	/htdocs/application/third_party/omnipay/vendor/google/apiclient-services/src/Document/GoogleCloudDocumentaiUiv1beta3AutoLabelDocumentsResponse.php
OK	/htdocs/application/third_party/omnipay/vendor/google/apiclient-services/src/Document/GoogleCloudDocumentaiUiv1beta3DeleteDataLabelingJobOperationMetadata.php
OK	/htdocs/application/third_party/omnipay/vendor/google/apiclient-services/src/Document/GoogleCloudDocumentaiUiv1beta3EnableProcessorResponse.php
OK	/htdocs/application/third_party/omnipay/vendor/google/apiclient-services/src/Document/GoogleCloudDocumentaiUiv1beta3ImportDocumentsResponse.php
OK	/htdocs/application/third_party/omnipay/vendor/google/apiclient-services/src/Document/GoogleCloudDocumentaiUiv1beta3SampleDocumentsResponseSelectedDocument.php
OK	/htdocs/application/third_party/omnipay/vendor/google/apiclient-services/src/Document/GoogleCloudDocumentaiV1alpha1CommonOperationMetadata.php
OK	/htdocs/application/third_party/omnipay/vendor/google/apiclient-services/src/Document/GoogleCloudDocumentaiV1beta1DocumentChunkedDocumentChunk.php
OK	/htdocs/application/third_party/omnipay/vendor/google/apiclient-services/src/Document/GoogleCloudDocumentaiV1beta1DocumentDocumentLayoutDocumentLayoutBlockLayoutTextBlock.php
OK	/htdocs/application/third_party/omnipay/vendor/google/apiclient-services/src/Document/GoogleCloudDocumentaiV1beta1DocumentPageImage.php
OK	/htdocs/application/third_party/omnipay/vendor/google/apiclient-services/src/Document/GoogleCloudDocumentaiV1beta1DocumentPageTokenDetectedBreak.php
OK	/htdocs/application/third_party/omnipay/vendor/google/apiclient-services/src/Document/GoogleCloudDocumentaiV1beta1DocumentTextChange.php
OK	/htdocs/application/third_party/omnipay/vendor/google/apiclient-services/src/Document/GoogleCloudDocumentaiV1beta2Document.php
OK	/htdocs/application/third_party/omnipay/vendor/google/apiclient-services/src/Document/GoogleCloudDocumentaiV1beta2DocumentDocumentLayoutDocumentLayoutBlockLayoutTableCell.php
OK	/htdocs/application/third_party/omnipay/vendor/google/apiclient-services/src/Document/GoogleCloudDocumentaiV1beta2DocumentPageDetectedLanguage.php
OK	/htdocs/application/third_party/omnipay/vendor/google/apiclient-services/src/Document/GoogleCloudDocumentaiV1beta2DocumentPageTableTableCell.php
OK	/htdocs/application/third_party/omnipay/vendor/google/apiclient-services/src/Document/GoogleCloudDocumentaiV1beta2DocumentStyleFontSize.php
OK	/htdocs/application/third_party/omnipay/vendor/google/apiclient-services/src/Document/GoogleCloudDocumentaiV1beta3BatchDeleteDocumentsMetadata.php
OK	/htdocs/application/third_party/omnipay/vendor/google/apiclient-services/src/Document/GoogleCloudDocumentaiV1beta3DeleteProcessorMetadata.php
OK	/htdocs/application/third_party/omnipay/vendor/google/apiclient-services/src/Document/GoogleCloudDocumentaiV1beta3EvaluateProcessorVersionResponse.php
OK	/htdocs/application/third_party/omnipay/vendor/google/apiclient-services/src/Document/GoogleCloudDocumentaiV1beta3SetDefaultProcessorVersionMetadata.php
OK	/htdocs/application/third_party/omnipay/vendor/google/apiclient-services/src/Document/GoogleCloudDocumentaiV1DeployProcessorVersionMetadata.php
OK	/htdocs/application/third_party/omnipay/vendor/google/apiclient-services/src/Document/GoogleCloudDocumentaiV1DocumentDocumentLayout.php
OK	/htdocs/application/third_party/omnipay/vendor/google/apiclient-services/src/Document/GoogleCloudDocumentaiV1DocumentOutputConfig.php
OK	/htdocs/application/third_party/omnipay/vendor/google/apiclient-services/src/Document/GoogleCloudDocumentaiV1DocumentPageImageQualityScores.php
OK	/htdocs/application/third_party/omnipay/vendor/google/apiclient-services/src/Document/GoogleCloudDocumentaiV1DocumentPageTokenStyleInfo.php
OK	/htdocs/application/third_party/omnipay/vendor/google/apiclient-services/src/Document/GoogleCloudDocumentaiV1DocumentStyle.php
OK	/htdocs/application/third_party/omnipay/vendor/google/apiclient-services/src/Document/GoogleCloudDocumentaiV1Evaluation.php
OK	/htdocs/application/third_party/omnipay/vendor/google/apiclient-services/src/Document/GoogleCloudDocumentaiV1HumanReviewValidationMetadata.php
OK	/htdocs/application/third_party/omnipay/vendor/google/apiclient-services/src/Document/GoogleCloudDocumentaiV1ProcessOptionsLayoutConfigChunkingConfig.php
OK	/htdocs/application/third_party/omnipay/vendor/google/apiclient-services/src/Document/GoogleCloudDocumentaiV1PropertyMetadata.php
OK	/htdocs/application/third_party/omnipay/vendor/google/apiclient-services/src/Document/GoogleCloudDocumentaiV1TrainProcessorVersionMetadata.php
OK	/htdocs/application/third_party/omnipay/vendor/google/apiclient-services/src/Document/GoogleCloudLocationLocation.php
OK	/htdocs/application/third_party/omnipay/vendor/google/apiclient-services/src/Document/Resource/Projects.php
OK	/htdocs/application/third_party/omnipay/vendor/google/apiclient-services/src/Document/Resource/Uiv1beta3ProjectsLocationsOperations.php
OK	/htdocs/application/third_party/omnipay/vendor/google/apiclient-services/src/DoubleClickBidManager/DataRange.php
OK	/htdocs/application/third_party/omnipay/vendor/google/apiclient-services/src/DoubleClickBidManager/Query.php
OK	/htdocs/application/third_party/omnipay/vendor/google/apiclient-services/src/DoubleClickBidManager/Resource/Reports.php
OK	/htdocs/application/third_party/omnipay/vendor/google/apiclient-services/src/Doubleclicksearch/ReportRequestOrderBy.php
OK	/htdocs/application/third_party/omnipay/vendor/google/apiclient-services/src/Drive/AboutStorageQuota.php
OK	/htdocs/application/third_party/omnipay/vendor/google/apiclient-services/src/Drive/CommentQuotedFileContent.php
OK	/htdocs/application/third_party/omnipay/vendor/google/apiclient-services/src/Drive/DriveFileLinkShareMetadata.php
OK	/htdocs/application/third_party/omnipay/vendor/google/apiclient-services/src/Drive/ListAccessProposalsResponse.php
OK	/htdocs/application/third_party/omnipay/vendor/google/apiclient-services/src/Drive/Revision.php
OK	/htdocs/application/third_party/omnipay/vendor/google/apiclient-services/src/Drive/Resource/Apps.php
OK	/htdocs/application/third_party/omnipay/vendor/google/apiclient-services/src/Drive/Resource/Teamdrives.php
OK	/htdocs/application/third_party/omnipay/vendor/google/apiclient-services/src/DriveActivity/ConsolidationStrategy.php
OK	/htdocs/application/third_party/omnipay/vendor/google/apiclient-services/src/DriveActivity/DriveactivityNew.php
OK	/htdocs/application/third_party/omnipay/vendor/google/apiclient-services/src/DriveActivity/Impersonation.php
OK	/htdocs/application/third_party/omnipay/vendor/google/apiclient-services/src/DriveActivity/Restore.php
OK	/htdocs/application/third_party/omnipay/vendor/google/apiclient-services/src/DriveActivity/Text.php
OK	/htdocs/application/third_party/omnipay/vendor/google/apiclient-services/src/DriveLabels/GoogleAppsDriveLabelsV2BatchUpdateLabelPermissionsResponse.php
OK	/htdocs/application/third_party/omnipay/vendor/google/apiclient-services/src/DriveLabels/GoogleAppsDriveLabelsV2DeltaUpdateLabelRequestRequest.php
OK	/htdocs/application/third_party/omnipay/vendor/google/apiclient-services/src/DriveLabels/GoogleAppsDriveLabelsV2DeltaUpdateLabelResponseEnableFieldResponse.php
OK	/htdocs/application/third_party/omnipay/vendor/google/apiclient-services/src/DriveLabels/GoogleAppsDriveLabelsV2FieldDisplayHints.php
OK	/htdocs/application/third_party/omnipay/vendor/google/apiclient-services/src/DriveLabels/GoogleAppsDriveLabelsV2FieldSelectionOptionsChoiceSchemaCapabilities.php
OK	/htdocs/application/third_party/omnipay/vendor/google/apiclient-services/src/DriveLabels/GoogleAppsDriveLabelsV2LabelProperties.php
OK	/htdocs/application/third_party/omnipay/vendor/google/apiclient-services/src/DriveLabels/GoogleAppsDriveLabelsV2TextLimits.php
OK	/htdocs/application/third_party/omnipay/vendor/google/apiclient-services/src/DriveLabels/Resource/LabelsPermissions.php
OK	/htdocs/application/third_party/omnipay/vendor/google/apiclient-services/src/Essentialcontacts/Resource/FoldersContacts.php
OK	/htdocs/application/third_party/omnipay/vendor/google/apiclient-services/src/Eventarc/Enrollment.php
OK	/htdocs/application/third_party/omnipay/vendor/google/apiclient-services/src/Eventarc/GoogleCloudEventarcV1PipelineDestinationAuthenticationConfigOidcToken.php
OK	/htdocs/application/third_party/omnipay/vendor/google/apiclient-services/src/Eventarc/GoogleLongrunningOperation.php
OK	/htdocs/application/third_party/omnipay/vendor/google/apiclient-services/src/Eventarc/ListTriggersResponse.php
OK	/htdocs/application/third_party/omnipay/vendor/google/apiclient-services/src/Eventarc/TestIamPermissionsRequest.php
OK	/htdocs/application/third_party/omnipay/vendor/google/apiclient-services/src/Eventarc/Resource/ProjectsLocationsOperations.php
OK	/htdocs/application/third_party/omnipay/vendor/google/apiclient-services/src/FactCheckTools/GoogleFactcheckingFactchecktoolsV1alpha1FactCheckedClaimImageSearchResponseResult.php
OK	/htdocs/application/third_party/omnipay/vendor/google/apiclient-services/src/Fcmdata/GoogleFirebaseFcmDataV1beta1MessageOutcomePercents.php
OK	/htdocs/application/third_party/omnipay/vendor/google/apiclient-services/src/Firebaseappcheck/GoogleFirebaseAppcheckV1BatchGetRecaptchaV3ConfigsResponse.php
OK	/htdocs/application/third_party/omnipay/vendor/google/apiclient-services/src/Firebaseappcheck/GoogleFirebaseAppcheckV1betaBatchGetPlayIntegrityConfigsResponse.php
OK	/htdocs/application/third_party/omnipay/vendor/google/apiclient-services/src/Firebaseappcheck/GoogleFirebaseAppcheckV1betaExchangeCustomTokenRequest.php
OK	/htdocs/application/third_party/omnipay/vendor/google/apiclient-services/src/Firebaseappcheck/GoogleFirebaseAppcheckV1betaListDebugTokensResponse.php
OK	/htdocs/application/third_party/omnipay/vendor/google/apiclient-services/src/Firebaseappcheck/GoogleFirebaseAppcheckV1DeviceCheckConfig.php
OK	/htdocs/application/third_party/omnipay/vendor/google/apiclient-services/src/Firebaseappcheck/GoogleFirebaseAppcheckV1GenerateAppAttestChallengeResponse.php
OK	/htdocs/application/third_party/omnipay/vendor/google/apiclient-services/src/Firebaseappcheck/GoogleFirebaseAppcheckV1SafetyNetConfig.php
OK	/htdocs/application/third_party/omnipay/vendor/google/apiclient-services/src/Firebaseappcheck/Resource/ProjectsAppsPlayIntegrityConfig.php
OK	/htdocs/application/third_party/omnipay/vendor/google/apiclient-services/src/FirebaseAppDistribution/GdataDiffUploadRequest.php
OK	/htdocs/application/third_party/omnipay/vendor/google/apiclient-services/src/FirebaseAppDistribution/GoogleFirebaseAppdistroV1BatchJoinGroupRequest.php
OK	/htdocs/application/third_party/omnipay/vendor/google/apiclient-services/src/FirebaseAppDistribution/GoogleFirebaseAppdistroV1Release.php
OK	/htdocs/application/third_party/omnipay/vendor/google/apiclient-services/src/FirebaseAppDistribution/GoogleRpcStatus.php
OK	/htdocs/application/third_party/omnipay/vendor/google/apiclient-services/src/FirebaseCloudMessaging/ApnsConfig.php
OK	/htdocs/application/third_party/omnipay/vendor/google/apiclient-services/src/FirebaseDataConnect/CancelOperationRequest.php
OK	/htdocs/application/third_party/omnipay/vendor/google/apiclient-services/src/FirebaseDataConnect/GraphqlRequest.php
OK	/htdocs/application/third_party/omnipay/vendor/google/apiclient-services/src/FirebaseDataConnect/PostgreSql.php
OK	/htdocs/application/third_party/omnipay/vendor/google/apiclient-services/src/FirebaseDynamicLinks/AnalyticsInfo.php
OK	/htdocs/application/third_party/omnipay/vendor/google/apiclient-services/src/FirebaseDynamicLinks/GetIosPostInstallAttributionRequest.php
OK	/htdocs/application/third_party/omnipay/vendor/google/apiclient-services/src/FirebaseDynamicLinks/Resource/ShortLinks.php
OK	/htdocs/application/third_party/omnipay/vendor/google/apiclient-services/src/FirebaseHosting/Operation.php
OK	/htdocs/application/third_party/omnipay/vendor/google/apiclient-services/src/FirebaseManagement/AndroidApp.php
OK	/htdocs/application/third_party/omnipay/vendor/google/apiclient-services/src/FirebaseManagement/ListFirebaseProjectsResponse.php
OK	/htdocs/application/third_party/omnipay/vendor/google/apiclient-services/src/FirebaseManagement/RemoveIosAppRequest.php
OK	/htdocs/application/third_party/omnipay/vendor/google/apiclient-services/src/FirebaseManagement/Resource/AvailableProjects.php
OK	/htdocs/application/third_party/omnipay/vendor/google/apiclient-services/src/FirebaseML/ModelOperationMetadata.php
OK	/htdocs/application/third_party/omnipay/vendor/google/apiclient-services/src/FirebaseRules/Arg.php
OK	/htdocs/application/third_party/omnipay/vendor/google/apiclient-services/src/FirebaseRules/Result.php
OK	/htdocs/application/third_party/omnipay/vendor/google/apiclient-services/src/FirebaseRules/Resource/Projects.php
OK	/htdocs/application/third_party/omnipay/vendor/google/apiclient-services/src/Firebasestorage/Resource/ProjectsBuckets.php
OK	/htdocs/application/third_party/omnipay/vendor/google/apiclient-services/src/Firestore/BitSequence.php
OK	/htdocs/application/third_party/omnipay/vendor/google/apiclient-services/src/Firestore/DocumentRemove.php
OK	/htdocs/application/third_party/omnipay/vendor/google/apiclient-services/src/Firestore/FirestoreEmpty.php
OK	/htdocs/application/third_party/omnipay/vendor/google/apiclient-services/src/Firestore/GoogleFirestoreAdminV1DatabaseSnapshot.php
OK	/htdocs/application/third_party/omnipay/vendor/google/apiclient-services/src/Firestore/GoogleFirestoreAdminV1Index.php
OK	/htdocs/application/third_party/omnipay/vendor/google/apiclient-services/src/Firestore/GoogleFirestoreAdminV1RestoreDatabaseMetadata.php
OK	/htdocs/application/third_party/omnipay/vendor/google/apiclient-services/src/Firestore/GoogleLongrunningOperation.php
OK	/htdocs/application/third_party/omnipay/vendor/google/apiclient-services/src/Firestore/PartitionQueryResponse.php
OK	/htdocs/application/third_party/omnipay/vendor/google/apiclient-services/src/Firestore/RunQueryResponse.php
OK	/htdocs/application/third_party/omnipay/vendor/google/apiclient-services/src/Firestore/WriteRequest.php
OK	/htdocs/application/third_party/omnipay/vendor/google/apiclient-services/src/Firestore/Resource/ProjectsLocationsBackups.php
OK	/htdocs/application/third_party/omnipay/vendor/google/apiclient-services/src/Fitness/DataSource.php
OK	/htdocs/application/third_party/omnipay/vendor/google/apiclient-services/src/Fitness/Resource/UsersDataset.php
OK	/htdocs/application/third_party/omnipay/vendor/google/apiclient-services/src/Forms/CreateItemRequest.php
OK	/htdocs/application/third_party/omnipay/vendor/google/apiclient-services/src/Forms/FormsEmpty.php
OK	/htdocs/application/third_party/omnipay/vendor/google/apiclient-services/src/Forms/MediaProperties.php
OK	/htdocs/application/third_party/omnipay/vendor/google/apiclient-services/src/Forms/RowQuestion.php
OK	/htdocs/application/third_party/omnipay/vendor/google/apiclient-services/src/Forms/VideoItem.php
OK	/htdocs/application/third_party/omnipay/vendor/google/apiclient-services/src/Games/AchievementSetStepsAtLeastResponse.php
OK	/htdocs/application/third_party/omnipay/vendor/google/apiclient-services/src/Games/EndPoint.php
OK	/htdocs/application/third_party/omnipay/vendor/google/apiclient-services/src/Games/GamesAchievementIncrement.php
OK	/htdocs/application/third_party/omnipay/vendor/google/apiclient-services/src/Games/LeaderboardListResponse.php
OK	/htdocs/application/third_party/omnipay/vendor/google/apiclient-services/src/Games/PlayerLeaderboardScore.php
OK	/htdocs/application/third_party/omnipay/vendor/google/apiclient-services/src/Games/ResetPersonaRequest.php
OK	/htdocs/application/third_party/omnipay/vendor/google/apiclient-services/src/Games/UnlinkPersonaRequest.php
OK	/htdocs/application/third_party/omnipay/vendor/google/apiclient-services/src/Games/Resource/Scores.php
OK	/htdocs/application/third_party/omnipay/vendor/google/apiclient-services/src/GamesConfiguration/LocalizedString.php
OK	/htdocs/application/third_party/omnipay/vendor/google/apiclient-services/src/GameServices/CounterOptions.php
OK	/htdocs/application/third_party/omnipay/vendor/google/apiclient-services/src/GameServices/GameServerCluster.php
OK	/htdocs/application/third_party/omnipay/vendor/google/apiclient-services/src/GameServices/ListGameServerDeploymentsResponse.php
OK	/htdocs/application/third_party/omnipay/vendor/google/apiclient-services/src/GameServices/PreviewGameServerDeploymentRolloutResponse.php
OK	/htdocs/application/third_party/omnipay/vendor/google/apiclient-services/src/GameServices/TargetFleet.php
OK	/htdocs/application/third_party/omnipay/vendor/google/apiclient-services/src/GameServices/Resource/ProjectsLocationsRealmsGameServerClusters.php
OK	/htdocs/application/third_party/omnipay/vendor/google/apiclient-services/src/GamesManagement/PlayerScoreResetResponse.php
OK	/htdocs/application/third_party/omnipay/vendor/google/apiclient-services/src/Genomics/CheckInResponse.php
OK	/htdocs/application/third_party/omnipay/vendor/google/apiclient-services/src/Genomics/Metadata.php
OK	/htdocs/application/third_party/omnipay/vendor/google/apiclient-services/src/Genomics/Secret.php
OK	/htdocs/application/third_party/omnipay/vendor/google/apiclient-services/src/Genomics/Resource/ProjectsOperations.php
OK	/htdocs/application/third_party/omnipay/vendor/google/apiclient-services/src/GKEHub/AuditConfig.php
OK	/htdocs/application/third_party/omnipay/vendor/google/apiclient-services/src/GKEHub/ClusterUpgradeGKEUpgradeOverride.php
OK	/htdocs/application/third_party/omnipay/vendor/google/apiclient-services/src/GKEHub/ConfigManagementBinauthzState.php
OK	/htdocs/application/third_party/omnipay/vendor/google/apiclient-services/src/GKEHub/ConfigManagementHierarchyControllerConfig.php
OK	/htdocs/application/third_party/omnipay/vendor/google/apiclient-services/src/GKEHub/ConfigManagementPolicyControllerMonitoring.php
OK	/htdocs/application/third_party/omnipay/vendor/google/apiclient-services/src/GKEHub/Expr.php
OK	/htdocs/application/third_party/omnipay/vendor/google/apiclient-services/src/GKEHub/FleetObservabilityFleetObservabilityLoggingState.php
OK	/htdocs/application/third_party/omnipay/vendor/google/apiclient-services/src/GKEHub/IdentityServiceAuthMethod.php
OK	/htdocs/application/third_party/omnipay/vendor/google/apiclient-services/src/GKEHub/IdentityServiceServiceAccountConfig.php
OK	/htdocs/application/third_party/omnipay/vendor/google/apiclient-services/src/GKEHub/ListMembershipBindingsResponse.php
OK	/htdocs/application/third_party/omnipay/vendor/google/apiclient-services/src/GKEHub/MembershipBinding.php
OK	/htdocs/application/third_party/omnipay/vendor/google/apiclient-services/src/GKEHub/MultiClusterIngressFeatureSpec.php
OK	/htdocs/application/third_party/omnipay/vendor/google/apiclient-services/src/GKEHub/PolicyControllerMonitoringConfig.php
OK	/htdocs/application/third_party/omnipay/vendor/google/apiclient-services/src/GKEHub/PolicyControllerTemplateLibraryConfig.php
OK	/htdocs/application/third_party/omnipay/vendor/google/apiclient-services/src/GKEHub/ServiceMeshAnalysisMessage.php
OK	/htdocs/application/third_party/omnipay/vendor/google/apiclient-services/src/GKEHub/State.php
OK	/htdocs/application/third_party/omnipay/vendor/google/apiclient-services/src/GKEHub/Resource/ProjectsLocationsFleets.php
OK	/htdocs/application/third_party/omnipay/vendor/google/apiclient-services/src/GKEOnPrem/BareMetalAdminClusterOperationsConfig.php
OK	/htdocs/application/third_party/omnipay/vendor/google/apiclient-services/src/GKEOnPrem/BareMetalAdminNodeAccessConfig.php
OK	/htdocs/application/third_party/omnipay/vendor/google/apiclient-services/src/GKEOnPrem/BareMetalClusterOperationsConfig.php
OK	/htdocs/application/third_party/omnipay/vendor/google/apiclient-services/src/GKEOnPrem/BareMetalLvpShareConfig.php
OK	/htdocs/application/third_party/omnipay/vendor/google/apiclient-services/src/GKEOnPrem/BareMetalNodePoolUpgradePolicy.php
OK	/htdocs/application/third_party/omnipay/vendor/google/apiclient-services/src/GKEOnPrem/Binding.php
OK	/htdocs/application/third_party/omnipay/vendor/google/apiclient-services/src/GKEOnPrem/GkeonpremEmpty.php
OK	/htdocs/application/third_party/omnipay/vendor/google/apiclient-services/src/GKEOnPrem/Operation.php
OK	/htdocs/application/third_party/omnipay/vendor/google/apiclient-services/src/GKEOnPrem/TestIamPermissionsRequest.php
OK	/htdocs/application/third_party/omnipay/vendor/google/apiclient-services/src/GKEOnPrem/VmwareAdminCluster.php
OK	/htdocs/application/third_party/omnipay/vendor/google/apiclient-services/src/GKEOnPrem/VmwareAutoRepairConfig.php
OK	/htdocs/application/third_party/omnipay/vendor/google/apiclient-services/src/GKEOnPrem/VmwareHostIp.php
OK	/htdocs/application/third_party/omnipay/vendor/google/apiclient-services/src/GKEOnPrem/VmwareStorageConfig.php
OK	/htdocs/application/third_party/omnipay/vendor/google/apiclient-services/src/GKEOnPrem/Resource/ProjectsLocationsBareMetalClustersBareMetalNodePoolsOperations.php
OK	/htdocs/application/third_party/omnipay/vendor/google/apiclient-services/src/Gmail/BatchDeleteMessagesRequest.php
OK	/htdocs/application/third_party/omnipay/vendor/google/apiclient-services/src/Gmail/ForwardingAddress.php
OK	/htdocs/application/third_party/omnipay/vendor/google/apiclient-services/src/Gmail/ListCseIdentitiesResponse.php
OK	/htdocs/application/third_party/omnipay/vendor/google/apiclient-services/src/Gmail/Message.php
OK	/htdocs/application/third_party/omnipay/vendor/google/apiclient-services/src/Gmail/SmimeInfo.php
OK	/htdocs/application/third_party/omnipay/vendor/google/apiclient-services/src/Gmail/Resource/UsersSettings.php
OK	/htdocs/application/third_party/omnipay/vendor/google/apiclient-services/src/GoogleAnalyticsAdmin/GoogleAnalyticsAdminV1alphaAccessDimension.php
OK	/htdocs/application/third_party/omnipay/vendor/google/apiclient-services/src/GoogleAnalyticsAdmin/GoogleAnalyticsAdminV1alphaAccessOrderByDimensionOrderBy.php
OK	/htdocs/application/third_party/omnipay/vendor/google/apiclient-services/src/GoogleAnalyticsAdmin/GoogleAnalyticsAdminV1alphaApproveDisplayVideo360AdvertiserLinkProposalResponse.php
OK	/htdocs/application/third_party/omnipay/vendor/google/apiclient-services/src/GoogleAnalyticsAdmin/GoogleAnalyticsAdminV1alphaAudienceEventFilter.php
OK	/htdocs/application/third_party/omnipay/vendor/google/apiclient-services/src/GoogleAnalyticsAdmin/GoogleAnalyticsAdminV1alphaBatchCreateUserLinksResponse.php
OK	/htdocs/application/third_party/omnipay/vendor/google/apiclient-services/src/GoogleAnalyticsAdmin/GoogleAnalyticsAdminV1alphaCustomMetric.php
OK	/htdocs/application/third_party/omnipay/vendor/google/apiclient-services/src/GoogleAnalyticsAdmin/GoogleAnalyticsAdminV1alphaExpandedDataSetFilter.php
OK	/htdocs/application/third_party/omnipay/vendor/google/apiclient-services/src/GoogleAnalyticsAdmin/GoogleAnalyticsAdminV1alphaListAccountSummariesResponse.php
OK	/htdocs/application/third_party/omnipay/vendor/google/apiclient-services/src/GoogleAnalyticsAdmin/GoogleAnalyticsAdminV1alphaListMeasurementProtocolSecretsResponse.php
OK	/htdocs/application/third_party/omnipay/vendor/google/apiclient-services/src/GoogleAnalyticsAdmin/GoogleAnalyticsAdminV1alphaRunAccessReportResponse.php
OK	/htdocs/application/third_party/omnipay/vendor/google/apiclient-services/src/GoogleAnalyticsAdmin/GoogleAnalyticsAdminV1betaAccessFilter.php
OK	/htdocs/application/third_party/omnipay/vendor/google/apiclient-services/src/GoogleAnalyticsAdmin/GoogleAnalyticsAdminV1betaAccessQuotaStatus.php
OK	/htdocs/application/third_party/omnipay/vendor/google/apiclient-services/src/GoogleAnalyticsAdmin/GoogleAnalyticsAdminV1betaConversionEvent.php
OK	/htdocs/application/third_party/omnipay/vendor/google/apiclient-services/src/GoogleAnalyticsAdmin/GoogleAnalyticsAdminV1betaKeyEvent.php
OK	/htdocs/application/third_party/omnipay/vendor/google/apiclient-services/src/GoogleAnalyticsAdmin/GoogleAnalyticsAdminV1betaListPropertiesResponse.php
OK	/htdocs/application/third_party/omnipay/vendor/google/apiclient-services/src/GoogleAnalyticsAdmin/GoogleProtobufEmpty.php
OK	/htdocs/application/third_party/omnipay/vendor/google/apiclient-services/src/GoogleAnalyticsAdmin/Resource/PropertiesDataStreamsEventEditRules.php
OK	/htdocs/application/third_party/omnipay/vendor/google/apiclient-services/src/GoogleAnalyticsAdmin/Resource/PropertiesWebDataStreamsMeasurementProtocolSecrets.php
OK	/htdocs/application/third_party/omnipay/vendor/google/apiclient-services/src/Groupssettings/Resource/Groups.php
OK	/htdocs/application/third_party/omnipay/vendor/google/apiclient-services/src/HangoutsChat/Card.php
OK	/htdocs/application/third_party/omnipay/vendor/google/apiclient-services/src/HangoutsChat/CustomEmoji.php
OK	/htdocs/application/third_party/omnipay/vendor/google/apiclient-services/src/HangoutsChat/EmojiReactionSummary.php
OK	/htdocs/application/third_party/omnipay/vendor/google/apiclient-services/src/HangoutsChat/GoogleAppsCardV1Carousel.php
OK	/htdocs/application/third_party/omnipay/vendor/google/apiclient-services/src/HangoutsChat/GoogleAppsCardV1Grid.php
OK	/htdocs/application/third_party/omnipay/vendor/google/apiclient-services/src/HangoutsChat/GoogleAppsCardV1OverflowMenuItem.php
OK	/htdocs/application/third_party/omnipay/vendor/google/apiclient-services/src/HangoutsChat/GoogleAppsCardV1Widgets.php
OK	/htdocs/application/third_party/omnipay/vendor/google/apiclient-services/src/HangoutsChat/MatchedUrl.php
OK	/htdocs/application/third_party/omnipay/vendor/google/apiclient-services/src/HangoutsChat/MessageBatchDeletedEventData.php
OK	/htdocs/application/third_party/omnipay/vendor/google/apiclient-services/src/HangoutsChat/ReactionBatchDeletedEventData.php
OK	/htdocs/application/third_party/omnipay/vendor/google/apiclient-services/src/HangoutsChat/SpaceDataSource.php
OK	/htdocs/application/third_party/omnipay/vendor/google/apiclient-services/src/HangoutsChat/TimeZone.php
OK	/htdocs/application/third_party/omnipay/vendor/google/apiclient-services/src/HangoutsChat/Resource/Spaces.php
OK	/htdocs/application/third_party/omnipay/vendor/google/apiclient-services/src/HomeGraphService/DeviceInfo.php
OK	/htdocs/application/third_party/omnipay/vendor/google/apiclient-services/src/HomeGraphService/RequestSyncDevicesResponse.php
OK	/htdocs/application/third_party/omnipay/vendor/google/apiclient-services/src/Iam/Aws.php
OK	/htdocs/application/third_party/omnipay/vendor/google/apiclient-services/src/Iam/GoogleCloudCommonOperationMetadata.php
OK	/htdocs/application/third_party/omnipay/vendor/google/apiclient-services/src/Iam/GoogleIamV3alphaOperationMetadata.php
OK	/htdocs/application/third_party/omnipay/vendor/google/apiclient-services/src/Iam/ListServiceAccountKeysResponse.php
OK	/htdocs/application/third_party/omnipay/vendor/google/apiclient-services/src/Iam/QueryAuditableServicesRequest.php
OK	/htdocs/application/third_party/omnipay/vendor/google/apiclient-services/src/Iam/SignBlobResponse.php
OK	/htdocs/application/third_party/omnipay/vendor/google/apiclient-services/src/Iam/WorkloadIdentityPool.php
OK	/htdocs/application/third_party/omnipay/vendor/google/apiclient-services/src/Iam/Resource/LocationsWorkforcePoolsSubjectsOperations.php
OK	/htdocs/application/third_party/omnipay/vendor/google/apiclient-services/src/Iam/Resource/ProjectsLocationsWorkloadIdentityPoolsProvidersKeysOperations.php
OK	/htdocs/application/third_party/omnipay/vendor/google/apiclient-services/src/IAMCredentials/SignBlobResponse.php
OK	/htdocs/application/third_party/omnipay/vendor/google/apiclient-services/src/Ideahub/GoogleSearchIdeahubV1alphaTopicState.php
OK	/htdocs/application/third_party/omnipay/vendor/google/apiclient-services/src/Ideahub/Resource/PlatformsPropertiesIdeaActivities.php
OK	/htdocs/application/third_party/omnipay/vendor/google/apiclient-services/src/IdentityToolkit/GetRecaptchaParamResponse.php
OK	/htdocs/application/third_party/omnipay/vendor/google/apiclient-services/src/IdentityToolkit/IdentitytoolkitRelyingpartySetProjectConfigResponse.php
OK	/htdocs/application/third_party/omnipay/vendor/google/apiclient-services/src/IdentityToolkit/ResetPasswordResponse.php
OK	/htdocs/application/third_party/omnipay/vendor/google/apiclient-services/src/IDS/AuditConfig.php
OK	/htdocs/application/third_party/omnipay/vendor/google/apiclient-services/src/IDS/OperationMetadata.php
OK	/htdocs/application/third_party/omnipay/vendor/google/apiclient-services/src/Indexing/UrlNotificationMetadata.php
OK	/htdocs/application/third_party/omnipay/vendor/google/apiclient-services/src/Integrations/EnterpriseCrmEventbusProtoAttributes.php
OK	/htdocs/application/third_party/omnipay/vendor/google/apiclient-services/src/Integrations/EnterpriseCrmEventbusProtoCombinedCondition.php
OK	/htdocs/application/third_party/omnipay/vendor/google/apiclient-services/src/Integrations/EnterpriseCrmEventbusProtoErrorDetail.php
OK	/htdocs/application/third_party/omnipay/vendor/google/apiclient-services/src/Integrations/EnterpriseCrmEventbusProtoFunction.php
OK	/htdocs/application/third_party/omnipay/vendor/google/apiclient-services/src/Integrations/EnterpriseCrmEventbusProtoNodeIdentifier.php
OK	/htdocs/application/third_party/omnipay/vendor/google/apiclient-services/src/Integrations/EnterpriseCrmEventbusProtoParamSpecEntryValidationRuleStringRegex.php
OK	/htdocs/application/third_party/omnipay/vendor/google/apiclient-services/src/Integrations/EnterpriseCrmEventbusProtoSuspensionAuthPermissions.php
OK	/htdocs/application/third_party/omnipay/vendor/google/apiclient-services/src/Integrations/EnterpriseCrmEventbusProtoTaskUiModuleConfig.php
OK	/htdocs/application/third_party/omnipay/vendor/google/apiclient-services/src/Integrations/EnterpriseCrmFrontendsEventbusProtoEventExecutionDetails.php
OK	/htdocs/application/third_party/omnipay/vendor/google/apiclient-services/src/Integrations/EnterpriseCrmFrontendsEventbusProtoParamSpecsMessage.php
OK	/htdocs/application/third_party/omnipay/vendor/google/apiclient-services/src/Integrations/EnterpriseCrmLoggingGwsSanitizeOptions.php
OK	/htdocs/application/third_party/omnipay/vendor/google/apiclient-services/src/Integrations/GoogleCloudConnectorsV1ConnectionStatus.php
OK	/htdocs/application/third_party/omnipay/vendor/google/apiclient-services/src/Integrations/GoogleCloudConnectorsV1HPAConfig.php
OK	/htdocs/application/third_party/omnipay/vendor/google/apiclient-services/src/Integrations/GoogleCloudIntegrationsV1alphaArchiveIntegrationVersionRequest.php
OK	/htdocs/application/third_party/omnipay/vendor/google/apiclient-services/src/Integrations/GoogleCloudIntegrationsV1alphaClientConfig.php
OK	/htdocs/application/third_party/omnipay/vendor/google/apiclient-services/src/Integrations/GoogleCloudIntegrationsV1alphaCreateCloudFunctionRequest.php
OK	/htdocs/application/third_party/omnipay/vendor/google/apiclient-services/src/Integrations/GoogleCloudIntegrationsV1alphaEnumerateConnectorPlatformRegionsResponse.php
OK	/htdocs/application/third_party/omnipay/vendor/google/apiclient-services/src/Integrations/GoogleCloudIntegrationsV1alphaExecutionDetails.php
OK	/htdocs/application/third_party/omnipay/vendor/google/apiclient-services/src/Integrations/GoogleCloudIntegrationsV1alphaImportTemplateRequest.php
OK	/htdocs/application/third_party/omnipay/vendor/google/apiclient-services/src/Integrations/GoogleCloudIntegrationsV1alphaJwt.php
OK	/htdocs/application/third_party/omnipay/vendor/google/apiclient-services/src/Integrations/GoogleCloudIntegrationsV1alphaListIntegrationVersionsResponse.php
OK	/htdocs/application/third_party/omnipay/vendor/google/apiclient-services/src/Integrations/GoogleCloudIntegrationsV1alphaMonitorExecutionStatsRequestGroupBy.php
OK	/htdocs/application/third_party/omnipay/vendor/google/apiclient-services/src/Integrations/GoogleCloudIntegrationsV1alphaParameterMap.php
OK	/htdocs/application/third_party/omnipay/vendor/google/apiclient-services/src/Integrations/GoogleCloudIntegrationsV1alphaRuntimeActionSchema.php
OK	/htdocs/application/third_party/omnipay/vendor/google/apiclient-services/src/Integrations/GoogleCloudIntegrationsV1alphaSuspension.php
OK	/htdocs/application/third_party/omnipay/vendor/google/apiclient-services/src/Integrations/GoogleCloudIntegrationsV1alphaTemplateBundle.php
OK	/htdocs/application/third_party/omnipay/vendor/google/apiclient-services/src/Integrations/GoogleCloudIntegrationsV1alphaUploadIntegrationVersionRequest.php
OK	/htdocs/application/third_party/omnipay/vendor/google/apiclient-services/src/Integrations/GoogleCloudIntegrationsV1alphaValueType.php
OK	/htdocs/application/third_party/omnipay/vendor/google/apiclient-services/src/Integrations/Resource/ProjectsLocationsClients.php
OK	/htdocs/application/third_party/omnipay/vendor/google/apiclient-services/src/Integrations/Resource/ProjectsLocationsProductsAuthConfigs.php
OK	/htdocs/application/third_party/omnipay/vendor/google/apiclient-services/src/Integrations/Resource/ProjectsLocationsProductsSfdcInstancesSfdcChannels.php
OK	/htdocs/application/third_party/omnipay/vendor/google/apiclient-services/src/Keep/ListContent.php
OK	/htdocs/application/third_party/omnipay/vendor/google/apiclient-services/src/Kgsearch/Resource/Entities.php
OK	/htdocs/application/third_party/omnipay/vendor/google/apiclient-services/src/Kmsinventory/Resource/Organizations.php
OK	/htdocs/application/third_party/omnipay/vendor/google/apiclient-services/src/Libraryagent/Resource/ShelvesBooks.php
OK	/htdocs/application/third_party/omnipay/vendor/google/apiclient-services/src/Localservices/GoogleAdsHomeservicesLocalservicesV1SearchAccountReportsResponse.php
OK	/htdocs/application/third_party/omnipay/vendor/google/apiclient-services/src/Logging/CancelOperationRequest.php
OK	/htdocs/application/third_party/omnipay/vendor/google/apiclient-services/src/Logging/GetIamPolicyRequest.php
OK	/htdocs/application/third_party/omnipay/vendor/google/apiclient-services/src/Logging/ListLogEntriesRequest.php
OK	/htdocs/application/third_party/omnipay/vendor/google/apiclient-services/src/Logging/LocationMetadata.php
OK	/htdocs/application/third_party/omnipay/vendor/google/apiclient-services/src/Logging/LogSink.php
OK	/htdocs/application/third_party/omnipay/vendor/google/apiclient-services/src/Logging/RequestLog.php
OK	/htdocs/application/third_party/omnipay/vendor/google/apiclient-services/src/Logging/TailLogEntriesResponse.php
OK	/htdocs/application/third_party/omnipay/vendor/google/apiclient-services/src/Logging/Resource/BillingAccountsLocationsBuckets.php
OK	/htdocs/application/third_party/omnipay/vendor/google/apiclient-services/src/Logging/Resource/Folders.php
OK	/htdocs/application/third_party/omnipay/vendor/google/apiclient-services/src/Logging/Resource/FoldersSinks.php
OK	/htdocs/application/third_party/omnipay/vendor/google/apiclient-services/src/Logging/Resource/OrganizationsLocationsBucketsLinks.php
OK	/htdocs/application/third_party/omnipay/vendor/google/apiclient-services/src/Logging/Resource/ProjectsLocationsBuckets.php
OK	/htdocs/application/third_party/omnipay/vendor/google/apiclient-services/src/Logging/Resource/V2.php
OK	/htdocs/application/third_party/omnipay/vendor/google/apiclient-services/src/Looker/ExportMetadata.php
OK	/htdocs/application/third_party/omnipay/vendor/google/apiclient-services/src/Looker/MaintenanceSchedule.php
OK	/htdocs/application/third_party/omnipay/vendor/google/apiclient-services/src/Looker/TestIamPermissionsRequest.php
OK	/htdocs/application/third_party/omnipay/vendor/google/apiclient-services/src/ManagedServiceforMicrosoftActiveDirectoryConsumerAPI/CancelOperationRequest.php
OK	/htdocs/application/third_party/omnipay/vendor/google/apiclient-services/src/ManagedServiceforMicrosoftActiveDirectoryConsumerAPI/EnableMigrationRequest.php
OK	/htdocs/application/third_party/omnipay/vendor/google/apiclient-services/src/ManagedServiceforMicrosoftActiveDirectoryConsumerAPI/GoogleCloudSaasacceleratorManagementProvidersV1ProvisionedResource.php
OK	/htdocs/application/third_party/omnipay/vendor/google/apiclient-services/src/ManagedServiceforMicrosoftActiveDirectoryConsumerAPI/MaintenancePolicy.php
OK	/htdocs/application/third_party/omnipay/vendor/google/apiclient-services/src/ManagedServiceforMicrosoftActiveDirectoryConsumerAPI/RestoreDomainRequest.php
OK	/htdocs/application/third_party/omnipay/vendor/google/apiclient-services/src/ManagedServiceforMicrosoftActiveDirectoryConsumerAPI/Resource/Projects.php
OK	/htdocs/application/third_party/omnipay/vendor/google/apiclient-services/src/ManufacturerCenter/DestinationStatus.php
OK	/htdocs/application/third_party/omnipay/vendor/google/apiclient-services/src/ManufacturerCenter/Product.php
OK	/htdocs/application/third_party/omnipay/vendor/google/apiclient-services/src/MapsPlaces/GoogleMapsPlacesV1AuthorAttribution.php
OK	/htdocs/application/third_party/omnipay/vendor/google/apiclient-services/src/MapsPlaces/GoogleMapsPlacesV1ContentBlock.php
OK	/htdocs/application/third_party/omnipay/vendor/google/apiclient-services/src/MapsPlaces/GoogleMapsPlacesV1Photo.php
OK	/htdocs/application/third_party/omnipay/vendor/google/apiclient-services/src/MapsPlaces/GoogleMapsPlacesV1PlaceOpeningHoursPeriodPoint.php
OK	/htdocs/application/third_party/omnipay/vendor/google/apiclient-services/src/MapsPlaces/GoogleMapsPlacesV1RoutingSummary.php
OK	/htdocs/application/third_party/omnipay/vendor/google/apiclient-services/src/MapsPlaces/GoogleTypeDate.php
OK	/htdocs/application/third_party/omnipay/vendor/google/apiclient-services/src/Meet/EndActiveConferenceRequest.php
OK	/htdocs/application/third_party/omnipay/vendor/google/apiclient-services/src/Meet/SignedinUser.php
OK	/htdocs/application/third_party/omnipay/vendor/google/apiclient-services/src/Merchant/BestSellersBrandView.php
OK	/htdocs/application/third_party/omnipay/vendor/google/apiclient-services/src/Merchant/ListProductReviewsResponse.php
OK	/htdocs/application/third_party/omnipay/vendor/google/apiclient-services/src/Merchant/ProductPerformanceView.php
OK	/htdocs/application/third_party/omnipay/vendor/google/apiclient-services/src/Merchant/Resource/Accounts.php
OK	/htdocs/application/third_party/omnipay/vendor/google/apiclient-services/src/MigrationCenterAPI/AggregationResultCount.php
OK	/htdocs/application/third_party/omnipay/vendor/google/apiclient-services/src/MigrationCenterAPI/AzureVmPlatformDetails.php
OK	/htdocs/application/third_party/omnipay/vendor/google/apiclient-services/src/MigrationCenterAPI/DailyResourceUsageAggregationCPU.php
OK	/htdocs/application/third_party/omnipay/vendor/google/apiclient-services/src/MigrationCenterAPI/DatabaseObjects.php
OK	/htdocs/application/third_party/omnipay/vendor/google/apiclient-services/src/MigrationCenterAPI/ExecutionReport.php
OK	/htdocs/application/third_party/omnipay/vendor/google/apiclient-services/src/MigrationCenterAPI/GuestConfigDetails.php
OK	/htdocs/application/third_party/omnipay/vendor/google/apiclient-services/src/MigrationCenterAPI/ImportRowErrorCsvErrorDetails.php
OK	/htdocs/application/third_party/omnipay/vendor/google/apiclient-services/src/MigrationCenterAPI/ListOperationsResponse.php
OK	/htdocs/application/third_party/omnipay/vendor/google/apiclient-services/src/MigrationCenterAPI/MachineSeries.php
OK	/htdocs/application/third_party/omnipay/vendor/google/apiclient-services/src/MigrationCenterAPI/NetworkAdapterList.php
OK	/htdocs/application/third_party/omnipay/vendor/google/apiclient-services/src/MigrationCenterAPI/PayloadFile.php
OK	/htdocs/application/third_party/omnipay/vendor/google/apiclient-services/src/MigrationCenterAPI/RemoveAssetsFromGroupRequest.php
OK	/htdocs/application/third_party/omnipay/vendor/google/apiclient-services/src/MigrationCenterAPI/ReportSummaryHistogramChartData.php
OK	/htdocs/application/third_party/omnipay/vendor/google/apiclient-services/src/MigrationCenterAPI/RunningProcessList.php
OK	/htdocs/application/third_party/omnipay/vendor/google/apiclient-services/src/MigrationCenterAPI/SqlServerSchemaDetails.php
OK	/htdocs/application/third_party/omnipay/vendor/google/apiclient-services/src/MigrationCenterAPI/VirtualMachineNetworkDetails.php
OK	/htdocs/application/third_party/omnipay/vendor/google/apiclient-services/src/MigrationCenterAPI/Resource/ProjectsLocationsImportJobsImportDataFiles.php
OK	/htdocs/application/third_party/omnipay/vendor/google/apiclient-services/src/Monitoring/AvailabilityCriteria.php
OK	/htdocs/application/third_party/omnipay/vendor/google/apiclient-services/src/Monitoring/CollectdValue.php
OK	/htdocs/application/third_party/omnipay/vendor/google/apiclient-services/src/Monitoring/DistributionCut.php
OK	/htdocs/application/third_party/omnipay/vendor/google/apiclient-services/src/Monitoring/GkeService.php
OK	/htdocs/application/third_party/omnipay/vendor/google/apiclient-services/src/Monitoring/Linear.php
OK	/htdocs/application/third_party/omnipay/vendor/google/apiclient-services/src/Monitoring/ListTimeSeriesResponse.php
OK	/htdocs/application/third_party/omnipay/vendor/google/apiclient-services/src/Monitoring/MonitoredResource.php
OK	/htdocs/application/third_party/omnipay/vendor/google/apiclient-services/src/Monitoring/PerformanceThreshold.php
OK	/htdocs/application/third_party/omnipay/vendor/google/apiclient-services/src/Monitoring/SendNotificationChannelVerificationCodeRequest.php
OK	/htdocs/application/third_party/omnipay/vendor/google/apiclient-services/src/Monitoring/Telemetry.php
OK	/htdocs/application/third_party/omnipay/vendor/google/apiclient-services/src/Monitoring/ValueDescriptor.php
OK	/htdocs/application/third_party/omnipay/vendor/google/apiclient-services/src/Monitoring/Resource/ProjectsMetricDescriptors.php
OK	/htdocs/application/third_party/omnipay/vendor/google/apiclient-services/src/MyBusinessAccountManagement/Admin.php
OK	/htdocs/application/third_party/omnipay/vendor/google/apiclient-services/src/MyBusinessAccountManagement/Resource/Accounts.php
OK	/htdocs/application/third_party/omnipay/vendor/google/apiclient-services/src/MyBusinessBusinessCalls/Resource/Locations.php
OK	/htdocs/application/third_party/omnipay/vendor/google/apiclient-services/src/MyBusinessBusinessInformation/Chain.php
OK	/htdocs/application/third_party/omnipay/vendor/google/apiclient-services/src/MyBusinessBusinessInformation/ListLocationsResponse.php
OK	/htdocs/application/third_party/omnipay/vendor/google/apiclient-services/src/MyBusinessBusinessInformation/Profile.php
OK	/htdocs/application/third_party/omnipay/vendor/google/apiclient-services/src/MyBusinessBusinessInformation/StructuredServiceItem.php
OK	/htdocs/application/third_party/omnipay/vendor/google/apiclient-services/src/MyBusinessLodging/Accessibility.php
OK	/htdocs/application/third_party/omnipay/vendor/google/apiclient-services/src/MyBusinessLodging/HealthAndSafety.php
OK	/htdocs/application/third_party/omnipay/vendor/google/apiclient-services/src/MyBusinessLodging/MinimizedContact.php
OK	/htdocs/application/third_party/omnipay/vendor/google/apiclient-services/src/MyBusinessLodging/SustainableSourcing.php
OK	/htdocs/application/third_party/omnipay/vendor/google/apiclient-services/src/MyBusinessPlaceActions/Date.php
OK	/htdocs/application/third_party/omnipay/vendor/google/apiclient-services/src/MyBusinessPlaceActions/PlaceActionTypeMetadata.php
OK	/htdocs/application/third_party/omnipay/vendor/google/apiclient-services/src/MyBusinessQA/Resource/LocationsQuestions.php
OK	/htdocs/application/third_party/omnipay/vendor/google/apiclient-services/src/MyBusinessVerifications/Location.php
OK	/htdocs/application/third_party/omnipay/vendor/google/apiclient-services/src/MyBusinessVerifications/Resource/Locations.php
OK	/htdocs/application/third_party/omnipay/vendor/google/apiclient-services/src/NetAppFiles/CloudAssetComposition.php
OK	/htdocs/application/third_party/omnipay/vendor/google/apiclient-services/src/NetAppFiles/IsolationExpectations.php
OK	/htdocs/application/third_party/omnipay/vendor/google/apiclient-services/src/NetAppFiles/ListStoragePoolsResponse.php
OK	/htdocs/application/third_party/omnipay/vendor/google/apiclient-services/src/NetAppFiles/RegionalMigDistributionPolicy.php
OK	/htdocs/application/third_party/omnipay/vendor/google/apiclient-services/src/NetAppFiles/StopReplicationRequest.php
OK	/htdocs/application/third_party/omnipay/vendor/google/apiclient-services/src/NetAppFiles/ZoneConfiguration.php
OK	/htdocs/application/third_party/omnipay/vendor/google/apiclient-services/src/NetAppFiles/Resource/ProjectsLocationsVolumesReplications.php
OK	/htdocs/application/third_party/omnipay/vendor/google/apiclient-services/src/Networkconnectivity/ConsumerPscConfig.php
OK	/htdocs/application/third_party/omnipay/vendor/google/apiclient-services/src/Networkconnectivity/GoogleRpcStatus.php
OK	/htdocs/application/third_party/omnipay/vendor/google/apiclient-services/src/Networkconnectivity/LinkedVpnTunnels.php
OK	/htdocs/application/third_party/omnipay/vendor/google/apiclient-services/src/Networkconnectivity/ListServiceConnectionPoliciesResponse.php
OK	/htdocs/application/third_party/omnipay/vendor/google/apiclient-services/src/Networkconnectivity/NetworkconnectivityEmpty.php
OK	/htdocs/application/third_party/omnipay/vendor/google/apiclient-services/src/Networkconnectivity/PscPropagationStatus.php
OK	/htdocs/application/third_party/omnipay/vendor/google/apiclient-services/src/Networkconnectivity/RoutingVPC.php
OK	/htdocs/application/third_party/omnipay/vendor/google/apiclient-services/src/Networkconnectivity/TestIamPermissionsRequest.php
OK	/htdocs/application/third_party/omnipay/vendor/google/apiclient-services/src/Networkconnectivity/Resource/ProjectsLocationsNetworkconnectivityGlobalHubsRouteTables.php
OK	/htdocs/application/third_party/omnipay/vendor/google/apiclient-services/src/NetworkManagement/AppEngineVersionInfo.php
OK	/htdocs/application/third_party/omnipay/vendor/google/apiclient-services/src/NetworkManagement/DropInfo.php
OK	/htdocs/application/third_party/omnipay/vendor/google/apiclient-services/src/NetworkManagement/LatencyPercentile.php
OK	/htdocs/application/third_party/omnipay/vendor/google/apiclient-services/src/NetworkManagement/Operation.php
OK	/htdocs/application/third_party/omnipay/vendor/google/apiclient-services/src/NetworkManagement/Status.php
OK	/htdocs/application/third_party/omnipay/vendor/google/apiclient-services/src/NetworkManagement/Resource/ProjectsLocationsNetworkmanagementGlobal.php
OK	/htdocs/application/third_party/omnipay/vendor/google/apiclient-services/src/NetworkSecurity/AuthzPolicyAuthzRuleHeaderMatch.php
OK	/htdocs/application/third_party/omnipay/vendor/google/apiclient-services/src/NetworkSecurity/CertificateProviderInstance.php
OK	/htdocs/application/third_party/omnipay/vendor/google/apiclient-services/src/NetworkSecurity/GoogleCloudNetworksecurityV1beta1CertificateProvider.php
OK	/htdocs/application/third_party/omnipay/vendor/google/apiclient-services/src/NetworkSecurity/ListAddressGroupReferencesResponse.php
OK	/htdocs/application/third_party/omnipay/vendor/google/apiclient-services/src/NetworkSecurity/ListMirroringDeploymentsResponse.php
OK	/htdocs/application/third_party/omnipay/vendor/google/apiclient-services/src/NetworkSecurity/MirroringDeploymentGroupConnectedEndpointGroup.php
OK	/htdocs/application/third_party/omnipay/vendor/google/apiclient-services/src/NetworkSecurity/SecurityProfileGroup.php
OK	/htdocs/application/third_party/omnipay/vendor/google/apiclient-services/src/NetworkSecurity/Resource/OrganizationsLocationsAddressGroups.php
OK	/htdocs/application/third_party/omnipay/vendor/google/apiclient-services/src/NetworkSecurity/Resource/ProjectsLocationsGatewaySecurityPolicies.php
OK	/htdocs/application/third_party/omnipay/vendor/google/apiclient-services/src/NetworkServices/AuthzExtension.php
OK	/htdocs/application/third_party/omnipay/vendor/google/apiclient-services/src/NetworkServices/GatewayRouteView.php
OK	/htdocs/application/third_party/omnipay/vendor/google/apiclient-services/src/NetworkServices/GrpcRouteStatefulSessionAffinityPolicy.php
OK	/htdocs/application/third_party/omnipay/vendor/google/apiclient-services/src/NetworkServices/HttpRouteRedirect.php
OK	/htdocs/application/third_party/omnipay/vendor/google/apiclient-services/src/NetworkServices/ListGatewayRouteViewsResponse.php
OK	/htdocs/application/third_party/omnipay/vendor/google/apiclient-services/src/NetworkServices/ListTcpRoutesResponse.php
OK	/htdocs/application/third_party/omnipay/vendor/google/apiclient-services/src/NetworkServices/RetryFilterPerRouteConfig.php
OK	/htdocs/application/third_party/omnipay/vendor/google/apiclient-services/src/NetworkServices/TestIamPermissionsRequest.php
OK	/htdocs/application/third_party/omnipay/vendor/google/apiclient-services/src/NetworkServices/WasmPluginVersionDetails.php
OK	/htdocs/application/third_party/omnipay/vendor/google/apiclient-services/src/NetworkServices/Resource/ProjectsLocationsLbRouteExtensions.php
OK	/htdocs/application/third_party/omnipay/vendor/google/apiclient-services/src/NetworkServices/Resource/ProjectsLocationsTcpRoutes.php
OK	/htdocs/application/third_party/omnipay/vendor/google/apiclient-services/src/OnDemandScanning/AnalyzePackagesMetadataV1.php
OK	/htdocs/application/third_party/omnipay/vendor/google/apiclient-services/src/OnDemandScanning/BuildOccurrence.php
OK	/htdocs/application/third_party/omnipay/vendor/google/apiclient-services/src/OnDemandScanning/Envelope.php
OK	/htdocs/application/third_party/omnipay/vendor/google/apiclient-services/src/OnDemandScanning/GrafeasV1SlsaProvenance02SlsaConfigSource.php
OK	/htdocs/application/third_party/omnipay/vendor/google/apiclient-services/src/OnDemandScanning/ImageOccurrence.php
OK	/htdocs/application/third_party/omnipay/vendor/google/apiclient-services/src/OnDemandScanning/Location.php
OK	/htdocs/application/third_party/omnipay/vendor/google/apiclient-services/src/OnDemandScanning/ProjectRepoId.php
OK	/htdocs/application/third_party/omnipay/vendor/google/apiclient-services/src/OnDemandScanning/Signature.php
OK	/htdocs/application/third_party/omnipay/vendor/google/apiclient-services/src/OnDemandScanning/Subject.php
OK	/htdocs/application/third_party/omnipay/vendor/google/apiclient-services/src/OnDemandScanning/Resource/ProjectsLocationsScansVulnerabilities.php
OK	/htdocs/application/third_party/omnipay/vendor/google/apiclient-services/src/OracleDatabase/CancelOperationRequest.php
OK	/htdocs/application/third_party/omnipay/vendor/google/apiclient-services/src/OracleDatabase/DbServerProperties.php
OK	/htdocs/application/third_party/omnipay/vendor/google/apiclient-services/src/OracleDatabase/ListDbNodesResponse.php
OK	/htdocs/application/third_party/omnipay/vendor/google/apiclient-services/src/OracleDatabase/OracledatabaseEmpty.php
OK	/htdocs/application/third_party/omnipay/vendor/google/apiclient-services/src/OracleDatabase/Resource/ProjectsLocationsCloudExadataInfrastructures.php
OK	/htdocs/application/third_party/omnipay/vendor/google/apiclient-services/src/OrgPolicyAPI/GoogleCloudOrgpolicyV2ConstraintCustomConstraintDefinitionParameter.php
OK	/htdocs/application/third_party/omnipay/vendor/google/apiclient-services/src/OrgPolicyAPI/GoogleCloudOrgpolicyV2PolicySpecPolicyRuleStringValues.php
OK	/htdocs/application/third_party/omnipay/vendor/google/apiclient-services/src/OrgPolicyAPI/Resource/ProjectsPolicies.php
OK	/htdocs/application/third_party/omnipay/vendor/google/apiclient-services/src/OSConfig/GoogleCloudOsconfigV2betaOperationMetadata.php
OK	/htdocs/application/third_party/omnipay/vendor/google/apiclient-services/src/OSConfig/ListInventoriesResponse.php
OK	/htdocs/application/third_party/omnipay/vendor/google/apiclient-services/src/OSConfig/OsconfigEmpty.php
OK	/htdocs/application/third_party/omnipay/vendor/google/apiclient-services/src/OSConfig/OSPolicyAssignmentRollout.php
OK	/htdocs/application/third_party/omnipay/vendor/google/apiclient-services/src/OSConfig/OSPolicyResourcePackageResourceDeb.php
OK	/htdocs/application/third_party/omnipay/vendor/google/apiclient-services/src/OSConfig/PatchDeployment.php
OK	/htdocs/application/third_party/omnipay/vendor/google/apiclient-services/src/OSConfig/TimeOfDay.php
OK	/htdocs/application/third_party/omnipay/vendor/google/apiclient-services/src/OSConfig/Resource/Operations.php
OK	/htdocs/application/third_party/omnipay/vendor/google/apiclient-services/src/OSConfig/Resource/ProjectsPatchJobs.php
OK	/htdocs/application/third_party/omnipay/vendor/google/apiclient-services/src/PagespeedInsights/LighthouseResultV5.php
OK	/htdocs/application/third_party/omnipay/vendor/google/apiclient-services/src/Parallelstore/DestinationGcsBucket.php
OK	/htdocs/application/third_party/omnipay/vendor/google/apiclient-services/src/Parallelstore/SourceGcsBucket.php
OK	/htdocs/application/third_party/omnipay/vendor/google/apiclient-services/src/PaymentsResellerSubscription/GoogleCloudPaymentsResellerSubscriptionV1EntitleSubscriptionIntent.php
OK	/htdocs/application/third_party/omnipay/vendor/google/apiclient-services/src/PaymentsResellerSubscription/GoogleCloudPaymentsResellerSubscriptionV1GoogleHomePayload.php
OK	/htdocs/application/third_party/omnipay/vendor/google/apiclient-services/src/PaymentsResellerSubscription/GoogleCloudPaymentsResellerSubscriptionV1PromotionIntroductoryPricingDetails.php
OK	/htdocs/application/third_party/omnipay/vendor/google/apiclient-services/src/PaymentsResellerSubscription/GoogleCloudPaymentsResellerSubscriptionV1UndoCancelSubscriptionResponse.php
OK	/htdocs/application/third_party/omnipay/vendor/google/apiclient-services/src/PeopleService/AgeRangeType.php
OK	/htdocs/application/third_party/omnipay/vendor/google/apiclient-services/src/PeopleService/ContactGroup.php
OK	/htdocs/application/third_party/omnipay/vendor/google/apiclient-services/src/PeopleService/Event.php
OK	/htdocs/application/third_party/omnipay/vendor/google/apiclient-services/src/PeopleService/ListOtherContactsResponse.php
OK	/htdocs/application/third_party/omnipay/vendor/google/apiclient-services/src/PeopleService/Person.php
OK	/htdocs/application/third_party/omnipay/vendor/google/apiclient-services/src/PeopleService/SearchResult.php
OK	/htdocs/application/third_party/omnipay/vendor/google/apiclient-services/src/PeopleService/Resource/ContactGroupsMembers.php
OK	/htdocs/application/third_party/omnipay/vendor/google/apiclient-services/src/PlayableLocations/GoogleMapsPlayablelocationsV3SampleFilter.php
OK	/htdocs/application/third_party/omnipay/vendor/google/apiclient-services/src/Playcustomapp/Resource/AccountsCustomApps.php
OK	/htdocs/application/third_party/omnipay/vendor/google/apiclient-services/src/Playdeveloperreporting/GooglePlayDeveloperReportingV1beta1ErrorReport.php
OK	/htdocs/application/third_party/omnipay/vendor/google/apiclient-services/src/Playdeveloperreporting/GooglePlayDeveloperReportingV1beta1QueryCrashRateMetricSetResponse.php
OK	/htdocs/application/third_party/omnipay/vendor/google/apiclient-services/src/Playdeveloperreporting/GooglePlayDeveloperReportingV1beta1ReleaseFilterOptions.php
OK	/htdocs/application/third_party/omnipay/vendor/google/apiclient-services/src/Playdeveloperreporting/Resource/Anomalies.php
OK	/htdocs/application/third_party/omnipay/vendor/google/apiclient-services/src/Playdeveloperreporting/Resource/VitalsStuckbackgroundwakelockrate.php
OK	/htdocs/application/third_party/omnipay/vendor/google/apiclient-services/src/PlayIntegrity/AppAccessRiskVerdict.php
OK	/htdocs/application/third_party/omnipay/vendor/google/apiclient-services/src/PlayIntegrity/TokenPayloadExternal.php
OK	/htdocs/application/third_party/omnipay/vendor/google/apiclient-services/src/PolicyAnalyzer/Resource/FoldersLocations.php
OK	/htdocs/application/third_party/omnipay/vendor/google/apiclient-services/src/PolicySimulator/GoogleCloudOrgpolicyV2CustomConstraint.php
OK	/htdocs/application/third_party/omnipay/vendor/google/apiclient-services/src/PolicySimulator/GoogleCloudPolicysimulatorV1alphaOrgPolicyViolationsPreview.php
OK	/htdocs/application/third_party/omnipay/vendor/google/apiclient-services/src/PolicySimulator/GoogleCloudPolicysimulatorV1betaOrgPolicyViolationsPreviewResourceCounts.php
OK	/htdocs/application/third_party/omnipay/vendor/google/apiclient-services/src/PolicySimulator/GoogleCloudPolicysimulatorV1OrgPolicyViolationsPreview.php
OK	/htdocs/application/third_party/omnipay/vendor/google/apiclient-services/src/PolicySimulator/GoogleIamV1Policy.php
OK	/htdocs/application/third_party/omnipay/vendor/google/apiclient-services/src/PolicySimulator/Resource/FoldersLocationsReplaysResults.php
OK	/htdocs/application/third_party/omnipay/vendor/google/apiclient-services/src/PolicySimulator/Resource/ProjectsLocationsOrgPolicyViolationsPreviews.php
OK	/htdocs/application/third_party/omnipay/vendor/google/apiclient-services/src/PolicyTroubleshooter/GoogleIamV1AuditLogConfig.php
OK	/htdocs/application/third_party/omnipay/vendor/google/apiclient-services/src/Pollen/PlantDescription.php
OK	/htdocs/application/third_party/omnipay/vendor/google/apiclient-services/src/PolyService/ListLikedAssetsResponse.php
OK	/htdocs/application/third_party/omnipay/vendor/google/apiclient-services/src/PolyService/Resource/UsersLikedassets.php
OK	/htdocs/application/third_party/omnipay/vendor/google/apiclient-services/src/PublicCertificateAuthority/Resource/ProjectsLocations.php
OK	/htdocs/application/third_party/omnipay/vendor/google/apiclient-services/src/Pubsub/CloudStorageConfig.php
OK	/htdocs/application/third_party/omnipay/vendor/google/apiclient-services/src/Pubsub/ListSnapshotsResponse.php
OK	/htdocs/application/third_party/omnipay/vendor/google/apiclient-services/src/Pubsub/Policy.php
OK	/htdocs/application/third_party/omnipay/vendor/google/apiclient-services/src/Pubsub/RollbackSchemaRequest.php
OK	/htdocs/application/third_party/omnipay/vendor/google/apiclient-services/src/Pubsub/Topic.php
OK	/htdocs/application/third_party/omnipay/vendor/google/apiclient-services/src/Pubsub/Resource/ProjectsTopics.php
OK	/htdocs/application/third_party/omnipay/vendor/google/apiclient-services/src/PubsubLite/ComputeTimeCursorResponse.php
OK	/htdocs/application/third_party/omnipay/vendor/google/apiclient-services/src/PubsubLite/OperationMetadata.php
OK	/htdocs/application/third_party/omnipay/vendor/google/apiclient-services/src/PubsubLite/TimeTarget.php
OK	/htdocs/application/third_party/omnipay/vendor/google/apiclient-services/src/PubsubLite/Resource/Cursor.php
OK	/htdocs/application/third_party/omnipay/vendor/google/apiclient-services/src/RapidMigrationAssessment/GuestOsScan.php
OK	/htdocs/application/third_party/omnipay/vendor/google/apiclient-services/src/RapidMigrationAssessment/VSphereScan.php
OK	/htdocs/application/third_party/omnipay/vendor/google/apiclient-services/src/RealTimeBidding/AppTargeting.php
OK	/htdocs/application/third_party/omnipay/vendor/google/apiclient-services/src/RealTimeBidding/DestinationNotCrawlableEvidence.php
OK	/htdocs/application/third_party/omnipay/vendor/google/apiclient-services/src/RealTimeBidding/ListBiddersResponse.php
OK	/htdocs/application/third_party/omnipay/vendor/google/apiclient-services/src/RealTimeBidding/PolicyTopicEntry.php
OK	/htdocs/application/third_party/omnipay/vendor/google/apiclient-services/src/RealTimeBidding/UserList.php
OK	/htdocs/application/third_party/omnipay/vendor/google/apiclient-services/src/RealTimeBidding/Resource/BuyersUserLists.php
OK	/htdocs/application/third_party/omnipay/vendor/google/apiclient-services/src/RecaptchaEnterprise/GoogleCloudRecaptchaenterpriseV1EndpointVerificationInfo.php
OK	/htdocs/application/third_party/omnipay/vendor/google/apiclient-services/src/RecaptchaEnterprise/GoogleCloudRecaptchaenterpriseV1FraudPreventionAssessment.php
OK	/htdocs/application/third_party/omnipay/vendor/google/apiclient-services/src/RecaptchaEnterprise/GoogleCloudRecaptchaenterpriseV1ListKeysResponse.php
OK	/htdocs/application/third_party/omnipay/vendor/google/apiclient-services/src/RecaptchaEnterprise/GoogleCloudRecaptchaenterpriseV1ReorderFirewallPoliciesResponse.php
OK	/htdocs/application/third_party/omnipay/vendor/google/apiclient-services/src/RecaptchaEnterprise/GoogleCloudRecaptchaenterpriseV1TransactionDataGatewayInfo.php
OK	/htdocs/application/third_party/omnipay/vendor/google/apiclient-services/src/RecaptchaEnterprise/Resource/ProjectsFirewallpolicies.php
OK	/htdocs/application/third_party/omnipay/vendor/google/apiclient-services/src/RecommendationsAI/GoogleCloudRecommendationengineV1beta1CatalogInlineSource.php
OK	/htdocs/application/third_party/omnipay/vendor/google/apiclient-services/src/RecommendationsAI/GoogleCloudRecommendationengineV1beta1ImportCatalogItemsResponse.php
OK	/htdocs/application/third_party/omnipay/vendor/google/apiclient-services/src/RecommendationsAI/GoogleCloudRecommendationengineV1beta1PredictResponse.php
OK	/htdocs/application/third_party/omnipay/vendor/google/apiclient-services/src/RecommendationsAI/GoogleCloudRecommendationengineV1beta1RejoinUserEventsRequest.php
OK	/htdocs/application/third_party/omnipay/vendor/google/apiclient-services/src/RecommendationsAI/Resource/ProjectsLocationsCatalogs.php
OK	/htdocs/application/third_party/omnipay/vendor/google/apiclient-services/src/Recommender/GoogleCloudRecommenderV1InsightStateInfo.php
OK	/htdocs/application/third_party/omnipay/vendor/google/apiclient-services/src/Recommender/GoogleCloudRecommenderV1Recommendation.php
OK	/htdocs/application/third_party/omnipay/vendor/google/apiclient-services/src/Recommender/Resource/BillingAccountsLocations.php
OK	/htdocs/application/third_party/omnipay/vendor/google/apiclient-services/src/Recommender/Resource/OrganizationsLocations.php
OK	/htdocs/application/third_party/omnipay/vendor/google/apiclient-services/src/RemoteBuildExecution/BuildBazelRemoteExecutionV2ActionCacheUpdateCapabilities.php
OK	/htdocs/application/third_party/omnipay/vendor/google/apiclient-services/src/RemoteBuildExecution/BuildBazelRemoteExecutionV2Digest.php
OK	/htdocs/application/third_party/omnipay/vendor/google/apiclient-services/src/RemoteBuildExecution/BuildBazelRemoteExecutionV2GetTreeResponse.php
OK	/htdocs/application/third_party/omnipay/vendor/google/apiclient-services/src/RemoteBuildExecution/BuildBazelRemoteExecutionV2ResultsCachePolicy.php
OK	/htdocs/application/third_party/omnipay/vendor/google/apiclient-services/src/RemoteBuildExecution/GoogleDevtoolsRemotebuildbotResourceUsageStat.php
OK	/htdocs/application/third_party/omnipay/vendor/google/apiclient-services/src/RemoteBuildExecution/GoogleDevtoolsRemotebuildexecutionAdminV1alphaListInstancesRequest.php
OK	/htdocs/application/third_party/omnipay/vendor/google/apiclient-services/src/RemoteBuildExecution/GoogleDevtoolsRemoteworkersV1test2CommandResult.php
OK	/htdocs/application/third_party/omnipay/vendor/google/apiclient-services/src/RemoteBuildExecution/Resource/ActionResults.php
OK	/htdocs/application/third_party/omnipay/vendor/google/apiclient-services/src/Reports/ActivityId.php
OK	/htdocs/application/third_party/omnipay/vendor/google/apiclient-services/src/Reports/Resource/EntityUsageReports.php
OK	/htdocs/application/third_party/omnipay/vendor/google/apiclient-services/src/Reseller/SubscriptionPlanCommitmentInterval.php
OK	/htdocs/application/third_party/omnipay/vendor/google/apiclient-services/src/ResourceSettings/GoogleCloudResourcesettingsV1ValueStringMap.php
OK	/htdocs/application/third_party/omnipay/vendor/google/apiclient-services/src/SA360/GoogleAdsSearchads360V0CommonAssetUsage.php
OK	/htdocs/application/third_party/omnipay/vendor/google/apiclient-services/src/SA360/GoogleAdsSearchads360V0CommonKeywordInfo.php
OK	/htdocs/application/third_party/omnipay/vendor/google/apiclient-services/src/SA360/GoogleAdsSearchads360V0CommonPercentCpc.php
OK	/htdocs/application/third_party/omnipay/vendor/google/apiclient-services/src/SA360/GoogleAdsSearchads360V0CommonTargetOutrankShare.php
OK	/htdocs/application/third_party/omnipay/vendor/google/apiclient-services/src/SA360/GoogleAdsSearchads360V0CommonValue.php
OK	/htdocs/application/third_party/omnipay/vendor/google/apiclient-services/src/SA360/GoogleAdsSearchads360V0ResourcesAccessibleBiddingStrategyMaximizeConversions.php
OK	/htdocs/application/third_party/omnipay/vendor/google/apiclient-services/src/SA360/GoogleAdsSearchads360V0ResourcesAdGroupAssetSet.php
OK	/htdocs/application/third_party/omnipay/vendor/google/apiclient-services/src/SA360/GoogleAdsSearchads360V0ResourcesAssetGroup.php
OK	/htdocs/application/third_party/omnipay/vendor/google/apiclient-services/src/SA360/GoogleAdsSearchads360V0ResourcesCampaignAssetSet.php
OK	/htdocs/application/third_party/omnipay/vendor/google/apiclient-services/src/SA360/GoogleAdsSearchads360V0ResourcesCampaignTrackingSetting.php
OK	/htdocs/application/third_party/omnipay/vendor/google/apiclient-services/src/SA360/GoogleAdsSearchads360V0ResourcesCustomerAsset.php
OK	/htdocs/application/third_party/omnipay/vendor/google/apiclient-services/src/SA360/GoogleAdsSearchads360V0ResourcesListingGroupFilterDimensionPath.php
OK	/htdocs/application/third_party/omnipay/vendor/google/apiclient-services/src/SA360/GoogleAdsSearchads360V0ResourcesShoppingPerformanceView.php
OK	/htdocs/application/third_party/omnipay/vendor/google/apiclient-services/src/SA360/GoogleAdsSearchads360V0ServicesSearchAds360Row.php
OK	/htdocs/application/third_party/omnipay/vendor/google/apiclient-services/src/Safebrowsing/ClientInfo.php
OK	/htdocs/application/third_party/omnipay/vendor/google/apiclient-services/src/Safebrowsing/GoogleSecuritySafebrowsingV4FetchThreatListUpdatesRequestListUpdateRequest.php
OK	/htdocs/application/third_party/omnipay/vendor/google/apiclient-services/src/Safebrowsing/GoogleSecuritySafebrowsingV4ThreatEntry.php
OK	/htdocs/application/third_party/omnipay/vendor/google/apiclient-services/src/Safebrowsing/GoogleSecuritySafebrowsingV5SearchHashesResponse.php
OK	/htdocs/application/third_party/omnipay/vendor/google/apiclient-services/src/Safebrowsing/ThreatHit.php
OK	/htdocs/application/third_party/omnipay/vendor/google/apiclient-services/src/Safebrowsing/Resource/ThreatListUpdates.php
OK	/htdocs/application/third_party/omnipay/vendor/google/apiclient-services/src/Sasportal/SasPortalDeviceGrant.php
OK	/htdocs/application/third_party/omnipay/vendor/google/apiclient-services/src/Sasportal/SasPortalListDeploymentsResponse.php
OK	/htdocs/application/third_party/omnipay/vendor/google/apiclient-services/src/Sasportal/SasPortalNrqzValidation.php
OK	/htdocs/application/third_party/omnipay/vendor/google/apiclient-services/src/Sasportal/SasPortalTestPermissionsRequest.php
OK	/htdocs/application/third_party/omnipay/vendor/google/apiclient-services/src/Sasportal/Resource/CustomersNodesNodes.php
OK	/htdocs/application/third_party/omnipay/vendor/google/apiclient-services/src/Sasportal/Resource/Policies.php
OK	/htdocs/application/third_party/omnipay/vendor/google/apiclient-services/src/SASPortalTesting/SasPortalDeviceMetadata.php
OK	/htdocs/application/third_party/omnipay/vendor/google/apiclient-services/src/SASPortalTesting/SasPortalListDevicesResponse.php
OK	/htdocs/application/third_party/omnipay/vendor/google/apiclient-services/src/SASPortalTesting/SasPortalOperation.php
OK	/htdocs/application/third_party/omnipay/vendor/google/apiclient-services/src/SASPortalTesting/SasPortalTestPermissionsResponse.php
OK	/htdocs/application/third_party/omnipay/vendor/google/apiclient-services/src/SASPortalTesting/Resource/Deployments.php
OK	/htdocs/application/third_party/omnipay/vendor/google/apiclient-services/src/SASPortalTesting/Resource/Provisioning.php
OK	/htdocs/application/third_party/omnipay/vendor/google/apiclient-services/src/Script/GoogleAppsScriptTypeExecutionApiEntryPoint.php
OK	/htdocs/application/third_party/omnipay/vendor/google/apiclient-services/src/Script/Metrics.php
OK	/htdocs/application/third_party/omnipay/vendor/google/apiclient-services/src/Script/Version.php
OK	/htdocs/application/third_party/omnipay/vendor/google/apiclient-services/src/SearchConsole/DetectedItems.php
OK	/htdocs/application/third_party/omnipay/vendor/google/apiclient-services/src/SearchConsole/RunMobileFriendlyTestRequest.php
OK	/htdocs/application/third_party/omnipay/vendor/google/apiclient-services/src/SearchConsole/Resource/Sitemaps.php
OK	/htdocs/application/third_party/omnipay/vendor/google/apiclient-services/src/SecretManager/Binding.php
OK	/htdocs/application/third_party/omnipay/vendor/google/apiclient-services/src/SecretManager/Replica.php
OK	/htdocs/application/third_party/omnipay/vendor/google/apiclient-services/src/SecretManager/Topic.php
OK	/htdocs/application/third_party/omnipay/vendor/google/apiclient-services/src/SecurityCommandCenter/Allowed.php
OK	/htdocs/application/third_party/omnipay/vendor/google/apiclient-services/src/SecurityCommandCenter/AuditLogConfig.php
OK	/htdocs/application/third_party/omnipay/vendor/google/apiclient-services/src/SecurityCommandCenter/BatchCreateResourceValueConfigsResponse.php
OK	/htdocs/application/third_party/omnipay/vendor/google/apiclient-services/src/SecurityCommandCenter/ContactDetails.php
OK	/htdocs/application/third_party/omnipay/vendor/google/apiclient-services/src/SecurityCommandCenter/Detection.php
OK	/htdocs/application/third_party/omnipay/vendor/google/apiclient-services/src/SecurityCommandCenter/Folder.php
OK	/htdocs/application/third_party/omnipay/vendor/google/apiclient-services/src/SecurityCommandCenter/GoogleCloudSecuritycenterV1ExposedResource.php
OK	/htdocs/application/third_party/omnipay/vendor/google/apiclient-services/src/SecurityCommandCenter/GoogleCloudSecuritycenterV1Resource.php
OK	/htdocs/application/third_party/omnipay/vendor/google/apiclient-services/src/SecurityCommandCenter/GoogleCloudSecuritycenterV2AttackExposure.php
OK	/htdocs/application/third_party/omnipay/vendor/google/apiclient-services/src/SecurityCommandCenter/GoogleCloudSecuritycenterV2Binding.php
OK	/htdocs/application/third_party/omnipay/vendor/google/apiclient-services/src/SecurityCommandCenter/GoogleCloudSecuritycenterV2Cvssv3.php
OK	/htdocs/application/third_party/omnipay/vendor/google/apiclient-services/src/SecurityCommandCenter/GoogleCloudSecuritycenterV2Exfiltration.php
OK	/htdocs/application/third_party/omnipay/vendor/google/apiclient-services/src/SecurityCommandCenter/GoogleCloudSecuritycenterV2IssueDomain.php
OK	/htdocs/application/third_party/omnipay/vendor/google/apiclient-services/src/SecurityCommandCenter/GoogleCloudSecuritycenterV2IssueSecurityContextAggregatedCount.php
OK	/htdocs/application/third_party/omnipay/vendor/google/apiclient-services/src/SecurityCommandCenter/GoogleCloudSecuritycenterV2Network.php
OK	/htdocs/application/third_party/omnipay/vendor/google/apiclient-services/src/SecurityCommandCenter/GoogleCloudSecuritycenterV2ProcessSignature.php
OK	/htdocs/application/third_party/omnipay/vendor/google/apiclient-services/src/SecurityCommandCenter/GoogleCloudSecuritycenterV2SensitiveDataProtectionMapping.php
OK	/htdocs/application/third_party/omnipay/vendor/google/apiclient-services/src/SecurityCommandCenter/GroupMembership.php
OK	/htdocs/application/third_party/omnipay/vendor/google/apiclient-services/src/SecurityCommandCenter/ListAssetsResult.php
OK	/htdocs/application/third_party/omnipay/vendor/google/apiclient-services/src/SecurityCommandCenter/ListOperationsResponse.php
OK	/htdocs/application/third_party/omnipay/vendor/google/apiclient-services/src/SecurityCommandCenter/NodePool.php
OK	/htdocs/application/third_party/omnipay/vendor/google/apiclient-services/src/SecurityCommandCenter/PortRange.php
OK	/htdocs/application/third_party/omnipay/vendor/google/apiclient-services/src/SecurityCommandCenter/SecuritycenterEmpty.php
OK	/htdocs/application/third_party/omnipay/vendor/google/apiclient-services/src/SecurityCommandCenter/SimulatedResource.php
OK	/htdocs/application/third_party/omnipay/vendor/google/apiclient-services/src/SecurityCommandCenter/TicketInfo.php
OK	/htdocs/application/third_party/omnipay/vendor/google/apiclient-services/src/SecurityCommandCenter/Resource/FoldersEventThreatDetectionSettings.php
OK	/htdocs/application/third_party/omnipay/vendor/google/apiclient-services/src/SecurityCommandCenter/Resource/FoldersSourcesFindings.php
OK	/htdocs/application/third_party/omnipay/vendor/google/apiclient-services/src/SecurityCommandCenter/Resource/OrganizationsMuteConfigs.php
OK	/htdocs/application/third_party/omnipay/vendor/google/apiclient-services/src/SecurityCommandCenter/Resource/OrganizationsSimulationsValuedResources.php
OK	/htdocs/application/third_party/omnipay/vendor/google/apiclient-services/src/SecurityCommandCenter/Resource/ProjectsFindings.php
OK	/htdocs/application/third_party/omnipay/vendor/google/apiclient-services/src/SecurityPosture/CancelOperationRequest.php
OK	/htdocs/application/third_party/omnipay/vendor/google/apiclient-services/src/SecurityPosture/IaCValidationReport.php
OK	/htdocs/application/third_party/omnipay/vendor/google/apiclient-services/src/SecurityPosture/OrgPolicyConstraintCustom.php
OK	/htdocs/application/third_party/omnipay/vendor/google/apiclient-services/src/SecurityPosture/SecurityHealthAnalyticsCustomModule.php
OK	/htdocs/application/third_party/omnipay/vendor/google/apiclient-services/src/SecurityPosture/Resource/Projects.php
OK	/htdocs/application/third_party/omnipay/vendor/google/apiclient-services/src/SemanticTile/Relation.php
OK	/htdocs/application/third_party/omnipay/vendor/google/apiclient-services/src/ServerlessVPCAccess/Connector.php
OK	/htdocs/application/third_party/omnipay/vendor/google/apiclient-services/src/ServerlessVPCAccess/Resource/ProjectsLocations.php
OK	/htdocs/application/third_party/omnipay/vendor/google/apiclient-services/src/ServiceConsumerManagement/Backend.php
OK	/htdocs/application/third_party/omnipay/vendor/google/apiclient-services/src/ServiceConsumerManagement/CreateTenancyUnitRequest.php
OK	/htdocs/application/third_party/omnipay/vendor/google/apiclient-services/src/ServiceConsumerManagement/Field.php
OK	/htdocs/application/third_party/omnipay/vendor/google/apiclient-services/src/ServiceConsumerManagement/LoggingDestination.php
OK	/htdocs/application/third_party/omnipay/vendor/google/apiclient-services/src/ServiceConsumerManagement/NodeSettings.php
OK	/htdocs/application/third_party/omnipay/vendor/google/apiclient-services/src/ServiceConsumerManagement/RubySettings.php
OK	/htdocs/application/third_party/omnipay/vendor/google/apiclient-services/src/ServiceConsumerManagement/TenancyUnit.php
OK	/htdocs/application/third_party/omnipay/vendor/google/apiclient-services/src/ServiceConsumerManagement/V1Beta1GenerateServiceIdentityResponse.php
OK	/htdocs/application/third_party/omnipay/vendor/google/apiclient-services/src/ServiceConsumerManagement/V1RefreshConsumerResponse.php
OK	/htdocs/application/third_party/omnipay/vendor/google/apiclient-services/src/ServiceControl/CheckRequest.php
OK	/htdocs/application/third_party/omnipay/vendor/google/apiclient-services/src/ServiceControl/ResourceLocation.php
OK	/htdocs/application/third_party/omnipay/vendor/google/apiclient-services/src/ServiceControl/V2LogEntrySourceLocation.php
OK	/htdocs/application/third_party/omnipay/vendor/google/apiclient-services/src/ServiceDirectory/ListServicesResponse.php
OK	/htdocs/application/third_party/omnipay/vendor/google/apiclient-services/src/ServiceDirectory/Resource/ProjectsLocations.php
OK	/htdocs/application/third_party/omnipay/vendor/google/apiclient-services/src/ServiceManagement/AuthRequirement.php
OK	/htdocs/application/third_party/omnipay/vendor/google/apiclient-services/src/ServiceManagement/ConfigSource.php
OK	/htdocs/application/third_party/omnipay/vendor/google/apiclient-services/src/ServiceManagement/DotnetSettings.php
OK	/htdocs/application/third_party/omnipay/vendor/google/apiclient-services/src/ServiceManagement/GetIamPolicyRequest.php
OK	/htdocs/application/third_party/omnipay/vendor/google/apiclient-services/src/ServiceManagement/LogDescriptor.php
OK	/htdocs/application/third_party/omnipay/vendor/google/apiclient-services/src/ServiceManagement/MonitoredResourceDescriptor.php
OK	/htdocs/application/third_party/omnipay/vendor/google/apiclient-services/src/ServiceManagement/Publishing.php
OK	/htdocs/application/third_party/omnipay/vendor/google/apiclient-services/src/ServiceManagement/Status.php
OK	/htdocs/application/third_party/omnipay/vendor/google/apiclient-services/src/ServiceManagement/Usage.php
OK	/htdocs/application/third_party/omnipay/vendor/google/apiclient-services/src/ServiceNetworking/AddRolesMetadata.php
OK	/htdocs/application/third_party/omnipay/vendor/google/apiclient-services/src/ServiceNetworking/Billing.php
OK	/htdocs/application/third_party/omnipay/vendor/google/apiclient-services/src/ServiceNetworking/Control.php
OK	/htdocs/application/third_party/omnipay/vendor/google/apiclient-services/src/ServiceNetworking/Documentation.php
OK	/htdocs/application/third_party/omnipay/vendor/google/apiclient-services/src/ServiceNetworking/GoogleCloudServicenetworkingV1betaSubnetwork.php
OK	/htdocs/application/third_party/omnipay/vendor/google/apiclient-services/src/ServiceNetworking/ListPeeredDnsDomainsResponse.php
OK	/htdocs/application/third_party/omnipay/vendor/google/apiclient-services/src/ServiceNetworking/MonitoredResourceDescriptor.php
OK	/htdocs/application/third_party/omnipay/vendor/google/apiclient-services/src/ServiceNetworking/PolicyBinding.php
OK	/htdocs/application/third_party/omnipay/vendor/google/apiclient-services/src/ServiceNetworking/RemoveDnsZoneResponse.php
OK	/htdocs/application/third_party/omnipay/vendor/google/apiclient-services/src/ServiceNetworking/Subnetwork.php
OK	/htdocs/application/third_party/omnipay/vendor/google/apiclient-services/src/ServiceNetworking/VpcServiceControls.php
OK	/htdocs/application/third_party/omnipay/vendor/google/apiclient-services/src/ServiceNetworking/Resource/ServicesProjectsServicenetworkingGlobalNetworksDnsZones.php
OK	/htdocs/application/third_party/omnipay/vendor/google/apiclient-services/src/ServiceUsage/Api.php
OK	/htdocs/application/third_party/omnipay/vendor/google/apiclient-services/src/ServiceUsage/BatchGetServicesResponse.php
OK	/htdocs/application/third_party/omnipay/vendor/google/apiclient-services/src/ServiceUsage/CustomError.php
OK	/htdocs/application/third_party/omnipay/vendor/google/apiclient-services/src/ServiceUsage/EnableServiceResponse.php
OK	/htdocs/application/third_party/omnipay/vendor/google/apiclient-services/src/ServiceUsage/GoogleApiServiceusageV1OperationMetadata.php
OK	/htdocs/application/third_party/omnipay/vendor/google/apiclient-services/src/ServiceUsage/GoogleApiServiceusageV2betaImpact.php
OK	/htdocs/application/third_party/omnipay/vendor/google/apiclient-services/src/ServiceUsage/ImportConsumerOverridesResponse.php
OK	/htdocs/application/third_party/omnipay/vendor/google/apiclient-services/src/ServiceUsage/MethodSettings.php
OK	/htdocs/application/third_party/omnipay/vendor/google/apiclient-services/src/ServiceUsage/Option.php
OK	/htdocs/application/third_party/omnipay/vendor/google/apiclient-services/src/ServiceUsage/ServiceIdentity.php
OK	/htdocs/application/third_party/omnipay/vendor/google/apiclient-services/src/ServiceUsage/UpdateConsumerPolicyLROMetadata.php
OK	/htdocs/application/third_party/omnipay/vendor/google/apiclient-services/src/Sheets/AddDataSourceRequest.php
OK	/htdocs/application/third_party/omnipay/vendor/google/apiclient-services/src/Sheets/AddSlicerRequest.php
OK	/htdocs/application/third_party/omnipay/vendor/google/apiclient-services/src/Sheets/BasicChartSeries.php
OK	/htdocs/application/third_party/omnipay/vendor/google/apiclient-services/src/Sheets/BatchUpdateSpreadsheetResponse.php
OK	/htdocs/application/third_party/omnipay/vendor/google/apiclient-services/src/Sheets/BubbleChartSpec.php
OK	/htdocs/application/third_party/omnipay/vendor/google/apiclient-services/src/Sheets/ChartData.php
OK	/htdocs/application/third_party/omnipay/vendor/google/apiclient-services/src/Sheets/ConditionValue.php
OK	/htdocs/application/third_party/omnipay/vendor/google/apiclient-services/src/Sheets/DataSourceColumn.php
OK	/htdocs/application/third_party/omnipay/vendor/google/apiclient-services/src/Sheets/DataSourceSpec.php
OK	/htdocs/application/third_party/omnipay/vendor/google/apiclient-services/src/Sheets/DeleteDimensionRequest.php
OK	/htdocs/application/third_party/omnipay/vendor/google/apiclient-services/src/Sheets/DimensionGroup.php
OK	/htdocs/application/third_party/omnipay/vendor/google/apiclient-services/src/Sheets/ExtendedValue.php
OK	/htdocs/application/third_party/omnipay/vendor/google/apiclient-services/src/Sheets/HistogramChartSpec.php
OK	/htdocs/application/third_party/omnipay/vendor/google/apiclient-services/src/Sheets/ManualRule.php
OK	/htdocs/application/third_party/omnipay/vendor/google/apiclient-services/src/Sheets/PieChartSpec.php
OK	/htdocs/application/third_party/omnipay/vendor/google/apiclient-services/src/Sheets/RandomizeRangeRequest.php
OK	/htdocs/application/third_party/omnipay/vendor/google/apiclient-services/src/Sheets/SetBasicFilterRequest.php
OK	/htdocs/application/third_party/omnipay/vendor/google/apiclient-services/src/Sheets/TextFormat.php
OK	/htdocs/application/third_party/omnipay/vendor/google/apiclient-services/src/Sheets/UpdateBandingRequest.php
OK	/htdocs/application/third_party/omnipay/vendor/google/apiclient-services/src/Sheets/UpdateEmbeddedObjectBorderRequest.php
OK	/htdocs/application/third_party/omnipay/vendor/google/apiclient-services/src/Sheets/WaterfallChartColumnStyle.php
OK	/htdocs/application/third_party/omnipay/vendor/google/apiclient-services/src/ShoppingContent/AccountAutomaticImprovements.php
OK	/htdocs/application/third_party/omnipay/vendor/google/apiclient-services/src/ShoppingContent/AccountIssueImpact.php
OK	/htdocs/application/third_party/omnipay/vendor/google/apiclient-services/src/ShoppingContent/AccountShippingImprovements.php
OK	/htdocs/application/third_party/omnipay/vendor/google/apiclient-services/src/ShoppingContent/AccountStatusItemLevelIssue.php
OK	/htdocs/application/third_party/omnipay/vendor/google/apiclient-services/src/ShoppingContent/AccountUser.php
OK	/htdocs/application/third_party/omnipay/vendor/google/apiclient-services/src/ShoppingContent/BestSellers.php
OK	/htdocs/application/third_party/omnipay/vendor/google/apiclient-services/src/ShoppingContent/CaptureOrderResponse.php
OK	/htdocs/application/third_party/omnipay/vendor/google/apiclient-services/src/ShoppingContent/Css.php
OK	/htdocs/application/third_party/omnipay/vendor/google/apiclient-services/src/ShoppingContent/DatafeedsCustomBatchResponseEntry.php
OK	/htdocs/application/third_party/omnipay/vendor/google/apiclient-services/src/ShoppingContent/Date.php
OK	/htdocs/application/third_party/omnipay/vendor/google/apiclient-services/src/ShoppingContent/FreeListingsProgramStatusReviewIneligibilityReasonDetails.php
OK	/htdocs/application/third_party/omnipay/vendor/google/apiclient-services/src/ShoppingContent/InputFieldChoiceInput.php
OK	/htdocs/application/third_party/omnipay/vendor/google/apiclient-services/src/ShoppingContent/LiaAboutPageSettings.php
OK	/htdocs/application/third_party/omnipay/vendor/google/apiclient-services/src/ShoppingContent/LiasettingsListPosDataProvidersResponse.php
OK	/htdocs/application/third_party/omnipay/vendor/google/apiclient-services/src/ShoppingContent/ListCollectionStatusesResponse.php
OK	/htdocs/application/third_party/omnipay/vendor/google/apiclient-services/src/ShoppingContent/LocalinventoryCustomBatchRequestEntry.php
OK	/htdocs/application/third_party/omnipay/vendor/google/apiclient-services/src/ShoppingContent/MinimumOrderValueTable.php
OK	/htdocs/application/third_party/omnipay/vendor/google/apiclient-services/src/ShoppingContent/OrderinvoicesCreateChargeInvoiceResponse.php
OK	/htdocs/application/third_party/omnipay/vendor/google/apiclient-services/src/ShoppingContent/OrderLineItemShippingDetailsMethod.php
OK	/htdocs/application/third_party/omnipay/vendor/google/apiclient-services/src/ShoppingContent/OrderReturn.php
OK	/htdocs/application/third_party/omnipay/vendor/google/apiclient-services/src/ShoppingContent/OrderreturnsReturnItem.php
OK	/htdocs/application/third_party/omnipay/vendor/google/apiclient-services/src/ShoppingContent/OrdersCreateTestReturnRequest.php
OK	/htdocs/application/third_party/omnipay/vendor/google/apiclient-services/src/ShoppingContent/OrdersInStoreRefundLineItemRequest.php
OK	/htdocs/application/third_party/omnipay/vendor/google/apiclient-services/src/ShoppingContent/OrdersSetLineItemMetadataResponse.php
OK	/htdocs/application/third_party/omnipay/vendor/google/apiclient-services/src/ShoppingContent/OrderTrackingSignalShippingInfo.php
OK	/htdocs/application/third_party/omnipay/vendor/google/apiclient-services/src/ShoppingContent/PosInventoryRequest.php
OK	/htdocs/application/third_party/omnipay/vendor/google/apiclient-services/src/ShoppingContent/PriceInsights.php
OK	/htdocs/application/third_party/omnipay/vendor/google/apiclient-services/src/ShoppingContent/ProductProductDetail.php
OK	/htdocs/application/third_party/omnipay/vendor/google/apiclient-services/src/ShoppingContent/ProductstatusesCustomBatchRequestEntry.php
OK	/htdocs/application/third_party/omnipay/vendor/google/apiclient-services/src/ShoppingContent/ProductView.php
OK	/htdocs/application/third_party/omnipay/vendor/google/apiclient-services/src/ShoppingContent/Recommendation.php
OK	/htdocs/application/third_party/omnipay/vendor/google/apiclient-services/src/ShoppingContent/RegionPostalCodeArea.php
OK	/htdocs/application/third_party/omnipay/vendor/google/apiclient-services/src/ShoppingContent/RepricingRuleEffectiveTime.php
OK	/htdocs/application/third_party/omnipay/vendor/google/apiclient-services/src/ShoppingContent/RequestReviewFreeListingsRequest.php
OK	/htdocs/application/third_party/omnipay/vendor/google/apiclient-services/src/ShoppingContent/ReturnpolicyCustomBatchResponse.php
OK	/htdocs/application/third_party/omnipay/vendor/google/apiclient-services/src/ShoppingContent/ReturnShippingLabel.php
OK	/htdocs/application/third_party/omnipay/vendor/google/apiclient-services/src/ShoppingContent/SettlementTransactionAmount.php
OK	/htdocs/application/third_party/omnipay/vendor/google/apiclient-services/src/ShoppingContent/ShippingsettingsCustomBatchResponseEntry.php
OK	/htdocs/application/third_party/omnipay/vendor/google/apiclient-services/src/ShoppingContent/TestOrderLineItem.php
OK	/htdocs/application/third_party/omnipay/vendor/google/apiclient-services/src/ShoppingContent/TriggerActionResponse.php
OK	/htdocs/application/third_party/omnipay/vendor/google/apiclient-services/src/ShoppingContent/Weight.php
OK	/htdocs/application/third_party/omnipay/vendor/google/apiclient-services/src/ShoppingContent/Resource/Collectionstatuses.php
OK	/htdocs/application/third_party/omnipay/vendor/google/apiclient-services/src/ShoppingContent/Resource/Orderreports.php
OK	/htdocs/application/third_party/omnipay/vendor/google/apiclient-services/src/ShoppingContent/Resource/Quotas.php
OK	/htdocs/application/third_party/omnipay/vendor/google/apiclient-services/src/ShoppingContent/Resource/Shippingsettings.php
OK	/htdocs/application/third_party/omnipay/vendor/google/apiclient-services/src/Slides/BatchUpdatePresentationRequest.php
OK	/htdocs/application/third_party/omnipay/vendor/google/apiclient-services/src/Slides/CreateSheetsChartRequest.php
OK	/htdocs/application/third_party/omnipay/vendor/google/apiclient-services/src/Slides/DeleteTableRowRequest.php
OK	/htdocs/application/third_party/omnipay/vendor/google/apiclient-services/src/Slides/InsertTextRequest.php
OK	/htdocs/application/third_party/omnipay/vendor/google/apiclient-services/src/Slides/NotesProperties.php
OK	/htdocs/application/third_party/omnipay/vendor/google/apiclient-services/src/Slides/Placeholder.php
OK	/htdocs/application/third_party/omnipay/vendor/google/apiclient-services/src/Slides/Request.php
OK	/htdocs/application/third_party/omnipay/vendor/google/apiclient-services/src/Slides/SlidesList.php
OK	/htdocs/application/third_party/omnipay/vendor/google/apiclient-services/src/Slides/TableCellBackgroundFill.php
OK	/htdocs/application/third_party/omnipay/vendor/google/apiclient-services/src/Slides/Thumbnail.php
OK	/htdocs/application/third_party/omnipay/vendor/google/apiclient-services/src/Slides/UpdateSlidePropertiesRequest.php
OK	/htdocs/application/third_party/omnipay/vendor/google/apiclient-services/src/Slides/WriteControl.php
OK	/htdocs/application/third_party/omnipay/vendor/google/apiclient-services/src/SmartDeviceManagement/Resource/Enterprises.php
OK	/htdocs/application/third_party/omnipay/vendor/google/apiclient-services/src/Solar/LatLng.php
OK	/htdocs/application/third_party/omnipay/vendor/google/apiclient-services/src/Solar/Resource/DataLayers.php
OK	/htdocs/application/third_party/omnipay/vendor/google/apiclient-services/src/Spanner/BackupSchedule.php
OK	/htdocs/application/third_party/omnipay/vendor/google/apiclient-services/src/Spanner/CommitResponse.php
OK	/htdocs/application/third_party/omnipay/vendor/google/apiclient-services/src/Spanner/CreateInstanceMetadata.php
OK	/htdocs/application/third_party/omnipay/vendor/google/apiclient-services/src/Spanner/DirectedReadOptions.php
OK	/htdocs/application/third_party/omnipay/vendor/google/apiclient-services/src/Spanner/GetDatabaseDdlResponse.php
OK	/htdocs/application/third_party/omnipay/vendor/google/apiclient-services/src/Spanner/InstanceReplicaSelection.php
OK	/htdocs/application/third_party/omnipay/vendor/google/apiclient-services/src/Spanner/ListInstanceConfigOperationsResponse.php
OK	/htdocs/application/third_party/omnipay/vendor/google/apiclient-services/src/Spanner/MoveInstanceRequest.php
OK	/htdocs/application/third_party/omnipay/vendor/google/apiclient-services/src/Spanner/PartitionReadRequest.php
OK	/htdocs/application/third_party/omnipay/vendor/google/apiclient-services/src/Spanner/ReplicaComputeCapacity.php
OK	/htdocs/application/third_party/omnipay/vendor/google/apiclient-services/src/Spanner/Scan.php
OK	/htdocs/application/third_party/omnipay/vendor/google/apiclient-services/src/Spanner/TestIamPermissionsRequest.php
OK	/htdocs/application/third_party/omnipay/vendor/google/apiclient-services/src/Spanner/UpdateInstanceMetadata.php
OK	/htdocs/application/third_party/omnipay/vendor/google/apiclient-services/src/Spanner/Resource/ProjectsInstances.php
OK	/htdocs/application/third_party/omnipay/vendor/google/apiclient-services/src/Spanner/Resource/ProjectsInstancesInstancePartitionsOperations.php
OK	/htdocs/application/third_party/omnipay/vendor/google/apiclient-services/src/Speech/LongRunningRecognizeMetadata.php
OK	/htdocs/application/third_party/omnipay/vendor/google/apiclient-services/src/Speech/SpeechAdaptation.php
OK	/htdocs/application/third_party/omnipay/vendor/google/apiclient-services/src/Speech/Resource/ProjectsLocations.php
OK	/htdocs/application/third_party/omnipay/vendor/google/apiclient-services/src/SQLAdmin/BackupReencryptionConfig.php
OK	/htdocs/application/third_party/omnipay/vendor/google/apiclient-services/src/SQLAdmin/DataCacheConfig.php
OK	/htdocs/application/third_party/omnipay/vendor/google/apiclient-services/src/SQLAdmin/ExportContextSqlExportOptionsMysqlExportOptions.php
OK	/htdocs/application/third_party/omnipay/vendor/google/apiclient-services/src/SQLAdmin/ImportContextBakImportOptionsEncryptionOptions.php
OK	/htdocs/application/third_party/omnipay/vendor/google/apiclient-services/src/SQLAdmin/InstancesFailoverRequest.php
OK	/htdocs/application/third_party/omnipay/vendor/google/apiclient-services/src/SQLAdmin/IpMapping.php
OK	/htdocs/application/third_party/omnipay/vendor/google/apiclient-services/src/SQLAdmin/PasswordStatus.php
OK	/htdocs/application/third_party/omnipay/vendor/google/apiclient-services/src/SQLAdmin/Settings.php
OK	/htdocs/application/third_party/omnipay/vendor/google/apiclient-services/src/SQLAdmin/SqlInstancesVerifyExternalSyncSettingsResponse.php
OK	/htdocs/application/third_party/omnipay/vendor/google/apiclient-services/src/SQLAdmin/SslCertsListResponse.php
OK	/htdocs/application/third_party/omnipay/vendor/google/apiclient-services/src/SQLAdmin/Resource/Flags.php
OK	/htdocs/application/third_party/omnipay/vendor/google/apiclient-services/src/Storage/Bucket.php
OK	/htdocs/application/third_party/omnipay/vendor/google/apiclient-services/src/Storage/BucketIamConfigurationUniformBucketLevelAccess.php
OK	/htdocs/application/third_party/omnipay/vendor/google/apiclient-services/src/Storage/Buckets.php
OK	/htdocs/application/third_party/omnipay/vendor/google/apiclient-services/src/Storage/Expr.php
OK	/htdocs/application/third_party/omnipay/vendor/google/apiclient-services/src/Storage/Notification.php
OK	/htdocs/application/third_party/omnipay/vendor/google/apiclient-services/src/Storage/StorageObject.php
OK	/htdocs/application/third_party/omnipay/vendor/google/apiclient-services/src/Storage/Resource/ManagedFolders.php
OK	/htdocs/application/third_party/omnipay/vendor/google/apiclient-services/src/Storagetransfer/AzureBlobStorageData.php
OK	/htdocs/application/third_party/omnipay/vendor/google/apiclient-services/src/Storagetransfer/HdfsData.php
OK	/htdocs/application/third_party/omnipay/vendor/google/apiclient-services/src/Storagetransfer/ObjectPrefix.php
OK	/htdocs/application/third_party/omnipay/vendor/google/apiclient-services/src/Storagetransfer/TimeOfDay.php
OK	/htdocs/application/third_party/omnipay/vendor/google/apiclient-services/src/Storagetransfer/Resource/TransferOperations.php
OK	/htdocs/application/third_party/omnipay/vendor/google/apiclient-services/src/StreetViewPublish/LatLngBounds.php
OK	/htdocs/application/third_party/omnipay/vendor/google/apiclient-services/src/StreetViewPublish/Place.php
OK	/htdocs/application/third_party/omnipay/vendor/google/apiclient-services/src/SubscriptionLinking/Entitlement.php
OK	/htdocs/application/third_party/omnipay/vendor/google/apiclient-services/src/TagManager/ContainerAccess.php
OK	/htdocs/application/third_party/omnipay/vendor/google/apiclient-services/src/TagManager/FolderEntities.php
OK	/htdocs/application/third_party/omnipay/vendor/google/apiclient-services/src/TagManager/ListFoldersResponse.php
OK	/htdocs/application/third_party/omnipay/vendor/google/apiclient-services/src/TagManager/PublishContainerVersionResponse.php
OK	/htdocs/application/third_party/omnipay/vendor/google/apiclient-services/src/TagManager/SyncStatus.php
OK	/htdocs/application/third_party/omnipay/vendor/google/apiclient-services/src/TagManager/ZoneBoundary.php
OK	/htdocs/application/third_party/omnipay/vendor/google/apiclient-services/src/TagManager/Resource/AccountsContainersWorkspacesFolders.php
OK	/htdocs/application/third_party/omnipay/vendor/google/apiclient-services/src/Tasks/Task.php
OK	/htdocs/application/third_party/omnipay/vendor/google/apiclient-services/src/Testing/AndroidMatrix.php
OK	/htdocs/application/third_party/omnipay/vendor/google/apiclient-services/src/Testing/ClientInfo.php
OK	/htdocs/application/third_party/omnipay/vendor/google/apiclient-services/src/Testing/FileReference.php
OK	/htdocs/application/third_party/omnipay/vendor/google/apiclient-services/src/Testing/IosTestLoop.php
OK	/htdocs/application/third_party/omnipay/vendor/google/apiclient-services/src/Testing/NetworkConfigurationCatalog.php
OK	/htdocs/application/third_party/omnipay/vendor/google/apiclient-services/src/Testing/SessionStateEvent.php
OK	/htdocs/application/third_party/omnipay/vendor/google/apiclient-services/src/Testing/TestSpecification.php
OK	/htdocs/application/third_party/omnipay/vendor/google/apiclient-services/src/Testing/Resource/ProjectsDeviceSessions.php
OK	/htdocs/application/third_party/omnipay/vendor/google/apiclient-services/src/Texttospeech/ImportDataRequest.php
OK	/htdocs/application/third_party/omnipay/vendor/google/apiclient-services/src/Texttospeech/SynthesizeSpeechResponse.php
OK	/htdocs/application/third_party/omnipay/vendor/google/apiclient-services/src/Texttospeech/Resource/Text.php
OK	/htdocs/application/third_party/omnipay/vendor/google/apiclient-services/src/ToolResults/BasicPerfSampleSeries.php
OK	/htdocs/application/third_party/omnipay/vendor/google/apiclient-services/src/ToolResults/EnvironmentDimensionValueEntry.php
OK	/htdocs/application/third_party/omnipay/vendor/google/apiclient-services/src/ToolResults/IndividualOutcome.php
OK	/htdocs/application/third_party/omnipay/vendor/google/apiclient-services/src/ToolResults/ListPerfSampleSeriesResponse.php
OK	/htdocs/application/third_party/omnipay/vendor/google/apiclient-services/src/ToolResults/NativeCrash.php
OK	/htdocs/application/third_party/omnipay/vendor/google/apiclient-services/src/ToolResults/PerfSample.php
OK	/htdocs/application/third_party/omnipay/vendor/google/apiclient-services/src/ToolResults/SkippedDetail.php
OK	/htdocs/application/third_party/omnipay/vendor/google/apiclient-services/src/ToolResults/TestCase.php
OK	/htdocs/application/third_party/omnipay/vendor/google/apiclient-services/src/ToolResults/UIElementTooDeep.php
OK	/htdocs/application/third_party/omnipay/vendor/google/apiclient-services/src/ToolResults/Resource/ProjectsHistoriesExecutionsStepsPerfMetricsSummary.php
OK	/htdocs/application/third_party/omnipay/vendor/google/apiclient-services/src/TPU/DeletingData.php
OK	/htdocs/application/third_party/omnipay/vendor/google/apiclient-services/src/TPU/ListLocationsResponse.php
OK	/htdocs/application/third_party/omnipay/vendor/google/apiclient-services/src/TPU/Operation.php
OK	/htdocs/application/third_party/omnipay/vendor/google/apiclient-services/src/TPU/ShieldedInstanceConfig.php
OK	/htdocs/application/third_party/omnipay/vendor/google/apiclient-services/src/TPU/Resource/ProjectsLocations.php
OK	/htdocs/application/third_party/omnipay/vendor/google/apiclient-services/src/TrafficDirectorService/ClustersConfigDump.php
OK	/htdocs/application/third_party/omnipay/vendor/google/apiclient-services/src/TrafficDirectorService/Extension.php
OK	/htdocs/application/third_party/omnipay/vendor/google/apiclient-services/src/TrafficDirectorService/PerXdsConfig.php
OK	/htdocs/application/third_party/omnipay/vendor/google/apiclient-services/src/TrafficDirectorService/StructMatcher.php
OK	/htdocs/application/third_party/omnipay/vendor/google/apiclient-services/src/Transcoder/AudioAtom.php
OK	/htdocs/application/third_party/omnipay/vendor/google/apiclient-services/src/Transcoder/Denoise.php
OK	/htdocs/application/third_party/omnipay/vendor/google/apiclient-services/src/Transcoder/H265ColorFormatHDR10.php
OK	/htdocs/application/third_party/omnipay/vendor/google/apiclient-services/src/Transcoder/MuxStream.php
OK	/htdocs/application/third_party/omnipay/vendor/google/apiclient-services/src/Transcoder/SecretManagerSource.php
OK	/htdocs/application/third_party/omnipay/vendor/google/apiclient-services/src/Transcoder/Vp9ColorFormatSDR.php
OK	/htdocs/application/third_party/omnipay/vendor/google/apiclient-services/src/Translate/AdaptiveMtTranslation.php
OK	/htdocs/application/third_party/omnipay/vendor/google/apiclient-services/src/Translate/DocumentInputConfig.php
OK	/htdocs/application/third_party/omnipay/vendor/google/apiclient-services/src/Translate/GlossaryEntry.php
OK	/htdocs/application/third_party/omnipay/vendor/google/apiclient-services/src/Translate/ListAdaptiveMtDatasetsResponse.php
OK	/htdocs/application/third_party/omnipay/vendor/google/apiclient-services/src/Translate/Operation.php
OK	/htdocs/application/third_party/omnipay/vendor/google/apiclient-services/src/Translate/TranslateDocumentResponse.php
OK	/htdocs/application/third_party/omnipay/vendor/google/apiclient-services/src/Translate/Resource/ProjectsLocationsAdaptiveMtDatasetsAdaptiveMtFilesAdaptiveMtSentences.php
OK	/htdocs/application/third_party/omnipay/vendor/google/apiclient-services/src/TravelImpactModel/Flight.php
OK	/htdocs/application/third_party/omnipay/vendor/google/apiclient-services/src/Vault/CalendarOptions.php
OK	/htdocs/application/third_party/omnipay/vendor/google/apiclient-services/src/Vault/DriveExportOptions.php
OK	/htdocs/application/third_party/omnipay/vendor/google/apiclient-services/src/Vault/HeldAccount.php
OK	/htdocs/application/third_party/omnipay/vendor/google/apiclient-services/src/Vault/ListMattersResponse.php
OK	/htdocs/application/third_party/omnipay/vendor/google/apiclient-services/src/Vault/RemoveHeldAccountsResponse.php
OK	/htdocs/application/third_party/omnipay/vendor/google/apiclient-services/src/Vault/VoiceExportOptions.php
OK	/htdocs/application/third_party/omnipay/vendor/google/apiclient-services/src/Verifiedaccess/VerifiedaccessEmpty.php
OK	/htdocs/application/third_party/omnipay/vendor/google/apiclient-services/src/VersionHistory/Version.php
OK	/htdocs/application/third_party/omnipay/vendor/google/apiclient-services/src/Vision/AsyncBatchAnnotateFilesRequest.php
OK	/htdocs/application/third_party/omnipay/vendor/google/apiclient-services/src/Vision/Color.php
OK	/htdocs/application/third_party/omnipay/vendor/google/apiclient-services/src/Vision/GcsSource.php
OK	/htdocs/application/third_party/omnipay/vendor/google/apiclient-services/src/Vision/GoogleCloudVisionV1p1beta1FaceAnnotation.php
OK	/htdocs/application/third_party/omnipay/vendor/google/apiclient-services/src/Vision/GoogleCloudVisionV1p1beta1Page.php
OK	/htdocs/application/third_party/omnipay/vendor/google/apiclient-services/src/Vision/GoogleCloudVisionV1p1beta1TextAnnotation.php
OK	/htdocs/application/third_party/omnipay/vendor/google/apiclient-services/src/Vision/GoogleCloudVisionV1p2beta1AnnotateImageResponse.php
OK	/htdocs/application/third_party/omnipay/vendor/google/apiclient-services/src/Vision/GoogleCloudVisionV1p2beta1GcsDestination.php
OK	/htdocs/application/third_party/omnipay/vendor/google/apiclient-services/src/Vision/GoogleCloudVisionV1p2beta1Position.php
OK	/htdocs/application/third_party/omnipay/vendor/google/apiclient-services/src/Vision/GoogleCloudVisionV1p2beta1TextAnnotationDetectedLanguage.php
OK	/htdocs/application/third_party/omnipay/vendor/google/apiclient-services/src/Vision/GoogleCloudVisionV1p3beta1AsyncBatchAnnotateFilesResponse.php
OK	/htdocs/application/third_party/omnipay/vendor/google/apiclient-services/src/Vision/GoogleCloudVisionV1p3beta1GcsSource.php
OK	/htdocs/application/third_party/omnipay/vendor/google/apiclient-services/src/Vision/GoogleCloudVisionV1p3beta1Position.php
OK	/htdocs/application/third_party/omnipay/vendor/google/apiclient-services/src/Vision/GoogleCloudVisionV1p3beta1TextAnnotationDetectedBreak.php
OK	/htdocs/application/third_party/omnipay/vendor/google/apiclient-services/src/Vision/GoogleCloudVisionV1p4beta1AsyncAnnotateFileResponse.php
OK	/htdocs/application/third_party/omnipay/vendor/google/apiclient-services/src/Vision/GoogleCloudVisionV1p4beta1EntityAnnotation.php
OK	/htdocs/application/third_party/omnipay/vendor/google/apiclient-services/src/Vision/GoogleCloudVisionV1p4beta1NormalizedVertex.php
OK	/htdocs/application/third_party/omnipay/vendor/google/apiclient-services/src/Vision/GoogleCloudVisionV1p4beta1Property.php
OK	/htdocs/application/third_party/omnipay/vendor/google/apiclient-services/src/Vision/GoogleCloudVisionV1p4beta1WebDetectionWebLabel.php
OK	/htdocs/application/third_party/omnipay/vendor/google/apiclient-services/src/Vision/ImportProductSetsResponse.php
OK	/htdocs/application/third_party/omnipay/vendor/google/apiclient-services/src/Vision/LocationInfo.php
OK	/htdocs/application/third_party/omnipay/vendor/google/apiclient-services/src/Vision/ProductSet.php
OK	/htdocs/application/third_party/omnipay/vendor/google/apiclient-services/src/Vision/TextProperty.php
OK	/htdocs/application/third_party/omnipay/vendor/google/apiclient-services/src/Vision/Resource/Locations.php
OK	/htdocs/application/third_party/omnipay/vendor/google/apiclient-services/src/Vision/Resource/ProjectsLocationsProductSetsProducts.php
OK	/htdocs/application/third_party/omnipay/vendor/google/apiclient-services/src/VMMigrationService/AwsSourceDetails.php
OK	/htdocs/application/third_party/omnipay/vendor/google/apiclient-services/src/VMMigrationService/CancelCutoverJobRequest.php
OK	/htdocs/application/third_party/omnipay/vendor/google/apiclient-services/src/VMMigrationService/ComputeScheduling.php
OK	/htdocs/application/third_party/omnipay/vendor/google/apiclient-services/src/VMMigrationService/DisksMigrationDisksTargetDetails.php
OK	/htdocs/application/third_party/omnipay/vendor/google/apiclient-services/src/VMMigrationService/InitializingImageImportStep.php
OK	/htdocs/application/third_party/omnipay/vendor/google/apiclient-services/src/VMMigrationService/ListOperationsResponse.php
OK	/htdocs/application/third_party/omnipay/vendor/google/apiclient-services/src/VMMigrationService/MigrationWarning.php
OK	/htdocs/application/third_party/omnipay/vendor/google/apiclient-services/src/VMMigrationService/PreparingVMDisksStep.php
OK	/htdocs/application/third_party/omnipay/vendor/google/apiclient-services/src/VMMigrationService/ShieldedInstanceConfig.php
OK	/htdocs/application/third_party/omnipay/vendor/google/apiclient-services/src/VMMigrationService/VmAttachmentDetails.php
OK	/htdocs/application/third_party/omnipay/vendor/google/apiclient-services/src/VMMigrationService/Resource/ProjectsLocationsGroups.php
OK	/htdocs/application/third_party/omnipay/vendor/google/apiclient-services/src/VMMigrationService/Resource/ProjectsLocationsTargetProjects.php
OK	/htdocs/application/third_party/omnipay/vendor/google/apiclient-services/src/VMwareEngine/Expr.php
OK	/htdocs/application/third_party/omnipay/vendor/google/apiclient-services/src/VMwareEngine/ListExternalAccessRulesResponse.php
OK	/htdocs/application/third_party/omnipay/vendor/google/apiclient-services/src/VMwareEngine/ListPrivateCloudsResponse.php
OK	/htdocs/application/third_party/omnipay/vendor/google/apiclient-services/src/VMwareEngine/NetworkPeering.php
OK	/htdocs/application/third_party/omnipay/vendor/google/apiclient-services/src/VMwareEngine/PrivateCloud.php
OK	/htdocs/application/third_party/omnipay/vendor/google/apiclient-services/src/VMwareEngine/TestIamPermissionsResponse.php
OK	/htdocs/application/third_party/omnipay/vendor/google/apiclient-services/src/VMwareEngine/Resource/ProjectsLocations.php
OK	/htdocs/application/third_party/omnipay/vendor/google/apiclient-services/src/VMwareEngine/Resource/ProjectsLocationsPrivateCloudsExternalAddresses.php
OK	/htdocs/application/third_party/omnipay/vendor/google/apiclient-services/src/VMwareEngine/Resource/ProjectsLocationsVmwareEngineNetworks.php
OK	/htdocs/application/third_party/omnipay/vendor/google/apiclient-services/src/Walletobjects/BoardingAndSeatingInfo.php
OK	/htdocs/application/third_party/omnipay/vendor/google/apiclient-services/src/Walletobjects/DateTime.php
OK	/htdocs/application/third_party/omnipay/vendor/google/apiclient-services/src/Walletobjects/DownloadParameters.php
OK	/htdocs/application/third_party/omnipay/vendor/google/apiclient-services/src/Walletobjects/FieldReference.php
OK	/htdocs/application/third_party/omnipay/vendor/google/apiclient-services/src/Walletobjects/GenericClass.php
OK	/htdocs/application/third_party/omnipay/vendor/google/apiclient-services/src/Walletobjects/GroupingInfo.php
OK	/htdocs/application/third_party/omnipay/vendor/google/apiclient-services/src/Walletobjects/LabelValueRow.php
OK	/htdocs/application/third_party/omnipay/vendor/google/apiclient-services/src/Walletobjects/LoyaltyPointsBalance.php
OK	/htdocs/application/third_party/omnipay/vendor/google/apiclient-services/src/Walletobjects/OfferClassAddMessageResponse.php
OK	/htdocs/application/third_party/omnipay/vendor/google/apiclient-services/src/Walletobjects/ReservationInfo.php
OK	/htdocs/application/third_party/omnipay/vendor/google/apiclient-services/src/Walletobjects/SmartTap.php
OK	/htdocs/application/third_party/omnipay/vendor/google/apiclient-services/src/Walletobjects/TransitObject.php
OK	/htdocs/application/third_party/omnipay/vendor/google/apiclient-services/src/Walletobjects/ValueAddedModuleData.php
OK	/htdocs/application/third_party/omnipay/vendor/google/apiclient-services/src/Walletobjects/Resource/Loyaltyobject.php
OK	/htdocs/application/third_party/omnipay/vendor/google/apiclient-services/src/Webfonts/Webfont.php
OK	/htdocs/application/third_party/omnipay/vendor/google/apiclient-services/src/Webmasters/WmxSitemapContent.php
OK	/htdocs/application/third_party/omnipay/vendor/google/apiclient-services/src/WebRisk/GoogleCloudWebriskV1SearchUrisResponseThreatUri.php
OK	/htdocs/application/third_party/omnipay/vendor/google/apiclient-services/src/WebRisk/Resource/Projects.php
OK	/htdocs/application/third_party/omnipay/vendor/google/apiclient-services/src/WorkflowExecutions/ExportDataResponse.php
OK	/htdocs/application/third_party/omnipay/vendor/google/apiclient-services/src/WorkflowExecutions/StepEntry.php
OK	/htdocs/application/third_party/omnipay/vendor/google/apiclient-services/src/Workflows/ListOperationsResponse.php
OK	/htdocs/application/third_party/omnipay/vendor/google/apiclient-services/src/Workflows/Resource/ProjectsLocationsOperations.php
OK	/htdocs/application/third_party/omnipay/vendor/google/apiclient-services/src/WorkloadManager/CloudResource.php
OK	/htdocs/application/third_party/omnipay/vendor/google/apiclient-services/src/WorkloadManager/Insight.php
OK	/htdocs/application/third_party/omnipay/vendor/google/apiclient-services/src/WorkloadManager/LoadBalancerServer.php
OK	/htdocs/application/third_party/omnipay/vendor/google/apiclient-services/src/WorkloadManager/Rule.php
OK	/htdocs/application/third_party/omnipay/vendor/google/apiclient-services/src/WorkloadManager/SapDiscoveryResourceInstancePropertiesAppInstance.php
OK	/htdocs/application/third_party/omnipay/vendor/google/apiclient-services/src/WorkloadManager/SqlserverValidation.php
OK	/htdocs/application/third_party/omnipay/vendor/google/apiclient-services/src/WorkloadManager/WorkloadmanagerEmpty.php
OK	/htdocs/application/third_party/omnipay/vendor/google/apiclient-services/src/WorkloadManager/Resource/ProjectsLocationsEvaluationsExecutionsScannedResources.php
OK	/htdocs/application/third_party/omnipay/vendor/google/apiclient-services/src/WorkspaceEvents/Subscription.php
OK	/htdocs/application/third_party/omnipay/vendor/google/apiclient-services/src/YouTube/ActivityContentDetailsLike.php
OK	/htdocs/application/third_party/omnipay/vendor/google/apiclient-services/src/YouTube/CdnSettings.php
OK	/htdocs/application/third_party/omnipay/vendor/google/apiclient-services/src/YouTube/ChannelProfileDetails.php
OK	/htdocs/application/third_party/omnipay/vendor/google/apiclient-services/src/YouTube/ChannelToStoreLinkDetails.php
OK	/htdocs/application/third_party/omnipay/vendor/google/apiclient-services/src/YouTube/Cuepoint.php
OK	/htdocs/application/third_party/omnipay/vendor/google/apiclient-services/src/YouTube/InvideoBranding.php
OK	/htdocs/application/third_party/omnipay/vendor/google/apiclient-services/src/YouTube/LiveChatBan.php
OK	/htdocs/application/third_party/omnipay/vendor/google/apiclient-services/src/YouTube/LiveChatModerator.php
OK	/htdocs/application/third_party/omnipay/vendor/google/apiclient-services/src/YouTube/LiveStreamConfigurationIssue.php
OK	/htdocs/application/third_party/omnipay/vendor/google/apiclient-services/src/YouTube/MembershipsDurationAtLevel.php
OK	/htdocs/application/third_party/omnipay/vendor/google/apiclient-services/src/YouTube/PlaylistItem.php
OK	/htdocs/application/third_party/omnipay/vendor/google/apiclient-services/src/YouTube/ResourceId.php
OK	/htdocs/application/third_party/omnipay/vendor/google/apiclient-services/src/YouTube/SuperStickerMetadata.php
OK	/htdocs/application/third_party/omnipay/vendor/google/apiclient-services/src/YouTube/VideoAbuseReport.php
OK	/htdocs/application/third_party/omnipay/vendor/google/apiclient-services/src/YouTube/VideoFileDetailsAudioStream.php
OK	/htdocs/application/third_party/omnipay/vendor/google/apiclient-services/src/YouTube/VideoRating.php
OK	/htdocs/application/third_party/omnipay/vendor/google/apiclient-services/src/YouTube/Resource/Captions.php
OK	/htdocs/application/third_party/omnipay/vendor/google/apiclient-services/src/YouTube/Resource/LiveStreams.php
OK	/htdocs/application/third_party/omnipay/vendor/google/apiclient-services/src/YouTube/Resource/VideoAbuseReportReasons.php
OK	/htdocs/application/third_party/omnipay/vendor/google/apiclient-services/src/YouTubeAnalytics/ErrorProto.php
OK	/htdocs/application/third_party/omnipay/vendor/google/apiclient-services/src/YouTubeAnalytics/Resource/Groups.php
OK	/htdocs/application/third_party/omnipay/vendor/google/apiclient-services/src/YouTubeReporting/GdataObjectId.php
OK	/htdocs/application/third_party/omnipay/vendor/google/auth/.repo-metadata.json
OK	/htdocs/application/third_party/omnipay/vendor/google/auth/src/ExternalAccountCredentialSourceInterface.php
OK	/htdocs/application/third_party/omnipay/vendor/google/auth/src/SignBlobInterface.php
OK	/htdocs/application/third_party/omnipay/vendor/google/auth/src/Credentials/IAMCredentials.php
OK	/htdocs/application/third_party/omnipay/vendor/google/auth/src/HttpHandler/Guzzle6HttpHandler.php
OK	/htdocs/application/third_party/omnipay/vendor/guzzlehttp/guzzle/composer.json
OK	/htdocs/application/third_party/omnipay/vendor/guzzlehttp/guzzle/src/MessageFormatter.php
OK	/htdocs/application/third_party/omnipay/vendor/guzzlehttp/guzzle/src/Cookie/FileCookieJar.php
OK	/htdocs/application/third_party/omnipay/vendor/guzzlehttp/guzzle/src/Handler/CurlFactory.php
OK	/htdocs/application/third_party/omnipay/vendor/guzzlehttp/promises/README.md
OK	/htdocs/application/third_party/omnipay/vendor/guzzlehttp/promises/src/RejectedPromise.php
OK	/htdocs/application/third_party/omnipay/vendor/guzzlehttp/psr7/src/DroppingStream.php
OK	/htdocs/application/third_party/omnipay/vendor/guzzlehttp/psr7/src/PumpStream.php
OK	/htdocs/application/third_party/omnipay/vendor/guzzlehttp/psr7/src/UriNormalizer.php
OK	/htdocs/application/third_party/omnipay/vendor/moneyphp/money/resources/generate-money-factory.php
OK	/htdocs/application/third_party/omnipay/vendor/moneyphp/money/src/Number.php
OK	/htdocs/application/third_party/omnipay/vendor/moneyphp/money/src/Exception/ParserException.php
OK	/htdocs/application/third_party/omnipay/vendor/moneyphp/money/src/Formatter/IntlLocalizedDecimalFormatter.php
OK	/htdocs/application/third_party/omnipay/vendor/monolog/monolog/src/Monolog/DateTimeImmutable.php
OK	/htdocs/application/third_party/omnipay/vendor/monolog/monolog/src/Monolog/Formatter/ChromePHPFormatter.php
OK	/htdocs/application/third_party/omnipay/vendor/monolog/monolog/src/Monolog/Formatter/LogmaticFormatter.php
OK	/htdocs/application/third_party/omnipay/vendor/monolog/monolog/src/Monolog/Handler/BufferHandler.php
OK	/htdocs/application/third_party/omnipay/vendor/monolog/monolog/src/Monolog/Handler/FingersCrossedHandler.php
OK	/htdocs/application/third_party/omnipay/vendor/monolog/monolog/src/Monolog/Handler/InsightOpsHandler.php
OK	/htdocs/application/third_party/omnipay/vendor/monolog/monolog/src/Monolog/Handler/OverflowHandler.php
OK	/htdocs/application/third_party/omnipay/vendor/monolog/monolog/src/Monolog/Handler/SendGridHandler.php
OK	/htdocs/application/third_party/omnipay/vendor/monolog/monolog/src/Monolog/Handler/WhatFailureGroupHandler.php
OK	/htdocs/application/third_party/omnipay/vendor/monolog/monolog/src/Monolog/Processor/LoadAverageProcessor.php
OK	/htdocs/application/third_party/omnipay/vendor/mpdf/mpdf/.gitignore
OK	/htdocs/application/third_party/omnipay/vendor/mpdf/mpdf/.github/SECURITY.md
OK	/htdocs/application/third_party/omnipay/vendor/mpdf/mpdf/data/linebrdictL.dat
OK	/htdocs/application/third_party/omnipay/vendor/mpdf/mpdf/data/collations/Arabic_Bahrain.php
OK	/htdocs/application/third_party/omnipay/vendor/mpdf/mpdf/data/collations/Arabic_Syria.php
OK	/htdocs/application/third_party/omnipay/vendor/mpdf/mpdf/data/collations/Catalan_Spain.php
OK	/htdocs/application/third_party/omnipay/vendor/mpdf/mpdf/data/collations/English_Caribbean.php
OK	/htdocs/application/third_party/omnipay/vendor/mpdf/mpdf/data/collations/English_Zimbabwe.php
OK	/htdocs/application/third_party/omnipay/vendor/mpdf/mpdf/data/collations/Galician_Spain.php
OK	/htdocs/application/third_party/omnipay/vendor/mpdf/mpdf/data/collations/Igbo_Nigeria.php
OK	/htdocs/application/third_party/omnipay/vendor/mpdf/mpdf/data/collations/Latvian_Latvia.php
OK	/htdocs/application/third_party/omnipay/vendor/mpdf/mpdf/data/collations/Persian_Iran.php
OK	/htdocs/application/third_party/omnipay/vendor/mpdf/mpdf/data/collations/Sami_(Lule)_Sweden.php
OK	/htdocs/application/third_party/omnipay/vendor/mpdf/mpdf/data/collations/Setswana_South_Africa.php
OK	/htdocs/application/third_party/omnipay/vendor/mpdf/mpdf/data/collations/Spanish_Honduras.php
OK	/htdocs/application/third_party/omnipay/vendor/mpdf/mpdf/data/collations/Swedish_Sweden.php
OK	/htdocs/application/third_party/omnipay/vendor/mpdf/mpdf/data/collations/Welsh_United_Kingdom.php
OK	/htdocs/application/third_party/omnipay/vendor/mpdf/mpdf/data/font/csymbol.php
OK	/htdocs/application/third_party/omnipay/vendor/mpdf/mpdf/data/patterns/fr.php
OK	/htdocs/application/third_party/omnipay/vendor/mpdf/mpdf/src/Form.php
OK	/htdocs/application/third_party/omnipay/vendor/mpdf/mpdf/src/PageBox.php
OK	/htdocs/application/third_party/omnipay/vendor/mpdf/mpdf/src/WatermarkText.php
OK	/htdocs/application/third_party/omnipay/vendor/mpdf/mpdf/src/Barcode/Imb.php
OK	/htdocs/application/third_party/omnipay/vendor/mpdf/mpdf/src/Container/NotFoundException.php
OK	/htdocs/application/third_party/omnipay/vendor/mpdf/mpdf/src/Exception/InvalidArgumentException.php
OK	/htdocs/application/third_party/omnipay/vendor/mpdf/mpdf/src/Gif/ImageHeader.php
OK	/htdocs/application/third_party/omnipay/vendor/mpdf/mpdf/src/Image/Svg.php
OK	/htdocs/application/third_party/omnipay/vendor/mpdf/mpdf/src/Shaper/Sea.php
OK	/htdocs/application/third_party/omnipay/vendor/mpdf/mpdf/src/Tag/BlockQuote.php
OK	/htdocs/application/third_party/omnipay/vendor/mpdf/mpdf/src/Tag/Details.php
OK	/htdocs/application/third_party/omnipay/vendor/mpdf/mpdf/src/Tag/FormFeed.php
OK	/htdocs/application/third_party/omnipay/vendor/mpdf/mpdf/src/Tag/IndexEntry.php
OK	/htdocs/application/third_party/omnipay/vendor/mpdf/mpdf/src/Tag/NewColumn.php
OK	/htdocs/application/third_party/omnipay/vendor/mpdf/mpdf/src/Tag/Samp.php
OK	/htdocs/application/third_party/omnipay/vendor/mpdf/mpdf/src/Tag/SubstituteTag.php
OK	/htdocs/application/third_party/omnipay/vendor/mpdf/mpdf/src/Tag/Time.php
OK	/htdocs/application/third_party/omnipay/vendor/mpdf/mpdf/src/Tag/WatermarkImage.php
OK	/htdocs/application/third_party/omnipay/vendor/mpdf/mpdf/src/Writer/ImageWriter.php
OK	/htdocs/application/third_party/omnipay/vendor/mpdf/mpdf/ttfonts/Akkadian.otf
OK	/htdocs/application/third_party/omnipay/vendor/mpdf/mpdf/ttfonts/DejaVuSansCondensed.ttf
OK	/htdocs/application/third_party/omnipay/vendor/mpdf/mpdf/ttfonts/DejaVuSerifCondensed.ttf
OK	/htdocs/application/third_party/omnipay/vendor/mpdf/mpdf/ttfonts/FreeSansOblique.ttf
OK	/htdocs/application/third_party/omnipay/vendor/mpdf/mpdf/ttfonts/kaputaunicode.ttf
OK	/htdocs/application/third_party/omnipay/vendor/mpdf/mpdf/ttfonts/Quivira.otf
OK	/htdocs/application/third_party/omnipay/vendor/mpdf/mpdf/ttfonts/Uthman.otf
OK	/htdocs/application/third_party/omnipay/vendor/mpdf/psr-http-message-shim/src/Uri.php
OK	/htdocs/application/third_party/omnipay/vendor/mtdowling/jmespath.php/src/AstRuntime.php
OK	/htdocs/application/third_party/omnipay/vendor/myclabs/deep-copy/composer.json
OK	/htdocs/application/third_party/omnipay/vendor/myclabs/deep-copy/src/DeepCopy/Filter/Doctrine/DoctrineCollectionFilter.php
OK	/htdocs/application/third_party/omnipay/vendor/myclabs/deep-copy/src/DeepCopy/TypeFilter/Date/DateIntervalFilter.php
OK	/htdocs/application/third_party/omnipay/vendor/omnipay/common/.github/workflows/phpunit.yml
OK	/htdocs/application/third_party/omnipay/vendor/omnipay/common/src/Common/PaymentMethod.php
OK	/htdocs/application/third_party/omnipay/vendor/omnipay/common/src/Common/Message/AbstractRequest.php
OK	/htdocs/application/third_party/omnipay/vendor/omnipay/paypal/grumphp.yml
OK	/htdocs/application/third_party/omnipay/vendor/omnipay/paypal/src/RestGateway.php
OK	/htdocs/application/third_party/omnipay/vendor/omnipay/paypal/src/Message/ExpressInContextAuthorizeResponse.php
OK	/htdocs/application/third_party/omnipay/vendor/omnipay/paypal/src/Message/RestAuthorizeResponse.php
OK	/htdocs/application/third_party/omnipay/vendor/omnipay/paypal/src/Message/RestListPlanRequest.php
OK	/htdocs/application/third_party/omnipay/vendor/omnipay/paypal/src/Message/RestVerifyWebhookSignatureRequest.php
OK	/htdocs/application/third_party/omnipay/vendor/omnipay/paypal/tests/Message/ExpressCompleteAuthorizeRequestTest.php
OK	/htdocs/application/third_party/omnipay/vendor/omnipay/paypal/tests/Message/ResponseTest.php
OK	/htdocs/application/third_party/omnipay/vendor/omnipay/paypal/tests/Message/RestFetchTransactionRequestTest.php
OK	/htdocs/application/third_party/omnipay/vendor/omnipay/paypal/tests/Mock/ExpressCompletePurchaseFailureRedirect.txt
OK	/htdocs/application/third_party/omnipay/vendor/omnipay/paypal/tests/Mock/ProPurchaseSuccess.txt
OK	/htdocs/application/third_party/omnipay/vendor/omnipay/paypal/tests/Mock/RestRefundSuccess.txt
OK	/htdocs/application/third_party/omnipay/vendor/omnipay/stripe/runtests.sh
OK	/htdocs/application/third_party/omnipay/vendor/omnipay/stripe/src/Message/CompletePurchaseRequest.php
OK	/htdocs/application/third_party/omnipay/vendor/omnipay/stripe/src/Message/DeleteInvoiceItemRequest.php
OK	/htdocs/application/third_party/omnipay/vendor/omnipay/stripe/src/Message/FetchPlanRequest.php
OK	/htdocs/application/third_party/omnipay/vendor/omnipay/stripe/src/Message/UpdateCardRequest.php
OK	/htdocs/application/third_party/omnipay/vendor/omnipay/stripe/src/Message/PaymentIntents/CaptureRequest.php
OK	/htdocs/application/third_party/omnipay/vendor/omnipay/stripe/src/Message/SetupIntents/RetrieveSetupIntentRequest.php
OK	/htdocs/application/third_party/omnipay/vendor/omnipay/stripe/tests/Message/AbstractRequestTest.php
OK	/htdocs/application/third_party/omnipay/vendor/omnipay/stripe/tests/Message/DeleteCouponRequestTest.php
OK	/htdocs/application/third_party/omnipay/vendor/omnipay/stripe/tests/Message/FetchInvoiceLinesRequestTest.php
OK	/htdocs/application/third_party/omnipay/vendor/omnipay/stripe/tests/Message/RefundRequestTest.php
OK	/htdocs/application/third_party/omnipay/vendor/omnipay/stripe/tests/Message/PaymentIntents/CaptureRequestTest.php
OK	/htdocs/application/third_party/omnipay/vendor/omnipay/stripe/tests/Message/PaymentIntents/Mock/AuthorizeSuccess.txt
OK	/htdocs/application/third_party/omnipay/vendor/omnipay/stripe/tests/Message/PaymentIntents/Mock/FetchIntentFailure.txt
OK	/htdocs/application/third_party/omnipay/vendor/omnipay/stripe/tests/Message/Transfers/ListTransferReversalsRequestTest.php
OK	/htdocs/application/third_party/omnipay/vendor/omnipay/stripe/tests/Mock/CreateCustomerFailure.txt
OK	/htdocs/application/third_party/omnipay/vendor/omnipay/stripe/tests/Mock/DeleteCouponFailure.txt
OK	/htdocs/application/third_party/omnipay/vendor/omnipay/stripe/tests/Mock/FetchBalanceTransactionFailure.txt
OK	/htdocs/application/third_party/omnipay/vendor/omnipay/stripe/tests/Mock/FetchInvoiceItemsSuccess.txt
OK	/htdocs/application/third_party/omnipay/vendor/omnipay/stripe/tests/Mock/FetchTokenFailure.txt
OK	/htdocs/application/third_party/omnipay/vendor/omnipay/stripe/tests/Mock/PurchaseSuccess.txt
OK	/htdocs/application/third_party/omnipay/vendor/omnipay/stripe/tests/Mock/VoidFailure.txt
OK	/htdocs/application/third_party/omnipay/vendor/omnipay/stripe/tests/Mock/Transfers/ListTransfersSuccess.txt
OK	/htdocs/application/third_party/omnipay/vendor/paragonie/constant_time_encoding/src/Encoding.php
OK	/htdocs/application/third_party/omnipay/vendor/php-http/discovery/.php-cs-fixer.php
OK	/htdocs/application/third_party/omnipay/vendor/php-http/discovery/src/Psr17FactoryDiscovery.php
OK	/htdocs/application/third_party/omnipay/vendor/php-http/discovery/src/Strategy/CommonClassesStrategy.php
OK	/htdocs/application/third_party/omnipay/vendor/php-http/guzzle7-adapter/src/Client.php
OK	/htdocs/application/third_party/omnipay/vendor/php-http/httplug/src/Exception/HttpException.php
OK	/htdocs/application/third_party/omnipay/vendor/php-http/message/puli.json
OK	/htdocs/application/third_party/omnipay/vendor/php-http/message/src/Authentication/Bearer.php
OK	/htdocs/application/third_party/omnipay/vendor/php-http/message/src/Encoding/ChunkStream.php
OK	/htdocs/application/third_party/omnipay/vendor/php-http/message/src/Formatter/FullHttpMessageFormatter.php
OK	/htdocs/application/third_party/omnipay/vendor/php-http/message/src/UriFactory/DiactorosUriFactory.php
OK	/htdocs/application/third_party/omnipay/vendor/php-http/message-factory/src/StreamFactory.php
OK	/htdocs/application/third_party/omnipay/vendor/phpseclib/phpseclib/composer.json
OK	/htdocs/application/third_party/omnipay/vendor/phpseclib/phpseclib/phpseclib/Crypt/EC.php
OK	/htdocs/application/third_party/omnipay/vendor/phpseclib/phpseclib/phpseclib/Crypt/Common/BlockCipher.php
OK	/htdocs/application/third_party/omnipay/vendor/phpseclib/phpseclib/phpseclib/Crypt/Common/Traits/Fingerprint.php
OK	/htdocs/application/third_party/omnipay/vendor/phpseclib/phpseclib/phpseclib/Crypt/DSA/Formats/Keys/PKCS8.php
OK	/htdocs/application/third_party/omnipay/vendor/phpseclib/phpseclib/phpseclib/Crypt/EC/BaseCurves/KoblitzPrime.php
OK	/htdocs/application/third_party/omnipay/vendor/phpseclib/phpseclib/phpseclib/Crypt/EC/Curves/brainpoolP320r1.php
OK	/htdocs/application/third_party/omnipay/vendor/phpseclib/phpseclib/phpseclib/Crypt/EC/Curves/nistk163.php
OK	/htdocs/application/third_party/omnipay/vendor/phpseclib/phpseclib/phpseclib/Crypt/EC/Curves/prime192v3.php
OK	/htdocs/application/third_party/omnipay/vendor/phpseclib/phpseclib/phpseclib/Crypt/EC/Curves/secp192k1.php
OK	/htdocs/application/third_party/omnipay/vendor/phpseclib/phpseclib/phpseclib/Crypt/EC/Curves/sect163k1.php
OK	/htdocs/application/third_party/omnipay/vendor/phpseclib/phpseclib/phpseclib/Crypt/EC/Curves/sect571k1.php
OK	/htdocs/application/third_party/omnipay/vendor/phpseclib/phpseclib/phpseclib/Crypt/EC/Formats/Signature/ASN1.php
OK	/htdocs/application/third_party/omnipay/vendor/phpseclib/phpseclib/phpseclib/Crypt/RSA/Formats/Keys/PuTTY.php
OK	/htdocs/application/third_party/omnipay/vendor/phpseclib/phpseclib/phpseclib/Exception/NoSupportedAlgorithmsException.php
OK	/htdocs/application/third_party/omnipay/vendor/phpseclib/phpseclib/phpseclib/File/ASN1/Maps/AdministrationDomainName.php
OK	/htdocs/application/third_party/omnipay/vendor/phpseclib/phpseclib/phpseclib/File/ASN1/Maps/BuiltInDomainDefinedAttribute.php
OK	/htdocs/application/third_party/omnipay/vendor/phpseclib/phpseclib/phpseclib/File/ASN1/Maps/CountryName.php
OK	/htdocs/application/third_party/omnipay/vendor/phpseclib/phpseclib/phpseclib/File/ASN1/Maps/DSAParams.php
OK	/htdocs/application/third_party/omnipay/vendor/phpseclib/phpseclib/phpseclib/File/ASN1/Maps/ExtensionAttribute.php
OK	/htdocs/application/third_party/omnipay/vendor/phpseclib/phpseclib/phpseclib/File/ASN1/Maps/InvalidityDate.php
OK	/htdocs/application/third_party/omnipay/vendor/phpseclib/phpseclib/phpseclib/File/ASN1/Maps/NetworkAddress.php
OK	/htdocs/application/third_party/omnipay/vendor/phpseclib/phpseclib/phpseclib/File/ASN1/Maps/PBMAC1params.php
OK	/htdocs/application/third_party/omnipay/vendor/phpseclib/phpseclib/phpseclib/File/ASN1/Maps/PrivateKeyInfo.php
OK	/htdocs/application/third_party/omnipay/vendor/phpseclib/phpseclib/phpseclib/File/ASN1/Maps/RSASSA_PSS_params.php
OK	/htdocs/application/third_party/omnipay/vendor/phpseclib/phpseclib/phpseclib/File/ASN1/Maps/UniqueIdentifier.php
OK	/htdocs/application/third_party/omnipay/vendor/phpseclib/phpseclib/phpseclib/Math/BigInteger/Engines/PHP64.php
OK	/htdocs/application/third_party/omnipay/vendor/phpseclib/phpseclib/phpseclib/Math/BigInteger/Engines/PHP/Reductions/Barrett.php
OK	/htdocs/application/third_party/omnipay/vendor/phpseclib/phpseclib/phpseclib/Net/SFTP/Stream.php
OK	/htdocs/application/third_party/omnipay/vendor/psr/http-client/CHANGELOG.md
OK	/htdocs/application/third_party/omnipay/vendor/psr/http-factory/src/ResponseFactoryInterface.php
OK	/htdocs/application/third_party/omnipay/vendor/psr/http-message/src/RequestInterface.php
OK	/htdocs/application/third_party/omnipay/vendor/psr/log/src/LoggerAwareTrait.php
OK	/htdocs/application/third_party/omnipay/vendor/setasign/fpdi/SECURITY.md
OK	/htdocs/application/third_party/omnipay/vendor/setasign/fpdi/src/PdfParser/PdfParser.php
OK	/htdocs/application/third_party/omnipay/vendor/setasign/fpdi/src/PdfParser/Filter/AsciiHex.php
OK	/htdocs/application/third_party/omnipay/vendor/setasign/fpdi/src/PdfParser/Type/PdfIndirectObjectReference.php
OK	/htdocs/application/third_party/omnipay/vendor/setasign/fpdi/src/PdfReader/PdfReaderException.php
OK	/htdocs/application/third_party/omnipay/vendor/sonata-project/google-authenticator/sample/tmpl/login.php
OK	/htdocs/application/third_party/omnipay/vendor/stripe/stripe-php/init.php
OK	/htdocs/application/third_party/omnipay/vendor/stripe/stripe-php/lib/ApiResponse.php
OK	/htdocs/application/third_party/omnipay/vendor/stripe/stripe-php/lib/CashBalance.php
OK	/htdocs/application/third_party/omnipay/vendor/stripe/stripe-php/lib/CustomerSession.php
OK	/htdocs/application/third_party/omnipay/vendor/stripe/stripe-php/lib/InvoiceLineItem.php
OK	/htdocs/application/third_party/omnipay/vendor/stripe/stripe-php/lib/PaymentMethod.php
OK	/htdocs/application/third_party/omnipay/vendor/stripe/stripe-php/lib/QuoteLine.php
OK	/htdocs/application/third_party/omnipay/vendor/stripe/stripe-php/lib/SingletonApiResource.php
OK	/htdocs/application/third_party/omnipay/vendor/stripe/stripe-php/lib/TaxCode.php
OK	/htdocs/application/third_party/omnipay/vendor/stripe/stripe-php/lib/WebhookSignature.php
OK	/htdocs/application/third_party/omnipay/vendor/stripe/stripe-php/lib/Billing/AlertTriggered.php
OK	/htdocs/application/third_party/omnipay/vendor/stripe/stripe-php/lib/Climate/Order.php
OK	/htdocs/application/third_party/omnipay/vendor/stripe/stripe-php/lib/Exception/IdempotencyException.php
OK	/htdocs/application/third_party/omnipay/vendor/stripe/stripe-php/lib/Exception/OAuth/InvalidScopeException.php
OK	/htdocs/application/third_party/omnipay/vendor/stripe/stripe-php/lib/Forwarding/Request.php
OK	/htdocs/application/third_party/omnipay/vendor/stripe/stripe-php/lib/Issuing/CreditUnderwritingRecord.php
OK	/htdocs/application/third_party/omnipay/vendor/stripe/stripe-php/lib/Reporting/ReportType.php
OK	/htdocs/application/third_party/omnipay/vendor/stripe/stripe-php/lib/Service/ConfirmationTokenService.php
OK	/htdocs/application/third_party/omnipay/vendor/stripe/stripe-php/lib/Service/FileService.php
OK	/htdocs/application/third_party/omnipay/vendor/stripe/stripe-php/lib/Service/PaymentMethodService.php
OK	/htdocs/application/third_party/omnipay/vendor/stripe/stripe-php/lib/Service/SourceService.php
OK	/htdocs/application/third_party/omnipay/vendor/stripe/stripe-php/lib/Service/Apps/SecretService.php
OK	/htdocs/application/third_party/omnipay/vendor/stripe/stripe-php/lib/Service/Capital/FinancingTransactionService.php
OK	/htdocs/application/third_party/omnipay/vendor/stripe/stripe-php/lib/Service/FinancialConnections/InstitutionService.php
OK	/htdocs/application/third_party/omnipay/vendor/stripe/stripe-php/lib/Service/Issuing/CardholderService.php
OK	/htdocs/application/third_party/omnipay/vendor/stripe/stripe-php/lib/Service/Radar/ValueListItemService.php
OK	/htdocs/application/third_party/omnipay/vendor/stripe/stripe-php/lib/Service/Tax/TaxServiceFactory.php
OK	/htdocs/application/third_party/omnipay/vendor/stripe/stripe-php/lib/Service/TestHelpers/TestHelpersServiceFactory.php
OK	/htdocs/application/third_party/omnipay/vendor/stripe/stripe-php/lib/Service/TestHelpers/Treasury/ReceivedDebitService.php
OK	/htdocs/application/third_party/omnipay/vendor/stripe/stripe-php/lib/Service/Treasury/TreasuryServiceFactory.php
OK	/htdocs/application/third_party/omnipay/vendor/stripe/stripe-php/lib/Terminal/Location.php
OK	/htdocs/application/third_party/omnipay/vendor/stripe/stripe-php/lib/Treasury/ReceivedDebit.php
OK	/htdocs/application/third_party/omnipay/vendor/symfony/deprecation-contracts/CHANGELOG.md
OK	/htdocs/application/third_party/omnipay/vendor/symfony/http-foundation/ExpressionRequestMatcher.php
OK	/htdocs/application/third_party/omnipay/vendor/symfony/http-foundation/RequestMatcher.php
OK	/htdocs/application/third_party/omnipay/vendor/symfony/http-foundation/Exception/JsonException.php
OK	/htdocs/application/third_party/omnipay/vendor/symfony/http-foundation/File/Exception/FileNotFoundException.php
OK	/htdocs/application/third_party/omnipay/vendor/symfony/http-foundation/RequestMatcher/ExpressionRequestMatcher.php
OK	/htdocs/application/third_party/omnipay/vendor/symfony/http-foundation/Session/SessionFactory.php
OK	/htdocs/application/third_party/omnipay/vendor/symfony/http-foundation/Session/Storage/MockFileSessionStorageFactory.php
OK	/htdocs/application/third_party/omnipay/vendor/symfony/http-foundation/Session/Storage/Handler/MongoDbSessionHandler.php
OK	/htdocs/application/third_party/omnipay/vendor/symfony/http-foundation/Test/Constraint/ResponseHasCookie.php
OK	/htdocs/application/third_party/omnipay/vendor/symfony/polyfill-mbstring/Mbstring.php
OK	/htdocs/application/third_party/omnipay/vendor/symfony/polyfill-php83/Resources/stubs/DateError.php
OK	/htdocs/application/third_party/PHPMailer/src/DSNConfigurator.php
OK	/htdocs/application/views/unauthorized.php
OK	/htdocs/application/views/admin/student_timeline.php
OK	/htdocs/application/views/admin/admitcard/_printadmitcard.php
OK	/htdocs/application/views/admin/book/import.php
OK	/htdocs/application/views/admin/certificate/staffcertificate.php
OK	/htdocs/application/views/admin/chat/_chatupdate.php
OK	/htdocs/application/views/admin/currency/currencySwitcher.php
OK	/htdocs/application/views/admin/examgroup/assign.php
OK	/htdocs/application/views/admin/examgroup/_partialstudentmarkEntry.php
OK	/htdocs/application/views/admin/exam_schedule/examEdit.php
OK	/htdocs/application/views/admin/feediscount/feediscountEdit.php
OK	/htdocs/application/views/admin/filesystem/index.php
OK	/htdocs/application/views/admin/front/media/index.php
OK	/htdocs/application/views/admin/frontcms/index.php
OK	/htdocs/application/views/admin/frontoffice/enquiry_typeview.php
OK	/htdocs/application/views/admin/frontoffice/sourceeditview.php
OK	/htdocs/application/views/admin/holiday/holidaytype.php
OK	/htdocs/application/views/admin/incomehead/incomeheadList.php
OK	/htdocs/application/views/admin/itemstore/itemstoreList.php
OK	/htdocs/application/views/admin/lessonplan/editlesson.php
OK	/htdocs/application/views/admin/mailsms/compose.php
OK	/htdocs/application/views/admin/mailsms/schedule/sms/edit_sms_individual.php
OK	/htdocs/application/views/admin/member/studentSearch.php
OK	/htdocs/application/views/admin/offlinepayment/_getpayment.php
OK	/htdocs/application/views/admin/onlineexam/_rankgenerate.php
OK	/htdocs/application/views/admin/pickuppoint/assign.php
OK	/htdocs/application/views/admin/question/_editquestion.php
OK	/htdocs/application/views/admin/route/createroute.php
OK	/htdocs/application/views/admin/staff/leavetypes.php
OK	/htdocs/application/views/admin/staffidcard/staffidcardpreview.php
OK	/htdocs/application/views/admin/subjectattendence/_classattendencereport.php
OK	/htdocs/application/views/admin/teacher/teacherEdit.php
OK	/htdocs/application/views/admin/timetable/_partialgetteachertimetable.php
OK	/htdocs/application/views/admin/updater/index.php
OK	/htdocs/application/views/attendencereports/biometric_attlog.php
OK	/htdocs/application/views/category/categoryEdit.php
OK	/htdocs/application/views/errors/cli/error_404.php
OK	/htdocs/application/views/errors/html/index.html
OK	/htdocs/application/views/financereports/income.php
OK	/htdocs/application/views/financereports/_printduefeesremark.php
OK	/htdocs/application/views/homework/_assignmentdetails.php
OK	/htdocs/application/views/layout/top_sidemenu.php
OK	/htdocs/application/views/onlineadmission/instamojo/index.php
OK	/htdocs/application/views/onlineadmission/paypal/index.php
OK	/htdocs/application/views/onlineadmission/walkingm/index.php
OK	/htdocs/application/views/print/thermalPrintFeesByGroup.php
OK	/htdocs/application/views/reports/classsectionreport.php
OK	/htdocs/application/views/reports/logindetailreport.php
OK	/htdocs/application/views/reports/pdfStudentListByClassSection.php
OK	/htdocs/application/views/reports/teacherSyllabusStatus.php
OK	/htdocs/application/views/reports/_studentinformation.php
OK	/htdocs/application/views/setting/eventcalendar.php
OK	/htdocs/application/views/setting/whatsappsettings.php
OK	/htdocs/application/views/student/studentCreate.php
OK	/htdocs/application/views/studentfee/studentAddfee.php
OK	/htdocs/application/views/themes/bold_blue/pages/admission.php
OK	/htdocs/application/views/themes/darkgray/home.php
OK	/htdocs/application/views/themes/default/base_layout.php
OK	/htdocs/application/views/themes/default/pages/online_admission_review.php
OK	/htdocs/application/views/themes/material_pink/pages/ajax-pagination-data.php
OK	/htdocs/application/views/themes/shadow_white/home_slider.php
OK	/htdocs/application/views/themes/yellow/footer.php
OK	/htdocs/application/views/themes/yellow/pages/page.php
OK	/htdocs/application/views/user/printpdfresume.php
OK	/htdocs/application/views/user/chat/_partialmynewuser.php
OK	/htdocs/application/views/user/gateway/ccavenue/ccavenue_pay.php
OK	/htdocs/application/views/user/gateway/momopay/index.php
OK	/htdocs/application/views/user/gateway/razorpay/index.php
OK	/htdocs/application/views/user/homework/homework_detail.php
OK	/htdocs/application/views/user/onlineexam/_searchQuestionByExamID.php
OK	/htdocs/application/views/user/syllabus/_get_message.php
DONE	2993	0
