OK	/htdocs/application/config/config.php
OK	/htdocs/application/config/license.php
OK	/htdocs/application/config/thumbnail.php
OK	/htdocs/application/controllers/Feemaster.php
OK	/htdocs/application/controllers/Site.php
OK	/htdocs/application/controllers/admin/Alumni.php
OK	/htdocs/application/controllers/admin/Content.php
OK	/htdocs/application/controllers/admin/Examschedule.php
OK	/htdocs/application/controllers/admin/Generatecertificate.php
OK	/htdocs/application/controllers/admin/Itemstock.php
OK	/htdocs/application/controllers/admin/Module.php
OK	/htdocs/application/controllers/admin/Reference.php
OK	/htdocs/application/controllers/admin/Stuattendence.php
OK	/htdocs/application/controllers/admin/Transport.php
OK	/htdocs/application/controllers/admin/front/Media.php
OK	/htdocs/application/controllers/onlineadmission/Ccavenue.php
OK	/htdocs/application/controllers/onlineadmission/Payfast.php
OK	/htdocs/application/controllers/onlineadmission/Twocheckout.php
OK	/htdocs/application/controllers/user/Hostel.php
OK	/htdocs/application/controllers/user/Timetable.php
OK	/htdocs/application/controllers/user/gateway/Kowri.php
OK	/htdocs/application/controllers/user/gateway/Pesapal.php
OK	/htdocs/application/helpers/csv_helper.php
OK	/htdocs/application/hooks/maintenance_hook.php
OK	/htdocs/application/language/Arabic/form_validation_lang.php
OK	/htdocs/application/language/Bosnian/form_validation_lang.php
OK	/htdocs/application/language/Croatia/form_validation_lang.php
OK	/htdocs/application/language/English/form_validation_lang.php
OK	/htdocs/application/language/French/form_validation_lang.php
OK	/htdocs/application/language/Greek/form_validation_lang.php
OK	/htdocs/application/language/Hindi/form_validation_lang.php
OK	/htdocs/application/language/Irish/form_validation_lang.php
OK	/htdocs/application/language/Kannada/form_validation_lang.php
OK	/htdocs/application/language/Latin/form_validation_lang.php
OK	/htdocs/application/language/Malagasy/form_validation_lang.php
OK	/htdocs/application/language/Maori/form_validation_lang.php
OK	/htdocs/application/language/Norwegian/form_validation_lang.php
OK	/htdocs/application/language/Punjabi/form_validation_lang.php
OK	/htdocs/application/language/Sinhala/form_validation_lang.php
OK	/htdocs/application/language/Sundanese/form_validation_lang.php
OK	/htdocs/application/language/Tamil/form_validation_lang.php
OK	/htdocs/application/language/Urdu/form_validation_lang.php
OK	/htdocs/application/language/Xhosa/form_validation_lang.php
OK	/htdocs/application/libraries/Billplz_lib.php
OK	/htdocs/application/libraries/Form_builder.php
OK	/htdocs/application/libraries/Mpesa_lib.php
OK	/htdocs/application/libraries/QR_Code.php
OK	/htdocs/application/libraries/Textlocalsms.php
OK	/htdocs/application/libraries/PHPMailer/class.smtp.php
OK	/htdocs/application/libraries/PHPMailer/language/phpmailer.lang-be.php
OK	/htdocs/application/libraries/PHPMailer/language/phpmailer.lang-fi.php
OK	/htdocs/application/libraries/PHPMailer/language/phpmailer.lang-lt.php
OK	/htdocs/application/libraries/PHPMailer/language/phpmailer.lang-sr.php
OK	/htdocs/application/libraries/Zend/Barcode/Object/Code128.php
OK	/htdocs/application/libraries/Zend/Barcode/Object/Leitcode.php
OK	/htdocs/application/libraries/Zend/Validate/Abstract.php
OK	/htdocs/application/libraries/Zend/Validate/Float.php
OK	/htdocs/application/libraries/Zend/Validate/NotEmpty.php
OK	/htdocs/application/libraries/Zend/Validate/Barcode/Ean12.php
OK	/htdocs/application/libraries/Zend/Validate/Barcode/Issn.php
OK	/htdocs/application/libraries/Zend/Validate/File/Count.php
OK	/htdocs/application/libraries/Zend/Validate/File/MimeType.php
OK	/htdocs/application/libraries/Zend/Validate/Sitemap/Lastmod.php
OK	/htdocs/application/models/Batchsubject_model.php
OK	/htdocs/application/models/Class_section_time_model.php
OK	/htdocs/application/models/Customfield_model.php
OK	/htdocs/application/models/Examsubject_model.php
OK	/htdocs/application/models/Filetype_model.php
OK	/htdocs/application/models/Houselist_model.php
OK	/htdocs/application/models/Leaverequest_model.php
OK	/htdocs/application/models/Notificationsetting_model.php
OK	/htdocs/application/models/Resume_model.php
OK	/htdocs/application/models/Smsconfig_model.php
OK	/htdocs/application/models/Studentsession_model.php
OK	/htdocs/application/models/Teacher_model.php
OK	/htdocs/application/models/Visitors_model.php
OK	/htdocs/application/third_party/billplz/composer/autoload_namespaces.php
OK	/htdocs/application/third_party/billplz/firebase/php-jwt/src/JWK.php
OK	/htdocs/application/third_party/billplz/guzzlehttp/guzzle/src/functions.php
OK	/htdocs/application/third_party/billplz/guzzlehttp/guzzle/src/Cookie/CookieJar.php
OK	/htdocs/application/third_party/billplz/guzzlehttp/guzzle/src/Exception/TooManyRedirectsException.php
OK	/htdocs/application/third_party/billplz/guzzlehttp/promises/LICENSE
OK	/htdocs/application/third_party/billplz/guzzlehttp/promises/src/PromisorInterface.php
OK	/htdocs/application/third_party/billplz/guzzlehttp/psr7/src/DroppingStream.php
OK	/htdocs/application/third_party/billplz/guzzlehttp/psr7/src/Response.php
OK	/htdocs/application/third_party/billplz/monolog/monolog/LICENSE
OK	/htdocs/application/third_party/billplz/monolog/monolog/src/Monolog/Formatter/ElasticsearchFormatter.php
OK	/htdocs/application/third_party/billplz/monolog/monolog/src/Monolog/Formatter/NormalizerFormatter.php
OK	/htdocs/application/third_party/billplz/monolog/monolog/src/Monolog/Handler/DeduplicationHandler.php
OK	/htdocs/application/third_party/billplz/monolog/monolog/src/Monolog/Handler/FormattableHandlerInterface.php
OK	/htdocs/application/third_party/billplz/monolog/monolog/src/Monolog/Handler/MailHandler.php
OK	/htdocs/application/third_party/billplz/monolog/monolog/src/Monolog/Handler/ProcessHandler.php
OK	/htdocs/application/third_party/billplz/monolog/monolog/src/Monolog/Handler/StreamHandler.php
OK	/htdocs/application/third_party/billplz/monolog/monolog/src/Monolog/Handler/FingersCrossed/ErrorLevelActivationStrategy.php
OK	/htdocs/application/third_party/billplz/monolog/monolog/src/Monolog/Processor/PsrLogMessageProcessor.php
OK	/htdocs/application/third_party/billplz/psr/cache/src/InvalidArgumentException.php
OK	/htdocs/application/third_party/billplz/psr/http-message/README.md
OK	/htdocs/application/third_party/billplz/psr/log/Psr/Log/InvalidArgumentException.php
OK	/htdocs/application/third_party/billplz/ralouphie/getallheaders/README.md
OK	/htdocs/application/third_party/billplz/rize/uri-template/src/Rize/UriTemplate/Node/Literal.php
OK	/htdocs/application/third_party/billplz/rize/uri-template/test/Rize/UriTemplateTest.php
OK	/htdocs/application/third_party/jwt/composer/autoload_classmap.php
OK	/htdocs/application/third_party/jwt/firebase/php-jwt/LICENSE
OK	/htdocs/application/third_party/midtrans/midtrans-php/Midtrans.php
OK	/htdocs/application/third_party/midtrans/midtrans-php/examples/snap-redirect/checkout-process.php
OK	/htdocs/application/third_party/midtrans/midtrans-php/tests/MidtransCoreApiTest.php
OK	/htdocs/application/third_party/midtrans/midtrans-php/tests/utility/fixture/vt_charge.json
OK	/htdocs/application/third_party/omnipay/vendor/aws/aws-crt-php/src/AWS/CRT/NativeResource.php
OK	/htdocs/application/third_party/omnipay/vendor/aws/aws-crt-php/src/AWS/CRT/HTTP/Headers.php
OK	/htdocs/application/third_party/omnipay/vendor/aws/aws-sdk-php/NOTICE
OK	/htdocs/application/third_party/omnipay/vendor/aws/aws-sdk-php/src/DoctrineCacheAdapter.php
OK	/htdocs/application/third_party/omnipay/vendor/aws/aws-sdk-php/src/LruArrayCache.php
OK	/htdocs/application/third_party/omnipay/vendor/aws/aws-sdk-php/src/ResponseContainerInterface.php
OK	/htdocs/application/third_party/omnipay/vendor/aws/aws-sdk-php/src/AccessAnalyzer/AccessAnalyzerClient.php
OK	/htdocs/application/third_party/omnipay/vendor/aws/aws-sdk-php/src/AmplifyUIBuilder/AmplifyUIBuilderClient.php
OK	/htdocs/application/third_party/omnipay/vendor/aws/aws-sdk-php/src/Api/StructureShape.php
OK	/htdocs/application/third_party/omnipay/vendor/aws/aws-sdk-php/src/Api/Parser/DecodingEventStreamIterator.php
OK	/htdocs/application/third_party/omnipay/vendor/aws/aws-sdk-php/src/Api/Serializer/Ec2ParamBuilder.php
OK	/htdocs/application/third_party/omnipay/vendor/aws/aws-sdk-php/src/ApiGatewayManagementApi/Exception/ApiGatewayManagementApiException.php
OK	/htdocs/application/third_party/omnipay/vendor/aws/aws-sdk-php/src/AppIntegrationsService/Exception/AppIntegrationsServiceException.php
OK	/htdocs/application/third_party/omnipay/vendor/aws/aws-sdk-php/src/AppMesh/Exception/AppMeshException.php
OK	/htdocs/application/third_party/omnipay/vendor/aws/aws-sdk-php/src/ARCZonalShift/Exception/ARCZonalShiftException.php
OK	/htdocs/application/third_party/omnipay/vendor/aws/aws-sdk-php/src/Arn/S3/OutpostsAccessPointArn.php
OK	/htdocs/application/third_party/omnipay/vendor/aws/aws-sdk-php/src/Auth/AuthSchemeResolverInterface.php
OK	/htdocs/application/third_party/omnipay/vendor/aws/aws-sdk-php/src/BackupGateway/Exception/BackupGatewayException.php
OK	/htdocs/application/third_party/omnipay/vendor/aws/aws-sdk-php/src/BedrockAgent/Exception/BedrockAgentException.php
OK	/htdocs/application/third_party/omnipay/vendor/aws/aws-sdk-php/src/BillingConductor/Exception/BillingConductorException.php
OK	/htdocs/application/third_party/omnipay/vendor/aws/aws-sdk-php/src/ChimeSDKMediaPipelines/Exception/ChimeSDKMediaPipelinesException.php
OK	/htdocs/application/third_party/omnipay/vendor/aws/aws-sdk-php/src/ClientSideMonitoring/ApiCallAttemptMonitoringMiddleware.php
OK	/htdocs/application/third_party/omnipay/vendor/aws/aws-sdk-php/src/CloudDirectory/Exception/CloudDirectoryException.php
OK	/htdocs/application/third_party/omnipay/vendor/aws/aws-sdk-php/src/CloudHSMV2/CloudHSMV2Client.php
OK	/htdocs/application/third_party/omnipay/vendor/aws/aws-sdk-php/src/CloudTrailData/Exception/CloudTrailDataException.php
OK	/htdocs/application/third_party/omnipay/vendor/aws/aws-sdk-php/src/CodeArtifact/Exception/CodeArtifactException.php
OK	/htdocs/application/third_party/omnipay/vendor/aws/aws-sdk-php/src/CodeGuruProfiler/Exception/CodeGuruProfilerException.php
OK	/htdocs/application/third_party/omnipay/vendor/aws/aws-sdk-php/src/CognitoIdentity/CognitoIdentityProvider.php
OK	/htdocs/application/third_party/omnipay/vendor/aws/aws-sdk-php/src/ConfigService/ConfigServiceClient.php
OK	/htdocs/application/third_party/omnipay/vendor/aws/aws-sdk-php/src/ConnectContactLens/Exception/ConnectContactLensException.php
OK	/htdocs/application/third_party/omnipay/vendor/aws/aws-sdk-php/src/CostExplorer/Exception/CostExplorerException.php
OK	/htdocs/application/third_party/omnipay/vendor/aws/aws-sdk-php/src/Crypto/AbstractCryptoClient.php
OK	/htdocs/application/third_party/omnipay/vendor/aws/aws-sdk-php/src/Crypto/KmsMaterialsProvider.php
OK	/htdocs/application/third_party/omnipay/vendor/aws/aws-sdk-php/src/Crypto/Polyfill/ByteArray.php
OK	/htdocs/application/third_party/omnipay/vendor/aws/aws-sdk-php/src/data/sdk-default-configuration.json.php
OK	/htdocs/application/third_party/omnipay/vendor/aws/aws-sdk-php/src/data/acm/2015-12-08/waiters-2.json.php
OK	/htdocs/application/third_party/omnipay/vendor/aws/aws-sdk-php/src/data/amplifybackend/2020-08-11/api-2.json.php
OK	/htdocs/application/third_party/omnipay/vendor/aws/aws-sdk-php/src/data/apigatewaymanagementapi/2018-11-29/api-2.json.php
OK	/htdocs/application/third_party/omnipay/vendor/aws/aws-sdk-php/src/data/appfabric/2023-05-19/api-2.json.php
OK	/htdocs/application/third_party/omnipay/vendor/aws/aws-sdk-php/src/data/application-autoscaling/2016-02-06/endpoint-rule-set-1.json.php
OK	/htdocs/application/third_party/omnipay/vendor/aws/aws-sdk-php/src/data/appmesh/2018-10-01/api-2.json.php
OK	/htdocs/application/third_party/omnipay/vendor/aws/aws-sdk-php/src/data/appstream/2016-12-01/smoke.json.php
OK	/htdocs/application/third_party/omnipay/vendor/aws/aws-sdk-php/src/data/arc-zonal-shift/2022-10-30/paginators-1.json.php
OK	/htdocs/application/third_party/omnipay/vendor/aws/aws-sdk-php/src/data/auditmanager/2017-07-25/paginators-1.json.php
OK	/htdocs/application/third_party/omnipay/vendor/aws/aws-sdk-php/src/data/backup/2018-11-15/api-2.json.php
OK	/htdocs/application/third_party/omnipay/vendor/aws/aws-sdk-php/src/data/batch/2016-08-10/endpoint-rule-set-1.json.php
OK	/htdocs/application/third_party/omnipay/vendor/aws/aws-sdk-php/src/data/bedrock/2023-04-20/endpoint-rule-set-1.json.php
OK	/htdocs/application/third_party/omnipay/vendor/aws/aws-sdk-php/src/data/bedrock-data-automation/2023-07-26/paginators-1.json.php
OK	/htdocs/application/third_party/omnipay/vendor/aws/aws-sdk-php/src/data/billing/2023-09-07/smoke.json.php
OK	/htdocs/application/third_party/omnipay/vendor/aws/aws-sdk-php/src/data/budgets/2016-10-20/paginators-1.json.php
OK	/htdocs/application/third_party/omnipay/vendor/aws/aws-sdk-php/src/data/chime-sdk-identity/2021-04-20/paginators-1.json.php
OK	/htdocs/application/third_party/omnipay/vendor/aws/aws-sdk-php/src/data/chime-sdk-voice/2022-08-03/paginators-1.json.php
OK	/htdocs/application/third_party/omnipay/vendor/aws/aws-sdk-php/src/data/cloud9/2017-09-23/endpoint-rule-set-1.json.php
OK	/htdocs/application/third_party/omnipay/vendor/aws/aws-sdk-php/src/data/clouddirectory/2017-01-11/paginators-1.json.php
OK	/htdocs/application/third_party/omnipay/vendor/aws/aws-sdk-php/src/data/cloudfront/2016-01-28/paginators-1.json.php
OK	/htdocs/application/third_party/omnipay/vendor/aws/aws-sdk-php/src/data/cloudfront/2016-09-07/paginators-1.json.php
OK	/htdocs/application/third_party/omnipay/vendor/aws/aws-sdk-php/src/data/cloudfront/2016-11-25/waiters-2.json.php
OK	/htdocs/application/third_party/omnipay/vendor/aws/aws-sdk-php/src/data/cloudfront/2018-06-18/api-2.json.php
OK	/htdocs/application/third_party/omnipay/vendor/aws/aws-sdk-php/src/data/cloudfront/2019-03-26/api-2.json.php
OK	/htdocs/application/third_party/omnipay/vendor/aws/aws-sdk-php/src/data/cloudfront-keyvaluestore/2022-07-26/api-2.json.php
OK	/htdocs/application/third_party/omnipay/vendor/aws/aws-sdk-php/src/data/cloudsearch/2013-01-01/paginators-1.json.php
OK	/htdocs/application/third_party/omnipay/vendor/aws/aws-sdk-php/src/data/codeartifact/2018-09-22/endpoint-rule-set-1.json.php
OK	/htdocs/application/third_party/omnipay/vendor/aws/aws-sdk-php/src/data/codecommit/2015-04-13/endpoint-rule-set-1.json.php
OK	/htdocs/application/third_party/omnipay/vendor/aws/aws-sdk-php/src/data/codeguru-reviewer/2019-09-19/api-2.json.php
OK	/htdocs/application/third_party/omnipay/vendor/aws/aws-sdk-php/src/data/codepipeline/2015-07-09/paginators-1.json.php
OK	/htdocs/application/third_party/omnipay/vendor/aws/aws-sdk-php/src/data/cognito-idp/2016-04-18/api-2.json.php
OK	/htdocs/application/third_party/omnipay/vendor/aws/aws-sdk-php/src/data/comprehendmedical/2018-10-30/endpoint-rule-set-1.json.php
OK	/htdocs/application/third_party/omnipay/vendor/aws/aws-sdk-php/src/data/connect-contact-lens/2020-08-21/api-2.json.php
OK	/htdocs/application/third_party/omnipay/vendor/aws/aws-sdk-php/src/data/connectparticipant/2018-09-07/api-2.json.php
OK	/htdocs/application/third_party/omnipay/vendor/aws/aws-sdk-php/src/data/cost-optimization-hub/2022-07-26/endpoint-rule-set-1.json.php
OK	/htdocs/application/third_party/omnipay/vendor/aws/aws-sdk-php/src/data/data.iot/2015-05-28/endpoint-rule-set-1.json.php
OK	/htdocs/application/third_party/omnipay/vendor/aws/aws-sdk-php/src/data/datapipeline/2012-10-29/endpoint-rule-set-1.json.php
OK	/htdocs/application/third_party/omnipay/vendor/aws/aws-sdk-php/src/data/deadline/2023-10-12/endpoint-rule-set-1.json.php
OK	/htdocs/application/third_party/omnipay/vendor/aws/aws-sdk-php/src/data/devops-guru/2020-12-01/paginators-1.json.php
OK	/htdocs/application/third_party/omnipay/vendor/aws/aws-sdk-php/src/data/dlm/2018-01-12/api-2.json.php
OK	/htdocs/application/third_party/omnipay/vendor/aws/aws-sdk-php/src/data/docdb/2014-10-31/waiters-2.json.php
OK	/htdocs/application/third_party/omnipay/vendor/aws/aws-sdk-php/src/data/dsql/2018-05-10/endpoint-rule-set-1.json.php
OK	/htdocs/application/third_party/omnipay/vendor/aws/aws-sdk-php/src/data/dynamodb/2012-08-10/smoke.json.php
OK	/htdocs/application/third_party/omnipay/vendor/aws/aws-sdk-php/src/data/ec2/2016-04-01/endpoint-rule-set-1.json.php
OK	/htdocs/application/third_party/omnipay/vendor/aws/aws-sdk-php/src/data/ec2/2016-11-15/waiters-1.json.php
OK	/htdocs/application/third_party/omnipay/vendor/aws/aws-sdk-php/src/data/ecr-public/2020-10-30/paginators-1.json.php
OK	/htdocs/application/third_party/omnipay/vendor/aws/aws-sdk-php/src/data/eks-auth/2023-11-26/paginators-1.json.php
OK	/htdocs/application/third_party/omnipay/vendor/aws/aws-sdk-php/src/data/elasticbeanstalk/2010-12-01/waiters-2.json.php
OK	/htdocs/application/third_party/omnipay/vendor/aws/aws-sdk-php/src/data/elasticloadbalancingv2/2015-12-01/paginators-1.json.php
OK	/htdocs/application/third_party/omnipay/vendor/aws/aws-sdk-php/src/data/elastictranscoder/2012-09-25/waiters-1.json.php
OK	/htdocs/application/third_party/omnipay/vendor/aws/aws-sdk-php/src/data/emr-serverless/2021-07-13/endpoint-rule-set-1.json.php
OK	/htdocs/application/third_party/omnipay/vendor/aws/aws-sdk-php/src/data/eventbridge/2015-10-07/api-2.json.php
OK	/htdocs/application/third_party/omnipay/vendor/aws/aws-sdk-php/src/data/finspace/2021-03-12/endpoint-rule-set-1.json.php
OK	/htdocs/application/third_party/omnipay/vendor/aws/aws-sdk-php/src/data/fms/2018-01-01/api-2.json.php
OK	/htdocs/application/third_party/omnipay/vendor/aws/aws-sdk-php/src/data/freetier/2023-09-07/api-2.json.php
OK	/htdocs/application/third_party/omnipay/vendor/aws/aws-sdk-php/src/data/geo-maps/2020-11-19/paginators-1.json.php
OK	/htdocs/application/third_party/omnipay/vendor/aws/aws-sdk-php/src/data/glacier/2012-06-01/waiters-2.json.php
OK	/htdocs/application/third_party/omnipay/vendor/aws/aws-sdk-php/src/data/greengrass/2017-06-07/api-2.json.php
OK	/htdocs/application/third_party/omnipay/vendor/aws/aws-sdk-php/src/data/health/2016-08-04/api-2.json.php
OK	/htdocs/application/third_party/omnipay/vendor/aws/aws-sdk-php/src/data/identitystore/2020-06-15/endpoint-rule-set-1.json.php
OK	/htdocs/application/third_party/omnipay/vendor/aws/aws-sdk-php/src/data/inspector-scan/2023-08-08/api-2.json.php
OK	/htdocs/application/third_party/omnipay/vendor/aws/aws-sdk-php/src/data/invoicing/2024-12-01/endpoint-rule-set-1.json.php
OK	/htdocs/application/third_party/omnipay/vendor/aws/aws-sdk-php/src/data/iotanalytics/2017-11-27/endpoint-rule-set-1.json.php
OK	/htdocs/application/third_party/omnipay/vendor/aws/aws-sdk-php/src/data/iotfleethub/2020-11-03/endpoint-rule-set-1.json.php
OK	/htdocs/application/third_party/omnipay/vendor/aws/aws-sdk-php/src/data/iotsitewise/2019-12-02/paginators-1.json.php
OK	/htdocs/application/third_party/omnipay/vendor/aws/aws-sdk-php/src/data/iotwireless/2020-11-22/paginators-1.json.php
OK	/htdocs/application/third_party/omnipay/vendor/aws/aws-sdk-php/src/data/ivschat/2020-07-14/smoke.json.php
OK	/htdocs/application/third_party/omnipay/vendor/aws/aws-sdk-php/src/data/kendra/2019-02-03/paginators-1.json.php
OK	/htdocs/application/third_party/omnipay/vendor/aws/aws-sdk-php/src/data/kinesis/2013-12-02/smoke.json.php
OK	/htdocs/application/third_party/omnipay/vendor/aws/aws-sdk-php/src/data/kinesis-video-webrtc-storage/2018-05-10/endpoint-rule-set-1.json.php
OK	/htdocs/application/third_party/omnipay/vendor/aws/aws-sdk-php/src/data/kms/2014-11-01/endpoint-rule-set-1.json.php
OK	/htdocs/application/third_party/omnipay/vendor/aws/aws-sdk-php/src/data/launch-wizard/2018-05-10/endpoint-rule-set-1.json.php
OK	/htdocs/application/third_party/omnipay/vendor/aws/aws-sdk-php/src/data/license-manager-user-subscriptions/2018-05-10/endpoint-rule-set-1.json.php
OK	/htdocs/application/third_party/omnipay/vendor/aws/aws-sdk-php/src/data/logs/2014-03-28/smoke.json.php
OK	/htdocs/application/third_party/omnipay/vendor/aws/aws-sdk-php/src/data/m2/2021-04-28/paginators-1.json.php
OK	/htdocs/application/third_party/omnipay/vendor/aws/aws-sdk-php/src/data/managedblockchain/2018-09-24/api-2.json.php
OK	/htdocs/application/third_party/omnipay/vendor/aws/aws-sdk-php/src/data/marketplace-catalog/2018-09-17/endpoint-rule-set-1.json.php
OK	/htdocs/application/third_party/omnipay/vendor/aws/aws-sdk-php/src/data/marketplacecommerceanalytics/2015-07-01/paginators-1.json.php
OK	/htdocs/application/third_party/omnipay/vendor/aws/aws-sdk-php/src/data/medialive/2017-10-14/waiters-2.json.php
OK	/htdocs/application/third_party/omnipay/vendor/aws/aws-sdk-php/src/data/mediastore/2017-09-01/api-2.json.php
OK	/htdocs/application/third_party/omnipay/vendor/aws/aws-sdk-php/src/data/medical-imaging/2023-07-19/smoke.json.php
OK	/htdocs/application/third_party/omnipay/vendor/aws/aws-sdk-php/src/data/mgn/2020-02-26/endpoint-rule-set-1.json.php
OK	/htdocs/application/third_party/omnipay/vendor/aws/aws-sdk-php/src/data/migrationhuborchestrator/2021-08-28/waiters-2.json.php
OK	/htdocs/application/third_party/omnipay/vendor/aws/aws-sdk-php/src/data/monitoring/2010-08-01/waiters-2.json.php
OK	/htdocs/application/third_party/omnipay/vendor/aws/aws-sdk-php/src/data/neptune/2014-10-31/endpoint-rule-set-1.json.php
OK	/htdocs/application/third_party/omnipay/vendor/aws/aws-sdk-php/src/data/network-firewall/2020-11-12/endpoint-rule-set-1.json.php
OK	/htdocs/application/third_party/omnipay/vendor/aws/aws-sdk-php/src/data/networkmonitor/2023-08-01/paginators-1.json.php
OK	/htdocs/application/third_party/omnipay/vendor/aws/aws-sdk-php/src/data/notificationscontacts/2018-05-10/waiters-2.json.php
OK	/htdocs/application/third_party/omnipay/vendor/aws/aws-sdk-php/src/data/omics/2022-11-28/paginators-1.json.php
OK	/htdocs/application/third_party/omnipay/vendor/aws/aws-sdk-php/src/data/opsworks/2013-02-18/api-2.json.php
OK	/htdocs/application/third_party/omnipay/vendor/aws/aws-sdk-php/src/data/osis/2022-01-01/api-2.json.php
OK	/htdocs/application/third_party/omnipay/vendor/aws/aws-sdk-php/src/data/payment-cryptography/2021-09-14/api-2.json.php
OK	/htdocs/application/third_party/omnipay/vendor/aws/aws-sdk-php/src/data/pca-connector-ad/2018-05-10/paginators-1.json.php
OK	/htdocs/application/third_party/omnipay/vendor/aws/aws-sdk-php/src/data/personalize/2018-05-22/endpoint-rule-set-1.json.php
OK	/htdocs/application/third_party/omnipay/vendor/aws/aws-sdk-php/src/data/pinpoint/2016-12-01/endpoint-rule-set-1.json.php
OK	/htdocs/application/third_party/omnipay/vendor/aws/aws-sdk-php/src/data/pipes/2015-10-07/smoke.json.php
OK	/htdocs/application/third_party/omnipay/vendor/aws/aws-sdk-php/src/data/privatenetworks/2021-12-03/defaults-1.json.php
OK	/htdocs/application/third_party/omnipay/vendor/aws/aws-sdk-php/src/data/qbusiness/2023-11-27/api-2.json.php
OK	/htdocs/application/third_party/omnipay/vendor/aws/aws-sdk-php/src/data/qldb-session/2019-07-11/endpoint-rule-set-1.json.php
OK	/htdocs/application/third_party/omnipay/vendor/aws/aws-sdk-php/src/data/rds/2014-09-01/endpoint-rule-set-1.json.php
OK	/htdocs/application/third_party/omnipay/vendor/aws/aws-sdk-php/src/data/redshift/2012-12-01/api-2.json.php
OK	/htdocs/application/third_party/omnipay/vendor/aws/aws-sdk-php/src/data/rekognition/2016-06-27/api-2.json.php
OK	/htdocs/application/third_party/omnipay/vendor/aws/aws-sdk-php/src/data/resource-explorer-2/2022-07-28/endpoint-rule-set-1.json.php
OK	/htdocs/application/third_party/omnipay/vendor/aws/aws-sdk-php/src/data/rolesanywhere/2018-05-10/endpoint-rule-set-1.json.php
OK	/htdocs/application/third_party/omnipay/vendor/aws/aws-sdk-php/src/data/route53-recovery-control-config/2020-11-02/paginators-1.json.php
OK	/htdocs/application/third_party/omnipay/vendor/aws/aws-sdk-php/src/data/route53resolver/2018-04-01/api-2.json.php
OK	/htdocs/application/third_party/omnipay/vendor/aws/aws-sdk-php/src/data/runtime.lex.v2/2020-08-07/paginators-1.json.php
OK	/htdocs/application/third_party/omnipay/vendor/aws/aws-sdk-php/src/data/s3control/2018-08-20/paginators-1.json.php
OK	/htdocs/application/third_party/omnipay/vendor/aws/aws-sdk-php/src/data/sagemaker/2017-07-24/waiters-2.json.php
OK	/htdocs/application/third_party/omnipay/vendor/aws/aws-sdk-php/src/data/sagemaker-geospatial/2020-05-27/paginators-1.json.php
OK	/htdocs/application/third_party/omnipay/vendor/aws/aws-sdk-php/src/data/schemas/2019-12-02/paginators-1.json.php
OK	/htdocs/application/third_party/omnipay/vendor/aws/aws-sdk-php/src/data/securityhub/2018-10-26/endpoint-rule-set-1.json.php
OK	/htdocs/application/third_party/omnipay/vendor/aws/aws-sdk-php/src/data/servicecatalog/2015-12-10/endpoint-rule-set-1.json.php
OK	/htdocs/application/third_party/omnipay/vendor/aws/aws-sdk-php/src/data/shield/2016-06-02/api-2.json.php
OK	/htdocs/application/third_party/omnipay/vendor/aws/aws-sdk-php/src/data/sms/2016-10-24/endpoint-rule-set-1.json.php
OK	/htdocs/application/third_party/omnipay/vendor/aws/aws-sdk-php/src/data/sns/2010-03-31/api-2.json.php
OK	/htdocs/application/third_party/omnipay/vendor/aws/aws-sdk-php/src/data/ssm/2014-11-06/api-2.json.php
OK	/htdocs/application/third_party/omnipay/vendor/aws/aws-sdk-php/src/data/ssm-quicksetup/2018-05-10/api-2.json.php
OK	/htdocs/application/third_party/omnipay/vendor/aws/aws-sdk-php/src/data/sso-oidc/2019-06-10/api-2.json.php
OK	/htdocs/application/third_party/omnipay/vendor/aws/aws-sdk-php/src/data/streams.dynamodb/2012-08-10/paginators-1.json.php
OK	/htdocs/application/third_party/omnipay/vendor/aws/aws-sdk-php/src/data/support-app/2021-08-20/api-2.json.php
OK	/htdocs/application/third_party/omnipay/vendor/aws/aws-sdk-php/src/data/taxsettings/2018-05-10/paginators-1.json.php
OK	/htdocs/application/third_party/omnipay/vendor/aws/aws-sdk-php/src/data/timestream-write/2018-11-01/paginators-1.json.php
OK	/htdocs/application/third_party/omnipay/vendor/aws/aws-sdk-php/src/data/translate/2017-07-01/api-2.json.php
OK	/htdocs/application/third_party/omnipay/vendor/aws/aws-sdk-php/src/data/voice-id/2021-09-27/endpoint-rule-set-1.json.php
OK	/htdocs/application/third_party/omnipay/vendor/aws/aws-sdk-php/src/data/waf-regional/2016-11-28/smoke.json.php
OK	/htdocs/application/third_party/omnipay/vendor/aws/aws-sdk-php/src/data/workdocs/2016-05-01/endpoint-rule-set-1.json.php
OK	/htdocs/application/third_party/omnipay/vendor/aws/aws-sdk-php/src/data/workspaces-thin-client/2023-08-22/api-2.json.php
OK	/htdocs/application/third_party/omnipay/vendor/aws/aws-sdk-php/src/DataExchange/Exception/DataExchangeException.php
OK	/htdocs/application/third_party/omnipay/vendor/aws/aws-sdk-php/src/DefaultsMode/ConfigurationInterface.php
OK	/htdocs/application/third_party/omnipay/vendor/aws/aws-sdk-php/src/DirectoryService/Exception/DirectoryServiceException.php
OK	/htdocs/application/third_party/omnipay/vendor/aws/aws-sdk-php/src/DSQL/DSQLClient.php
OK	/htdocs/application/third_party/omnipay/vendor/aws/aws-sdk-php/src/DynamoDb/WriteRequestBatch.php
OK	/htdocs/application/third_party/omnipay/vendor/aws/aws-sdk-php/src/ECRPublic/ECRPublicClient.php
OK	/htdocs/application/third_party/omnipay/vendor/aws/aws-sdk-php/src/ElasticBeanstalk/ElasticBeanstalkClient.php
OK	/htdocs/application/third_party/omnipay/vendor/aws/aws-sdk-php/src/EMRContainers/EMRContainersClient.php
OK	/htdocs/application/third_party/omnipay/vendor/aws/aws-sdk-php/src/Endpoint/UseDualstackEndpoint/Exception/ConfigurationException.php
OK	/htdocs/application/third_party/omnipay/vendor/aws/aws-sdk-php/src/EndpointV2/EndpointProviderV2.php
OK	/htdocs/application/third_party/omnipay/vendor/aws/aws-sdk-php/src/EntityResolution/EntityResolutionClient.php
OK	/htdocs/application/third_party/omnipay/vendor/aws/aws-sdk-php/src/Exception/IncalculablePayloadException.php
OK	/htdocs/application/third_party/omnipay/vendor/aws/aws-sdk-php/src/Firehose/FirehoseClient.php
OK	/htdocs/application/third_party/omnipay/vendor/aws/aws-sdk-php/src/FreeTier/FreeTierClient.php
OK	/htdocs/application/third_party/omnipay/vendor/aws/aws-sdk-php/src/Glacier/GlacierClient.php
OK	/htdocs/application/third_party/omnipay/vendor/aws/aws-sdk-php/src/GreengrassV2/GreengrassV2Client.php
OK	/htdocs/application/third_party/omnipay/vendor/aws/aws-sdk-php/src/HealthLake/HealthLakeClient.php
OK	/htdocs/application/third_party/omnipay/vendor/aws/aws-sdk-php/src/imagebuilder/Exception/imagebuilderException.php
OK	/htdocs/application/third_party/omnipay/vendor/aws/aws-sdk-php/src/Invoicing/Exception/InvoicingException.php
OK	/htdocs/application/third_party/omnipay/vendor/aws/aws-sdk-php/src/IoTEventsData/Exception/IoTEventsDataException.php
OK	/htdocs/application/third_party/omnipay/vendor/aws/aws-sdk-php/src/IoTThingsGraph/Exception/IoTThingsGraphException.php
OK	/htdocs/application/third_party/omnipay/vendor/aws/aws-sdk-php/src/Kafka/Exception/KafkaException.php
OK	/htdocs/application/third_party/omnipay/vendor/aws/aws-sdk-php/src/KinesisAnalytics/Exception/KinesisAnalyticsException.php
OK	/htdocs/application/third_party/omnipay/vendor/aws/aws-sdk-php/src/KinesisVideoWebRTCStorage/Exception/KinesisVideoWebRTCStorageException.php
OK	/htdocs/application/third_party/omnipay/vendor/aws/aws-sdk-php/src/LexModelsV2/Exception/LexModelsV2Exception.php
OK	/htdocs/application/third_party/omnipay/vendor/aws/aws-sdk-php/src/Lightsail/Exception/LightsailException.php
OK	/htdocs/application/third_party/omnipay/vendor/aws/aws-sdk-php/src/Macie2/Exception/Macie2Exception.php
OK	/htdocs/application/third_party/omnipay/vendor/aws/aws-sdk-php/src/MarketplaceAgreement/Exception/MarketplaceAgreementException.php
OK	/htdocs/application/third_party/omnipay/vendor/aws/aws-sdk-php/src/MarketplaceReporting/Exception/MarketplaceReportingException.php
OK	/htdocs/application/third_party/omnipay/vendor/aws/aws-sdk-php/src/MediaPackageVod/Exception/MediaPackageVodException.php
OK	/htdocs/application/third_party/omnipay/vendor/aws/aws-sdk-php/src/mgn/Exception/mgnException.php
OK	/htdocs/application/third_party/omnipay/vendor/aws/aws-sdk-php/src/MQ/Exception/MQException.php
OK	/htdocs/application/third_party/omnipay/vendor/aws/aws-sdk-php/src/NeptuneGraph/NeptuneGraphClient.php
OK	/htdocs/application/third_party/omnipay/vendor/aws/aws-sdk-php/src/NotificationsContacts/NotificationsContactsClient.php
OK	/htdocs/application/third_party/omnipay/vendor/aws/aws-sdk-php/src/OpsWorks/OpsWorksClient.php
OK	/htdocs/application/third_party/omnipay/vendor/aws/aws-sdk-php/src/PartnerCentralSelling/PartnerCentralSellingClient.php
OK	/htdocs/application/third_party/omnipay/vendor/aws/aws-sdk-php/src/Personalize/PersonalizeClient.php
OK	/htdocs/application/third_party/omnipay/vendor/aws/aws-sdk-php/src/PinpointSMSVoice/PinpointSMSVoiceClient.php
OK	/htdocs/application/third_party/omnipay/vendor/aws/aws-sdk-php/src/PrometheusService/PrometheusServiceClient.php
OK	/htdocs/application/third_party/omnipay/vendor/aws/aws-sdk-php/src/QLDBSession/QLDBSessionClient.php
OK	/htdocs/application/third_party/omnipay/vendor/aws/aws-sdk-php/src/RecycleBin/Exception/RecycleBinException.php
OK	/htdocs/application/third_party/omnipay/vendor/aws/aws-sdk-php/src/ResilienceHub/Exception/ResilienceHubException.php
OK	/htdocs/application/third_party/omnipay/vendor/aws/aws-sdk-php/src/Retry/RetryHelperTrait.php
OK	/htdocs/application/third_party/omnipay/vendor/aws/aws-sdk-php/src/Route53RecoveryCluster/Route53RecoveryClusterClient.php
OK	/htdocs/application/third_party/omnipay/vendor/aws/aws-sdk-php/src/S3/BucketEndpointMiddleware.php
OK	/htdocs/application/third_party/omnipay/vendor/aws/aws-sdk-php/src/S3/PostObjectV4.php
OK	/htdocs/application/third_party/omnipay/vendor/aws/aws-sdk-php/src/S3/ValidateResponseChecksumParser.php
OK	/htdocs/application/third_party/omnipay/vendor/aws/aws-sdk-php/src/S3/Exception/S3Exception.php
OK	/htdocs/application/third_party/omnipay/vendor/aws/aws-sdk-php/src/S3/UseArnRegion/ConfigurationProvider.php
OK	/htdocs/application/third_party/omnipay/vendor/aws/aws-sdk-php/src/SagemakerEdgeManager/Exception/SagemakerEdgeManagerException.php
OK	/htdocs/application/third_party/omnipay/vendor/aws/aws-sdk-php/src/Scheduler/Exception/SchedulerException.php
OK	/htdocs/application/third_party/omnipay/vendor/aws/aws-sdk-php/src/ServerlessApplicationRepository/ServerlessApplicationRepositoryClient.php
OK	/htdocs/application/third_party/omnipay/vendor/aws/aws-sdk-php/src/Sfn/SfnClient.php
OK	/htdocs/application/third_party/omnipay/vendor/aws/aws-sdk-php/src/signer/Exception/signerException.php
OK	/htdocs/application/third_party/omnipay/vendor/aws/aws-sdk-php/src/SocialMessaging/Exception/SocialMessagingException.php
OK	/htdocs/application/third_party/omnipay/vendor/aws/aws-sdk-php/src/SsmSap/Exception/SsmSapException.php
OK	/htdocs/application/third_party/omnipay/vendor/aws/aws-sdk-php/src/Sts/RegionalEndpoints/ConfigurationInterface.php
OK	/htdocs/application/third_party/omnipay/vendor/aws/aws-sdk-php/src/Synthetics/Exception/SyntheticsException.php
OK	/htdocs/application/third_party/omnipay/vendor/aws/aws-sdk-php/src/Tnb/Exception/TnbException.php
OK	/htdocs/application/third_party/omnipay/vendor/aws/aws-sdk-php/src/Transfer/TransferClient.php
OK	/htdocs/application/third_party/omnipay/vendor/aws/aws-sdk-php/src/Waf/WafClient.php
OK	/htdocs/application/third_party/omnipay/vendor/aws/aws-sdk-php/src/WorkMailMessageFlow/WorkMailMessageFlowClient.php
OK	/htdocs/application/third_party/omnipay/vendor/chillerlan/php-qrcode/composer.json
OK	/htdocs/application/third_party/omnipay/vendor/chillerlan/php-qrcode/src/Common/GDLuminanceSource.php
OK	/htdocs/application/third_party/omnipay/vendor/chillerlan/php-qrcode/src/Data/Hanzi.php
OK	/htdocs/application/third_party/omnipay/vendor/chillerlan/php-qrcode/src/Decoder/DecoderResult.php
OK	/htdocs/application/third_party/omnipay/vendor/chillerlan/php-qrcode/src/Output/QRCodeOutputException.php
OK	/htdocs/application/third_party/omnipay/vendor/chillerlan/php-qrcode/src/Output/QRMarkupHTML.php
OK	/htdocs/application/third_party/omnipay/vendor/chillerlan/php-settings-container/src/SettingsContainerInterface.php
OK	/htdocs/application/third_party/omnipay/vendor/composer/autoload_psr4.php
OK	/htdocs/application/third_party/omnipay/vendor/firebase/php-jwt/README.md
OK	/htdocs/application/third_party/omnipay/vendor/google/apiclient/README.md
OK	/htdocs/application/third_party/omnipay/vendor/google/apiclient/src/AuthHandler/Guzzle7AuthHandler.php
OK	/htdocs/application/third_party/omnipay/vendor/google/apiclient-services/autoload.php
OK	/htdocs/application/third_party/omnipay/vendor/google/apiclient-services/src/AdExchangeBuyerII.php
OK	/htdocs/application/third_party/omnipay/vendor/google/apiclient-services/src/AnalyticsData.php
OK	/htdocs/application/third_party/omnipay/vendor/google/apiclient-services/src/Appengine.php
OK	/htdocs/application/third_party/omnipay/vendor/google/apiclient-services/src/BigLakeService.php
OK	/htdocs/application/third_party/omnipay/vendor/google/apiclient-services/src/Calendar.php
OK	/htdocs/application/third_party/omnipay/vendor/google/apiclient-services/src/Cloudbilling.php
OK	/htdocs/application/third_party/omnipay/vendor/google/apiclient-services/src/CloudFilestore.php
OK	/htdocs/application/third_party/omnipay/vendor/google/apiclient-services/src/CloudProfiler.php
OK	/htdocs/application/third_party/omnipay/vendor/google/apiclient-services/src/CloudTalentSolution.php
OK	/htdocs/application/third_party/omnipay/vendor/google/apiclient-services/src/Css.php
OK	/htdocs/application/third_party/omnipay/vendor/google/apiclient-services/src/DataprocMetastore.php
OK	/htdocs/application/third_party/omnipay/vendor/google/apiclient-services/src/DLP.php
OK	/htdocs/application/third_party/omnipay/vendor/google/apiclient-services/src/FactCheckTools.php
OK	/htdocs/application/third_party/omnipay/vendor/google/apiclient-services/src/Firebasestorage.php
OK	/htdocs/application/third_party/omnipay/vendor/google/apiclient-services/src/GoogleAnalyticsAdmin.php
OK	/htdocs/application/third_party/omnipay/vendor/google/apiclient-services/src/Integrations.php
OK	/htdocs/application/third_party/omnipay/vendor/google/apiclient-services/src/Meet.php
OK	/htdocs/application/third_party/omnipay/vendor/google/apiclient-services/src/NetAppFiles.php
OK	/htdocs/application/third_party/omnipay/vendor/google/apiclient-services/src/PaymentsResellerSubscription.php
OK	/htdocs/application/third_party/omnipay/vendor/google/apiclient-services/src/PostmasterTools.php
OK	/htdocs/application/third_party/omnipay/vendor/google/apiclient-services/src/ResourceSettings.php
OK	/htdocs/application/third_party/omnipay/vendor/google/apiclient-services/src/ServiceConsumerManagement.php
OK	/htdocs/application/third_party/omnipay/vendor/google/apiclient-services/src/Spanner.php
OK	/htdocs/application/third_party/omnipay/vendor/google/apiclient-services/src/TPU.php
OK	/htdocs/application/third_party/omnipay/vendor/google/apiclient-services/src/Webfonts.php
OK	/htdocs/application/third_party/omnipay/vendor/google/apiclient-services/src/AbusiveExperienceReport/Resource/Sites.php
OK	/htdocs/application/third_party/omnipay/vendor/google/apiclient-services/src/AccessApproval/ApprovalRequest.php
OK	/htdocs/application/third_party/omnipay/vendor/google/apiclient-services/src/AccessApproval/Resource/FoldersApprovalRequests.php
OK	/htdocs/application/third_party/omnipay/vendor/google/apiclient-services/src/AccessContextManager/Application.php
OK	/htdocs/application/third_party/omnipay/vendor/google/apiclient-services/src/AccessContextManager/DevicePolicy.php
OK	/htdocs/application/third_party/omnipay/vendor/google/apiclient-services/src/AccessContextManager/IngressSource.php
OK	/htdocs/application/third_party/omnipay/vendor/google/apiclient-services/src/AccessContextManager/Policy.php
OK	/htdocs/application/third_party/omnipay/vendor/google/apiclient-services/src/AccessContextManager/SupportedService.php
OK	/htdocs/application/third_party/omnipay/vendor/google/apiclient-services/src/AccessContextManager/Resource/OrganizationsGcpUserAccessBindings.php
OK	/htdocs/application/third_party/omnipay/vendor/google/apiclient-services/src/AddressValidation/GoogleMapsAddressvalidationV1LanguageOptions.php
OK	/htdocs/application/third_party/omnipay/vendor/google/apiclient-services/src/AddressValidation/Resource/V1.php
OK	/htdocs/application/third_party/omnipay/vendor/google/apiclient-services/src/AdExchangeBuyer/ContactInformation.php
OK	/htdocs/application/third_party/omnipay/vendor/google/apiclient-services/src/AdExchangeBuyer/CreativeNativeAdAppIcon.php
OK	/htdocs/application/third_party/omnipay/vendor/google/apiclient-services/src/AdExchangeBuyer/DealTermsNonGuaranteedAuctionTerms.php
OK	/htdocs/application/third_party/omnipay/vendor/google/apiclient-services/src/AdExchangeBuyer/GetOrderDealsResponse.php
OK	/htdocs/application/third_party/omnipay/vendor/google/apiclient-services/src/AdExchangeBuyer/PretargetingConfigDimensions.php
OK	/htdocs/application/third_party/omnipay/vendor/google/apiclient-services/src/AdExchangeBuyer/Seller.php
OK	/htdocs/application/third_party/omnipay/vendor/google/apiclient-services/src/AdExchangeBuyer/Resource/BillingInfo.php
OK	/htdocs/application/third_party/omnipay/vendor/google/apiclient-services/src/AdExchangeBuyerII/AcceptProposalRequest.php
OK	/htdocs/application/third_party/omnipay/vendor/google/apiclient-services/src/AdExchangeBuyerII/CancelNegotiationRequest.php
OK	/htdocs/application/third_party/omnipay/vendor/google/apiclient-services/src/AdExchangeBuyerII/CreativeStatusRow.php
OK	/htdocs/application/third_party/omnipay/vendor/google/apiclient-services/src/AdExchangeBuyerII/FilteredBidDetailRow.php
OK	/htdocs/application/third_party/omnipay/vendor/google/apiclient-services/src/AdExchangeBuyerII/ListClientsResponse.php
OK	/htdocs/application/third_party/omnipay/vendor/google/apiclient-services/src/AdExchangeBuyerII/ListNonBillableWinningBidsResponse.php
OK	/htdocs/application/third_party/omnipay/vendor/google/apiclient-services/src/AdExchangeBuyerII/NonGuaranteedFixedPriceTerms.php
OK	/htdocs/application/third_party/omnipay/vendor/google/apiclient-services/src/AdExchangeBuyerII/PublisherProfile.php
OK	/htdocs/application/third_party/omnipay/vendor/google/apiclient-services/src/AdExchangeBuyerII/Size.php
OK	/htdocs/application/third_party/omnipay/vendor/google/apiclient-services/src/AdExchangeBuyerII/Resource/AccountsClients.php
OK	/htdocs/application/third_party/omnipay/vendor/google/apiclient-services/src/AdExchangeBuyerII/Resource/BiddersAccountsFilterSetsBidMetrics.php
OK	/htdocs/application/third_party/omnipay/vendor/google/apiclient-services/src/AdExchangeBuyerII/Resource/BiddersFilterSetsBidResponseErrors.php
OK	/htdocs/application/third_party/omnipay/vendor/google/apiclient-services/src/AdExchangeBuyerII/Resource/BuyersFilterSetsBidResponseErrors.php
OK	/htdocs/application/third_party/omnipay/vendor/google/apiclient-services/src/AdExperienceReport/Resource/Sites.php
OK	/htdocs/application/third_party/omnipay/vendor/google/apiclient-services/src/AdMob/ListAdUnitsResponse.php
OK	/htdocs/application/third_party/omnipay/vendor/google/apiclient-services/src/AdMob/ReportHeader.php
OK	/htdocs/application/third_party/omnipay/vendor/google/apiclient-services/src/Adsense/AdBlockingRecoveryTag.php
OK	/htdocs/application/third_party/omnipay/vendor/google/apiclient-services/src/Adsense/HttpBody.php
OK	/htdocs/application/third_party/omnipay/vendor/google/apiclient-services/src/Adsense/ListSitesResponse.php
OK	/htdocs/application/third_party/omnipay/vendor/google/apiclient-services/src/Adsense/Resource/AccountsAdclients.php
OK	/htdocs/application/third_party/omnipay/vendor/google/apiclient-services/src/AdSenseHost/AdClient.php
OK	/htdocs/application/third_party/omnipay/vendor/google/apiclient-services/src/AdSenseHost/CustomChannel.php
OK	/htdocs/application/third_party/omnipay/vendor/google/apiclient-services/src/AdSenseHost/Resource/Customchannels.php
OK	/htdocs/application/third_party/omnipay/vendor/google/apiclient-services/src/AdSensePlatform/LookupAccountResponse.php
OK	/htdocs/application/third_party/omnipay/vendor/google/apiclient-services/src/Advisorynotifications/GoogleCloudAdvisorynotificationsV1Message.php
OK	/htdocs/application/third_party/omnipay/vendor/google/apiclient-services/src/Advisorynotifications/Resource/ProjectsLocationsNotifications.php
OK	/htdocs/application/third_party/omnipay/vendor/google/apiclient-services/src/Aiplatform/CloudAiLargeModelsVisionSemanticFilterResponse.php
OK	/htdocs/application/third_party/omnipay/vendor/google/apiclient-services/src/Aiplatform/GoogleCloudAiplatformV1Annotation.php
OK	/htdocs/application/third_party/omnipay/vendor/google/apiclient-services/src/Aiplatform/GoogleCloudAiplatformV1AutoraterConfig.php
OK	/htdocs/application/third_party/omnipay/vendor/google/apiclient-services/src/Aiplatform/GoogleCloudAiplatformV1BatchDeletePipelineJobsRequest.php
OK	/htdocs/application/third_party/omnipay/vendor/google/apiclient-services/src/Aiplatform/GoogleCloudAiplatformV1BatchPredictionJobOutputConfig.php
OK	/htdocs/application/third_party/omnipay/vendor/google/apiclient-services/src/Aiplatform/GoogleCloudAiplatformV1BleuMetricValue.php
OK	/htdocs/application/third_party/omnipay/vendor/google/apiclient-services/src/Aiplatform/GoogleCloudAiplatformV1CancelHyperparameterTuningJobRequest.php
OK	/htdocs/application/third_party/omnipay/vendor/google/apiclient-services/src/Aiplatform/GoogleCloudAiplatformV1ClientConnectionConfig.php
OK	/htdocs/application/third_party/omnipay/vendor/google/apiclient-services/src/Aiplatform/GoogleCloudAiplatformV1ComputeTokensRequest.php
OK	/htdocs/application/third_party/omnipay/vendor/google/apiclient-services/src/Aiplatform/GoogleCloudAiplatformV1CorroborateContentResponse.php
OK	/htdocs/application/third_party/omnipay/vendor/google/apiclient-services/src/Aiplatform/GoogleCloudAiplatformV1CreateFeatureRequest.php
OK	/htdocs/application/third_party/omnipay/vendor/google/apiclient-services/src/Aiplatform/GoogleCloudAiplatformV1CreateSpecialistPoolOperationMetadata.php
OK	/htdocs/application/third_party/omnipay/vendor/google/apiclient-services/src/Aiplatform/GoogleCloudAiplatformV1DatasetDistribution.php
OK	/htdocs/application/third_party/omnipay/vendor/google/apiclient-services/src/Aiplatform/GoogleCloudAiplatformV1DeleteMetadataStoreOperationMetadata.php
OK	/htdocs/application/third_party/omnipay/vendor/google/apiclient-services/src/Aiplatform/GoogleCloudAiplatformV1DeploymentResourcePool.php
OK	/htdocs/application/third_party/omnipay/vendor/google/apiclient-services/src/Aiplatform/GoogleCloudAiplatformV1DoubleArray.php
OK	/htdocs/application/third_party/omnipay/vendor/google/apiclient-services/src/Aiplatform/GoogleCloudAiplatformV1EvaluateInstancesRequest.php
OK	/htdocs/application/third_party/omnipay/vendor/google/apiclient-services/src/Aiplatform/GoogleCloudAiplatformV1ExamplesRestrictionsNamespace.php
OK	/htdocs/application/third_party/omnipay/vendor/google/apiclient-services/src/Aiplatform/GoogleCloudAiplatformV1ExplanationMetadataOverrideInputMetadataOverride.php
OK	/htdocs/application/third_party/omnipay/vendor/google/apiclient-services/src/Aiplatform/GoogleCloudAiplatformV1ExportFeatureValuesResponse.php
OK	/htdocs/application/third_party/omnipay/vendor/google/apiclient-services/src/Aiplatform/GoogleCloudAiplatformV1Feature.php
OK	/htdocs/application/third_party/omnipay/vendor/google/apiclient-services/src/Aiplatform/GoogleCloudAiplatformV1FeatureSelector.php
OK	/htdocs/application/third_party/omnipay/vendor/google/apiclient-services/src/Aiplatform/GoogleCloudAiplatformV1FeatureValueMetadata.php
OK	/htdocs/application/third_party/omnipay/vendor/google/apiclient-services/src/Aiplatform/GoogleCloudAiplatformV1FeatureViewSyncConfig.php
OK	/htdocs/application/third_party/omnipay/vendor/google/apiclient-services/src/Aiplatform/GoogleCloudAiplatformV1FindNeighborsRequestQuery.php
OK	/htdocs/application/third_party/omnipay/vendor/google/apiclient-services/src/Aiplatform/GoogleCloudAiplatformV1FulfillmentResult.php
OK	/htdocs/application/third_party/omnipay/vendor/google/apiclient-services/src/Aiplatform/GoogleCloudAiplatformV1GenerateContentResponsePromptFeedback.php
OK	/htdocs/application/third_party/omnipay/vendor/google/apiclient-services/src/Aiplatform/GoogleCloudAiplatformV1GroundednessInstance.php
OK	/htdocs/application/third_party/omnipay/vendor/google/apiclient-services/src/Aiplatform/GoogleCloudAiplatformV1ImportDataConfig.php
OK	/htdocs/application/third_party/omnipay/vendor/google/apiclient-services/src/Aiplatform/GoogleCloudAiplatformV1IndexDatapoint.php
OK	/htdocs/application/third_party/omnipay/vendor/google/apiclient-services/src/Aiplatform/GoogleCloudAiplatformV1JiraSourceJiraQueries.php
OK	/htdocs/application/third_party/omnipay/vendor/google/apiclient-services/src/Aiplatform/GoogleCloudAiplatformV1ListDatasetVersionsResponse.php
OK	/htdocs/application/third_party/omnipay/vendor/google/apiclient-services/src/Aiplatform/GoogleCloudAiplatformV1ListIndexEndpointsResponse.php
OK	/htdocs/application/third_party/omnipay/vendor/google/apiclient-services/src/Aiplatform/GoogleCloudAiplatformV1ListNotebookExecutionJobsResponse.php
OK	/htdocs/application/third_party/omnipay/vendor/google/apiclient-services/src/Aiplatform/GoogleCloudAiplatformV1ListSpecialistPoolsResponse.php
OK	/htdocs/application/third_party/omnipay/vendor/google/apiclient-services/src/Aiplatform/GoogleCloudAiplatformV1LookupStudyRequest.php
OK	/htdocs/application/third_party/omnipay/vendor/google/apiclient-services/src/Aiplatform/GoogleCloudAiplatformV1MetricxInstance.php
OK	/htdocs/application/third_party/omnipay/vendor/google/apiclient-services/src/Aiplatform/GoogleCloudAiplatformV1MigrateResourceRequestMigrateDataLabelingDatasetConfig.php
OK	/htdocs/application/third_party/omnipay/vendor/google/apiclient-services/src/Aiplatform/GoogleCloudAiplatformV1ModelDeploymentMonitoringObjectiveConfig.php
OK	/htdocs/application/third_party/omnipay/vendor/google/apiclient-services/src/Aiplatform/GoogleCloudAiplatformV1ModelGardenSource.php
OK	/htdocs/application/third_party/omnipay/vendor/google/apiclient-services/src/Aiplatform/GoogleCloudAiplatformV1ModelSourceInfo.php
OK	/htdocs/application/third_party/omnipay/vendor/google/apiclient-services/src/Aiplatform/GoogleCloudAiplatformV1NasJobSpecMultiTrialAlgorithmSpecMetricSpec.php
OK	/htdocs/application/third_party/omnipay/vendor/google/apiclient-services/src/Aiplatform/GoogleCloudAiplatformV1NearestNeighborSearchOperationMetadataContentValidationStats.php
OK	/htdocs/application/third_party/omnipay/vendor/google/apiclient-services/src/Aiplatform/GoogleCloudAiplatformV1NotebookExecutionJobWorkbenchRuntime.php
OK	/htdocs/application/third_party/omnipay/vendor/google/apiclient-services/src/Aiplatform/GoogleCloudAiplatformV1PairwiseQuestionAnsweringQualityInput.php
OK	/htdocs/application/third_party/omnipay/vendor/google/apiclient-services/src/Aiplatform/GoogleCloudAiplatformV1PersistentResource.php
OK	/htdocs/application/third_party/omnipay/vendor/google/apiclient-services/src/Aiplatform/GoogleCloudAiplatformV1PointwiseMetricInput.php
OK	/htdocs/application/third_party/omnipay/vendor/google/apiclient-services/src/Aiplatform/GoogleCloudAiplatformV1PredictSchemata.php
OK	/htdocs/application/third_party/omnipay/vendor/google/apiclient-services/src/Aiplatform/GoogleCloudAiplatformV1PscInterfaceConfig.php
OK	/htdocs/application/third_party/omnipay/vendor/google/apiclient-services/src/Aiplatform/GoogleCloudAiplatformV1PublisherModelResourceReference.php
OK	/htdocs/application/third_party/omnipay/vendor/google/apiclient-services/src/Aiplatform/GoogleCloudAiplatformV1QueryReasoningEngineRequest.php
OK	/htdocs/application/third_party/omnipay/vendor/google/apiclient-services/src/Aiplatform/GoogleCloudAiplatformV1QuestionAnsweringQualityResult.php
OK	/htdocs/application/third_party/omnipay/vendor/google/apiclient-services/src/Aiplatform/GoogleCloudAiplatformV1RagFileChunkingConfig.php
OK	/htdocs/application/third_party/omnipay/vendor/google/apiclient-services/src/Aiplatform/GoogleCloudAiplatformV1RayMetricSpec.php
OK	/htdocs/application/third_party/omnipay/vendor/google/apiclient-services/src/Aiplatform/GoogleCloudAiplatformV1ReadTensorboardTimeSeriesDataResponse.php
OK	/htdocs/application/third_party/omnipay/vendor/google/apiclient-services/src/Aiplatform/GoogleCloudAiplatformV1RemoveContextChildrenResponse.php
OK	/htdocs/application/third_party/omnipay/vendor/google/apiclient-services/src/Aiplatform/GoogleCloudAiplatformV1Retrieval.php
OK	/htdocs/application/third_party/omnipay/vendor/google/apiclient-services/src/Aiplatform/GoogleCloudAiplatformV1SafetyInput.php
OK	/htdocs/application/third_party/omnipay/vendor/google/apiclient-services/src/Aiplatform/GoogleCloudAiplatformV1Schedule.php
OK	/htdocs/application/third_party/omnipay/vendor/google/apiclient-services/src/Aiplatform/GoogleCloudAiplatformV1SchemaImageSegmentationAnnotationPolylineAnnotation.php
OK	/htdocs/application/third_party/omnipay/vendor/google/apiclient-services/src/Aiplatform/GoogleCloudAiplatformV1SchemaModelevaluationMetricsImageSegmentationEvaluationMetricsConfidenceMetricsEntry.php
OK	/htdocs/application/third_party/omnipay/vendor/google/apiclient-services/src/Aiplatform/GoogleCloudAiplatformV1SchemaModelevaluationMetricsVideoActionRecognitionMetrics.php
OK	/htdocs/application/third_party/omnipay/vendor/google/apiclient-services/src/Aiplatform/GoogleCloudAiplatformV1SchemaPredictionResultError.php
OK	/htdocs/application/third_party/omnipay/vendor/google/apiclient-services/src/Aiplatform/GoogleCloudAiplatformV1SchemaPredictPredictionTabularClassificationPredictionResult.php
OK	/htdocs/application/third_party/omnipay/vendor/google/apiclient-services/src/Aiplatform/GoogleCloudAiplatformV1SchemaPromptInstanceVariableValue.php
OK	/htdocs/application/third_party/omnipay/vendor/google/apiclient-services/src/Aiplatform/GoogleCloudAiplatformV1SchemaPromptSpecTranslationSentenceFileInput.php
OK	/htdocs/application/third_party/omnipay/vendor/google/apiclient-services/src/Aiplatform/GoogleCloudAiplatformV1SchemaTextSentimentSavedQueryMetadata.php
OK	/htdocs/application/third_party/omnipay/vendor/google/apiclient-services/src/Aiplatform/GoogleCloudAiplatformV1SchemaTrainingjobDefinitionAutoMlForecastingInputsTransformationNumericTransformation.php
OK	/htdocs/application/third_party/omnipay/vendor/google/apiclient-services/src/Aiplatform/GoogleCloudAiplatformV1SchemaTrainingjobDefinitionAutoMlImageSegmentationMetadata.php
OK	/htdocs/application/third_party/omnipay/vendor/google/apiclient-services/src/Aiplatform/GoogleCloudAiplatformV1SchemaTrainingjobDefinitionAutoMlTablesInputsTransformationTimestampTransformation.php
OK	/htdocs/application/third_party/omnipay/vendor/google/apiclient-services/src/Aiplatform/GoogleCloudAiplatformV1SchemaTrainingjobDefinitionAutoMlVideoObjectTracking.php
OK	/htdocs/application/third_party/omnipay/vendor/google/apiclient-services/src/Aiplatform/GoogleCloudAiplatformV1SchemaTrainingjobDefinitionSeq2SeqPlusForecastingInputsTransformation.php
OK	/htdocs/application/third_party/omnipay/vendor/google/apiclient-services/src/Aiplatform/GoogleCloudAiplatformV1SchemaTrainingjobDefinitionTftForecastingInputsTransformationCategoricalTransformation.php
OK	/htdocs/application/third_party/omnipay/vendor/google/apiclient-services/src/Aiplatform/GoogleCloudAiplatformV1SchemaVisualInspectionClassificationLabelSavedQueryMetadata.php
OK	/htdocs/application/third_party/omnipay/vendor/google/apiclient-services/src/Aiplatform/GoogleCloudAiplatformV1Segment.php
OK	/htdocs/application/third_party/omnipay/vendor/google/apiclient-services/src/Aiplatform/GoogleCloudAiplatformV1SpeculativeDecodingSpecNgramSpeculation.php
OK	/htdocs/application/third_party/omnipay/vendor/google/apiclient-services/src/Aiplatform/GoogleCloudAiplatformV1StringArray.php
OK	/htdocs/application/third_party/omnipay/vendor/google/apiclient-services/src/Aiplatform/GoogleCloudAiplatformV1StudySpecParameterSpecConditionalParameterSpec.php
OK	/htdocs/application/third_party/omnipay/vendor/google/apiclient-services/src/Aiplatform/GoogleCloudAiplatformV1SummarizationHelpfulnessInput.php
OK	/htdocs/application/third_party/omnipay/vendor/google/apiclient-services/src/Aiplatform/GoogleCloudAiplatformV1SupervisedHyperParameters.php
OK	/htdocs/application/third_party/omnipay/vendor/google/apiclient-services/src/Aiplatform/GoogleCloudAiplatformV1TensorboardRun.php
OK	/htdocs/application/third_party/omnipay/vendor/google/apiclient-services/src/Aiplatform/GoogleCloudAiplatformV1ToolCallValidInput.php
OK	/htdocs/application/third_party/omnipay/vendor/google/apiclient-services/src/Aiplatform/GoogleCloudAiplatformV1ToolNameMatchSpec.php
OK	/htdocs/application/third_party/omnipay/vendor/google/apiclient-services/src/Aiplatform/GoogleCloudAiplatformV1TrainingPipeline.php
OK	/htdocs/application/third_party/omnipay/vendor/google/apiclient-services/src/Aiplatform/GoogleCloudAiplatformV1TrajectoryInOrderMatchInput.php
OK	/htdocs/application/third_party/omnipay/vendor/google/apiclient-services/src/Aiplatform/GoogleCloudAiplatformV1TrajectoryRecallMetricValue.php
OK	/htdocs/application/third_party/omnipay/vendor/google/apiclient-services/src/Aiplatform/GoogleCloudAiplatformV1TunedModelRef.php
OK	/htdocs/application/third_party/omnipay/vendor/google/apiclient-services/src/Aiplatform/GoogleCloudAiplatformV1UpdateExplanationDatasetOperationMetadata.php
OK	/htdocs/application/third_party/omnipay/vendor/google/apiclient-services/src/Aiplatform/GoogleCloudAiplatformV1UpdateTensorboardOperationMetadata.php
OK	/htdocs/application/third_party/omnipay/vendor/google/apiclient-services/src/Aiplatform/GoogleCloudAiplatformV1Value.php
OK	/htdocs/application/third_party/omnipay/vendor/google/apiclient-services/src/Aiplatform/GoogleCloudAiplatformV1WriteTensorboardRunDataRequest.php
OK	/htdocs/application/third_party/omnipay/vendor/google/apiclient-services/src/Aiplatform/GoogleRpcStatus.php
OK	/htdocs/application/third_party/omnipay/vendor/google/apiclient-services/src/Aiplatform/Resource/Endpoints.php
OK	/htdocs/application/third_party/omnipay/vendor/google/apiclient-services/src/Aiplatform/Resource/ProjectsLocationsDatasetsAnnotationSpecsOperations.php
OK	/htdocs/application/third_party/omnipay/vendor/google/apiclient-services/src/Aiplatform/Resource/ProjectsLocationsEndpointsChat.php
OK	/htdocs/application/third_party/omnipay/vendor/google/apiclient-services/src/Aiplatform/Resource/ProjectsLocationsFeaturestoresEntityTypes.php
OK	/htdocs/application/third_party/omnipay/vendor/google/apiclient-services/src/Aiplatform/Resource/ProjectsLocationsMetadataStoresArtifacts.php
OK	/htdocs/application/third_party/omnipay/vendor/google/apiclient-services/src/Aiplatform/Resource/ProjectsLocationsModels.php
OK	/htdocs/application/third_party/omnipay/vendor/google/apiclient-services/src/Aiplatform/Resource/ProjectsLocationsNotebookRuntimeTemplatesOperations.php
OK	/htdocs/application/third_party/omnipay/vendor/google/apiclient-services/src/Aiplatform/Resource/ProjectsLocationsReasoningEngines.php
OK	/htdocs/application/third_party/omnipay/vendor/google/apiclient-services/src/Aiplatform/Resource/ProjectsLocationsTensorboardsExperimentsOperations.php
OK	/htdocs/application/third_party/omnipay/vendor/google/apiclient-services/src/AIPlatformNotebooks/AcceleratorConfig.php
OK	/htdocs/application/third_party/omnipay/vendor/google/apiclient-services/src/AIPlatformNotebooks/DiagnoseInstanceRequest.php
OK	/htdocs/application/third_party/omnipay/vendor/google/apiclient-services/src/AIPlatformNotebooks/GPUDriverConfig.php
OK	/htdocs/application/third_party/omnipay/vendor/google/apiclient-services/src/AIPlatformNotebooks/ListSchedulesResponse.php
OK	/htdocs/application/third_party/omnipay/vendor/google/apiclient-services/src/AIPlatformNotebooks/ReportInstanceEventRequest.php
OK	/htdocs/application/third_party/omnipay/vendor/google/apiclient-services/src/AIPlatformNotebooks/RuntimeAccessConfig.php
OK	/htdocs/application/third_party/omnipay/vendor/google/apiclient-services/src/AIPlatformNotebooks/ShieldedInstanceConfig.php
OK	/htdocs/application/third_party/omnipay/vendor/google/apiclient-services/src/AIPlatformNotebooks/UpdateInstanceConfigRequest.php
OK	/htdocs/application/third_party/omnipay/vendor/google/apiclient-services/src/AIPlatformNotebooks/VmImage.php
OK	/htdocs/application/third_party/omnipay/vendor/google/apiclient-services/src/AirQuality/Concentration.php
OK	/htdocs/application/third_party/omnipay/vendor/google/apiclient-services/src/AirQuality/LookupHistoryRequest.php
OK	/htdocs/application/third_party/omnipay/vendor/google/apiclient-services/src/AlertCenter/AccountWarning.php
OK	/htdocs/application/third_party/omnipay/vendor/google/apiclient-services/src/AlertCenter/BadWhitelist.php
OK	/htdocs/application/third_party/omnipay/vendor/google/apiclient-services/src/AlertCenter/DomainId.php
OK	/htdocs/application/third_party/omnipay/vendor/google/apiclient-services/src/AlertCenter/MatchInfo.php
OK	/htdocs/application/third_party/omnipay/vendor/google/apiclient-services/src/AlertCenter/SensitiveAdminAction.php
OK	/htdocs/application/third_party/omnipay/vendor/google/apiclient-services/src/AlertCenter/TransferMisconfiguration.php
OK	/htdocs/application/third_party/omnipay/vendor/google/apiclient-services/src/Analytics/AccountChildLink.php
OK	/htdocs/application/third_party/omnipay/vendor/google/apiclient-services/src/Analytics/Columns.php
OK	/htdocs/application/third_party/omnipay/vendor/google/apiclient-services/src/Analytics/EntityAdWordsLinkEntity.php
OK	/htdocs/application/third_party/omnipay/vendor/google/apiclient-services/src/Analytics/FilterExpression.php
OK	/htdocs/application/third_party/omnipay/vendor/google/apiclient-services/src/Analytics/GaDataDataTableRowsC.php
OK	/htdocs/application/third_party/omnipay/vendor/google/apiclient-services/src/Analytics/HashClientIdRequest.php
OK	/htdocs/application/third_party/omnipay/vendor/google/apiclient-services/src/Analytics/ProfileFilterLink.php
OK	/htdocs/application/third_party/omnipay/vendor/google/apiclient-services/src/Analytics/RemarketingAudienceAudienceDefinition.php
OK	/htdocs/application/third_party/omnipay/vendor/google/apiclient-services/src/Analytics/UserDeletionRequest.php
OK	/htdocs/application/third_party/omnipay/vendor/google/apiclient-services/src/Analytics/Resource/DataMcf.php
OK	/htdocs/application/third_party/omnipay/vendor/google/apiclient-services/src/Analytics/Resource/ManagementGoals.php
OK	/htdocs/application/third_party/omnipay/vendor/google/apiclient-services/src/Analytics/Resource/MetadataColumns.php
OK	/htdocs/application/third_party/omnipay/vendor/google/apiclient-services/src/AnalyticsData/CaseExpression.php
OK	/htdocs/application/third_party/omnipay/vendor/google/apiclient-services/src/AnalyticsData/DimensionCompatibility.php
OK	/htdocs/application/third_party/omnipay/vendor/google/apiclient-services/src/AnalyticsData/Metadata.php
OK	/htdocs/application/third_party/omnipay/vendor/google/apiclient-services/src/AnalyticsData/Pivot.php
OK	/htdocs/application/third_party/omnipay/vendor/google/apiclient-services/src/AnalyticsData/RunPivotReportResponse.php
OK	/htdocs/application/third_party/omnipay/vendor/google/apiclient-services/src/AnalyticsData/Resource/Properties.php
OK	/htdocs/application/third_party/omnipay/vendor/google/apiclient-services/src/AnalyticsHub/DataProvider.php
OK	/htdocs/application/third_party/omnipay/vendor/google/apiclient-services/src/AnalyticsHub/GoogleCloudBigqueryAnalyticshubV1ListingCommercialInfoGoogleCloudMarketplaceInfo.php
OK	/htdocs/application/third_party/omnipay/vendor/google/apiclient-services/src/AnalyticsHub/ListSubscriptionsResponse.php
OK	/htdocs/application/third_party/omnipay/vendor/google/apiclient-services/src/AnalyticsHub/RefreshSubscriptionRequest.php
OK	/htdocs/application/third_party/omnipay/vendor/google/apiclient-services/src/AnalyticsHub/SubscribeDataExchangeResponse.php
OK	/htdocs/application/third_party/omnipay/vendor/google/apiclient-services/src/AnalyticsHub/Resource/ProjectsLocationsDataExchanges.php
OK	/htdocs/application/third_party/omnipay/vendor/google/apiclient-services/src/AnalyticsReporting/DimensionFilterClause.php
OK	/htdocs/application/third_party/omnipay/vendor/google/apiclient-services/src/AnalyticsReporting/MetricHeaderEntry.php
OK	/htdocs/application/third_party/omnipay/vendor/google/apiclient-services/src/AnalyticsReporting/ReportRow.php
OK	/htdocs/application/third_party/omnipay/vendor/google/apiclient-services/src/AnalyticsReporting/SequenceSegment.php
OK	/htdocs/application/third_party/omnipay/vendor/google/apiclient-services/src/AndroidEnterprise/AdministratorWebTokenSpecPrivateApps.php
OK	/htdocs/application/third_party/omnipay/vendor/google/apiclient-services/src/AndroidEnterprise/AuthenticationToken.php
OK	/htdocs/application/third_party/omnipay/vendor/google/apiclient-services/src/AndroidEnterprise/EnterpriseAccount.php
OK	/htdocs/application/third_party/omnipay/vendor/google/apiclient-services/src/AndroidEnterprise/InstallsListResponse.php
OK	/htdocs/application/third_party/omnipay/vendor/google/apiclient-services/src/AndroidEnterprise/NewPermissionsEvent.php
OK	/htdocs/application/third_party/omnipay/vendor/google/apiclient-services/src/AndroidEnterprise/ProductsApproveRequest.php
OK	/htdocs/application/third_party/omnipay/vendor/google/apiclient-services/src/AndroidEnterprise/StoreLayoutClustersListResponse.php
OK	/htdocs/application/third_party/omnipay/vendor/google/apiclient-services/src/AndroidEnterprise/Resource/EnrollmentTokens.php
OK	/htdocs/application/third_party/omnipay/vendor/google/apiclient-services/src/AndroidEnterprise/Resource/Storelayoutclusters.php
OK	/htdocs/application/third_party/omnipay/vendor/google/apiclient-services/src/AndroidManagement/ApplicationPermission.php
OK	/htdocs/application/third_party/omnipay/vendor/google/apiclient-services/src/AndroidManagement/CertValidationFailureEvent.php
OK	/htdocs/application/third_party/omnipay/vendor/google/apiclient-services/src/AndroidManagement/Date.php
OK	/htdocs/application/third_party/omnipay/vendor/google/apiclient-services/src/AndroidManagement/ExtensionConfig.php
OK	/htdocs/application/third_party/omnipay/vendor/google/apiclient-services/src/AndroidManagement/KeyGeneratedEvent.php
OK	/htdocs/application/third_party/omnipay/vendor/google/apiclient-services/src/AndroidManagement/ListOperationsResponse.php
OK	/htdocs/application/third_party/omnipay/vendor/google/apiclient-services/src/AndroidManagement/MediaMountEvent.php
OK	/htdocs/application/third_party/omnipay/vendor/google/apiclient-services/src/AndroidManagement/OsStartupEvent.php
OK	/htdocs/application/third_party/omnipay/vendor/google/apiclient-services/src/AndroidManagement/PowerManagementEvent.php
OK	/htdocs/application/third_party/omnipay/vendor/google/apiclient-services/src/AndroidManagement/StartLostModeParams.php
OK	/htdocs/application/third_party/omnipay/vendor/google/apiclient-services/src/AndroidManagement/UsageLogEvent.php
OK	/htdocs/application/third_party/omnipay/vendor/google/apiclient-services/src/AndroidManagement/Resource/Enterprises.php
OK	/htdocs/application/third_party/omnipay/vendor/google/apiclient-services/src/AndroidProvisioningPartner/ClaimDeviceRequest.php
OK	/htdocs/application/third_party/omnipay/vendor/google/apiclient-services/src/AndroidProvisioningPartner/CustomerUnclaimDeviceRequest.php
OK	/htdocs/application/third_party/omnipay/vendor/google/apiclient-services/src/AndroidProvisioningPartner/FindDevicesByOwnerResponse.php
OK	/htdocs/application/third_party/omnipay/vendor/google/apiclient-services/src/AndroidProvisioningPartner/Status.php
OK	/htdocs/application/third_party/omnipay/vendor/google/apiclient-services/src/AndroidProvisioningPartner/Resource/PartnersCustomers.php
OK	/htdocs/application/third_party/omnipay/vendor/google/apiclient-services/src/AndroidPublisher/AndroidSdks.php
OK	/htdocs/application/third_party/omnipay/vendor/google/apiclient-services/src/AndroidPublisher/AppVersionList.php
OK	/htdocs/application/third_party/omnipay/vendor/google/apiclient-services/src/AndroidPublisher/BatchMigrateBasePlanPricesResponse.php
OK	/htdocs/application/third_party/omnipay/vendor/google/apiclient-services/src/AndroidPublisher/CancelAppRecoveryResponse.php
OK	/htdocs/application/third_party/omnipay/vendor/google/apiclient-services/src/AndroidPublisher/DeferredItemReplacement.php
OK	/htdocs/application/third_party/omnipay/vendor/google/apiclient-services/src/AndroidPublisher/DeviceRam.php
OK	/htdocs/application/third_party/omnipay/vendor/google/apiclient-services/src/AndroidPublisher/ExternalTransaction.php
OK	/htdocs/application/third_party/omnipay/vendor/google/apiclient-services/src/AndroidPublisher/Grant.php
OK	/htdocs/application/third_party/omnipay/vendor/google/apiclient-services/src/AndroidPublisher/InappproductsListResponse.php
OK	/htdocs/application/third_party/omnipay/vendor/google/apiclient-services/src/AndroidPublisher/ListSubscriptionsResponse.php
OK	/htdocs/application/third_party/omnipay/vendor/google/apiclient-services/src/AndroidPublisher/OfferTag.php
OK	/htdocs/application/third_party/omnipay/vendor/google/apiclient-services/src/AndroidPublisher/PendingCancellation.php
OK	/htdocs/application/third_party/omnipay/vendor/google/apiclient-services/src/AndroidPublisher/RegionalSubscriptionOfferPhaseFreePriceOverride.php
OK	/htdocs/application/third_party/omnipay/vendor/google/apiclient-services/src/AndroidPublisher/ReviewsReplyRequest.php
OK	/htdocs/application/third_party/omnipay/vendor/google/apiclient-services/src/AndroidPublisher/SdkVersionTargeting.php
OK	/htdocs/application/third_party/omnipay/vendor/google/apiclient-services/src/AndroidPublisher/SubscriptionOfferPhase.php
OK	/htdocs/application/third_party/omnipay/vendor/google/apiclient-services/src/AndroidPublisher/SystemFeature.php
OK	/htdocs/application/third_party/omnipay/vendor/google/apiclient-services/src/AndroidPublisher/TextureCompressionFormatTargeting.php
OK	/htdocs/application/third_party/omnipay/vendor/google/apiclient-services/src/AndroidPublisher/UpdateSubscriptionOfferStateRequest.php
OK	/htdocs/application/third_party/omnipay/vendor/google/apiclient-services/src/AndroidPublisher/VoidedPurchase.php
OK	/htdocs/application/third_party/omnipay/vendor/google/apiclient-services/src/AndroidPublisher/Resource/EditsExpansionfiles.php
OK	/htdocs/application/third_party/omnipay/vendor/google/apiclient-services/src/AndroidPublisher/Resource/MonetizationSubscriptionsBasePlans.php
OK	/htdocs/application/third_party/omnipay/vendor/google/apiclient-services/src/Apigateway/ApigatewayApi.php
OK	/htdocs/application/third_party/omnipay/vendor/google/apiclient-services/src/Apigateway/ApigatewayListApiConfigsResponse.php
OK	/htdocs/application/third_party/omnipay/vendor/google/apiclient-services/src/Apigateway/ApigatewayTestIamPermissionsRequest.php
OK	/htdocs/application/third_party/omnipay/vendor/google/apiclient-services/src/Apigee/GoogleCloudApigeeV1AccessGet.php
OK	/htdocs/application/third_party/omnipay/vendor/google/apiclient-services/src/Apigee/GoogleCloudApigeeV1ApiCategoryData.php
OK	/htdocs/application/third_party/omnipay/vendor/google/apiclient-services/src/Apigee/GoogleCloudApigeeV1ApiResponseWrapper.php
OK	/htdocs/application/third_party/omnipay/vendor/google/apiclient-services/src/Apigee/GoogleCloudApigeeV1Attributes.php
OK	/htdocs/application/third_party/omnipay/vendor/google/apiclient-services/src/Apigee/GoogleCloudApigeeV1CommonNameConfig.php
OK	/htdocs/application/third_party/omnipay/vendor/google/apiclient-services/src/Apigee/GoogleCloudApigeeV1DataCollectorConfig.php
OK	/htdocs/application/third_party/omnipay/vendor/google/apiclient-services/src/Apigee/GoogleCloudApigeeV1DeploymentChangeReportRoutingConflict.php
OK	/htdocs/application/third_party/omnipay/vendor/google/apiclient-services/src/Apigee/GoogleCloudApigeeV1DisableSecurityActionRequest.php
OK	/htdocs/application/third_party/omnipay/vendor/google/apiclient-services/src/Apigee/GoogleCloudApigeeV1EnvironmentGroup.php
OK	/htdocs/application/third_party/omnipay/vendor/google/apiclient-services/src/Apigee/GoogleCloudApigeeV1GetAsyncQueryResultUrlResponse.php
OK	/htdocs/application/third_party/omnipay/vendor/google/apiclient-services/src/Apigee/GoogleCloudApigeeV1InstanceDeploymentStatus.php
OK	/htdocs/application/third_party/omnipay/vendor/google/apiclient-services/src/Apigee/GoogleCloudApigeeV1ListApiProductsResponse.php
OK	/htdocs/application/third_party/omnipay/vendor/google/apiclient-services/src/Apigee/GoogleCloudApigeeV1ListDeveloperAppsResponse.php
OK	/htdocs/application/third_party/omnipay/vendor/google/apiclient-services/src/Apigee/GoogleCloudApigeeV1ListOfDevelopersResponse.php
OK	/htdocs/application/third_party/omnipay/vendor/google/apiclient-services/src/Apigee/GoogleCloudApigeeV1Metric.php
OK	/htdocs/application/third_party/omnipay/vendor/google/apiclient-services/src/Apigee/GoogleCloudApigeeV1OptimizedStatsNode.php
OK	/htdocs/application/third_party/omnipay/vendor/google/apiclient-services/src/Apigee/GoogleCloudApigeeV1ProfileConfigMTLS.php
OK	/htdocs/application/third_party/omnipay/vendor/google/apiclient-services/src/Apigee/GoogleCloudApigeeV1QueryTimeSeriesStatsResponseSequence.php
OK	/htdocs/application/third_party/omnipay/vendor/google/apiclient-services/src/Apigee/GoogleCloudApigeeV1ResourceStatus.php
OK	/htdocs/application/third_party/omnipay/vendor/google/apiclient-services/src/Apigee/GoogleCloudApigeeV1Schema.php
OK	/htdocs/application/third_party/omnipay/vendor/google/apiclient-services/src/Apigee/GoogleCloudApigeeV1SecurityActionFlag.php
OK	/htdocs/application/third_party/omnipay/vendor/google/apiclient-services/src/Apigee/GoogleCloudApigeeV1SecurityProfileEnvironmentAssociation.php
OK	/htdocs/application/third_party/omnipay/vendor/google/apiclient-services/src/Apigee/GoogleCloudApigeeV1Session.php
OK	/htdocs/application/third_party/omnipay/vendor/google/apiclient-services/src/Apigee/GoogleCloudApigeeV1TestDatastoreResponse.php
OK	/htdocs/application/third_party/omnipay/vendor/google/apiclient-services/src/Apigee/GoogleIamV1Binding.php
OK	/htdocs/application/third_party/omnipay/vendor/google/apiclient-services/src/Apigee/GoogleTypeInterval.php
OK	/htdocs/application/third_party/omnipay/vendor/google/apiclient-services/src/Apigee/Resource/OrganizationsApisDeployments.php
OK	/htdocs/application/third_party/omnipay/vendor/google/apiclient-services/src/Apigee/Resource/OrganizationsDevelopers.php
OK	/htdocs/application/third_party/omnipay/vendor/google/apiclient-services/src/Apigee/Resource/OrganizationsEnvironments.php
OK	/htdocs/application/third_party/omnipay/vendor/google/apiclient-services/src/Apigee/Resource/OrganizationsEnvironmentsCaches.php
OK	/htdocs/application/third_party/omnipay/vendor/google/apiclient-services/src/Apigee/Resource/OrganizationsEnvironmentsSecurityIncidents.php
OK	/htdocs/application/third_party/omnipay/vendor/google/apiclient-services/src/Apigee/Resource/OrganizationsHostStats.php
OK	/htdocs/application/third_party/omnipay/vendor/google/apiclient-services/src/Apigee/Resource/OrganizationsSecurityProfilesEnvironments.php
OK	/htdocs/application/third_party/omnipay/vendor/google/apiclient-services/src/ApigeeRegistry/ApigeeregistryEmpty.php
OK	/htdocs/application/third_party/omnipay/vendor/google/apiclient-services/src/ApigeeRegistry/ListApiDeploymentsResponse.php
OK	/htdocs/application/third_party/omnipay/vendor/google/apiclient-services/src/ApigeeRegistry/RollbackApiDeploymentRequest.php
OK	/htdocs/application/third_party/omnipay/vendor/google/apiclient-services/src/ApigeeRegistry/Resource/ProjectsLocationsApisDeployments.php
OK	/htdocs/application/third_party/omnipay/vendor/google/apiclient-services/src/ApiKeysService/Status.php
OK	/htdocs/application/third_party/omnipay/vendor/google/apiclient-services/src/ApiKeysService/V2ServerKeyRestrictions.php
OK	/htdocs/application/third_party/omnipay/vendor/google/apiclient-services/src/APIManagement/CancelOperationRequest.php
OK	/htdocs/application/third_party/omnipay/vendor/google/apiclient-services/src/APIManagement/ListApiObservationsResponse.php
OK	/htdocs/application/third_party/omnipay/vendor/google/apiclient-services/src/APIManagement/Status.php
OK	/htdocs/application/third_party/omnipay/vendor/google/apiclient-services/src/Appengine/Application.php
OK	/htdocs/application/third_party/omnipay/vendor/google/apiclient-services/src/Appengine/CreateVersionMetadataV1.php
OK	/htdocs/application/third_party/omnipay/vendor/google/apiclient-services/src/Appengine/FileInfo.php
OK	/htdocs/application/third_party/omnipay/vendor/google/apiclient-services/src/Appengine/ListAuthorizedDomainsResponse.php
OK	/htdocs/application/third_party/omnipay/vendor/google/apiclient-services/src/Appengine/ManagedCertificate.php
OK	/htdocs/application/third_party/omnipay/vendor/google/apiclient-services/src/Appengine/ReadinessCheck.php
OK	/htdocs/application/third_party/omnipay/vendor/google/apiclient-services/src/Appengine/StaticFilesHandler.php
OK	/htdocs/application/third_party/omnipay/vendor/google/apiclient-services/src/Appengine/Resource/AppsDomainMappings.php
OK	/htdocs/application/third_party/omnipay/vendor/google/apiclient-services/src/Appengine/Resource/ProjectsLocationsApplicationsServices.php
OK	/htdocs/application/third_party/omnipay/vendor/google/apiclient-services/src/AppHub/CloudAsset.php
OK	/htdocs/application/third_party/omnipay/vendor/google/apiclient-services/src/AppHub/FindUnregisteredServicesResponse.php
OK	/htdocs/application/third_party/omnipay/vendor/google/apiclient-services/src/AppHub/LocationAssignment.php
OK	/htdocs/application/third_party/omnipay/vendor/google/apiclient-services/src/AppHub/Scope.php
OK	/htdocs/application/third_party/omnipay/vendor/google/apiclient-services/src/AppHub/WorkloadProperties.php
OK	/htdocs/application/third_party/omnipay/vendor/google/apiclient-services/src/Area120Tables/Area120tablesEmpty.php
OK	/htdocs/application/third_party/omnipay/vendor/google/apiclient-services/src/Area120Tables/ListWorkspacesResponse.php
OK	/htdocs/application/third_party/omnipay/vendor/google/apiclient-services/src/AreaInsights/ComputeInsightsRequest.php
OK	/htdocs/application/third_party/omnipay/vendor/google/apiclient-services/src/ArtifactRegistry/AptArtifact.php
OK	/htdocs/application/third_party/omnipay/vendor/google/apiclient-services/src/ArtifactRegistry/DockerImage.php
OK	/htdocs/application/third_party/omnipay/vendor/google/apiclient-services/src/ArtifactRegistry/GoogleDevtoolsArtifactregistryV1RemoteRepositoryConfigMavenRepositoryCustomRepository.php
OK	/htdocs/application/third_party/omnipay/vendor/google/apiclient-services/src/ArtifactRegistry/ImportGoogetArtifactsErrorInfo.php
OK	/htdocs/application/third_party/omnipay/vendor/google/apiclient-services/src/ArtifactRegistry/ListDockerImagesResponse.php
OK	/htdocs/application/third_party/omnipay/vendor/google/apiclient-services/src/ArtifactRegistry/Location.php
OK	/htdocs/application/third_party/omnipay/vendor/google/apiclient-services/src/ArtifactRegistry/PythonPackage.php
OK	/htdocs/application/third_party/omnipay/vendor/google/apiclient-services/src/ArtifactRegistry/UploadAptArtifactRequest.php
OK	/htdocs/application/third_party/omnipay/vendor/google/apiclient-services/src/ArtifactRegistry/UploadGoogetArtifactRequest.php
OK	/htdocs/application/third_party/omnipay/vendor/google/apiclient-services/src/ArtifactRegistry/Version.php
OK	/htdocs/application/third_party/omnipay/vendor/google/apiclient-services/src/ArtifactRegistry/Resource/ProjectsLocationsRepositoriesAptArtifacts.php
OK	/htdocs/application/third_party/omnipay/vendor/google/apiclient-services/src/ArtifactRegistry/Resource/ProjectsLocationsRepositoriesPackagesVersions.php
OK	/htdocs/application/third_party/omnipay/vendor/google/apiclient-services/src/Assuredworkloads/GoogleCloudAssuredworkloadsV1beta1WorkloadFedrampModerateSettings.php
OK	/htdocs/application/third_party/omnipay/vendor/google/apiclient-services/src/Assuredworkloads/GoogleCloudAssuredworkloadsV1MoveImpact.php
OK	/htdocs/application/third_party/omnipay/vendor/google/apiclient-services/src/Assuredworkloads/GoogleCloudAssuredworkloadsV1WorkloadEkmProvisioningResponse.php
OK	/htdocs/application/third_party/omnipay/vendor/google/apiclient-services/src/Assuredworkloads/GoogleCloudAssuredworkloadsVersioningV1mainWorkloadFedrampModerateSettings.php
OK	/htdocs/application/third_party/omnipay/vendor/google/apiclient-services/src/Assuredworkloads/Resource/OrganizationsLocationsOperations.php
OK	/htdocs/application/third_party/omnipay/vendor/google/apiclient-services/src/AuthorizedBuyersMarketplace/BatchUpdateDealsResponse.php
OK	/htdocs/application/third_party/omnipay/vendor/google/apiclient-services/src/AuthorizedBuyersMarketplace/DealPausingInfo.php
OK	/htdocs/application/third_party/omnipay/vendor/google/apiclient-services/src/AuthorizedBuyersMarketplace/ListProposalsResponse.php
OK	/htdocs/application/third_party/omnipay/vendor/google/apiclient-services/src/AuthorizedBuyersMarketplace/PrivateAuctionTerms.php
OK	/htdocs/application/third_party/omnipay/vendor/google/apiclient-services/src/AuthorizedBuyersMarketplace/TechnologyTargeting.php
OK	/htdocs/application/third_party/omnipay/vendor/google/apiclient-services/src/AuthorizedBuyersMarketplace/Resource/BuyersAuctionPackages.php
OK	/htdocs/application/third_party/omnipay/vendor/google/apiclient-services/src/Backupdr/AllocationAffinity.php
OK	/htdocs/application/third_party/omnipay/vendor/google/apiclient-services/src/Backupdr/BackupDrPlanConfig.php
OK	/htdocs/application/third_party/omnipay/vendor/google/apiclient-services/src/Backupdr/CancelOperationRequest.php
OK	/htdocs/application/third_party/omnipay/vendor/google/apiclient-services/src/Backupdr/DirectLocationAssignment.php
OK	/htdocs/application/third_party/omnipay/vendor/google/apiclient-services/src/Backupdr/GuestOsFeature.php
OK	/htdocs/application/third_party/omnipay/vendor/google/apiclient-services/src/Backupdr/ListLocationsResponse.php
OK	/htdocs/application/third_party/omnipay/vendor/google/apiclient-services/src/Backupdr/NetworkPerformanceConfig.php
OK	/htdocs/application/third_party/omnipay/vendor/google/apiclient-services/src/Backupdr/RestoreBackupResponse.php
OK	/htdocs/application/third_party/omnipay/vendor/google/apiclient-services/src/Backupdr/Tags.php
OK	/htdocs/application/third_party/omnipay/vendor/google/apiclient-services/src/Backupdr/Resource/ProjectsLocationsBackupPlanAssociations.php
OK	/htdocs/application/third_party/omnipay/vendor/google/apiclient-services/src/BackupforGKE/BackupConfig.php
OK	/htdocs/application/third_party/omnipay/vendor/google/apiclient-services/src/BackupforGKE/GkebackupEmpty.php
OK	/htdocs/application/third_party/omnipay/vendor/google/apiclient-services/src/BackupforGKE/ListVolumeBackupsResponse.php
OK	/htdocs/application/third_party/omnipay/vendor/google/apiclient-services/src/BackupforGKE/RestoreOrder.php
OK	/htdocs/application/third_party/omnipay/vendor/google/apiclient-services/src/BackupforGKE/VolumeBackup.php
OK	/htdocs/application/third_party/omnipay/vendor/google/apiclient-services/src/BackupforGKE/Resource/ProjectsLocationsRestorePlansRestoresVolumeRestores.php
OK	/htdocs/application/third_party/omnipay/vendor/google/apiclient-services/src/Baremetalsolution/EvictLunRequest.php
OK	/htdocs/application/third_party/omnipay/vendor/google/apiclient-services/src/Baremetalsolution/ListLunsResponse.php
OK	/htdocs/application/third_party/omnipay/vendor/google/apiclient-services/src/Baremetalsolution/Location.php
OK	/htdocs/application/third_party/omnipay/vendor/google/apiclient-services/src/Baremetalsolution/NfsShare.php
OK	/htdocs/application/third_party/omnipay/vendor/google/apiclient-services/src/Baremetalsolution/RenameVolumeRequest.php
OK	/htdocs/application/third_party/omnipay/vendor/google/apiclient-services/src/Baremetalsolution/StartInstanceResponse.php
OK	/htdocs/application/third_party/omnipay/vendor/google/apiclient-services/src/Baremetalsolution/VolumeSnapshot.php
OK	/htdocs/application/third_party/omnipay/vendor/google/apiclient-services/src/Baremetalsolution/Resource/ProjectsLocationsProvisioningQuotas.php
OK	/htdocs/application/third_party/omnipay/vendor/google/apiclient-services/src/Batch/AgentMetadata.php
OK	/htdocs/application/third_party/omnipay/vendor/google/apiclient-services/src/Batch/AuditLogConfig.php
OK	/htdocs/application/third_party/omnipay/vendor/google/apiclient-services/src/Batch/GCS.php
OK	/htdocs/application/third_party/omnipay/vendor/google/apiclient-services/src/Batch/ListTasksResponse.php
OK	/htdocs/application/third_party/omnipay/vendor/google/apiclient-services/src/Batch/ReportAgentStateRequest.php
OK	/htdocs/application/third_party/omnipay/vendor/google/apiclient-services/src/Batch/TaskSpec.php
OK	/htdocs/application/third_party/omnipay/vendor/google/apiclient-services/src/Batch/Resource/ProjectsLocationsState.php
OK	/htdocs/application/third_party/omnipay/vendor/google/apiclient-services/src/BeyondCorp/CloudSecurityZerotrustApplinkAppConnectorProtoConnectionConfig.php
OK	/htdocs/application/third_party/omnipay/vendor/google/apiclient-services/src/BeyondCorp/DestinationRoute.php
OK	/htdocs/application/third_party/omnipay/vendor/google/apiclient-services/src/BeyondCorp/GoogleCloudBeyondcorpAppconnectionsV1AppConnectionGateway.php
OK	/htdocs/application/third_party/omnipay/vendor/google/apiclient-services/src/BeyondCorp/GoogleCloudBeyondcorpAppconnectorsV1alphaListAppConnectorsResponse.php
OK	/htdocs/application/third_party/omnipay/vendor/google/apiclient-services/src/BeyondCorp/GoogleCloudBeyondcorpAppconnectorsV1ContainerHealthDetails.php
OK	/htdocs/application/third_party/omnipay/vendor/google/apiclient-services/src/BeyondCorp/GoogleCloudBeyondcorpClientgatewaysV1alphaClientGatewayOperationMetadata.php
OK	/htdocs/application/third_party/omnipay/vendor/google/apiclient-services/src/BeyondCorp/GoogleCloudBeyondcorpSecuritygatewaysV1InternetGateway.php
OK	/htdocs/application/third_party/omnipay/vendor/google/apiclient-services/src/BeyondCorp/GoogleIamV1Binding.php
OK	/htdocs/application/third_party/omnipay/vendor/google/apiclient-services/src/BeyondCorp/ListAppGatewaysResponse.php
OK	/htdocs/application/third_party/omnipay/vendor/google/apiclient-services/src/BeyondCorp/ResourceInfo.php
OK	/htdocs/application/third_party/omnipay/vendor/google/apiclient-services/src/BeyondCorp/Resource/OrganizationsLocationsBeyondcorpGlobalTenantsProxyConfigs.php
OK	/htdocs/application/third_party/omnipay/vendor/google/apiclient-services/src/BeyondCorp/Resource/ProjectsLocationsConnections.php
OK	/htdocs/application/third_party/omnipay/vendor/google/apiclient-services/src/BigLakeService/HiveTableOptions.php
OK	/htdocs/application/third_party/omnipay/vendor/google/apiclient-services/src/BigLakeService/Resource/ProjectsLocationsCatalogsDatabasesTables.php
OK	/htdocs/application/third_party/omnipay/vendor/google/apiclient-services/src/Bigquery/AuditLogConfig.php
OK	/htdocs/application/third_party/omnipay/vendor/google/apiclient-services/src/Bigquery/Binding.php
OK	/htdocs/application/third_party/omnipay/vendor/google/apiclient-services/src/Bigquery/ConnectionProperty.php
OK	/htdocs/application/third_party/omnipay/vendor/google/apiclient-services/src/Bigquery/DatasetTags.php
OK	/htdocs/application/third_party/omnipay/vendor/google/apiclient-services/src/Bigquery/EvaluationMetrics.php
OK	/htdocs/application/third_party/omnipay/vendor/google/apiclient-services/src/Bigquery/ForeignTypeInfo.php
OK	/htdocs/application/third_party/omnipay/vendor/google/apiclient-services/src/Bigquery/IdentityColumnInfo.php
OK	/htdocs/application/third_party/omnipay/vendor/google/apiclient-services/src/Bigquery/JobConfigurationExtract.php
OK	/htdocs/application/third_party/omnipay/vendor/google/apiclient-services/src/Bigquery/JobStatistics4.php
OK	/htdocs/application/third_party/omnipay/vendor/google/apiclient-services/src/Bigquery/LocationMetadata.php
OK	/htdocs/application/third_party/omnipay/vendor/google/apiclient-services/src/Bigquery/MultiClassClassificationMetrics.php
OK	/htdocs/application/third_party/omnipay/vendor/google/apiclient-services/src/Bigquery/QueryInfo.php
OK	/htdocs/application/third_party/omnipay/vendor/google/apiclient-services/src/Bigquery/RankingMetrics.php
OK	/htdocs/application/third_party/omnipay/vendor/google/apiclient-services/src/Bigquery/ScriptStackFrame.php
OK	/htdocs/application/third_party/omnipay/vendor/google/apiclient-services/src/Bigquery/StagePerformanceStandaloneInsight.php
OK	/htdocs/application/third_party/omnipay/vendor/google/apiclient-services/src/Bigquery/TableCell.php
OK	/htdocs/application/third_party/omnipay/vendor/google/apiclient-services/src/Bigquery/TableFieldSchemaCategories.php
OK	/htdocs/application/third_party/omnipay/vendor/google/apiclient-services/src/Bigquery/TestIamPermissionsResponse.php
OK	/htdocs/application/third_party/omnipay/vendor/google/apiclient-services/src/Bigquery/Resource/Models.php
OK	/htdocs/application/third_party/omnipay/vendor/google/apiclient-services/src/BigQueryConnectionService/Binding.php
OK	/htdocs/application/third_party/omnipay/vendor/google/apiclient-services/src/BigQueryConnectionService/ConnectorConfigurationPrivateServiceConnect.php
OK	/htdocs/application/third_party/omnipay/vendor/google/apiclient-services/src/BigQueryConnectionService/SparkProperties.php
OK	/htdocs/application/third_party/omnipay/vendor/google/apiclient-services/src/BigQueryDataPolicyService/Expr.php
OK	/htdocs/application/third_party/omnipay/vendor/google/apiclient-services/src/BigQueryDataTransfer/BigquerydatatransferEmpty.php
OK	/htdocs/application/third_party/omnipay/vendor/google/apiclient-services/src/BigQueryDataTransfer/ListTransferLogsResponse.php
OK	/htdocs/application/third_party/omnipay/vendor/google/apiclient-services/src/BigQueryDataTransfer/TimeRange.php
OK	/htdocs/application/third_party/omnipay/vendor/google/apiclient-services/src/BigQueryDataTransfer/Resource/ProjectsLocationsTransferConfigsRunsTransferLogs.php
OK	/htdocs/application/third_party/omnipay/vendor/google/apiclient-services/src/BigQueryReservation/ListReservationsResponse.php
OK	/htdocs/application/third_party/omnipay/vendor/google/apiclient-services/src/BigQueryReservation/Resource/ProjectsLocations.php
OK	/htdocs/application/third_party/omnipay/vendor/google/apiclient-services/src/BigtableAdmin/BackupInfo.php
OK	/htdocs/application/third_party/omnipay/vendor/google/apiclient-services/src/BigtableAdmin/CopyBackupMetadata.php
OK	/htdocs/application/third_party/omnipay/vendor/google/apiclient-services/src/BigtableAdmin/DropRowRangeRequest.php
OK	/htdocs/application/third_party/omnipay/vendor/google/apiclient-services/src/BigtableAdmin/GoogleBigtableAdminV2AuthorizedViewSubsetView.php
OK	/htdocs/application/third_party/omnipay/vendor/google/apiclient-services/src/BigtableAdmin/GoogleBigtableAdminV2TypeFloat32.php
OK	/htdocs/application/third_party/omnipay/vendor/google/apiclient-services/src/BigtableAdmin/GoogleBigtableAdminV2TypeTimestamp.php
OK	/htdocs/application/third_party/omnipay/vendor/google/apiclient-services/src/BigtableAdmin/ListTablesResponse.php
OK	/htdocs/application/third_party/omnipay/vendor/google/apiclient-services/src/BigtableAdmin/RestoreInfo.php
OK	/htdocs/application/third_party/omnipay/vendor/google/apiclient-services/src/BigtableAdmin/TableStats.php
OK	/htdocs/application/third_party/omnipay/vendor/google/apiclient-services/src/BigtableAdmin/UpdateTableMetadata.php
OK	/htdocs/application/third_party/omnipay/vendor/google/apiclient-services/src/BigtableAdmin/Resource/ProjectsInstancesTablesViews.php
OK	/htdocs/application/third_party/omnipay/vendor/google/apiclient-services/src/BinaryAuthorization/Check.php
OK	/htdocs/application/third_party/omnipay/vendor/google/apiclient-services/src/BinaryAuthorization/ImageFreshnessCheck.php
OK	/htdocs/application/third_party/omnipay/vendor/google/apiclient-services/src/BinaryAuthorization/Signature.php
OK	/htdocs/application/third_party/omnipay/vendor/google/apiclient-services/src/BinaryAuthorization/ValidateAttestationOccurrenceResponse.php
OK	/htdocs/application/third_party/omnipay/vendor/google/apiclient-services/src/BlockchainNodeEngine/CancelOperationRequest.php
OK	/htdocs/application/third_party/omnipay/vendor/google/apiclient-services/src/BlockchainNodeEngine/OperationMetadata.php
OK	/htdocs/application/third_party/omnipay/vendor/google/apiclient-services/src/Blogger/BlogPages.php
OK	/htdocs/application/third_party/omnipay/vendor/google/apiclient-services/src/Blogger/PageAuthor.php
OK	/htdocs/application/third_party/omnipay/vendor/google/apiclient-services/src/Blogger/PostLocation.php
OK	/htdocs/application/third_party/omnipay/vendor/google/apiclient-services/src/Blogger/Resource/PageViews.php
OK	/htdocs/application/third_party/omnipay/vendor/google/apiclient-services/src/Books/BooksAnnotationsRange.php
OK	/htdocs/application/third_party/omnipay/vendor/google/apiclient-services/src/Books/DictlayerdataDict.php
OK	/htdocs/application/third_party/omnipay/vendor/google/apiclient-services/src/Books/DictlayerdataDictWordsSensesSource.php
OK	/htdocs/application/third_party/omnipay/vendor/google/apiclient-services/src/Books/Geolayerdata.php
OK	/htdocs/application/third_party/omnipay/vendor/google/apiclient-services/src/Books/OffersItems.php
OK	/htdocs/application/third_party/omnipay/vendor/google/apiclient-services/src/Books/SeriesSeriesSeriesSubscriptionReleaseInfoNextReleaseInfo.php
OK	/htdocs/application/third_party/omnipay/vendor/google/apiclient-services/src/Books/VolumeAccessInfoEpub.php
OK	/htdocs/application/third_party/omnipay/vendor/google/apiclient-services/src/Books/VolumeSaleInfoOffersListPrice.php
OK	/htdocs/application/third_party/omnipay/vendor/google/apiclient-services/src/Books/VolumeUserInfoUserUploadedVolumeInfo.php
OK	/htdocs/application/third_party/omnipay/vendor/google/apiclient-services/src/Books/Resource/Layers.php
OK	/htdocs/application/third_party/omnipay/vendor/google/apiclient-services/src/Books/Resource/Promooffer.php
OK	/htdocs/application/third_party/omnipay/vendor/google/apiclient-services/src/BusinessProfilePerformance/FetchMultiDailyMetricsTimeSeriesResponse.php
OK	/htdocs/application/third_party/omnipay/vendor/google/apiclient-services/src/Calendar/Acl.php
OK	/htdocs/application/third_party/omnipay/vendor/google/apiclient-services/src/Calendar/ConferenceParameters.php
OK	/htdocs/application/third_party/omnipay/vendor/google/apiclient-services/src/Calendar/EventBirthdayProperties.php
OK	/htdocs/application/third_party/omnipay/vendor/google/apiclient-services/src/Calendar/EventWorkingLocationProperties.php
OK	/htdocs/application/third_party/omnipay/vendor/google/apiclient-services/src/Calendar/Resource/CalendarList.php
OK	/htdocs/application/third_party/omnipay/vendor/google/apiclient-services/src/CCAIPlatform/ContactCenter.php
OK	/htdocs/application/third_party/omnipay/vendor/google/apiclient-services/src/CCAIPlatform/Operation.php
OK	/htdocs/application/third_party/omnipay/vendor/google/apiclient-services/src/CCAIPlatform/Resource/Projects.php
OK	/htdocs/application/third_party/omnipay/vendor/google/apiclient-services/src/CertificateAuthorityService/CaPool.php
OK	/htdocs/application/third_party/omnipay/vendor/google/apiclient-services/src/CertificateAuthorityService/DisableCertificateAuthorityRequest.php
OK	/htdocs/application/third_party/omnipay/vendor/google/apiclient-services/src/CertificateAuthorityService/KeyUsageOptions.php
OK	/htdocs/application/third_party/omnipay/vendor/google/apiclient-services/src/CertificateAuthorityService/Operation.php
OK	/htdocs/application/third_party/omnipay/vendor/google/apiclient-services/src/CertificateAuthorityService/Status.php
OK	/htdocs/application/third_party/omnipay/vendor/google/apiclient-services/src/CertificateAuthorityService/X509Parameters.php
OK	/htdocs/application/third_party/omnipay/vendor/google/apiclient-services/src/CertificateManager/CancelOperationRequest.php
OK	/htdocs/application/third_party/omnipay/vendor/google/apiclient-services/src/CertificateManager/IpConfig.php
OK	/htdocs/application/third_party/omnipay/vendor/google/apiclient-services/src/CertificateManager/OperationMetadata.php
OK	/htdocs/application/third_party/omnipay/vendor/google/apiclient-services/src/CertificateManager/Resource/ProjectsLocationsCertificateMaps.php
OK	/htdocs/application/third_party/omnipay/vendor/google/apiclient-services/src/ChecksService/FindPrivacyPolicyResponse.php
OK	/htdocs/application/third_party/omnipay/vendor/google/apiclient-services/src/ChecksService/GoogleChecksReportV1alphaCheck.php
OK	/htdocs/application/third_party/omnipay/vendor/google/apiclient-services/src/ChecksService/GoogleChecksReportV1alphaCheckPrivacyPolicyTextEvidence.php
OK	/htdocs/application/third_party/omnipay/vendor/google/apiclient-services/src/ChecksService/GoogleChecksReportV1alphaDataTypeEndpointEvidence.php
OK	/htdocs/application/third_party/omnipay/vendor/google/apiclient-services/src/ChecksService/GoogleChecksRepoScanV1alphaCliAnalysis.php
OK	/htdocs/application/third_party/omnipay/vendor/google/apiclient-services/src/ChecksService/ListOperationsResponse.php
OK	/htdocs/application/third_party/omnipay/vendor/google/apiclient-services/src/ChecksService/Resource/AccountsAppsReports.php
OK	/htdocs/application/third_party/omnipay/vendor/google/apiclient-services/src/ChromeManagement/GoogleChromeManagementV1AndroidAppPermission.php
OK	/htdocs/application/third_party/omnipay/vendor/google/apiclient-services/src/ChromeManagement/GoogleChromeManagementV1ChromeAppRequest.php
OK	/htdocs/application/third_party/omnipay/vendor/google/apiclient-services/src/ChromeManagement/GoogleChromeManagementV1CountPrintJobsByUserResponse.php
OK	/htdocs/application/third_party/omnipay/vendor/google/apiclient-services/src/ChromeManagement/GoogleChromeManagementV1EnumeratePrintJobsResponse.php
OK	/htdocs/application/third_party/omnipay/vendor/google/apiclient-services/src/ChromeManagement/GoogleChromeManagementV1ListTelemetryEventsResponse.php
OK	/htdocs/application/third_party/omnipay/vendor/google/apiclient-services/src/ChromeManagement/GoogleChromeManagementV1PrinterReport.php
OK	/htdocs/application/third_party/omnipay/vendor/google/apiclient-services/src/ChromeManagement/GoogleChromeManagementV1TelemetryAudioSevereUnderrunEvent.php
OK	/htdocs/application/third_party/omnipay/vendor/google/apiclient-services/src/ChromeManagement/GoogleChromeManagementV1TelemetryUserDevice.php
OK	/htdocs/application/third_party/omnipay/vendor/google/apiclient-services/src/ChromeManagement/GoogleChromeManagementVersionsV1alpha1GenericCaConnection.php
OK	/htdocs/application/third_party/omnipay/vendor/google/apiclient-services/src/ChromeManagement/GoogleChromeManagementVersionsV1ListChromeBrowserProfilesResponse.php
OK	/htdocs/application/third_party/omnipay/vendor/google/apiclient-services/src/ChromeManagement/Resource/CustomersApps.php
OK	/htdocs/application/third_party/omnipay/vendor/google/apiclient-services/src/ChromePolicy/GoogleChromePolicyV1AdditionalTargetKeyName.php
OK	/htdocs/application/third_party/omnipay/vendor/google/apiclient-services/src/ChromePolicy/GoogleChromePolicyV1ListGroupPriorityOrderingResponse.php
OK	/htdocs/application/third_party/omnipay/vendor/google/apiclient-services/src/ChromePolicy/GoogleChromePolicyV1PolicyTargetKey.php
OK	/htdocs/application/third_party/omnipay/vendor/google/apiclient-services/src/ChromePolicy/GoogleChromePolicyVersionsV1AdditionalTargetKeyName.php
OK	/htdocs/application/third_party/omnipay/vendor/google/apiclient-services/src/ChromePolicy/GoogleChromePolicyVersionsV1InheritOrgUnitPolicyRequest.php
OK	/htdocs/application/third_party/omnipay/vendor/google/apiclient-services/src/ChromePolicy/GoogleChromePolicyVersionsV1PolicySchema.php
OK	/htdocs/application/third_party/omnipay/vendor/google/apiclient-services/src/ChromePolicy/GoogleChromePolicyVersionsV1RemoveNetworkResponse.php
OK	/htdocs/application/third_party/omnipay/vendor/google/apiclient-services/src/ChromePolicy/Proto2EnumValueDescriptorProto.php
OK	/htdocs/application/third_party/omnipay/vendor/google/apiclient-services/src/ChromeUXReport/CollectionPeriod.php
OK	/htdocs/application/third_party/omnipay/vendor/google/apiclient-services/src/ChromeUXReport/QueryResponse.php
OK	/htdocs/application/third_party/omnipay/vendor/google/apiclient-services/src/CivicInfo/DivisionSearchResponse.php
OK	/htdocs/application/third_party/omnipay/vendor/google/apiclient-services/src/CivicInfo/PollingLocation.php
OK	/htdocs/application/third_party/omnipay/vendor/google/apiclient-services/src/Classroom/AddOnContext.php
OK	/htdocs/application/third_party/omnipay/vendor/google/apiclient-services/src/Classroom/CourseRosterChangesInfo.php
OK	/htdocs/application/third_party/omnipay/vendor/google/apiclient-services/src/Classroom/GradebookSettings.php
OK	/htdocs/application/third_party/omnipay/vendor/google/apiclient-services/src/Classroom/ListCoursesResponse.php
OK	/htdocs/application/third_party/omnipay/vendor/google/apiclient-services/src/Classroom/ModifyAnnouncementAssigneesRequest.php
OK	/htdocs/application/third_party/omnipay/vendor/google/apiclient-services/src/Classroom/SharedDriveFile.php
OK	/htdocs/application/third_party/omnipay/vendor/google/apiclient-services/src/Classroom/UserProfile.php
OK	/htdocs/application/third_party/omnipay/vendor/google/apiclient-services/src/Classroom/Resource/CoursesCourseWorkStudentSubmissions.php
OK	/htdocs/application/third_party/omnipay/vendor/google/apiclient-services/src/CloudAlloyDBAdmin/AlloydbEmpty.php
OK	/htdocs/application/third_party/omnipay/vendor/google/apiclient-services/src/CloudAlloyDBAdmin/ContinuousBackupConfig.php
OK	/htdocs/application/third_party/omnipay/vendor/google/apiclient-services/src/CloudAlloyDBAdmin/GenerateClientCertificateResponse.php
OK	/htdocs/application/third_party/omnipay/vendor/google/apiclient-services/src/CloudAlloyDBAdmin/ListClustersResponse.php
OK	/htdocs/application/third_party/omnipay/vendor/google/apiclient-services/src/CloudAlloyDBAdmin/Operation.php
OK	/htdocs/application/third_party/omnipay/vendor/google/apiclient-services/src/CloudAlloyDBAdmin/RestoreClusterRequest.php
OK	/htdocs/application/third_party/omnipay/vendor/google/apiclient-services/src/CloudAlloyDBAdmin/StorageDatabasecenterPartnerapiV1mainDatabaseMetadata.php
OK	/htdocs/application/third_party/omnipay/vendor/google/apiclient-services/src/CloudAlloyDBAdmin/StorageDatabasecenterPartnerapiV1mainTags.php
OK	/htdocs/application/third_party/omnipay/vendor/google/apiclient-services/src/CloudAlloyDBAdmin/UserPassword.php
OK	/htdocs/application/third_party/omnipay/vendor/google/apiclient-services/src/CloudAsset/AnalyzeIamPolicyLongrunningRequest.php
OK	/htdocs/application/third_party/omnipay/vendor/google/apiclient-services/src/CloudAsset/AuditConfig.php
OK	/htdocs/application/third_party/omnipay/vendor/google/apiclient-services/src/CloudAsset/Date.php
OK	/htdocs/application/third_party/omnipay/vendor/google/apiclient-services/src/CloudAsset/GoogleCloudAssetV1AnalyzeOrgPolicyGovernedAssetsResponseGovernedAsset.php
OK	/htdocs/application/third_party/omnipay/vendor/google/apiclient-services/src/CloudAsset/GoogleCloudAssetV1Edge.php
OK	/htdocs/application/third_party/omnipay/vendor/google/apiclient-services/src/CloudAsset/GoogleCloudAssetV1Resource.php
OK	/htdocs/application/third_party/omnipay/vendor/google/apiclient-services/src/CloudAsset/GoogleIdentityAccesscontextmanagerV1Condition.php
OK	/htdocs/application/third_party/omnipay/vendor/google/apiclient-services/src/CloudAsset/GoogleIdentityAccesscontextmanagerV1OsConstraint.php
OK	/htdocs/application/third_party/omnipay/vendor/google/apiclient-services/src/CloudAsset/IdentitySelector.php
OK	/htdocs/application/third_party/omnipay/vendor/google/apiclient-services/src/CloudAsset/OsInfo.php
OK	/htdocs/application/third_party/omnipay/vendor/google/apiclient-services/src/CloudAsset/RelatedAsset.php
OK	/htdocs/application/third_party/omnipay/vendor/google/apiclient-services/src/CloudAsset/Status.php
OK	/htdocs/application/third_party/omnipay/vendor/google/apiclient-services/src/CloudAsset/WindowsUpdatePackage.php
OK	/htdocs/application/third_party/omnipay/vendor/google/apiclient-services/src/Cloudbilling/Binding.php
OK	/htdocs/application/third_party/omnipay/vendor/google/apiclient-services/src/Cloudbilling/PricingInfo.php
OK	/htdocs/application/third_party/omnipay/vendor/google/apiclient-services/src/Cloudbilling/Resource/OrganizationsBillingAccounts.php
OK	/htdocs/application/third_party/omnipay/vendor/google/apiclient-services/src/CloudBillingBudget/GoogleProtobufEmpty.php
OK	/htdocs/application/third_party/omnipay/vendor/google/apiclient-services/src/CloudBuild/Artifacts.php
OK	/htdocs/application/third_party/omnipay/vendor/google/apiclient-services/src/CloudBuild/BitbucketCloudConfig.php
OK	/htdocs/application/third_party/omnipay/vendor/google/apiclient-services/src/CloudBuild/BuildStep.php
OK	/htdocs/application/third_party/omnipay/vendor/google/apiclient-services/src/CloudBuild/CreateGitHubEnterpriseConfigOperationMetadata.php
OK	/htdocs/application/third_party/omnipay/vendor/google/apiclient-services/src/CloudBuild/ExecAction.php
OK	/htdocs/application/third_party/omnipay/vendor/google/apiclient-services/src/CloudBuild/GitHubEnterpriseConfig.php
OK	/htdocs/application/third_party/omnipay/vendor/google/apiclient-services/src/CloudBuild/GoogleDevtoolsCloudbuildV1BuildOptionsPoolOptionWorkerConfig.php
OK	/htdocs/application/third_party/omnipay/vendor/google/apiclient-services/src/CloudBuild/InstallationState.php
OK	/htdocs/application/third_party/omnipay/vendor/google/apiclient-services/src/CloudBuild/Location.php
OK	/htdocs/application/third_party/omnipay/vendor/google/apiclient-services/src/CloudBuild/OperationMetadata.php
OK	/htdocs/application/third_party/omnipay/vendor/google/apiclient-services/src/CloudBuild/PoolOption.php
OK	/htdocs/application/third_party/omnipay/vendor/google/apiclient-services/src/CloudBuild/RemoveGitLabConnectedRepositoryRequest.php
OK	/htdocs/application/third_party/omnipay/vendor/google/apiclient-services/src/CloudBuild/SecretVolumeSource.php
OK	/htdocs/application/third_party/omnipay/vendor/google/apiclient-services/src/CloudBuild/Step.php
OK	/htdocs/application/third_party/omnipay/vendor/google/apiclient-services/src/CloudBuild/UpdateBitbucketServerConfigOperationMetadata.php
OK	/htdocs/application/third_party/omnipay/vendor/google/apiclient-services/src/CloudBuild/Warning.php
OK	/htdocs/application/third_party/omnipay/vendor/google/apiclient-services/src/CloudBuild/Resource/Projects.php
OK	/htdocs/application/third_party/omnipay/vendor/google/apiclient-services/src/CloudBuild/Resource/ProjectsLocationsGitLabConfigsConnectedRepositories.php
OK	/htdocs/application/third_party/omnipay/vendor/google/apiclient-services/src/Cloudchannel/GoogleCloudChannelV1alpha1CommitmentSettings.php
OK	/htdocs/application/third_party/omnipay/vendor/google/apiclient-services/src/Cloudchannel/GoogleCloudChannelV1alpha1ReportJob.php
OK	/htdocs/application/third_party/omnipay/vendor/google/apiclient-services/src/Cloudchannel/GoogleCloudChannelV1CancelEntitlementRequest.php
OK	/htdocs/application/third_party/omnipay/vendor/google/apiclient-services/src/Cloudchannel/GoogleCloudChannelV1ConditionalOverride.php
OK	/htdocs/application/third_party/omnipay/vendor/google/apiclient-services/src/Cloudchannel/GoogleCloudChannelV1EntitlementEvent.php
OK	/htdocs/application/third_party/omnipay/vendor/google/apiclient-services/src/Cloudchannel/GoogleCloudChannelV1ListPurchasableOffersResponse.php
OK	/htdocs/application/third_party/omnipay/vendor/google/apiclient-services/src/Cloudchannel/GoogleCloudChannelV1Media.php
OK	/htdocs/application/third_party/omnipay/vendor/google/apiclient-services/src/Cloudchannel/GoogleCloudChannelV1Product.php
OK	/htdocs/application/third_party/omnipay/vendor/google/apiclient-services/src/Cloudchannel/GoogleCloudChannelV1ReportStatus.php
OK	/htdocs/application/third_party/omnipay/vendor/google/apiclient-services/src/Cloudchannel/GoogleCloudChannelV1SkuGroupCondition.php
OK	/htdocs/application/third_party/omnipay/vendor/google/apiclient-services/src/Cloudchannel/GoogleCloudChannelV1UnregisterSubscriberRequest.php
OK	/htdocs/application/third_party/omnipay/vendor/google/apiclient-services/src/Cloudchannel/GoogleTypeMoney.php
OK	/htdocs/application/third_party/omnipay/vendor/google/apiclient-services/src/Cloudchannel/Resource/AccountsReports.php
OK	/htdocs/application/third_party/omnipay/vendor/google/apiclient-services/src/CloudCommercePartnerProcurementService/CloudcommerceprocurementEmpty.php
OK	/htdocs/application/third_party/omnipay/vendor/google/apiclient-services/src/CloudCommercePartnerProcurementService/Resource/ProvidersEntitlements.php
OK	/htdocs/application/third_party/omnipay/vendor/google/apiclient-services/src/CloudComposer/DatabaseFailoverRequest.php
OK	/htdocs/application/third_party/omnipay/vendor/google/apiclient-services/src/CloudComposer/IPAllocationPolicy.php
OK	/htdocs/application/third_party/omnipay/vendor/google/apiclient-services/src/CloudComposer/NetworkingConfig.php
OK	/htdocs/application/third_party/omnipay/vendor/google/apiclient-services/src/CloudComposer/SchedulerResource.php
OK	/htdocs/application/third_party/omnipay/vendor/google/apiclient-services/src/CloudComposer/WebServerResource.php
OK	/htdocs/application/third_party/omnipay/vendor/google/apiclient-services/src/CloudControlsPartnerService/AccessReason.php
OK	/htdocs/application/third_party/omnipay/vendor/google/apiclient-services/src/CloudControlsPartnerService/ListAccessApprovalRequestsResponse.php
OK	/htdocs/application/third_party/omnipay/vendor/google/apiclient-services/src/CloudControlsPartnerService/WorkloadOnboardingStep.php
OK	/htdocs/application/third_party/omnipay/vendor/google/apiclient-services/src/CloudDataplex/CloudReliabilityZicyWs3DataplaneProtosCloudAssetComposition.php
OK	/htdocs/application/third_party/omnipay/vendor/google/apiclient-services/src/CloudDataplex/GoogleCloudDataplexV1ActionFailedSecurityPolicyApply.php
OK	/htdocs/application/third_party/omnipay/vendor/google/apiclient-services/src/CloudDataplex/GoogleCloudDataplexV1AspectTypeMetadataTemplate.php
OK	/htdocs/application/third_party/omnipay/vendor/google/apiclient-services/src/CloudDataplex/GoogleCloudDataplexV1AssetSecurityStatus.php
OK	/htdocs/application/third_party/omnipay/vendor/google/apiclient-services/src/CloudDataplex/GoogleCloudDataplexV1DataDiscoveryResultBigQueryPublishing.php
OK	/htdocs/application/third_party/omnipay/vendor/google/apiclient-services/src/CloudDataplex/GoogleCloudDataplexV1DataProfileResultProfile.php
OK	/htdocs/application/third_party/omnipay/vendor/google/apiclient-services/src/CloudDataplex/GoogleCloudDataplexV1DataQualityDimension.php
OK	/htdocs/application/third_party/omnipay/vendor/google/apiclient-services/src/CloudDataplex/GoogleCloudDataplexV1DataQualityRuleSqlAssertion.php
OK	/htdocs/application/third_party/omnipay/vendor/google/apiclient-services/src/CloudDataplex/GoogleCloudDataplexV1DataQualitySpecPostScanActionsScoreThresholdTrigger.php
OK	/htdocs/application/third_party/omnipay/vendor/google/apiclient-services/src/CloudDataplex/GoogleCloudDataplexV1DataSource.php
OK	/htdocs/application/third_party/omnipay/vendor/google/apiclient-services/src/CloudDataplex/GoogleCloudDataplexV1EntryGroup.php
OK	/htdocs/application/third_party/omnipay/vendor/google/apiclient-services/src/CloudDataplex/GoogleCloudDataplexV1EnvironmentSessionStatus.php
OK	/htdocs/application/third_party/omnipay/vendor/google/apiclient-services/src/CloudDataplex/GoogleCloudDataplexV1ListAspectTypesResponse.php
OK	/htdocs/application/third_party/omnipay/vendor/google/apiclient-services/src/CloudDataplex/GoogleCloudDataplexV1ListEnvironmentsResponse.php
OK	/htdocs/application/third_party/omnipay/vendor/google/apiclient-services/src/CloudDataplex/GoogleCloudDataplexV1MetadataJobImportJobSpec.php
OK	/htdocs/application/third_party/omnipay/vendor/google/apiclient-services/src/CloudDataplex/GoogleCloudDataplexV1Schema.php
OK	/htdocs/application/third_party/omnipay/vendor/google/apiclient-services/src/CloudDataplex/GoogleCloudDataplexV1StorageFormatIcebergOptions.php
OK	/htdocs/application/third_party/omnipay/vendor/google/apiclient-services/src/CloudDataplex/GoogleCloudDataplexV1Trigger.php
OK	/htdocs/application/third_party/omnipay/vendor/google/apiclient-services/src/CloudDataplex/GoogleIamV1Binding.php
OK	/htdocs/application/third_party/omnipay/vendor/google/apiclient-services/src/CloudDataplex/Resource/OrganizationsLocationsEncryptionConfigs.php
OK	/htdocs/application/third_party/omnipay/vendor/google/apiclient-services/src/CloudDataplex/Resource/ProjectsLocationsEntryLinkTypes.php
OK	/htdocs/application/third_party/omnipay/vendor/google/apiclient-services/src/CloudDataplex/Resource/ProjectsLocationsLakesTasks.php
OK	/htdocs/application/third_party/omnipay/vendor/google/apiclient-services/src/CloudDebugger/ClouddebuggerEmpty.php
OK	/htdocs/application/third_party/omnipay/vendor/google/apiclient-services/src/CloudDebugger/ListDebuggeesResponse.php
OK	/htdocs/application/third_party/omnipay/vendor/google/apiclient-services/src/CloudDebugger/Variable.php
OK	/htdocs/application/third_party/omnipay/vendor/google/apiclient-services/src/CloudDeploy/AdvanceRolloutRequest.php
OK	/htdocs/application/third_party/omnipay/vendor/google/apiclient-services/src/CloudDeploy/AutomationRolloutMetadata.php
OK	/htdocs/application/third_party/omnipay/vendor/google/apiclient-services/src/CloudDeploy/CancelRolloutRequest.php
OK	/htdocs/application/third_party/omnipay/vendor/google/apiclient-services/src/CloudDeploy/CustomMetadata.php
OK	/htdocs/application/third_party/omnipay/vendor/google/apiclient-services/src/CloudDeploy/DeployJob.php
OK	/htdocs/application/third_party/omnipay/vendor/google/apiclient-services/src/CloudDeploy/GkeCluster.php
OK	/htdocs/application/third_party/omnipay/vendor/google/apiclient-services/src/CloudDeploy/ListJobRunsResponse.php
OK	/htdocs/application/third_party/omnipay/vendor/google/apiclient-services/src/CloudDeploy/Phase.php
OK	/htdocs/application/third_party/omnipay/vendor/google/apiclient-services/src/CloudDeploy/Predeploy.php
OK	/htdocs/application/third_party/omnipay/vendor/google/apiclient-services/src/CloudDeploy/RepairMode.php
OK	/htdocs/application/third_party/omnipay/vendor/google/apiclient-services/src/CloudDeploy/RollbackTargetConfig.php
OK	/htdocs/application/third_party/omnipay/vendor/google/apiclient-services/src/CloudDeploy/SkaffoldGCBRepoSource.php
OK	/htdocs/application/third_party/omnipay/vendor/google/apiclient-services/src/CloudDeploy/TargetAttribute.php
OK	/htdocs/application/third_party/omnipay/vendor/google/apiclient-services/src/CloudDeploy/TimedPromoteReleaseRule.php
OK	/htdocs/application/third_party/omnipay/vendor/google/apiclient-services/src/CloudDeploy/Resource/ProjectsLocationsDeliveryPipelinesReleases.php
OK	/htdocs/application/third_party/omnipay/vendor/google/apiclient-services/src/CloudDomains/ConfigureManagementSettingsRequest.php
OK	/htdocs/application/third_party/omnipay/vendor/google/apiclient-services/src/CloudDomains/GeoPolicyItem.php
OK	/htdocs/application/third_party/omnipay/vendor/google/apiclient-services/src/CloudDomains/Money.php
OK	/htdocs/application/third_party/omnipay/vendor/google/apiclient-services/src/CloudDomains/RetrieveGoogleDomainsDnsRecordsResponse.php
OK	/htdocs/application/third_party/omnipay/vendor/google/apiclient-services/src/CloudDomains/TransferParameters.php
OK	/htdocs/application/third_party/omnipay/vendor/google/apiclient-services/src/Clouderrorreporting/HttpRequestContext.php
OK	/htdocs/application/third_party/omnipay/vendor/google/apiclient-services/src/Clouderrorreporting/Resource/ProjectsGroups.php
OK	/htdocs/application/third_party/omnipay/vendor/google/apiclient-services/src/CloudFilestore/FileShareConfig.php
OK	/htdocs/application/third_party/omnipay/vendor/google/apiclient-services/src/CloudFilestore/Instance.php
OK	/htdocs/application/third_party/omnipay/vendor/google/apiclient-services/src/CloudFilestore/NfsExportOptions.php
OK	/htdocs/application/third_party/omnipay/vendor/google/apiclient-services/src/CloudFilestore/Status.php
OK	/htdocs/application/third_party/omnipay/vendor/google/apiclient-services/src/CloudFunctions/AuditLogConfig.php
OK	/htdocs/application/third_party/omnipay/vendor/google/apiclient-services/src/CloudFunctions/EventTrigger.php
OK	/htdocs/application/third_party/omnipay/vendor/google/apiclient-services/src/CloudFunctions/GoogleCloudFunctionsV2betaOperationMetadata.php
OK	/htdocs/application/third_party/omnipay/vendor/google/apiclient-services/src/CloudFunctions/Location.php
OK	/htdocs/application/third_party/omnipay/vendor/google/apiclient-services/src/CloudFunctions/SecretVersion.php
OK	/htdocs/application/third_party/omnipay/vendor/google/apiclient-services/src/CloudFunctions/TestIamPermissionsResponse.php
OK	/htdocs/application/third_party/omnipay/vendor/google/apiclient-services/src/CloudHealthcare/AnalyzeEntitiesResponse.php
OK	/htdocs/application/third_party/omnipay/vendor/google/apiclient-services/src/CloudHealthcare/Binding.php
OK	/htdocs/application/third_party/omnipay/vendor/google/apiclient-services/src/CloudHealthcare/ConsentErrors.php
OK	/htdocs/application/third_party/omnipay/vendor/google/apiclient-services/src/CloudHealthcare/DeidentifyDicomStoreRequest.php
OK	/htdocs/application/third_party/omnipay/vendor/google/apiclient-services/src/CloudHealthcare/EvaluateUserConsentsResponse.php
OK	/htdocs/application/third_party/omnipay/vendor/google/apiclient-services/src/CloudHealthcare/FhirConfig.php
OK	/htdocs/application/third_party/omnipay/vendor/google/apiclient-services/src/CloudHealthcare/GoogleCloudHealthcareV1DeidentifyDeidentifyDicomStoreSummary.php
OK	/htdocs/application/third_party/omnipay/vendor/google/apiclient-services/src/CloudHealthcare/Hl7TypesConfig.php
OK	/htdocs/application/third_party/omnipay/vendor/google/apiclient-services/src/CloudHealthcare/ImportResourcesRequest.php
OK	/htdocs/application/third_party/omnipay/vendor/google/apiclient-services/src/CloudHealthcare/ListDatasetsResponse.php
OK	/htdocs/application/third_party/omnipay/vendor/google/apiclient-services/src/CloudHealthcare/OperationMetadata.php
OK	/htdocs/application/third_party/omnipay/vendor/google/apiclient-services/src/CloudHealthcare/ReplaceWithInfoTypeConfig.php
OK	/htdocs/application/third_party/omnipay/vendor/google/apiclient-services/src/CloudHealthcare/SchemaPackage.php
OK	/htdocs/application/third_party/omnipay/vendor/google/apiclient-services/src/CloudHealthcare/StreamConfig.php
OK	/htdocs/application/third_party/omnipay/vendor/google/apiclient-services/src/CloudHealthcare/ValidationConfig.php
OK	/htdocs/application/third_party/omnipay/vendor/google/apiclient-services/src/CloudHealthcare/Resource/ProjectsLocationsDatasetsDicomStoresDicomWeb.php
OK	/htdocs/application/third_party/omnipay/vendor/google/apiclient-services/src/CloudHealthcare/Resource/ProjectsLocationsDatasetsHl7V2StoresMessages.php
OK	/htdocs/application/third_party/omnipay/vendor/google/apiclient-services/src/CloudIAP/CsmSettings.php
OK	/htdocs/application/third_party/omnipay/vendor/google/apiclient-services/src/CloudIAP/NextStateOfTags.php
OK	/htdocs/application/third_party/omnipay/vendor/google/apiclient-services/src/CloudIAP/TestIamPermissionsRequest.php
OK	/htdocs/application/third_party/omnipay/vendor/google/apiclient-services/src/CloudIdentity/AddIdpCredentialOperationMetadata.php
OK	/htdocs/application/third_party/omnipay/vendor/google/apiclient-services/src/CloudIdentity/DeleteMembershipMetadata.php
OK	/htdocs/application/third_party/omnipay/vendor/google/apiclient-services/src/CloudIdentity/GoogleAppsCloudidentityDevicesV1ApproveDeviceUserResponse.php
OK	/htdocs/application/third_party/omnipay/vendor/google/apiclient-services/src/CloudIdentity/GoogleAppsCloudidentityDevicesV1CertificateAttributes.php
OK	/htdocs/application/third_party/omnipay/vendor/google/apiclient-services/src/CloudIdentity/GoogleAppsCloudidentityDevicesV1ListDeviceUsersResponse.php
OK	/htdocs/application/third_party/omnipay/vendor/google/apiclient-services/src/CloudIdentity/Group.php
OK	/htdocs/application/third_party/omnipay/vendor/google/apiclient-services/src/CloudIdentity/ListUserInvitationsResponse.php
OK	/htdocs/application/third_party/omnipay/vendor/google/apiclient-services/src/CloudIdentity/Operation.php
OK	/htdocs/application/third_party/omnipay/vendor/google/apiclient-services/src/CloudIdentity/SearchTransitiveMembershipsResponse.php
OK	/htdocs/application/third_party/omnipay/vendor/google/apiclient-services/src/CloudIdentity/UserInvitation.php
OK	/htdocs/application/third_party/omnipay/vendor/google/apiclient-services/src/CloudIot/BindDeviceToGatewayRequest.php
OK	/htdocs/application/third_party/omnipay/vendor/google/apiclient-services/src/CloudIot/GetIamPolicyRequest.php
OK	/htdocs/application/third_party/omnipay/vendor/google/apiclient-services/src/CloudIot/RegistryCredential.php
OK	/htdocs/application/third_party/omnipay/vendor/google/apiclient-services/src/CloudIot/Resource/ProjectsLocations.php
OK	/htdocs/application/third_party/omnipay/vendor/google/apiclient-services/src/CloudKMS/AuditLogConfig.php
OK	/htdocs/application/third_party/omnipay/vendor/google/apiclient-services/src/CloudKMS/Digest.php
OK	/htdocs/application/third_party/omnipay/vendor/google/apiclient-services/src/CloudKMS/KeyHandle.php
OK	/htdocs/application/third_party/omnipay/vendor/google/apiclient-services/src/CloudKMS/MacSignRequest.php
OK	/htdocs/application/third_party/omnipay/vendor/google/apiclient-services/src/CloudKMS/ServiceResolver.php
OK	/htdocs/application/third_party/omnipay/vendor/google/apiclient-services/src/CloudKMS/Resource/ProjectsLocationsEkmConfig.php
OK	/htdocs/application/third_party/omnipay/vendor/google/apiclient-services/src/CloudLifeSciences/ContainerStartedEvent.php
OK	/htdocs/application/third_party/omnipay/vendor/google/apiclient-services/src/CloudLifeSciences/Mount.php
OK	/htdocs/application/third_party/omnipay/vendor/google/apiclient-services/src/CloudLifeSciences/ServiceAccount.php
OK	/htdocs/application/third_party/omnipay/vendor/google/apiclient-services/src/CloudMachineLearningEngine/GoogleCloudMlV1AcceleratorConfig.php
OK	/htdocs/application/third_party/omnipay/vendor/google/apiclient-services/src/CloudMachineLearningEngine/GoogleCloudMlV1CompleteTrialRequest.php
OK	/htdocs/application/third_party/omnipay/vendor/google/apiclient-services/src/CloudMachineLearningEngine/GoogleCloudMlV1HyperparameterSpec.php
OK	/htdocs/application/third_party/omnipay/vendor/google/apiclient-services/src/CloudMachineLearningEngine/GoogleCloudMlV1ManualScaling.php
OK	/htdocs/application/third_party/omnipay/vendor/google/apiclient-services/src/CloudMachineLearningEngine/GoogleCloudMlV1RouteMap.php
OK	/htdocs/application/third_party/omnipay/vendor/google/apiclient-services/src/CloudMachineLearningEngine/GoogleCloudMlV1StudyConfigParameterSpecIntegerValueSpec.php
OK	/htdocs/application/third_party/omnipay/vendor/google/apiclient-services/src/CloudMachineLearningEngine/GoogleCloudMlV1XraiAttribution.php
OK	/htdocs/application/third_party/omnipay/vendor/google/apiclient-services/src/CloudMachineLearningEngine/GoogleTypeExpr.php
OK	/htdocs/application/third_party/omnipay/vendor/google/apiclient-services/src/CloudMemorystoreforMemcached/BlobstoreLocation.php
OK	/htdocs/application/third_party/omnipay/vendor/google/apiclient-services/src/CloudMemorystoreforMemcached/GoogleCloudMemcacheV1UpgradeInstanceRequest.php
OK	/htdocs/application/third_party/omnipay/vendor/google/apiclient-services/src/CloudMemorystoreforMemcached/Instance.php
OK	/htdocs/application/third_party/omnipay/vendor/google/apiclient-services/src/CloudMemorystoreforMemcached/MaintenanceWindow.php
OK	/htdocs/application/third_party/omnipay/vendor/google/apiclient-services/src/CloudMemorystoreforMemcached/SpannerLocation.php
OK	/htdocs/application/third_party/omnipay/vendor/google/apiclient-services/src/CloudMemorystoreforMemcached/Resource/ProjectsLocationsInstances.php
OK	/htdocs/application/third_party/omnipay/vendor/google/apiclient-services/src/CloudNaturalLanguage/AnnotateTextResponse.php
OK	/htdocs/application/third_party/omnipay/vendor/google/apiclient-services/src/CloudNaturalLanguage/Features.php
OK	/htdocs/application/third_party/omnipay/vendor/google/apiclient-services/src/CloudNaturalLanguage/TpuMetric.php
OK	/htdocs/application/third_party/omnipay/vendor/google/apiclient-services/src/CloudNaturalLanguage/XPSColumnSpec.php
OK	/htdocs/application/third_party/omnipay/vendor/google/apiclient-services/src/CloudNaturalLanguage/XPSDockerFormat.php
OK	/htdocs/application/third_party/omnipay/vendor/google/apiclient-services/src/CloudNaturalLanguage/XPSImageModelServingSpec.php
OK	/htdocs/application/third_party/omnipay/vendor/google/apiclient-services/src/CloudNaturalLanguage/XPSRegressionEvaluationMetrics.php
OK	/htdocs/application/third_party/omnipay/vendor/google/apiclient-services/src/CloudNaturalLanguage/XPSSpeechModelSpecSubModelSpec.php
OK	/htdocs/application/third_party/omnipay/vendor/google/apiclient-services/src/CloudNaturalLanguage/XPSTablesModelColumnInfo.php
OK	/htdocs/application/third_party/omnipay/vendor/google/apiclient-services/src/CloudNaturalLanguage/XPSTextToSpeechTrainResponse.php
OK	/htdocs/application/third_party/omnipay/vendor/google/apiclient-services/src/CloudNaturalLanguage/XPSTranslationPreprocessResponse.php
OK	/htdocs/application/third_party/omnipay/vendor/google/apiclient-services/src/CloudNaturalLanguage/XPSVideoObjectTrackingTrainResponse.php
OK	/htdocs/application/third_party/omnipay/vendor/google/apiclient-services/src/CloudOSLogin/SshPublicKey.php
OK	/htdocs/application/third_party/omnipay/vendor/google/apiclient-services/src/CloudRedis/AssetLocation.php
OK	/htdocs/application/third_party/omnipay/vendor/google/apiclient-services/src/CloudRedis/CloudAsset.php
OK	/htdocs/application/third_party/omnipay/vendor/google/apiclient-services/src/CloudRedis/CustomMetadataData.php
OK	/htdocs/application/third_party/omnipay/vendor/google/apiclient-services/src/CloudRedis/ExportBackupRequest.php
OK	/htdocs/application/third_party/omnipay/vendor/google/apiclient-services/src/CloudRedis/ImportInstanceRequest.php
OK	/htdocs/application/third_party/omnipay/vendor/google/apiclient-services/src/CloudRedis/Location.php
OK	/htdocs/application/third_party/omnipay/vendor/google/apiclient-services/src/CloudRedis/OperationError.php
OK	/htdocs/application/third_party/omnipay/vendor/google/apiclient-services/src/CloudRedis/ReconciliationOperationMetadata.php
OK	/htdocs/application/third_party/omnipay/vendor/google/apiclient-services/src/CloudRedis/TenantProjectProxy.php
OK	/htdocs/application/third_party/omnipay/vendor/google/apiclient-services/src/CloudRedis/Resource/ProjectsLocationsBackupCollections.php
OK	/htdocs/application/third_party/omnipay/vendor/google/apiclient-services/src/CloudResourceManager/CreateProjectMetadata.php
OK	/htdocs/application/third_party/omnipay/vendor/google/apiclient-services/src/CloudResourceManager/Folder.php
OK	/htdocs/application/third_party/omnipay/vendor/google/apiclient-services/src/CloudResourceManager/ListTagKeysResponse.php
OK	/htdocs/application/third_party/omnipay/vendor/google/apiclient-services/src/CloudResourceManager/SearchOrganizationsResponse.php
OK	/htdocs/application/third_party/omnipay/vendor/google/apiclient-services/src/CloudResourceManager/UndeleteOrganizationMetadata.php
OK	/htdocs/application/third_party/omnipay/vendor/google/apiclient-services/src/CloudResourceManager/Resource/Projects.php
OK	/htdocs/application/third_party/omnipay/vendor/google/apiclient-services/src/CloudRetail/GoogleCloudRetailV2AddCatalogAttributeRequest.php
OK	/htdocs/application/third_party/omnipay/vendor/google/apiclient-services/src/CloudRetail/GoogleCloudRetailV2alphaBigQueryOutputResult.php
OK	/htdocs/application/third_party/omnipay/vendor/google/apiclient-services/src/CloudRetail/GoogleCloudRetailV2alphaImportErrorsConfig.php
OK	/htdocs/application/third_party/omnipay/vendor/google/apiclient-services/src/CloudRetail/GoogleCloudRetailV2alphaModelPageOptimizationConfigPanel.php
OK	/htdocs/application/third_party/omnipay/vendor/google/apiclient-services/src/CloudRetail/GoogleCloudRetailV2alphaRemoveLocalInventoriesResponse.php
OK	/htdocs/application/third_party/omnipay/vendor/google/apiclient-services/src/CloudRetail/GoogleCloudRetailV2BatchUpdateGenerativeQuestionConfigsResponse.php
OK	/htdocs/application/third_party/omnipay/vendor/google/apiclient-services/src/CloudRetail/GoogleCloudRetailV2betaExportUserEventsResponse.php
OK	/htdocs/application/third_party/omnipay/vendor/google/apiclient-services/src/CloudRetail/GoogleCloudRetailV2betaModelServingConfigList.php
OK	/htdocs/application/third_party/omnipay/vendor/google/apiclient-services/src/CloudRetail/GoogleCloudRetailV2betaSetInventoryMetadata.php
OK	/htdocs/application/third_party/omnipay/vendor/google/apiclient-services/src/CloudRetail/GoogleCloudRetailV2CatalogAttributeFacetConfigMergedFacetValue.php
OK	/htdocs/application/third_party/omnipay/vendor/google/apiclient-services/src/CloudRetail/GoogleCloudRetailV2ConditionQueryTerm.php
OK	/htdocs/application/third_party/omnipay/vendor/google/apiclient-services/src/CloudRetail/GoogleCloudRetailV2GcsOutputResult.php
OK	/htdocs/application/third_party/omnipay/vendor/google/apiclient-services/src/CloudRetail/GoogleCloudRetailV2ImportUserEventsRequest.php
OK	/htdocs/application/third_party/omnipay/vendor/google/apiclient-services/src/CloudRetail/GoogleCloudRetailV2ModelModelFeaturesConfig.php
OK	/htdocs/application/third_party/omnipay/vendor/google/apiclient-services/src/CloudRetail/GoogleCloudRetailV2PriceInfo.php
OK	/htdocs/application/third_party/omnipay/vendor/google/apiclient-services/src/CloudRetail/GoogleCloudRetailV2PurgeProductsMetadata.php
OK	/htdocs/application/third_party/omnipay/vendor/google/apiclient-services/src/CloudRetail/GoogleCloudRetailV2RemoveFulfillmentPlacesRequest.php
OK	/htdocs/application/third_party/omnipay/vendor/google/apiclient-services/src/CloudRetail/GoogleCloudRetailV2RuleForceReturnFacetActionFacetPositionAdjustment.php
OK	/htdocs/application/third_party/omnipay/vendor/google/apiclient-services/src/CloudRetail/GoogleCloudRetailV2SearchRequestConversationalSearchSpecUserAnswer.php
OK	/htdocs/application/third_party/omnipay/vendor/google/apiclient-services/src/CloudRetail/GoogleCloudRetailV2SearchResponseConversationalSearchResultSuggestedAnswer.php
OK	/htdocs/application/third_party/omnipay/vendor/google/apiclient-services/src/CloudRetail/GoogleCloudRetailV2TuneModelMetadata.php
OK	/htdocs/application/third_party/omnipay/vendor/google/apiclient-services/src/CloudRetail/GoogleRpcStatus.php
OK	/htdocs/application/third_party/omnipay/vendor/google/apiclient-services/src/CloudRetail/Resource/ProjectsLocationsCatalogsGenerativeQuestions.php
OK	/htdocs/application/third_party/omnipay/vendor/google/apiclient-services/src/CloudRun/Binding.php
OK	/htdocs/application/third_party/omnipay/vendor/google/apiclient-services/src/CloudRun/EnvFromSource.php
OK	/htdocs/application/third_party/omnipay/vendor/google/apiclient-services/src/CloudRun/GoogleCloudRunOpV2ListRevisionsResponse.php
OK	/htdocs/application/third_party/omnipay/vendor/google/apiclient-services/src/CloudRun/GoogleCloudRunOpV2Volume.php
OK	/htdocs/application/third_party/omnipay/vendor/google/apiclient-services/src/CloudRun/GoogleCloudRunV2ContainerOverride.php
OK	/htdocs/application/third_party/omnipay/vendor/google/apiclient-services/src/CloudRun/GoogleCloudRunV2ExportStatusResponse.php
OK	/htdocs/application/third_party/omnipay/vendor/google/apiclient-services/src/CloudRun/GoogleCloudRunV2ListServicesResponse.php
OK	/htdocs/application/third_party/omnipay/vendor/google/apiclient-services/src/CloudRun/GoogleCloudRunV2RevisionScalingStatus.php
OK	/htdocs/application/third_party/omnipay/vendor/google/apiclient-services/src/CloudRun/GoogleCloudRunV2TaskAttemptResult.php
OK	/htdocs/application/third_party/omnipay/vendor/google/apiclient-services/src/CloudRun/GoogleDevtoolsCloudbuildV1ApprovalConfig.php
OK	/htdocs/application/third_party/omnipay/vendor/google/apiclient-services/src/CloudRun/GoogleDevtoolsCloudbuildV1DeveloperConnectConfig.php
OK	/htdocs/application/third_party/omnipay/vendor/google/apiclient-services/src/CloudRun/GoogleDevtoolsCloudbuildV1MavenArtifact.php
OK	/htdocs/application/third_party/omnipay/vendor/google/apiclient-services/src/CloudRun/GoogleDevtoolsCloudbuildV1StorageSourceManifest.php
OK	/htdocs/application/third_party/omnipay/vendor/google/apiclient-services/src/CloudRun/GoogleIamV1SetIamPolicyRequest.php
OK	/htdocs/application/third_party/omnipay/vendor/google/apiclient-services/src/CloudRun/KeyToPath.php
OK	/htdocs/application/third_party/omnipay/vendor/google/apiclient-services/src/CloudRun/OwnerReference.php
OK	/htdocs/application/third_party/omnipay/vendor/google/apiclient-services/src/CloudRun/RouteStatus.php
OK	/htdocs/application/third_party/omnipay/vendor/google/apiclient-services/src/CloudRun/StatusDetails.php
OK	/htdocs/application/third_party/omnipay/vendor/google/apiclient-services/src/CloudRun/Resource/NamespacesRevisions.php
OK	/htdocs/application/third_party/omnipay/vendor/google/apiclient-services/src/CloudRun/Resource/ProjectsLocationsJobsExecutions.php
OK	/htdocs/application/third_party/omnipay/vendor/google/apiclient-services/src/CloudRuntimeConfig/RuntimeconfigEmpty.php
OK	/htdocs/application/third_party/omnipay/vendor/google/apiclient-services/src/CloudScheduler/Location.php
OK	/htdocs/application/third_party/omnipay/vendor/google/apiclient-services/src/CloudScheduler/Resource/Operations.php
OK	/htdocs/application/third_party/omnipay/vendor/google/apiclient-services/src/CloudSearch/AddOnFrameStartingState.php
OK	/htdocs/application/third_party/omnipay/vendor/google/apiclient-services/src/CloudSearch/AppsDynamiteBabelPlaceholderMetadataDeleteMetadata.php
OK	/htdocs/application/third_party/omnipay/vendor/google/apiclient-services/src/CloudSearch/AppsDynamiteCustomerId.php
OK	/htdocs/application/third_party/omnipay/vendor/google/apiclient-services/src/CloudSearch/AppsDynamiteFrontendUser.php
OK	/htdocs/application/third_party/omnipay/vendor/google/apiclient-services/src/CloudSearch/AppsDynamiteMessageAttributes.php
OK	/htdocs/application/third_party/omnipay/vendor/google/apiclient-services/src/CloudSearch/AppsDynamiteRoomUpdatedMetadataGroupDetailsUpdatedMetadata.php
OK	/htdocs/application/third_party/omnipay/vendor/google/apiclient-services/src/CloudSearch/AppsDynamiteSharedAssistantSessionContext.php
OK	/htdocs/application/third_party/omnipay/vendor/google/apiclient-services/src/CloudSearch/AppsDynamiteSharedCalendarEventAnnotationDataCalendarEventTime.php
OK	/htdocs/application/third_party/omnipay/vendor/google/apiclient-services/src/CloudSearch/AppsDynamiteSharedChatItemActivityInfoFeedItemReactions.php
OK	/htdocs/application/third_party/omnipay/vendor/google/apiclient-services/src/CloudSearch/AppsDynamiteSharedDimension.php
OK	/htdocs/application/third_party/omnipay/vendor/google/apiclient-services/src/CloudSearch/AppsDynamiteSharedImageComponent.php
OK	/htdocs/application/third_party/omnipay/vendor/google/apiclient-services/src/CloudSearch/AppsDynamiteSharedOpenLinkAppUriIntent.php
OK	/htdocs/application/third_party/omnipay/vendor/google/apiclient-services/src/CloudSearch/AppsDynamiteSharedSelectionInputSelectionItem.php
OK	/htdocs/application/third_party/omnipay/vendor/google/apiclient-services/src/CloudSearch/AppsDynamiteSharedTextInput.php
OK	/htdocs/application/third_party/omnipay/vendor/google/apiclient-services/src/CloudSearch/AppsDynamiteStorageBorderStyle.php
OK	/htdocs/application/third_party/omnipay/vendor/google/apiclient-services/src/CloudSearch/AppsDynamiteStorageDecoratedTextSwitchControl.php
OK	/htdocs/application/third_party/omnipay/vendor/google/apiclient-services/src/CloudSearch/AppsDynamiteStorageOpenLinkAppUriIntent.php
OK	/htdocs/application/third_party/omnipay/vendor/google/apiclient-services/src/CloudSearch/AppsDynamiteUrlMetadata.php
OK	/htdocs/application/third_party/omnipay/vendor/google/apiclient-services/src/CloudSearch/AppsExtensionsMarkupCalendarClientActionMarkupConferenceDataMarkupEntryPointMarkup.php
OK	/htdocs/application/third_party/omnipay/vendor/google/apiclient-services/src/CloudSearch/AuthorizedItemId.php
OK	/htdocs/application/third_party/omnipay/vendor/google/apiclient-services/src/CloudSearch/BotResponse.php
OK	/htdocs/application/third_party/omnipay/vendor/google/apiclient-services/src/CloudSearch/CardCapabilityMetadata.php
OK	/htdocs/application/third_party/omnipay/vendor/google/apiclient-services/src/CloudSearch/ChatConserverDynamitePlaceholderMetadataVideoCallMetadata.php
OK	/htdocs/application/third_party/omnipay/vendor/google/apiclient-services/src/CloudSearch/CommunalLabelTag.php
OK	/htdocs/application/third_party/omnipay/vendor/google/apiclient-services/src/CloudSearch/CustomEmoji.php
OK	/htdocs/application/third_party/omnipay/vendor/google/apiclient-services/src/CloudSearch/DataSourceIndexStats.php
OK	/htdocs/application/third_party/omnipay/vendor/google/apiclient-services/src/CloudSearch/DeliveryMedium.php
OK	/htdocs/application/third_party/omnipay/vendor/google/apiclient-services/src/CloudSearch/DriveFollowUpRestrict.php
OK	/htdocs/application/third_party/omnipay/vendor/google/apiclient-services/src/CloudSearch/EmbedClientItem.php
OK	/htdocs/application/third_party/omnipay/vendor/google/apiclient-services/src/CloudSearch/EnterpriseTopazSidekickAssistCardProto.php
OK	/htdocs/application/third_party/omnipay/vendor/google/apiclient-services/src/CloudSearch/EnterpriseTopazSidekickFindMeetingTimeCardProto.php
OK	/htdocs/application/third_party/omnipay/vendor/google/apiclient-services/src/CloudSearch/EnterpriseTopazSidekickPeopleAnswerPersonAnswerCard.php
OK	/htdocs/application/third_party/omnipay/vendor/google/apiclient-services/src/CloudSearch/EnumOperatorOptions.php
OK	/htdocs/application/third_party/omnipay/vendor/google/apiclient-services/src/CloudSearch/Filter.php
OK	/htdocs/application/third_party/omnipay/vendor/google/apiclient-services/src/CloudSearch/FuseboxItem.php
OK	/htdocs/application/third_party/omnipay/vendor/google/apiclient-services/src/CloudSearch/GetDataSourceIndexStatsResponse.php
OK	/htdocs/application/third_party/omnipay/vendor/google/apiclient-services/src/CloudSearch/GoogleChatV1WidgetMarkupButton.php
OK	/htdocs/application/third_party/omnipay/vendor/google/apiclient-services/src/CloudSearch/Grid.php
OK	/htdocs/application/third_party/omnipay/vendor/google/apiclient-services/src/CloudSearch/HistoryRecord.php
OK	/htdocs/application/third_party/omnipay/vendor/google/apiclient-services/src/CloudSearch/ImageKeyValue.php
OK	/htdocs/application/third_party/omnipay/vendor/google/apiclient-services/src/CloudSearch/IntegerFacetingOptions.php
OK	/htdocs/application/third_party/omnipay/vendor/google/apiclient-services/src/CloudSearch/ItemContent.php
OK	/htdocs/application/third_party/omnipay/vendor/google/apiclient-services/src/CloudSearch/LabelRemoved.php
OK	/htdocs/application/third_party/omnipay/vendor/google/apiclient-services/src/CloudSearch/ListItemsResponse.php
OK	/htdocs/application/third_party/omnipay/vendor/google/apiclient-services/src/CloudSearch/MeetingSpace.php
OK	/htdocs/application/third_party/omnipay/vendor/google/apiclient-services/src/CloudSearch/MessageId.php
OK	/htdocs/application/third_party/omnipay/vendor/google/apiclient-services/src/CloudSearch/ObjectDefinition.php
OK	/htdocs/application/third_party/omnipay/vendor/google/apiclient-services/src/CloudSearch/PackagingServiceClient.php
OK	/htdocs/application/third_party/omnipay/vendor/google/apiclient-services/src/CloudSearch/PollItemsResponse.php
OK	/htdocs/application/third_party/omnipay/vendor/google/apiclient-services/src/CloudSearch/PropertyDefinition.php
OK	/htdocs/application/third_party/omnipay/vendor/google/apiclient-services/src/CloudSearch/QuerySource.php
OK	/htdocs/application/third_party/omnipay/vendor/google/apiclient-services/src/CloudSearch/Reference.php
OK	/htdocs/application/third_party/omnipay/vendor/google/apiclient-services/src/CloudSearch/ResponseDebugInfo.php
OK	/htdocs/application/third_party/omnipay/vendor/google/apiclient-services/src/CloudSearch/Roster.php
OK	/htdocs/application/third_party/omnipay/vendor/google/apiclient-services/src/CloudSearch/SearchItemsByViewUrlResponse.php
OK	/htdocs/application/third_party/omnipay/vendor/google/apiclient-services/src/CloudSearch/SessionStateInfo.php
OK	/htdocs/application/third_party/omnipay/vendor/google/apiclient-services/src/CloudSearch/Source.php
OK	/htdocs/application/third_party/omnipay/vendor/google/apiclient-services/src/CloudSearch/StoredParticipantId.php
OK	/htdocs/application/third_party/omnipay/vendor/google/apiclient-services/src/CloudSearch/TextButton.php
OK	/htdocs/application/third_party/omnipay/vendor/google/apiclient-services/src/CloudSearch/TimestampValues.php
OK	/htdocs/application/third_party/omnipay/vendor/google/apiclient-services/src/CloudSearch/TriggerKey.php
OK	/htdocs/application/third_party/omnipay/vendor/google/apiclient-services/src/CloudSearch/UpdateSchemaRequest.php
OK	/htdocs/application/third_party/omnipay/vendor/google/apiclient-services/src/CloudSearch/UserMentionMetadata.php
OK	/htdocs/application/third_party/omnipay/vendor/google/apiclient-services/src/CloudSearch/WrappedResourceKey.php
OK	/htdocs/application/third_party/omnipay/vendor/google/apiclient-services/src/CloudSearch/Resource/DebugIdentitysourcesItems.php
OK	/htdocs/application/third_party/omnipay/vendor/google/apiclient-services/src/CloudSearch/Resource/SettingsSearchapplications.php
OK	/htdocs/application/third_party/omnipay/vendor/google/apiclient-services/src/CloudSecurityToken/GoogleIdentityStsV1AccessBoundary.php
OK	/htdocs/application/third_party/omnipay/vendor/google/apiclient-services/src/CloudSecurityToken/GoogleTypeExpr.php
OK	/htdocs/application/third_party/omnipay/vendor/google/apiclient-services/src/CloudShell/Environment.php
OK	/htdocs/application/third_party/omnipay/vendor/google/apiclient-services/src/CloudShell/Resource/UsersEnvironments.php
OK	/htdocs/application/third_party/omnipay/vendor/google/apiclient-services/src/CloudSourceRepositories/SetIamPolicyRequest.php
OK	/htdocs/application/third_party/omnipay/vendor/google/apiclient-services/src/CloudSupport/Attachment.php
OK	/htdocs/application/third_party/omnipay/vendor/google/apiclient-services/src/CloudSupport/DiffUploadResponse.php
OK	/htdocs/application/third_party/omnipay/vendor/google/apiclient-services/src/CloudSupport/WorkflowOperationMetadata.php
OK	/htdocs/application/third_party/omnipay/vendor/google/apiclient-services/src/CloudSupport/Resource/OrganizationsCasesComments.php
OK	/htdocs/application/third_party/omnipay/vendor/google/apiclient-services/src/CloudTalentSolution/ClientEvent.php
OK	/htdocs/application/third_party/omnipay/vendor/google/apiclient-services/src/CloudTalentSolution/CustomRankingInfo.php
OK	/htdocs/application/third_party/omnipay/vendor/google/apiclient-services/src/CloudTalentSolution/ListJobsResponse.php
OK	/htdocs/application/third_party/omnipay/vendor/google/apiclient-services/src/CloudTalentSolution/ResponseMetadata.php
OK	/htdocs/application/third_party/omnipay/vendor/google/apiclient-services/src/CloudTalentSolution/Resource/ProjectsTenantsCompanies.php
OK	/htdocs/application/third_party/omnipay/vendor/google/apiclient-services/src/CloudTasks/GetIamPolicyRequest.php
OK	/htdocs/application/third_party/omnipay/vendor/google/apiclient-services/src/CloudTasks/OidcToken.php
OK	/htdocs/application/third_party/omnipay/vendor/google/apiclient-services/src/CloudTasks/StackdriverLoggingConfig.php
OK	/htdocs/application/third_party/omnipay/vendor/google/apiclient-services/src/CloudTrace/AttributeValue.php
OK	/htdocs/application/third_party/omnipay/vendor/google/apiclient-services/src/CloudTrace/TimeEvent.php
OK	/htdocs/application/third_party/omnipay/vendor/google/apiclient-services/src/CloudVideoIntelligence/GoogleCloudVideointelligenceV1beta2DetectedLandmark.php
OK	/htdocs/application/third_party/omnipay/vendor/google/apiclient-services/src/CloudVideoIntelligence/GoogleCloudVideointelligenceV1beta2NormalizedBoundingBox.php
OK	/htdocs/application/third_party/omnipay/vendor/google/apiclient-services/src/CloudVideoIntelligence/GoogleCloudVideointelligenceV1beta2Track.php
OK	/htdocs/application/third_party/omnipay/vendor/google/apiclient-services/src/CloudVideoIntelligence/GoogleCloudVideointelligenceV1FaceDetectionAnnotation.php
OK	/htdocs/application/third_party/omnipay/vendor/google/apiclient-services/src/CloudVideoIntelligence/GoogleCloudVideointelligenceV1ObjectTrackingAnnotation.php
OK	/htdocs/application/third_party/omnipay/vendor/google/apiclient-services/src/CloudVideoIntelligence/GoogleCloudVideointelligenceV1p1beta1FaceFrame.php
OK	/htdocs/application/third_party/omnipay/vendor/google/apiclient-services/src/CloudVideoIntelligence/GoogleCloudVideointelligenceV1p1beta1SpeechRecognitionAlternative.php
OK	/htdocs/application/third_party/omnipay/vendor/google/apiclient-services/src/CloudVideoIntelligence/GoogleCloudVideointelligenceV1p2beta1AnnotateVideoResponse.php
OK	/htdocs/application/third_party/omnipay/vendor/google/apiclient-services/src/CloudVideoIntelligence/GoogleCloudVideointelligenceV1p2beta1LabelSegment.php
OK	/htdocs/application/third_party/omnipay/vendor/google/apiclient-services/src/CloudVideoIntelligence/GoogleCloudVideointelligenceV1p2beta1TextSegment.php
OK	/htdocs/application/third_party/omnipay/vendor/google/apiclient-services/src/CloudVideoIntelligence/GoogleCloudVideointelligenceV1p3beta1DetectedAttribute.php
OK	/htdocs/application/third_party/omnipay/vendor/google/apiclient-services/src/CloudVideoIntelligence/GoogleCloudVideointelligenceV1p3beta1LogoRecognitionAnnotation.php
OK	/htdocs/application/third_party/omnipay/vendor/google/apiclient-services/src/CloudVideoIntelligence/GoogleCloudVideointelligenceV1p3beta1TextAnnotation.php
OK	/htdocs/application/third_party/omnipay/vendor/google/apiclient-services/src/CloudVideoIntelligence/GoogleCloudVideointelligenceV1SpeechContext.php
OK	/htdocs/application/third_party/omnipay/vendor/google/apiclient-services/src/CloudVideoIntelligence/GoogleCloudVideointelligenceV1VideoContext.php
OK	/htdocs/application/third_party/omnipay/vendor/google/apiclient-services/src/CloudVideoIntelligence/Resource/Projects.php
OK	/htdocs/application/third_party/omnipay/vendor/google/apiclient-services/src/CloudWorkstations/DomainConfig.php
OK	/htdocs/application/third_party/omnipay/vendor/google/apiclient-services/src/CloudWorkstations/Host.php
OK	/htdocs/application/third_party/omnipay/vendor/google/apiclient-services/src/CloudWorkstations/Policy.php
OK	/htdocs/application/third_party/omnipay/vendor/google/apiclient-services/src/CloudWorkstations/WorkstationCluster.php
OK	/htdocs/application/third_party/omnipay/vendor/google/apiclient-services/src/Compute/AcceleratorTypeAggregatedListWarning.php
OK	/htdocs/application/third_party/omnipay/vendor/google/apiclient-services/src/Compute/AddressAggregatedListWarningData.php
OK	/htdocs/application/third_party/omnipay/vendor/google/apiclient-services/src/Compute/AllocationResourceStatus.php
OK	/htdocs/application/third_party/omnipay/vendor/google/apiclient-services/src/Compute/AutoscalerAggregatedListWarning.php
OK	/htdocs/application/third_party/omnipay/vendor/google/apiclient-services/src/Compute/AutoscalingPolicyLoadBalancingUtilization.php
OK	/htdocs/application/third_party/omnipay/vendor/google/apiclient-services/src/Compute/BackendBucketListWarningData.php
OK	/htdocs/application/third_party/omnipay/vendor/google/apiclient-services/src/Compute/BackendServiceHttpCookie.php
OK	/htdocs/application/third_party/omnipay/vendor/google/apiclient-services/src/Compute/BackendServiceReference.php
OK	/htdocs/application/third_party/omnipay/vendor/google/apiclient-services/src/Compute/BulkInsertDiskResource.php
OK	/htdocs/application/third_party/omnipay/vendor/google/apiclient-services/src/Compute/CommitmentListWarning.php
OK	/htdocs/application/third_party/omnipay/vendor/google/apiclient-services/src/Compute/CustomerEncryptionKey.php
OK	/htdocs/application/third_party/omnipay/vendor/google/apiclient-services/src/Compute/DiskList.php
OK	/htdocs/application/third_party/omnipay/vendor/google/apiclient-services/src/Compute/DisksScopedListWarningData.php
OK	/htdocs/application/third_party/omnipay/vendor/google/apiclient-services/src/Compute/DiskTypesScopedListWarningData.php
OK	/htdocs/application/third_party/omnipay/vendor/google/apiclient-services/src/Compute/ExternalVpnGatewayInterface.php
OK	/htdocs/application/third_party/omnipay/vendor/google/apiclient-services/src/Compute/FirewallPoliciesListAssociationsResponse.php
OK	/htdocs/application/third_party/omnipay/vendor/google/apiclient-services/src/Compute/FirewallPolicyRuleSecureTag.php
OK	/htdocs/application/third_party/omnipay/vendor/google/apiclient-services/src/Compute/ForwardingRulesScopedListWarning.php
OK	/htdocs/application/third_party/omnipay/vendor/google/apiclient-services/src/Compute/FutureReservationsScopedListWarningData.php
OK	/htdocs/application/third_party/omnipay/vendor/google/apiclient-services/src/Compute/GlobalSetPolicyRequest.php
OK	/htdocs/application/third_party/omnipay/vendor/google/apiclient-services/src/Compute/HealthChecksAggregatedList.php
OK	/htdocs/application/third_party/omnipay/vendor/google/apiclient-services/src/Compute/HealthStatusForNetworkEndpoint.php
OK	/htdocs/application/third_party/omnipay/vendor/google/apiclient-services/src/Compute/HttpHealthCheckList.php
OK	/htdocs/application/third_party/omnipay/vendor/google/apiclient-services/src/Compute/HttpsHealthCheckListWarningData.php
OK	/htdocs/application/third_party/omnipay/vendor/google/apiclient-services/src/Compute/InstanceConsumptionData.php
OK	/htdocs/application/third_party/omnipay/vendor/google/apiclient-services/src/Compute/InstanceGroupManagerAggregatedListWarning.php
OK	/htdocs/application/third_party/omnipay/vendor/google/apiclient-services/src/Compute/InstanceGroupManagerResizeRequestsListResponseWarning.php
OK	/htdocs/application/third_party/omnipay/vendor/google/apiclient-services/src/Compute/InstanceGroupManagersCreateInstancesRequest.php
OK	/htdocs/application/third_party/omnipay/vendor/google/apiclient-services/src/Compute/InstanceGroupManagersScopedListWarning.php
OK	/htdocs/application/third_party/omnipay/vendor/google/apiclient-services/src/Compute/InstanceGroupManagerStatusVersionTarget.php
OK	/htdocs/application/third_party/omnipay/vendor/google/apiclient-services/src/Compute/InstanceGroupsScopedListWarningData.php
OK	/htdocs/application/third_party/omnipay/vendor/google/apiclient-services/src/Compute/InstanceParams.php
OK	/htdocs/application/third_party/omnipay/vendor/google/apiclient-services/src/Compute/InstancesScopedListWarning.php
OK	/htdocs/application/third_party/omnipay/vendor/google/apiclient-services/src/Compute/InstanceTemplateAggregatedListWarning.php
OK	/htdocs/application/third_party/omnipay/vendor/google/apiclient-services/src/Compute/InstantSnapshotAggregatedListWarningData.php
OK	/htdocs/application/third_party/omnipay/vendor/google/apiclient-services/src/Compute/InterconnectAttachmentAggregatedListWarning.php
OK	/htdocs/application/third_party/omnipay/vendor/google/apiclient-services/src/Compute/InterconnectCircuitInfo.php
OK	/htdocs/application/third_party/omnipay/vendor/google/apiclient-services/src/Compute/InterconnectLocationListWarning.php
OK	/htdocs/application/third_party/omnipay/vendor/google/apiclient-services/src/Compute/InterconnectRemoteLocationListWarning.php
OK	/htdocs/application/third_party/omnipay/vendor/google/apiclient-services/src/Compute/LicensesListResponseWarningData.php
OK	/htdocs/application/third_party/omnipay/vendor/google/apiclient-services/src/Compute/MachineImageList.php
OK	/htdocs/application/third_party/omnipay/vendor/google/apiclient-services/src/Compute/MachineTypesScopedList.php
OK	/htdocs/application/third_party/omnipay/vendor/google/apiclient-services/src/Compute/MetadataFilter.php
OK	/htdocs/application/third_party/omnipay/vendor/google/apiclient-services/src/Compute/NetworkAttachmentConnectedEndpoint.php
OK	/htdocs/application/third_party/omnipay/vendor/google/apiclient-services/src/Compute/NetworkEdgeSecurityServicesScopedListWarning.php
OK	/htdocs/application/third_party/omnipay/vendor/google/apiclient-services/src/Compute/NetworkEndpointGroupListWarningData.php
OK	/htdocs/application/third_party/omnipay/vendor/google/apiclient-services/src/Compute/NetworkFirewallPolicyAggregatedList.php
OK	/htdocs/application/third_party/omnipay/vendor/google/apiclient-services/src/Compute/NetworkProfilesListResponse.php
OK	/htdocs/application/third_party/omnipay/vendor/google/apiclient-services/src/Compute/NodeGroupAggregatedListWarningData.php
OK	/htdocs/application/third_party/omnipay/vendor/google/apiclient-services/src/Compute/NodeGroupsPerformMaintenanceRequest.php
OK	/htdocs/application/third_party/omnipay/vendor/google/apiclient-services/src/Compute/NodeTemplateListWarningData.php
OK	/htdocs/application/third_party/omnipay/vendor/google/apiclient-services/src/Compute/NodeTypesScopedList.php
OK	/htdocs/application/third_party/omnipay/vendor/google/apiclient-services/src/Compute/OperationError.php
OK	/htdocs/application/third_party/omnipay/vendor/google/apiclient-services/src/Compute/PacketIntervals.php
OK	/htdocs/application/third_party/omnipay/vendor/google/apiclient-services/src/Compute/PacketMirroringMirroredResourceInfoSubnetInfo.php
OK	/htdocs/application/third_party/omnipay/vendor/google/apiclient-services/src/Compute/PreservedStatePreservedNetworkIp.php
OK	/htdocs/application/third_party/omnipay/vendor/google/apiclient-services/src/Compute/PublicAdvertisedPrefixListWarningData.php
OK	/htdocs/application/third_party/omnipay/vendor/google/apiclient-services/src/Compute/PublicDelegatedPrefixPublicDelegatedSubPrefix.php
OK	/htdocs/application/third_party/omnipay/vendor/google/apiclient-services/src/Compute/RegionDisksStartAsyncReplicationRequest.php
OK	/htdocs/application/third_party/omnipay/vendor/google/apiclient-services/src/Compute/RegionInstanceGroupManagersAbandonInstancesRequest.php
OK	/htdocs/application/third_party/omnipay/vendor/google/apiclient-services/src/Compute/RegionInstanceGroupManagersSetTemplateRequest.php
OK	/htdocs/application/third_party/omnipay/vendor/google/apiclient-services/src/Compute/RegionListWarningData.php
OK	/htdocs/application/third_party/omnipay/vendor/google/apiclient-services/src/Compute/Reservation.php
OK	/htdocs/application/third_party/omnipay/vendor/google/apiclient-services/src/Compute/ResourceCommitment.php
OK	/htdocs/application/third_party/omnipay/vendor/google/apiclient-services/src/Compute/ResourcePolicyHourlyCycle.php
OK	/htdocs/application/third_party/omnipay/vendor/google/apiclient-services/src/Compute/ResourcePolicyWeeklyCycle.php
OK	/htdocs/application/third_party/omnipay/vendor/google/apiclient-services/src/Compute/RouterAdvertisedIpRange.php
OK	/htdocs/application/third_party/omnipay/vendor/google/apiclient-services/src/Compute/RouterMd5AuthenticationKey.php
OK	/htdocs/application/third_party/omnipay/vendor/google/apiclient-services/src/Compute/RoutersListRoutePoliciesWarningData.php
OK	/htdocs/application/third_party/omnipay/vendor/google/apiclient-services/src/Compute/Rule.php
OK	/htdocs/application/third_party/omnipay/vendor/google/apiclient-services/src/Compute/SecurityPoliciesScopedList.php
OK	/htdocs/application/third_party/omnipay/vendor/google/apiclient-services/src/Compute/SecurityPolicyList.php
OK	/htdocs/application/third_party/omnipay/vendor/google/apiclient-services/src/Compute/SecurityPolicyRuleNetworkMatcher.php
OK	/htdocs/application/third_party/omnipay/vendor/google/apiclient-services/src/Compute/ServerBinding.php
OK	/htdocs/application/third_party/omnipay/vendor/google/apiclient-services/src/Compute/ServiceAttachmentsScopedListWarning.php
OK	/htdocs/application/third_party/omnipay/vendor/google/apiclient-services/src/Compute/SnapshotList.php
OK	/htdocs/application/third_party/omnipay/vendor/google/apiclient-services/src/Compute/SslCertificateAggregatedListWarningData.php
OK	/htdocs/application/third_party/omnipay/vendor/google/apiclient-services/src/Compute/SslPoliciesAggregatedListWarningData.php
OK	/htdocs/application/third_party/omnipay/vendor/google/apiclient-services/src/Compute/StatefulPolicy.php
OK	/htdocs/application/third_party/omnipay/vendor/google/apiclient-services/src/Compute/StoragePoolListDisksWarning.php
OK	/htdocs/application/third_party/omnipay/vendor/google/apiclient-services/src/Compute/StoragePoolTypeList.php
OK	/htdocs/application/third_party/omnipay/vendor/google/apiclient-services/src/Compute/SubnetworkListWarningData.php
OK	/htdocs/application/third_party/omnipay/vendor/google/apiclient-services/src/Compute/TargetGrpcProxyListWarning.php
OK	/htdocs/application/third_party/omnipay/vendor/google/apiclient-services/src/Compute/TargetHttpsProxiesScopedListWarningData.php
OK	/htdocs/application/third_party/omnipay/vendor/google/apiclient-services/src/Compute/TargetInstanceAggregatedList.php
OK	/htdocs/application/third_party/omnipay/vendor/google/apiclient-services/src/Compute/TargetPoolAggregatedListWarningData.php
OK	/htdocs/application/third_party/omnipay/vendor/google/apiclient-services/src/Compute/TargetReference.php
OK	/htdocs/application/third_party/omnipay/vendor/google/apiclient-services/src/Compute/TargetTcpProxiesSetBackendServiceRequest.php
OK	/htdocs/application/third_party/omnipay/vendor/google/apiclient-services/src/Compute/TargetVpnGatewayAggregatedListWarningData.php
OK	/htdocs/application/third_party/omnipay/vendor/google/apiclient-services/src/Compute/UpcomingMaintenance.php
OK	/htdocs/application/third_party/omnipay/vendor/google/apiclient-services/src/Compute/UrlMapsValidateRequest.php
OK	/htdocs/application/third_party/omnipay/vendor/google/apiclient-services/src/Compute/VmEndpointNatMappings.php
OK	/htdocs/application/third_party/omnipay/vendor/google/apiclient-services/src/Compute/VpnGatewayListWarningData.php
OK	/htdocs/application/third_party/omnipay/vendor/google/apiclient-services/src/Compute/VpnTunnelAggregatedListWarning.php
OK	/htdocs/application/third_party/omnipay/vendor/google/apiclient-services/src/Compute/XpnHostListWarning.php
OK	/htdocs/application/third_party/omnipay/vendor/google/apiclient-services/src/Compute/Resource/BackendBuckets.php
OK	/htdocs/application/third_party/omnipay/vendor/google/apiclient-services/src/Compute/Resource/GlobalOperations.php
OK	/htdocs/application/third_party/omnipay/vendor/google/apiclient-services/src/Compute/Resource/InstanceSettings.php
OK	/htdocs/application/third_party/omnipay/vendor/google/apiclient-services/src/Compute/Resource/NetworkEdgeSecurityServices.php
OK	/htdocs/application/third_party/omnipay/vendor/google/apiclient-services/src/Compute/Resource/RegionAutoscalers.php
OK	/htdocs/application/third_party/omnipay/vendor/google/apiclient-services/src/Compute/Resource/RegionNetworkEndpointGroups.php
OK	/htdocs/application/third_party/omnipay/vendor/google/apiclient-services/src/Compute/Resource/RegionZones.php
OK	/htdocs/application/third_party/omnipay/vendor/google/apiclient-services/src/Compute/Resource/StoragePoolTypes.php
OK	/htdocs/application/third_party/omnipay/vendor/google/apiclient-services/src/Compute/Resource/VpnTunnels.php
OK	/htdocs/application/third_party/omnipay/vendor/google/apiclient-services/src/Config/DeploymentOperationMetadata.php
OK	/htdocs/application/third_party/omnipay/vendor/google/apiclient-services/src/Config/ListResourcesResponse.php
OK	/htdocs/application/third_party/omnipay/vendor/google/apiclient-services/src/Config/PreviewResult.php
OK	/htdocs/application/third_party/omnipay/vendor/google/apiclient-services/src/Config/TestIamPermissionsRequest.php
OK	/htdocs/application/third_party/omnipay/vendor/google/apiclient-services/src/Connectors/AclInfo.php
OK	/htdocs/application/third_party/omnipay/vendor/google/apiclient-services/src/Connectors/ConfigVariable.php
OK	/htdocs/application/third_party/omnipay/vendor/google/apiclient-services/src/Connectors/EgressControlConfig.php
OK	/htdocs/application/third_party/omnipay/vendor/google/apiclient-services/src/Connectors/ExtractionRule.php
OK	/htdocs/application/third_party/omnipay/vendor/google/apiclient-services/src/Connectors/ListEntitiesWithACLsResponse.php
OK	/htdocs/application/third_party/omnipay/vendor/google/apiclient-services/src/Connectors/MaintenanceWindow.php
OK	/htdocs/application/third_party/omnipay/vendor/google/apiclient-services/src/Connectors/Query.php
OK	/htdocs/application/third_party/omnipay/vendor/google/apiclient-services/src/Connectors/Secret.php
OK	/htdocs/application/third_party/omnipay/vendor/google/apiclient-services/src/Connectors/UpdatePolicy.php
OK	/htdocs/application/third_party/omnipay/vendor/google/apiclient-services/src/Connectors/Resource/ProjectsLocationsConnectorsGlobal.php
OK	/htdocs/application/third_party/omnipay/vendor/google/apiclient-services/src/Contactcenterinsights/GoogleCloudContactcenterinsightsV1alpha1AgentCoachingInstruction.php
OK	/htdocs/application/third_party/omnipay/vendor/google/apiclient-services/src/Contactcenterinsights/GoogleCloudContactcenterinsightsV1alpha1AnnotatorSelectorQaConfigScorecardList.php
OK	/htdocs/application/third_party/omnipay/vendor/google/apiclient-services/src/Contactcenterinsights/GoogleCloudContactcenterinsightsV1alpha1ConversationCallMetadata.php
OK	/htdocs/application/third_party/omnipay/vendor/google/apiclient-services/src/Contactcenterinsights/GoogleCloudContactcenterinsightsV1alpha1CreateAnalysisOperationMetadata.php
OK	/htdocs/application/third_party/omnipay/vendor/google/apiclient-services/src/Contactcenterinsights/GoogleCloudContactcenterinsightsV1alpha1DialogflowSource.php
OK	/htdocs/application/third_party/omnipay/vendor/google/apiclient-services/src/Contactcenterinsights/GoogleCloudContactcenterinsightsV1alpha1ExportInsightsDataResponse.php
OK	/htdocs/application/third_party/omnipay/vendor/google/apiclient-services/src/Contactcenterinsights/GoogleCloudContactcenterinsightsV1alpha1GetKnowledgeAssistResponseKnowledgeAnswer.php
OK	/htdocs/application/third_party/omnipay/vendor/google/apiclient-services/src/Contactcenterinsights/GoogleCloudContactcenterinsightsV1alpha1IngestConversationsMetadataIngestConversationsStats.php
OK	/htdocs/application/third_party/omnipay/vendor/google/apiclient-services/src/Contactcenterinsights/GoogleCloudContactcenterinsightsV1alpha1Issue.php
OK	/htdocs/application/third_party/omnipay/vendor/google/apiclient-services/src/Contactcenterinsights/GoogleCloudContactcenterinsightsV1alpha1QaAnswerAnswerSource.php
OK	/htdocs/application/third_party/omnipay/vendor/google/apiclient-services/src/Contactcenterinsights/GoogleCloudContactcenterinsightsV1alpha1RedactionConfig.php
OK	/htdocs/application/third_party/omnipay/vendor/google/apiclient-services/src/Contactcenterinsights/GoogleCloudContactcenterinsightsV1alpha1UndeployIssueModelMetadata.php
OK	/htdocs/application/third_party/omnipay/vendor/google/apiclient-services/src/Contactcenterinsights/GoogleCloudContactcenterinsightsV1AnnotatorSelectorQaConfigScorecardList.php
OK	/htdocs/application/third_party/omnipay/vendor/google/apiclient-services/src/Contactcenterinsights/GoogleCloudContactcenterinsightsV1BulkDownloadFeedbackLabelsRequest.php
OK	/htdocs/application/third_party/omnipay/vendor/google/apiclient-services/src/Contactcenterinsights/GoogleCloudContactcenterinsightsV1ConversationDataSource.php
OK	/htdocs/application/third_party/omnipay/vendor/google/apiclient-services/src/Contactcenterinsights/GoogleCloudContactcenterinsightsV1CreateIssueMetadata.php
OK	/htdocs/application/third_party/omnipay/vendor/google/apiclient-services/src/Contactcenterinsights/GoogleCloudContactcenterinsightsV1DialogflowSource.php
OK	/htdocs/application/third_party/omnipay/vendor/google/apiclient-services/src/Contactcenterinsights/GoogleCloudContactcenterinsightsV1ExportInsightsDataRequestBigQueryDestination.php
OK	/htdocs/application/third_party/omnipay/vendor/google/apiclient-services/src/Contactcenterinsights/GoogleCloudContactcenterinsightsV1GetKnowledgeAssistResponse.php
OK	/htdocs/application/third_party/omnipay/vendor/google/apiclient-services/src/Contactcenterinsights/GoogleCloudContactcenterinsightsV1IngestConversationsMetadata.php
OK	/htdocs/application/third_party/omnipay/vendor/google/apiclient-services/src/Contactcenterinsights/GoogleCloudContactcenterinsightsV1InterruptionData.php
OK	/htdocs/application/third_party/omnipay/vendor/google/apiclient-services/src/Contactcenterinsights/GoogleCloudContactcenterinsightsV1ListConversationsResponse.php
OK	/htdocs/application/third_party/omnipay/vendor/google/apiclient-services/src/Contactcenterinsights/GoogleCloudContactcenterinsightsV1PhraseMatchRule.php
OK	/htdocs/application/third_party/omnipay/vendor/google/apiclient-services/src/Contactcenterinsights/GoogleCloudContactcenterinsightsV1QaScorecardResult.php
OK	/htdocs/application/third_party/omnipay/vendor/google/apiclient-services/src/Contactcenterinsights/GoogleCloudContactcenterinsightsV1RedactionConfig.php
OK	/htdocs/application/third_party/omnipay/vendor/google/apiclient-services/src/Contactcenterinsights/GoogleCloudContactcenterinsightsV1SummarySuggestion.php
OK	/htdocs/application/third_party/omnipay/vendor/google/apiclient-services/src/Contactcenterinsights/GoogleIamV1Binding.php
OK	/htdocs/application/third_party/omnipay/vendor/google/apiclient-services/src/Contactcenterinsights/Resource/ProjectsLocations.php
OK	/htdocs/application/third_party/omnipay/vendor/google/apiclient-services/src/Contactcenterinsights/Resource/ProjectsLocationsConversations.php
OK	/htdocs/application/third_party/omnipay/vendor/google/apiclient-services/src/Contactcenterinsights/Resource/ProjectsLocationsQaScorecardsRevisionsQaQuestions.php
OK	/htdocs/application/third_party/omnipay/vendor/google/apiclient-services/src/Container/AutopilotConfig.php
OK	/htdocs/application/third_party/omnipay/vendor/google/apiclient-services/src/Container/ClientCertificateConfig.php
OK	/htdocs/application/third_party/omnipay/vendor/google/apiclient-services/src/Container/ConsumptionMeteringConfig.php
OK	/htdocs/application/third_party/omnipay/vendor/google/apiclient-services/src/Container/DNSConfig.php
OK	/htdocs/application/third_party/omnipay/vendor/google/apiclient-services/src/Container/GcsFuseCsiDriverConfig.php
OK	/htdocs/application/third_party/omnipay/vendor/google/apiclient-services/src/Container/IntraNodeVisibilityConfig.php
OK	/htdocs/application/third_party/omnipay/vendor/google/apiclient-services/src/Container/LocalNvmeSsdBlockConfig.php
OK	/htdocs/application/third_party/omnipay/vendor/google/apiclient-services/src/Container/Metric.php
OK	/htdocs/application/third_party/omnipay/vendor/google/apiclient-services/src/Container/NodeLabels.php
OK	/htdocs/application/third_party/omnipay/vendor/google/apiclient-services/src/Container/OperationError.php
OK	/htdocs/application/third_party/omnipay/vendor/google/apiclient-services/src/Container/RayClusterLoggingConfig.php
OK	/htdocs/application/third_party/omnipay/vendor/google/apiclient-services/src/Container/RollbackNodePoolUpgradeRequest.php
OK	/htdocs/application/third_party/omnipay/vendor/google/apiclient-services/src/Container/SetLocationsRequest.php
OK	/htdocs/application/third_party/omnipay/vendor/google/apiclient-services/src/Container/StandardRolloutPolicy.php
OK	/htdocs/application/third_party/omnipay/vendor/google/apiclient-services/src/Container/UpgradeInfoEvent.php
OK	/htdocs/application/third_party/omnipay/vendor/google/apiclient-services/src/Container/Resource/ProjectsAggregated.php
OK	/htdocs/application/third_party/omnipay/vendor/google/apiclient-services/src/ContainerAnalysis/AnalysisCompleted.php
OK	/htdocs/application/third_party/omnipay/vendor/google/apiclient-services/src/ContainerAnalysis/BatchCreateOccurrencesRequest.php
OK	/htdocs/application/third_party/omnipay/vendor/google/apiclient-services/src/ContainerAnalysis/ByProducts.php
OK	/htdocs/application/third_party/omnipay/vendor/google/apiclient-services/src/ContainerAnalysis/ContaineranalysisGoogleDevtoolsCloudbuildV1ApprovalConfig.php
OK	/htdocs/application/third_party/omnipay/vendor/google/apiclient-services/src/ContainerAnalysis/ContaineranalysisGoogleDevtoolsCloudbuildV1BuildOptionsPoolOption.php
OK	/htdocs/application/third_party/omnipay/vendor/google/apiclient-services/src/ContainerAnalysis/ContaineranalysisGoogleDevtoolsCloudbuildV1GitConfig.php
OK	/htdocs/application/third_party/omnipay/vendor/google/apiclient-services/src/ContainerAnalysis/ContaineranalysisGoogleDevtoolsCloudbuildV1StorageSource.php
OK	/htdocs/application/third_party/omnipay/vendor/google/apiclient-services/src/ContainerAnalysis/Deployment.php
OK	/htdocs/application/third_party/omnipay/vendor/google/apiclient-services/src/ContainerAnalysis/DocumentNote.php
OK	/htdocs/application/third_party/omnipay/vendor/google/apiclient-services/src/ContainerAnalysis/FileHashes.php
OK	/htdocs/application/third_party/omnipay/vendor/google/apiclient-services/src/ContainerAnalysis/GrafeasV1beta1BuildDetails.php
OK	/htdocs/application/third_party/omnipay/vendor/google/apiclient-services/src/ContainerAnalysis/GrafeasV1SlsaProvenanceZeroTwoSlsaConfigSource.php
OK	/htdocs/application/third_party/omnipay/vendor/google/apiclient-services/src/ContainerAnalysis/InTotoSlsaProvenanceV1.php
OK	/htdocs/application/third_party/omnipay/vendor/google/apiclient-services/src/ContainerAnalysis/ListOperationsResponse.php
OK	/htdocs/application/third_party/omnipay/vendor/google/apiclient-services/src/ContainerAnalysis/PackageOccurrence.php
OK	/htdocs/application/third_party/omnipay/vendor/google/apiclient-services/src/ContainerAnalysis/Remediation.php
OK	/htdocs/application/third_party/omnipay/vendor/google/apiclient-services/src/ContainerAnalysis/SigningKey.php
OK	/htdocs/application/third_party/omnipay/vendor/google/apiclient-services/src/ContainerAnalysis/TestIamPermissionsRequest.php
OK	/htdocs/application/third_party/omnipay/vendor/google/apiclient-services/src/ContainerAnalysis/VulnerabilityLocation.php
OK	/htdocs/application/third_party/omnipay/vendor/google/apiclient-services/src/ContainerAnalysis/Resource/ProjectsLocationsResources.php
OK	/htdocs/application/third_party/omnipay/vendor/google/apiclient-services/src/Contentwarehouse/CloudAiPlatformTenantresourceTenantProjectConfig.php
OK	/htdocs/application/third_party/omnipay/vendor/google/apiclient-services/src/Contentwarehouse/GoogleCloudContentwarehouseV1beta1InitializeProjectResponse.php
OK	/htdocs/application/third_party/omnipay/vendor/google/apiclient-services/src/Contentwarehouse/GoogleCloudContentwarehouseV1DeleteDocumentAction.php
OK	/htdocs/application/third_party/omnipay/vendor/google/apiclient-services/src/Contentwarehouse/GoogleCloudContentwarehouseV1FetchAclRequest.php
OK	/htdocs/application/third_party/omnipay/vendor/google/apiclient-services/src/Contentwarehouse/GoogleCloudContentwarehouseV1InitializeProjectRequest.php
OK	/htdocs/application/third_party/omnipay/vendor/google/apiclient-services/src/Contentwarehouse/GoogleCloudContentwarehouseV1LockDocumentRequest.php
OK	/htdocs/application/third_party/omnipay/vendor/google/apiclient-services/src/Contentwarehouse/GoogleCloudContentwarehouseV1PropertyTypeOptions.php
OK	/htdocs/application/third_party/omnipay/vendor/google/apiclient-services/src/Contentwarehouse/GoogleCloudContentwarehouseV1RunPipelineMetadata.php
OK	/htdocs/application/third_party/omnipay/vendor/google/apiclient-services/src/Contentwarehouse/GoogleCloudContentwarehouseV1SynonymSetSynonym.php
OK	/htdocs/application/third_party/omnipay/vendor/google/apiclient-services/src/Contentwarehouse/GoogleCloudContentwarehouseV1UpdateRuleSetRequest.php
OK	/htdocs/application/third_party/omnipay/vendor/google/apiclient-services/src/Contentwarehouse/GoogleCloudDocumentaiV1DocumentDocumentLayout.php
OK	/htdocs/application/third_party/omnipay/vendor/google/apiclient-services/src/Contentwarehouse/GoogleCloudDocumentaiV1DocumentPage.php
OK	/htdocs/application/third_party/omnipay/vendor/google/apiclient-services/src/Contentwarehouse/GoogleCloudDocumentaiV1DocumentPageLine.php
OK	/htdocs/application/third_party/omnipay/vendor/google/apiclient-services/src/Contentwarehouse/GoogleCloudDocumentaiV1DocumentProvenanceParent.php
OK	/htdocs/application/third_party/omnipay/vendor/google/apiclient-services/src/Contentwarehouse/GoogleIamV1AuditLogConfig.php
OK	/htdocs/application/third_party/omnipay/vendor/google/apiclient-services/src/Contentwarehouse/GoogleTypePostalAddress.php
OK	/htdocs/application/third_party/omnipay/vendor/google/apiclient-services/src/Css/AccountLabel.php
OK	/htdocs/application/third_party/omnipay/vendor/google/apiclient-services/src/Css/ListAccountLabelsResponse.php
OK	/htdocs/application/third_party/omnipay/vendor/google/apiclient-services/src/CustomSearchAPI/Promotion.php
OK	/htdocs/application/third_party/omnipay/vendor/google/apiclient-services/src/CustomSearchAPI/SearchSpelling.php
OK	/htdocs/application/third_party/omnipay/vendor/google/apiclient-services/src/DatabaseMigrationService/AuthorizedNetwork.php
OK	/htdocs/application/third_party/omnipay/vendor/google/apiclient-services/src/DatabaseMigrationService/ConversionWorkspace.php
OK	/htdocs/application/third_party/omnipay/vendor/google/apiclient-services/src/DatabaseMigrationService/DescribeConversionWorkspaceRevisionsResponse.php
OK	/htdocs/application/third_party/omnipay/vendor/google/apiclient-services/src/DatabaseMigrationService/FetchStaticIpsResponse.php
OK	/htdocs/application/third_party/omnipay/vendor/google/apiclient-services/src/DatabaseMigrationService/ListConnectionProfilesResponse.php
OK	/htdocs/application/third_party/omnipay/vendor/google/apiclient-services/src/DatabaseMigrationService/MachineConfig.php
OK	/htdocs/application/third_party/omnipay/vendor/google/apiclient-services/src/DatabaseMigrationService/OracleAsmConfig.php
OK	/htdocs/application/third_party/omnipay/vendor/google/apiclient-services/src/DatabaseMigrationService/PrivateConnection.php
OK	/htdocs/application/third_party/omnipay/vendor/google/apiclient-services/src/DatabaseMigrationService/SeedConversionWorkspaceRequest.php
OK	/htdocs/application/third_party/omnipay/vendor/google/apiclient-services/src/DatabaseMigrationService/SourceSqlChange.php
OK	/htdocs/application/third_party/omnipay/vendor/google/apiclient-services/src/DatabaseMigrationService/StaticIpConnectivity.php
OK	/htdocs/application/third_party/omnipay/vendor/google/apiclient-services/src/DatabaseMigrationService/UserPassword.php
OK	/htdocs/application/third_party/omnipay/vendor/google/apiclient-services/src/DatabaseMigrationService/Resource/ProjectsLocationsConversionWorkspaces.php
OK	/htdocs/application/third_party/omnipay/vendor/google/apiclient-services/src/DataCatalog/GoogleCloudDatacatalogV1beta1BigQueryTableSpec.php
OK	/htdocs/application/third_party/omnipay/vendor/google/apiclient-services/src/DataCatalog/GoogleCloudDatacatalogV1beta1InlineSource.php
OK	/htdocs/application/third_party/omnipay/vendor/google/apiclient-services/src/DataCatalog/GoogleCloudDatacatalogV1beta1SearchCatalogResponse.php
OK	/htdocs/application/third_party/omnipay/vendor/google/apiclient-services/src/DataCatalog/GoogleCloudDatacatalogV1beta1UsageSignal.php
OK	/htdocs/application/third_party/omnipay/vendor/google/apiclient-services/src/DataCatalog/GoogleCloudDatacatalogV1ColumnSchema.php
OK	/htdocs/application/third_party/omnipay/vendor/google/apiclient-services/src/DataCatalog/GoogleCloudDatacatalogV1DataplexTableSpec.php
OK	/htdocs/application/third_party/omnipay/vendor/google/apiclient-services/src/DataCatalog/GoogleCloudDatacatalogV1FieldTypeEnumTypeEnumValue.php
OK	/htdocs/application/third_party/omnipay/vendor/google/apiclient-services/src/DataCatalog/GoogleCloudDatacatalogV1ListPolicyTagsResponse.php
OK	/htdocs/application/third_party/omnipay/vendor/google/apiclient-services/src/DataCatalog/GoogleCloudDatacatalogV1PhysicalSchemaCsvSchema.php
OK	/htdocs/application/third_party/omnipay/vendor/google/apiclient-services/src/DataCatalog/GoogleCloudDatacatalogV1RoutineSpec.php
OK	/htdocs/application/third_party/omnipay/vendor/google/apiclient-services/src/DataCatalog/GoogleCloudDatacatalogV1StarEntryRequest.php
OK	/htdocs/application/third_party/omnipay/vendor/google/apiclient-services/src/DataCatalog/GoogleCloudDatacatalogV1TaxonomyService.php
OK	/htdocs/application/third_party/omnipay/vendor/google/apiclient-services/src/DataCatalog/SetIamPolicyRequest.php
OK	/htdocs/application/third_party/omnipay/vendor/google/apiclient-services/src/DataCatalog/Resource/ProjectsLocationsEntryGroupsEntriesTags.php
OK	/htdocs/application/third_party/omnipay/vendor/google/apiclient-services/src/Dataflow/AutoscalingSettings.php
OK	/htdocs/application/third_party/omnipay/vendor/google/apiclient-services/src/Dataflow/CounterMetadata.php
OK	/htdocs/application/third_party/omnipay/vendor/google/apiclient-services/src/Dataflow/DatastoreIODetails.php
OK	/htdocs/application/third_party/omnipay/vendor/google/apiclient-services/src/Dataflow/FileIODetails.php
OK	/htdocs/application/third_party/omnipay/vendor/google/apiclient-services/src/Dataflow/HotKeyDetection.php
OK	/htdocs/application/third_party/omnipay/vendor/google/apiclient-services/src/Dataflow/JobMetadata.php
OK	/htdocs/application/third_party/omnipay/vendor/google/apiclient-services/src/Dataflow/ListJobMessagesResponse.php
OK	/htdocs/application/third_party/omnipay/vendor/google/apiclient-services/src/Dataflow/OutlierStats.php
OK	/htdocs/application/third_party/omnipay/vendor/google/apiclient-services/src/Dataflow/Position.php
OK	/htdocs/application/third_party/omnipay/vendor/google/apiclient-services/src/Dataflow/RuntimeEnvironment.php
OK	/htdocs/application/third_party/omnipay/vendor/google/apiclient-services/src/Dataflow/SeqMapTaskOutputInfo.php
OK	/htdocs/application/third_party/omnipay/vendor/google/apiclient-services/src/Dataflow/SourceOperationRequest.php
OK	/htdocs/application/third_party/omnipay/vendor/google/apiclient-services/src/Dataflow/Status.php
OK	/htdocs/application/third_party/omnipay/vendor/google/apiclient-services/src/Dataflow/StreamingScalingReport.php
OK	/htdocs/application/third_party/omnipay/vendor/google/apiclient-services/src/Dataflow/TransformSummary.php
OK	/htdocs/application/third_party/omnipay/vendor/google/apiclient-services/src/Dataflow/WorkerShutdownNoticeResponse.php
OK	/htdocs/application/third_party/omnipay/vendor/google/apiclient-services/src/Dataflow/Resource/ProjectsJobsWorkItems.php
OK	/htdocs/application/third_party/omnipay/vendor/google/apiclient-services/src/Dataflow/Resource/ProjectsSnapshots.php
OK	/htdocs/application/third_party/omnipay/vendor/google/apiclient-services/src/Dataform/CommitRepositoryChangesResponse.php
OK	/htdocs/application/third_party/omnipay/vendor/google/apiclient-services/src/Dataform/DirectoryEntry.php
OK	/htdocs/application/third_party/omnipay/vendor/google/apiclient-services/src/Dataform/InstallNpmPackagesRequest.php
OK	/htdocs/application/third_party/omnipay/vendor/google/apiclient-services/src/Dataform/MakeDirectoryRequest.php
OK	/htdocs/application/third_party/omnipay/vendor/google/apiclient-services/src/Dataform/PullGitCommitsRequest.php
OK	/htdocs/application/third_party/omnipay/vendor/google/apiclient-services/src/Dataform/RemoveFileRequest.php
OK	/htdocs/application/third_party/omnipay/vendor/google/apiclient-services/src/Dataform/TestIamPermissionsResponse.php
OK	/htdocs/application/third_party/omnipay/vendor/google/apiclient-services/src/Dataform/Resource/ProjectsLocationsCollections.php
OK	/htdocs/application/third_party/omnipay/vendor/google/apiclient-services/src/DataFusion/AuditLogConfig.php
OK	/htdocs/application/third_party/omnipay/vendor/google/apiclient-services/src/DataFusion/Expr.php
OK	/htdocs/application/third_party/omnipay/vendor/google/apiclient-services/src/DataFusion/MaintenanceEvent.php
OK	/htdocs/application/third_party/omnipay/vendor/google/apiclient-services/src/DataFusion/RestartInstanceRequest.php
OK	/htdocs/application/third_party/omnipay/vendor/google/apiclient-services/src/DataFusion/Resource/ProjectsLocations.php
OK	/htdocs/application/third_party/omnipay/vendor/google/apiclient-services/src/DataLabeling/GoogleCloudDatalabelingV1alpha1ImportDataOperationResponse.php
OK	/htdocs/application/third_party/omnipay/vendor/google/apiclient-services/src/DataLabeling/GoogleCloudDatalabelingV1alpha1LabelVideoEventOperationMetadata.php
OK	/htdocs/application/third_party/omnipay/vendor/google/apiclient-services/src/DataLabeling/GoogleCloudDatalabelingV1beta1Attempt.php
OK	/htdocs/application/third_party/omnipay/vendor/google/apiclient-services/src/DataLabeling/GoogleCloudDatalabelingV1beta1CreateEvaluationJobRequest.php
OK	/htdocs/application/third_party/omnipay/vendor/google/apiclient-services/src/DataLabeling/GoogleCloudDatalabelingV1beta1EventConfig.php
OK	/htdocs/application/third_party/omnipay/vendor/google/apiclient-services/src/DataLabeling/GoogleCloudDatalabelingV1beta1HumanAnnotationConfig.php
OK	/htdocs/application/third_party/omnipay/vendor/google/apiclient-services/src/DataLabeling/GoogleCloudDatalabelingV1beta1LabelImageBoundingBoxOperationMetadata.php
OK	/htdocs/application/third_party/omnipay/vendor/google/apiclient-services/src/DataLabeling/GoogleCloudDatalabelingV1beta1LabelVideoClassificationOperationMetadata.php
OK	/htdocs/application/third_party/omnipay/vendor/google/apiclient-services/src/DataLabeling/GoogleCloudDatalabelingV1beta1ListFeedbackThreadsResponse.php
OK	/htdocs/application/third_party/omnipay/vendor/google/apiclient-services/src/DataLabeling/GoogleCloudDatalabelingV1beta1PauseEvaluationJobRequest.php
OK	/htdocs/application/third_party/omnipay/vendor/google/apiclient-services/src/DataLabeling/GoogleCloudDatalabelingV1beta1SentimentConfig.php
OK	/htdocs/application/third_party/omnipay/vendor/google/apiclient-services/src/DataLabeling/GoogleCloudDatalabelingV1beta1VideoEventAnnotation.php
OK	/htdocs/application/third_party/omnipay/vendor/google/apiclient-services/src/DataLabeling/GoogleCloudDatalabelingV1p1alpha1ImportDataOperationResponse.php
OK	/htdocs/application/third_party/omnipay/vendor/google/apiclient-services/src/DataLabeling/GoogleCloudDatalabelingV1p1alpha1LabelVideoEventOperationMetadata.php
OK	/htdocs/application/third_party/omnipay/vendor/google/apiclient-services/src/DataLabeling/GoogleCloudDatalabelingV1p2alpha1LabelImageBoundingBoxOperationMetadata.php
OK	/htdocs/application/third_party/omnipay/vendor/google/apiclient-services/src/DataLabeling/GoogleCloudDatalabelingV1p2alpha1LabelVideoObjectDetectionOperationMetadata.php
OK	/htdocs/application/third_party/omnipay/vendor/google/apiclient-services/src/DataLabeling/Resource/ProjectsDatasetsAnnotatedDatasetsExamples.php
OK	/htdocs/application/third_party/omnipay/vendor/google/apiclient-services/src/DataLabeling/Resource/ProjectsOperations.php
OK	/htdocs/application/third_party/omnipay/vendor/google/apiclient-services/src/Datalineage/GoogleCloudDatacatalogLineageV1Process.php
OK	/htdocs/application/third_party/omnipay/vendor/google/apiclient-services/src/Datalineage/Resource/Projects.php
OK	/htdocs/application/third_party/omnipay/vendor/google/apiclient-services/src/Datapipelines/GoogleCloudDatapipelinesV1EnumerationValue.php
OK	/htdocs/application/third_party/omnipay/vendor/google/apiclient-services/src/Datapipelines/GoogleCloudDatapipelinesV1ListJobsResponse.php
OK	/htdocs/application/third_party/omnipay/vendor/google/apiclient-services/src/Datapipelines/GoogleCloudDatapipelinesV1RunPipelineResponse.php
OK	/htdocs/application/third_party/omnipay/vendor/google/apiclient-services/src/Datapipelines/GoogleTypeDecimal.php
OK	/htdocs/application/third_party/omnipay/vendor/google/apiclient-services/src/DataPortability/PortabilityArchiveState.php
OK	/htdocs/application/third_party/omnipay/vendor/google/apiclient-services/src/Dataproc/AccessSessionSparkApplicationSqlSparkPlanGraphResponse.php
OK	/htdocs/application/third_party/omnipay/vendor/google/apiclient-services/src/Dataproc/AnalyzeOperationMetadata.php
OK	/htdocs/application/third_party/omnipay/vendor/google/apiclient-services/src/Dataproc/BasicYarnAutoscalingConfig.php
OK	/htdocs/application/third_party/omnipay/vendor/google/apiclient-services/src/Dataproc/ClusterSelector.php
OK	/htdocs/application/third_party/omnipay/vendor/google/apiclient-services/src/Dataproc/EndpointConfig.php
OK	/htdocs/application/third_party/omnipay/vendor/google/apiclient-services/src/Dataproc/GceClusterConfig.php
OK	/htdocs/application/third_party/omnipay/vendor/google/apiclient-services/src/Dataproc/HiveJob.php
OK	/htdocs/application/third_party/omnipay/vendor/google/apiclient-services/src/Dataproc/InstanceSelectionResult.php
OK	/htdocs/application/third_party/omnipay/vendor/google/apiclient-services/src/Dataproc/KerberosConfig.php
OK	/htdocs/application/third_party/omnipay/vendor/google/apiclient-services/src/Dataproc/LoggingConfig.php
OK	/htdocs/application/third_party/omnipay/vendor/google/apiclient-services/src/Dataproc/NodeInitializationAction.php
OK	/htdocs/application/third_party/omnipay/vendor/google/apiclient-services/src/Dataproc/ProcessSummary.php
OK	/htdocs/application/third_party/omnipay/vendor/google/apiclient-services/src/Dataproc/RddPartitionInfo.php
OK	/htdocs/application/third_party/omnipay/vendor/google/apiclient-services/src/Dataproc/SearchSessionSparkApplicationExecutorsResponse.php
OK	/htdocs/application/third_party/omnipay/vendor/google/apiclient-services/src/Dataproc/SearchSparkApplicationsResponse.php
OK	/htdocs/application/third_party/omnipay/vendor/google/apiclient-services/src/Dataproc/ShufflePushReadQuantileMetrics.php
OK	/htdocs/application/third_party/omnipay/vendor/google/apiclient-services/src/Dataproc/SparkJob.php
OK	/htdocs/application/third_party/omnipay/vendor/google/apiclient-services/src/Dataproc/SparkWrapperObject.php
OK	/htdocs/application/third_party/omnipay/vendor/google/apiclient-services/src/Dataproc/StagesSummary.php
OK	/htdocs/application/third_party/omnipay/vendor/google/apiclient-services/src/Dataproc/SummarizeSessionSparkApplicationJobsResponse.php
OK	/htdocs/application/third_party/omnipay/vendor/google/apiclient-services/src/Dataproc/TerminateSessionRequest.php
OK	/htdocs/application/third_party/omnipay/vendor/google/apiclient-services/src/Dataproc/WorkflowTemplatePlacement.php
OK	/htdocs/application/third_party/omnipay/vendor/google/apiclient-services/src/Dataproc/Resource/ProjectsLocationsSessions.php
OK	/htdocs/application/third_party/omnipay/vendor/google/apiclient-services/src/DataprocMetastore/AlterMetadataResourceLocationResponse.php
OK	/htdocs/application/third_party/omnipay/vendor/google/apiclient-services/src/DataprocMetastore/CloudSQLConnectionConfig.php
OK	/htdocs/application/third_party/omnipay/vendor/google/apiclient-services/src/DataprocMetastore/Federation.php
OK	/htdocs/application/third_party/omnipay/vendor/google/apiclient-services/src/DataprocMetastore/GoogleCloudMetastoreV1AlterMetadataResourceLocationResponse.php
OK	/htdocs/application/third_party/omnipay/vendor/google/apiclient-services/src/DataprocMetastore/GoogleCloudMetastoreV1CustomRegionMetadata.php
OK	/htdocs/application/third_party/omnipay/vendor/google/apiclient-services/src/DataprocMetastore/GoogleCloudMetastoreV2DatabaseDump.php
OK	/htdocs/application/third_party/omnipay/vendor/google/apiclient-services/src/DataprocMetastore/GoogleCloudMetastoreV2QueryMetadataRequest.php
OK	/htdocs/application/third_party/omnipay/vendor/google/apiclient-services/src/DataprocMetastore/LimitConfig.php
OK	/htdocs/application/third_party/omnipay/vendor/google/apiclient-services/src/DataprocMetastore/MetadataImport.php
OK	/htdocs/application/third_party/omnipay/vendor/google/apiclient-services/src/DataprocMetastore/QueryMetadataRequest.php
OK	/htdocs/application/third_party/omnipay/vendor/google/apiclient-services/src/DataprocMetastore/Status.php
OK	/htdocs/application/third_party/omnipay/vendor/google/apiclient-services/src/DataprocMetastore/Resource/ProjectsLocationsServicesDatabasesTables.php
OK	/htdocs/application/third_party/omnipay/vendor/google/apiclient-services/src/Datastore/BeginTransactionResponse.php
OK	/htdocs/application/third_party/omnipay/vendor/google/apiclient-services/src/Datastore/Filter.php
OK	/htdocs/application/third_party/omnipay/vendor/google/apiclient-services/src/Datastore/GoogleDatastoreAdminV1ExportEntitiesRequest.php
OK	/htdocs/application/third_party/omnipay/vendor/google/apiclient-services/src/Datastore/GoogleDatastoreAdminV1RedirectWritesStepDetails.php
OK	/htdocs/application/third_party/omnipay/vendor/google/apiclient-services/src/Datastore/PartitionId.php
OK	/htdocs/application/third_party/omnipay/vendor/google/apiclient-services/src/Datastore/ReadOptions.php
OK	/htdocs/application/third_party/omnipay/vendor/google/apiclient-services/src/Datastore/Sum.php
OK	/htdocs/application/third_party/omnipay/vendor/google/apiclient-services/src/Datastream/BigQueryProfile.php
OK	/htdocs/application/third_party/omnipay/vendor/google/apiclient-services/src/Datastream/DropLargeObjects.php
OK	/htdocs/application/third_party/omnipay/vendor/google/apiclient-services/src/Datastream/ListOperationsResponse.php
OK	/htdocs/application/third_party/omnipay/vendor/google/apiclient-services/src/Datastream/MysqlDatabase.php
OK	/htdocs/application/third_party/omnipay/vendor/google/apiclient-services/src/Datastream/Operation.php
OK	/htdocs/application/third_party/omnipay/vendor/google/apiclient-services/src/Datastream/OracleSslConfig.php
OK	/htdocs/application/third_party/omnipay/vendor/google/apiclient-services/src/Datastream/Route.php
OK	/htdocs/application/third_party/omnipay/vendor/google/apiclient-services/src/Datastream/SourceHierarchyDatasets.php
OK	/htdocs/application/third_party/omnipay/vendor/google/apiclient-services/src/Datastream/SqlServerTransactionLogs.php
OK	/htdocs/application/third_party/omnipay/vendor/google/apiclient-services/src/Datastream/ValidationMessage.php
OK	/htdocs/application/third_party/omnipay/vendor/google/apiclient-services/src/DataTransfer/ApplicationDataTransfer.php
OK	/htdocs/application/third_party/omnipay/vendor/google/apiclient-services/src/DeploymentManager/DebugInfo.php
OK	/htdocs/application/third_party/omnipay/vendor/google/apiclient-services/src/DeploymentManager/Expr.php
OK	/htdocs/application/third_party/omnipay/vendor/google/apiclient-services/src/DeploymentManager/OperationErrorErrorsErrorDetails.php
OK	/htdocs/application/third_party/omnipay/vendor/google/apiclient-services/src/DeploymentManager/ResourceUpdateWarnings.php
OK	/htdocs/application/third_party/omnipay/vendor/google/apiclient-services/src/DeploymentManager/Resource/Operations.php
OK	/htdocs/application/third_party/omnipay/vendor/google/apiclient-services/src/DeveloperConnect/FetchReadTokenRequest.php
OK	/htdocs/application/third_party/omnipay/vendor/google/apiclient-services/src/DeveloperConnect/InstallationState.php
OK	/htdocs/application/third_party/omnipay/vendor/google/apiclient-services/src/DeveloperConnect/ProcessGitHubEnterpriseWebhookRequest.php
OK	/htdocs/application/third_party/omnipay/vendor/google/apiclient-services/src/Dfareporting/AccountActiveAdSummary.php
OK	/htdocs/application/third_party/omnipay/vendor/google/apiclient-services/src/Dfareporting/AdSlot.php
OK	/htdocs/application/third_party/omnipay/vendor/google/apiclient-services/src/Dfareporting/BillingProfilesListResponse.php
OK	/htdocs/application/third_party/omnipay/vendor/google/apiclient-services/src/Dfareporting/CartDataItem.php
OK	/htdocs/application/third_party/omnipay/vendor/google/apiclient-services/src/Dfareporting/CompatibleFields.php
OK	/htdocs/application/third_party/omnipay/vendor/google/apiclient-services/src/Dfareporting/CountriesListResponse.php
OK	/htdocs/application/third_party/omnipay/vendor/google/apiclient-services/src/Dfareporting/CreativeFieldsListResponse.php
OK	/htdocs/application/third_party/omnipay/vendor/google/apiclient-services/src/Dfareporting/CustomRichMediaEvents.php
OK	/htdocs/application/third_party/omnipay/vendor/google/apiclient-services/src/Dfareporting/DimensionFilter.php
OK	/htdocs/application/third_party/omnipay/vendor/google/apiclient-services/src/Dfareporting/EventTag.php
OK	/htdocs/application/third_party/omnipay/vendor/google/apiclient-services/src/Dfareporting/FloodlightConfiguration.php
OK	/htdocs/application/third_party/omnipay/vendor/google/apiclient-services/src/Dfareporting/LanguagesListResponse.php
OK	/htdocs/application/third_party/omnipay/vendor/google/apiclient-services/src/Dfareporting/Metro.php
OK	/htdocs/application/third_party/omnipay/vendor/google/apiclient-services/src/Dfareporting/OperatingSystemsListResponse.php
OK	/htdocs/application/third_party/omnipay/vendor/google/apiclient-services/src/Dfareporting/PathToConversionReportCompatibleFields.php
OK	/htdocs/application/third_party/omnipay/vendor/google/apiclient-services/src/Dfareporting/PlatformType.php
OK	/htdocs/application/third_party/omnipay/vendor/google/apiclient-services/src/Dfareporting/Region.php
OK	/htdocs/application/third_party/omnipay/vendor/google/apiclient-services/src/Dfareporting/ReportFloodlightCriteriaReportProperties.php
OK	/htdocs/application/third_party/omnipay/vendor/google/apiclient-services/src/Dfareporting/SiteCompanionSetting.php
OK	/htdocs/application/third_party/omnipay/vendor/google/apiclient-services/src/Dfareporting/SubaccountsListResponse.php
OK	/htdocs/application/third_party/omnipay/vendor/google/apiclient-services/src/Dfareporting/TranscodeSetting.php
OK	/htdocs/application/third_party/omnipay/vendor/google/apiclient-services/src/Dfareporting/UserRolePermissionGroup.php
OK	/htdocs/application/third_party/omnipay/vendor/google/apiclient-services/src/Dfareporting/Resource/Accounts.php
OK	/htdocs/application/third_party/omnipay/vendor/google/apiclient-services/src/Dfareporting/Resource/Campaigns.php
OK	/htdocs/application/third_party/omnipay/vendor/google/apiclient-services/src/Dfareporting/Resource/DimensionValues.php
OK	/htdocs/application/third_party/omnipay/vendor/google/apiclient-services/src/Dfareporting/Resource/MobileCarriers.php
OK	/htdocs/application/third_party/omnipay/vendor/google/apiclient-services/src/Dfareporting/Resource/RemarketingLists.php
OK	/htdocs/application/third_party/omnipay/vendor/google/apiclient-services/src/Dfareporting/Resource/UserProfiles.php
OK	/htdocs/application/third_party/omnipay/vendor/google/apiclient-services/src/Dialogflow/GoogleCloudDialogflowCxV3AgentGenAppBuilderSettings.php
OK	/htdocs/application/third_party/omnipay/vendor/google/apiclient-services/src/Dialogflow/GoogleCloudDialogflowCxV3BatchRunTestCasesResponse.php
OK	/htdocs/application/third_party/omnipay/vendor/google/apiclient-services/src/Dialogflow/GoogleCloudDialogflowCxV3beta1ConversationTurnUserInput.php
OK	/htdocs/application/third_party/omnipay/vendor/google/apiclient-services/src/Dialogflow/GoogleCloudDialogflowCxV3beta1EnvironmentWebhookConfig.php
OK	/htdocs/application/third_party/omnipay/vendor/google/apiclient-services/src/Dialogflow/GoogleCloudDialogflowCxV3beta1FormParameter.php
OK	/htdocs/application/third_party/omnipay/vendor/google/apiclient-services/src/Dialogflow/GoogleCloudDialogflowCxV3beta1ImportEntityTypesResponse.php
OK	/htdocs/application/third_party/omnipay/vendor/google/apiclient-services/src/Dialogflow/GoogleCloudDialogflowCxV3beta1IntentParameter.php
OK	/htdocs/application/third_party/omnipay/vendor/google/apiclient-services/src/Dialogflow/GoogleCloudDialogflowCxV3beta1ResponseMessageConversationSuccess.php
OK	/htdocs/application/third_party/omnipay/vendor/google/apiclient-services/src/Dialogflow/GoogleCloudDialogflowCxV3beta1RunTestCaseMetadata.php
OK	/htdocs/application/third_party/omnipay/vendor/google/apiclient-services/src/Dialogflow/GoogleCloudDialogflowCxV3beta1ToolCallResultError.php
OK	/htdocs/application/third_party/omnipay/vendor/google/apiclient-services/src/Dialogflow/GoogleCloudDialogflowCxV3beta1WebhookResponse.php
OK	/htdocs/application/third_party/omnipay/vendor/google/apiclient-services/src/Dialogflow/GoogleCloudDialogflowCxV3ContinuousTestResult.php
OK	/htdocs/application/third_party/omnipay/vendor/google/apiclient-services/src/Dialogflow/GoogleCloudDialogflowCxV3DataStoreConnectionSignalsGroundingSignals.php
OK	/htdocs/application/third_party/omnipay/vendor/google/apiclient-services/src/Dialogflow/GoogleCloudDialogflowCxV3DtmfInput.php
OK	/htdocs/application/third_party/omnipay/vendor/google/apiclient-services/src/Dialogflow/GoogleCloudDialogflowCxV3ExperimentResult.php
OK	/htdocs/application/third_party/omnipay/vendor/google/apiclient-services/src/Dialogflow/GoogleCloudDialogflowCxV3ExportIntentsMetadata.php
OK	/htdocs/application/third_party/omnipay/vendor/google/apiclient-services/src/Dialogflow/GoogleCloudDialogflowCxV3FormParameter.php
OK	/htdocs/application/third_party/omnipay/vendor/google/apiclient-services/src/Dialogflow/GoogleCloudDialogflowCxV3GenerativeSettingsFallbackSettingsPromptTemplate.php
OK	/htdocs/application/third_party/omnipay/vendor/google/apiclient-services/src/Dialogflow/GoogleCloudDialogflowCxV3ImportFlowRequest.php
OK	/htdocs/application/third_party/omnipay/vendor/google/apiclient-services/src/Dialogflow/GoogleCloudDialogflowCxV3Intent.php
OK	/htdocs/application/third_party/omnipay/vendor/google/apiclient-services/src/Dialogflow/GoogleCloudDialogflowCxV3ListDeploymentsResponse.php
OK	/htdocs/application/third_party/omnipay/vendor/google/apiclient-services/src/Dialogflow/GoogleCloudDialogflowCxV3ListTransitionRouteGroupsResponse.php
OK	/htdocs/application/third_party/omnipay/vendor/google/apiclient-services/src/Dialogflow/GoogleCloudDialogflowCxV3PageInfoFormInfo.php
OK	/htdocs/application/third_party/omnipay/vendor/google/apiclient-services/src/Dialogflow/GoogleCloudDialogflowCxV3ResponseMessageLiveAgentHandoff.php
OK	/htdocs/application/third_party/omnipay/vendor/google/apiclient-services/src/Dialogflow/GoogleCloudDialogflowCxV3RunContinuousTestMetadata.php
OK	/htdocs/application/third_party/omnipay/vendor/google/apiclient-services/src/Dialogflow/GoogleCloudDialogflowCxV3SentimentAnalysisResult.php
OK	/htdocs/application/third_party/omnipay/vendor/google/apiclient-services/src/Dialogflow/GoogleCloudDialogflowCxV3TestError.php
OK	/htdocs/application/third_party/omnipay/vendor/google/apiclient-services/src/Dialogflow/GoogleCloudDialogflowCxV3TransitionRouteGroupCoverageCoverage.php
OK	/htdocs/application/third_party/omnipay/vendor/google/apiclient-services/src/Dialogflow/GoogleCloudDialogflowCxV3Webhook.php
OK	/htdocs/application/third_party/omnipay/vendor/google/apiclient-services/src/Dialogflow/GoogleCloudDialogflowV2ArticleAnswer.php
OK	/htdocs/application/third_party/omnipay/vendor/google/apiclient-services/src/Dialogflow/GoogleCloudDialogflowV2beta1EncryptionSpec.php
OK	/htdocs/application/third_party/omnipay/vendor/google/apiclient-services/src/Dialogflow/GoogleCloudDialogflowV2beta1Intent.php
OK	/htdocs/application/third_party/omnipay/vendor/google/apiclient-services/src/Dialogflow/GoogleCloudDialogflowV2beta1IntentMessageCarouselSelectItem.php
OK	/htdocs/application/third_party/omnipay/vendor/google/apiclient-services/src/Dialogflow/GoogleCloudDialogflowV2beta1IntentMessageRbmStandaloneCard.php
OK	/htdocs/application/third_party/omnipay/vendor/google/apiclient-services/src/Dialogflow/GoogleCloudDialogflowV2beta1IntentMessageSuggestions.php
OK	/htdocs/application/third_party/omnipay/vendor/google/apiclient-services/src/Dialogflow/GoogleCloudDialogflowV2beta1KnowledgeAnswers.php
OK	/htdocs/application/third_party/omnipay/vendor/google/apiclient-services/src/Dialogflow/GoogleCloudDialogflowV2beta1QueryResult.php
OK	/htdocs/application/third_party/omnipay/vendor/google/apiclient-services/src/Dialogflow/GoogleCloudDialogflowV2beta1SmartReplyAnswer.php
OK	/htdocs/application/third_party/omnipay/vendor/google/apiclient-services/src/Dialogflow/GoogleCloudDialogflowV2ClearSuggestionFeatureConfigOperationMetadata.php
OK	/htdocs/application/third_party/omnipay/vendor/google/apiclient-services/src/Dialogflow/GoogleCloudDialogflowV2EntityTypeEntity.php
OK	/htdocs/application/third_party/omnipay/vendor/google/apiclient-services/src/Dialogflow/GoogleCloudDialogflowV2InputDataset.php
OK	/htdocs/application/third_party/omnipay/vendor/google/apiclient-services/src/Dialogflow/GoogleCloudDialogflowV2IntentMessageCarouselSelect.php
OK	/htdocs/application/third_party/omnipay/vendor/google/apiclient-services/src/Dialogflow/GoogleCloudDialogflowV2IntentMessageSimpleResponses.php
OK	/htdocs/application/third_party/omnipay/vendor/google/apiclient-services/src/Dialogflow/GoogleCloudDialogflowV2KnowledgeAssistAnswerKnowledgeAnswerFaqSource.php
OK	/htdocs/application/third_party/omnipay/vendor/google/apiclient-services/src/Dialogflow/GoogleCloudDialogflowV2SetSuggestionFeatureConfigOperationMetadata.php
OK	/htdocs/application/third_party/omnipay/vendor/google/apiclient-services/src/Dialogflow/GoogleCloudDialogflowV2WebhookResponse.php
OK	/htdocs/application/third_party/omnipay/vendor/google/apiclient-services/src/Dialogflow/GoogleLongrunningListOperationsResponse.php
OK	/htdocs/application/third_party/omnipay/vendor/google/apiclient-services/src/Dialogflow/Resource/ProjectsLocationsAgentsEnvironmentsDeployments.php
OK	/htdocs/application/third_party/omnipay/vendor/google/apiclient-services/src/Dialogflow/Resource/ProjectsLocationsAgentsTestCases.php
OK	/htdocs/application/third_party/omnipay/vendor/google/apiclient-services/src/Digitalassetlinks/CheckResponse.php
OK	/htdocs/application/third_party/omnipay/vendor/google/apiclient-services/src/Directory/AuxiliaryMessage.php
OK	/htdocs/application/third_party/omnipay/vendor/google/apiclient-services/src/Directory/Building.php
OK	/htdocs/application/third_party/omnipay/vendor/google/apiclient-services/src/Directory/ChromeOsDeviceActiveTimeRanges.php
OK	/htdocs/application/third_party/omnipay/vendor/google/apiclient-services/src/Directory/ChromeOsDeviceScreenshotFiles.php
OK	/htdocs/application/third_party/omnipay/vendor/google/apiclient-services/src/Directory/DomainAlias.php
OK	/htdocs/application/third_party/omnipay/vendor/google/apiclient-services/src/Directory/Groups.php
OK	/htdocs/application/third_party/omnipay/vendor/google/apiclient-services/src/Directory/OrgUnits.php
OK	/htdocs/application/third_party/omnipay/vendor/google/apiclient-services/src/Directory/Roles.php
OK	/htdocs/application/third_party/omnipay/vendor/google/apiclient-services/src/Directory/UserEmail.php
OK	/htdocs/application/third_party/omnipay/vendor/google/apiclient-services/src/Directory/UserPhoto.php
OK	/htdocs/application/third_party/omnipay/vendor/google/apiclient-services/src/Directory/Resource/Customer.php
OK	/htdocs/application/third_party/omnipay/vendor/google/apiclient-services/src/Directory/Resource/Members.php
OK	/htdocs/application/third_party/omnipay/vendor/google/apiclient-services/src/Directory/Resource/TwoStepVerification.php
OK	/htdocs/application/third_party/omnipay/vendor/google/apiclient-services/src/DiscoveryEngine/GoogleApiHttpBody.php
OK	/htdocs/application/third_party/omnipay/vendor/google/apiclient-services/src/DiscoveryEngine/GoogleCloudDiscoveryengineV1alphaAclConfig.php
OK	/htdocs/application/third_party/omnipay/vendor/google/apiclient-services/src/DiscoveryEngine/GoogleCloudDiscoveryengineV1alphaAnswerReferenceStructuredDocumentInfo.php
OK	/htdocs/application/third_party/omnipay/vendor/google/apiclient-services/src/DiscoveryEngine/GoogleCloudDiscoveryengineV1alphaCmekConfig.php
OK	/htdocs/application/third_party/omnipay/vendor/google/apiclient-services/src/DiscoveryEngine/GoogleCloudDiscoveryengineV1alphaControlPromoteAction.php
OK	/htdocs/application/third_party/omnipay/vendor/google/apiclient-services/src/DiscoveryEngine/GoogleCloudDiscoveryengineV1alphaDataConnector.php
OK	/htdocs/application/third_party/omnipay/vendor/google/apiclient-services/src/DiscoveryEngine/GoogleCloudDiscoveryengineV1alphaDeleteSessionRequest.php
OK	/htdocs/application/third_party/omnipay/vendor/google/apiclient-services/src/DiscoveryEngine/GoogleCloudDiscoveryengineV1alphaDocumentProcessingConfigParsingConfigDigitalParsingConfig.php
OK	/htdocs/application/third_party/omnipay/vendor/google/apiclient-services/src/DiscoveryEngine/GoogleCloudDiscoveryengineV1alphaEngineRecommendationMetadata.php
OK	/htdocs/application/third_party/omnipay/vendor/google/apiclient-services/src/DiscoveryEngine/GoogleCloudDiscoveryengineV1alphaFieldConfig.php
OK	/htdocs/application/third_party/omnipay/vendor/google/apiclient-services/src/DiscoveryEngine/GoogleCloudDiscoveryengineV1alphaImportDocumentsResponse.php
OK	/htdocs/application/third_party/omnipay/vendor/google/apiclient-services/src/DiscoveryEngine/GoogleCloudDiscoveryengineV1alphaListCustomModelsResponse.php
OK	/htdocs/application/third_party/omnipay/vendor/google/apiclient-services/src/DiscoveryEngine/GoogleCloudDiscoveryengineV1alphaProvisionProjectMetadata.php
OK	/htdocs/application/third_party/omnipay/vendor/google/apiclient-services/src/DiscoveryEngine/GoogleCloudDiscoveryengineV1alphaRecrawlUrisMetadata.php
OK	/htdocs/application/third_party/omnipay/vendor/google/apiclient-services/src/DiscoveryEngine/GoogleCloudDiscoveryengineV1alphaSearchRequestBoostSpecConditionBoostSpecBoostControlSpec.php
OK	/htdocs/application/third_party/omnipay/vendor/google/apiclient-services/src/DiscoveryEngine/GoogleCloudDiscoveryengineV1alphaSearchRequestEmbeddingSpecEmbeddingVector.php
OK	/htdocs/application/third_party/omnipay/vendor/google/apiclient-services/src/DiscoveryEngine/GoogleCloudDiscoveryengineV1alphaSessionTurn.php
OK	/htdocs/application/third_party/omnipay/vendor/google/apiclient-services/src/DiscoveryEngine/GoogleCloudDiscoveryengineV1alphaTrainCustomModelMetadata.php
OK	/htdocs/application/third_party/omnipay/vendor/google/apiclient-services/src/DiscoveryEngine/GoogleCloudDiscoveryengineV1AnswerCitation.php
OK	/htdocs/application/third_party/omnipay/vendor/google/apiclient-services/src/DiscoveryEngine/GoogleCloudDiscoveryengineV1AnswerQueryRequestQueryUnderstandingSpec.php
OK	/htdocs/application/third_party/omnipay/vendor/google/apiclient-services/src/DiscoveryEngine/GoogleCloudDiscoveryengineV1AnswerQueryRequestSearchSpecSearchResultListSearchResultChunkInfoDocumentMetadata.php
OK	/htdocs/application/third_party/omnipay/vendor/google/apiclient-services/src/DiscoveryEngine/GoogleCloudDiscoveryengineV1AnswerReferenceUnstructuredDocumentInfo.php
OK	/htdocs/application/third_party/omnipay/vendor/google/apiclient-services/src/DiscoveryEngine/GoogleCloudDiscoveryengineV1BatchGetDocumentsMetadataResponse.php
OK	/htdocs/application/third_party/omnipay/vendor/google/apiclient-services/src/DiscoveryEngine/GoogleCloudDiscoveryengineV1betaAnswerQueryRequestQueryUnderstandingSpec.php
OK	/htdocs/application/third_party/omnipay/vendor/google/apiclient-services/src/DiscoveryEngine/GoogleCloudDiscoveryengineV1betaAnswerQueryRequestSearchSpecSearchResultListSearchResultUnstructuredDocumentInfoExtractiveAnswer.php
OK	/htdocs/application/third_party/omnipay/vendor/google/apiclient-services/src/DiscoveryEngine/GoogleCloudDiscoveryengineV1betaAnswerStepActionObservation.php
OK	/htdocs/application/third_party/omnipay/vendor/google/apiclient-services/src/DiscoveryEngine/GoogleCloudDiscoveryengineV1betaBigtableOptionsBigtableColumnFamily.php
OK	/htdocs/application/third_party/omnipay/vendor/google/apiclient-services/src/DiscoveryEngine/GoogleCloudDiscoveryengineV1betaConditionQueryTerm.php
OK	/htdocs/application/third_party/omnipay/vendor/google/apiclient-services/src/DiscoveryEngine/GoogleCloudDiscoveryengineV1betaConversationMessage.php
OK	/htdocs/application/third_party/omnipay/vendor/google/apiclient-services/src/DiscoveryEngine/GoogleCloudDiscoveryengineV1betaCustomTuningModel.php
OK	/htdocs/application/third_party/omnipay/vendor/google/apiclient-services/src/DiscoveryEngine/GoogleCloudDiscoveryengineV1betaDisableAdvancedSiteSearchMetadata.php
OK	/htdocs/application/third_party/omnipay/vendor/google/apiclient-services/src/DiscoveryEngine/GoogleCloudDiscoveryengineV1betaDocumentProcessingConfigParsingConfigOcrParsingConfig.php
OK	/htdocs/application/third_party/omnipay/vendor/google/apiclient-services/src/DiscoveryEngine/GoogleCloudDiscoveryengineV1betaEvaluation.php
OK	/htdocs/application/third_party/omnipay/vendor/google/apiclient-services/src/DiscoveryEngine/GoogleCloudDiscoveryengineV1betaHealthcareFhirConfig.php
OK	/htdocs/application/third_party/omnipay/vendor/google/apiclient-services/src/DiscoveryEngine/GoogleCloudDiscoveryengineV1betaImportSuggestionDenyListEntriesMetadata.php
OK	/htdocs/application/third_party/omnipay/vendor/google/apiclient-services/src/DiscoveryEngine/GoogleCloudDiscoveryengineV1betaListDataStoresResponse.php
OK	/htdocs/application/third_party/omnipay/vendor/google/apiclient-services/src/DiscoveryEngine/GoogleCloudDiscoveryengineV1betaPageInfo.php
OK	/htdocs/application/third_party/omnipay/vendor/google/apiclient-services/src/DiscoveryEngine/GoogleCloudDiscoveryengineV1betaQualityMetrics.php
OK	/htdocs/application/third_party/omnipay/vendor/google/apiclient-services/src/DiscoveryEngine/GoogleCloudDiscoveryengineV1betaReply.php
OK	/htdocs/application/third_party/omnipay/vendor/google/apiclient-services/src/DiscoveryEngine/GoogleCloudDiscoveryengineV1betaSearchRequestContentSearchSpecChunkSpec.php
OK	/htdocs/application/third_party/omnipay/vendor/google/apiclient-services/src/DiscoveryEngine/GoogleCloudDiscoveryengineV1betaSearchRequestNaturalLanguageQueryUnderstandingSpec.php
OK	/htdocs/application/third_party/omnipay/vendor/google/apiclient-services/src/DiscoveryEngine/GoogleCloudDiscoveryengineV1betaSearchResponseQueryExpansionInfo.php
OK	/htdocs/application/third_party/omnipay/vendor/google/apiclient-services/src/DiscoveryEngine/GoogleCloudDiscoveryengineV1betaServingConfigGenericConfig.php
OK	/htdocs/application/third_party/omnipay/vendor/google/apiclient-services/src/DiscoveryEngine/GoogleCloudDiscoveryengineV1betaTargetSite.php
OK	/htdocs/application/third_party/omnipay/vendor/google/apiclient-services/src/DiscoveryEngine/GoogleCloudDiscoveryengineV1betaUpdateSchemaMetadata.php
OK	/htdocs/application/third_party/omnipay/vendor/google/apiclient-services/src/DiscoveryEngine/GoogleCloudDiscoveryengineV1CheckGroundingResponseCheckGroundingFactChunk.php
OK	/htdocs/application/third_party/omnipay/vendor/google/apiclient-services/src/DiscoveryEngine/GoogleCloudDiscoveryengineV1CompletionInfo.php
OK	/htdocs/application/third_party/omnipay/vendor/google/apiclient-services/src/DiscoveryEngine/GoogleCloudDiscoveryengineV1ControlSynonymsAction.php
OK	/htdocs/application/third_party/omnipay/vendor/google/apiclient-services/src/DiscoveryEngine/GoogleCloudDiscoveryengineV1CustomAttribute.php
OK	/htdocs/application/third_party/omnipay/vendor/google/apiclient-services/src/DiscoveryEngine/GoogleCloudDiscoveryengineV1DigitalParsingConfig.php
OK	/htdocs/application/third_party/omnipay/vendor/google/apiclient-services/src/DiscoveryEngine/GoogleCloudDiscoveryengineV1DocumentProcessingConfigParsingConfigDigitalParsingConfig.php
OK	/htdocs/application/third_party/omnipay/vendor/google/apiclient-services/src/DiscoveryEngine/GoogleCloudDiscoveryengineV1FactChunk.php
OK	/htdocs/application/third_party/omnipay/vendor/google/apiclient-services/src/DiscoveryEngine/GoogleCloudDiscoveryengineV1GenerateGroundedContentRequestGenerationSpec.php
OK	/htdocs/application/third_party/omnipay/vendor/google/apiclient-services/src/DiscoveryEngine/GoogleCloudDiscoveryengineV1GenerateGroundedContentResponseCandidateGroundingMetadataRetrievalMetadata.php
OK	/htdocs/application/third_party/omnipay/vendor/google/apiclient-services/src/DiscoveryEngine/GoogleCloudDiscoveryengineV1ImportCompletionSuggestionsResponse.php
OK	/htdocs/application/third_party/omnipay/vendor/google/apiclient-services/src/DiscoveryEngine/GoogleCloudDiscoveryengineV1ImportSuggestionDenyListEntriesResponse.php
OK	/htdocs/application/third_party/omnipay/vendor/google/apiclient-services/src/DiscoveryEngine/GoogleCloudDiscoveryengineV1ListIdentityMappingsResponse.php
OK	/htdocs/application/third_party/omnipay/vendor/google/apiclient-services/src/DiscoveryEngine/GoogleCloudDiscoveryengineV1ProvisionProjectRequest.php
OK	/htdocs/application/third_party/omnipay/vendor/google/apiclient-services/src/DiscoveryEngine/GoogleCloudDiscoveryengineV1PurgeSuggestionDenyListEntriesRequest.php
OK	/htdocs/application/third_party/omnipay/vendor/google/apiclient-services/src/DiscoveryEngine/GoogleCloudDiscoveryengineV1SafetyRating.php
OK	/htdocs/application/third_party/omnipay/vendor/google/apiclient-services/src/DiscoveryEngine/GoogleCloudDiscoveryengineV1SearchRequestContentSearchSpecSnippetSpec.php
OK	/htdocs/application/third_party/omnipay/vendor/google/apiclient-services/src/DiscoveryEngine/GoogleCloudDiscoveryengineV1SearchResponse.php
OK	/htdocs/application/third_party/omnipay/vendor/google/apiclient-services/src/DiscoveryEngine/GoogleCloudDiscoveryengineV1SearchResponseSummarySafetyAttributes.php
OK	/htdocs/application/third_party/omnipay/vendor/google/apiclient-services/src/DiscoveryEngine/GoogleCloudDiscoveryengineV1SpannerSource.php
OK	/htdocs/application/third_party/omnipay/vendor/google/apiclient-services/src/DiscoveryEngine/GoogleCloudDiscoveryengineV1UpdateSchemaMetadata.php
OK	/htdocs/application/third_party/omnipay/vendor/google/apiclient-services/src/DiscoveryEngine/GoogleProtobufEmpty.php
OK	/htdocs/application/third_party/omnipay/vendor/google/apiclient-services/src/DiscoveryEngine/Resource/ProjectsLocationsCollectionsDataStoresBranchesDocuments.php
OK	/htdocs/application/third_party/omnipay/vendor/google/apiclient-services/src/DiscoveryEngine/Resource/ProjectsLocationsCollectionsDataStoresSessions.php
OK	/htdocs/application/third_party/omnipay/vendor/google/apiclient-services/src/DiscoveryEngine/Resource/ProjectsLocationsCollectionsEnginesOperations.php
OK	/htdocs/application/third_party/omnipay/vendor/google/apiclient-services/src/DiscoveryEngine/Resource/ProjectsLocationsDataStoresModels.php
OK	/htdocs/application/third_party/omnipay/vendor/google/apiclient-services/src/DiscoveryEngine/Resource/ProjectsLocationsGroundingConfigs.php
OK	/htdocs/application/third_party/omnipay/vendor/google/apiclient-services/src/DisplayVideo/Adloox.php
OK	/htdocs/application/third_party/omnipay/vendor/google/apiclient-services/src/DisplayVideo/AlgorithmRules.php
OK	/htdocs/application/third_party/omnipay/vendor/google/apiclient-services/src/DisplayVideo/AssetAssociation.php
OK	/htdocs/application/third_party/omnipay/vendor/google/apiclient-services/src/DisplayVideo/AuthorizedSellerStatusTargetingOptionDetails.php
OK	/htdocs/application/third_party/omnipay/vendor/google/apiclient-services/src/DisplayVideo/BulkEditAssignedTargetingOptionsResponse.php
OK	/htdocs/application/third_party/omnipay/vendor/google/apiclient-services/src/DisplayVideo/BulkListAdvertiserAssignedTargetingOptionsResponse.php
OK	/htdocs/application/third_party/omnipay/vendor/google/apiclient-services/src/DisplayVideo/CampaignBudget.php
OK	/htdocs/application/third_party/omnipay/vendor/google/apiclient-services/src/DisplayVideo/CombinedAudienceGroup.php
OK	/htdocs/application/third_party/omnipay/vendor/google/apiclient-services/src/DisplayVideo/ContentOutstreamPositionAssignedTargetingOptionDetails.php
OK	/htdocs/application/third_party/omnipay/vendor/google/apiclient-services/src/DisplayVideo/CustomBiddingAlgorithm.php
OK	/htdocs/application/third_party/omnipay/vendor/google/apiclient-services/src/DisplayVideo/Date.php
OK	/htdocs/application/third_party/omnipay/vendor/google/apiclient-services/src/DisplayVideo/Dimensions.php
OK	/htdocs/application/third_party/omnipay/vendor/google/apiclient-services/src/DisplayVideo/EditCustomerMatchMembersResponse.php
OK	/htdocs/application/third_party/omnipay/vendor/google/apiclient-services/src/DisplayVideo/ExitEvent.php
OK	/htdocs/application/third_party/omnipay/vendor/google/apiclient-services/src/DisplayVideo/GenderTargetingOptionDetails.php
OK	/htdocs/application/third_party/omnipay/vendor/google/apiclient-services/src/DisplayVideo/HouseholdIncomeTargetingOptionDetails.php
OK	/htdocs/application/third_party/omnipay/vendor/google/apiclient-services/src/DisplayVideo/InventorySourceAccessorsPartnerAccessor.php
OK	/htdocs/application/third_party/omnipay/vendor/google/apiclient-services/src/DisplayVideo/LanguageTargetingOptionDetails.php
OK	/htdocs/application/third_party/omnipay/vendor/google/apiclient-services/src/DisplayVideo/ListCampaignAssignedTargetingOptionsResponse.php
OK	/htdocs/application/third_party/omnipay/vendor/google/apiclient-services/src/DisplayVideo/ListGoogleAudiencesResponse.php
OK	/htdocs/application/third_party/omnipay/vendor/google/apiclient-services/src/DisplayVideo/ListNegativeKeywordsResponse.php
OK	/htdocs/application/third_party/omnipay/vendor/google/apiclient-services/src/DisplayVideo/ManualTrigger.php
OK	/htdocs/application/third_party/omnipay/vendor/google/apiclient-services/src/DisplayVideo/NonSkippableAd.php
OK	/htdocs/application/third_party/omnipay/vendor/google/apiclient-services/src/DisplayVideo/ParentEntityFilter.php
OK	/htdocs/application/third_party/omnipay/vendor/google/apiclient-services/src/DisplayVideo/PoiTargetingOptionDetails.php
OK	/htdocs/application/third_party/omnipay/vendor/google/apiclient-services/src/DisplayVideo/ReplaceSitesRequest.php
OK	/htdocs/application/third_party/omnipay/vendor/google/apiclient-services/src/DisplayVideo/SensitiveCategoryTargetingOptionDetails.php
OK	/htdocs/application/third_party/omnipay/vendor/google/apiclient-services/src/DisplayVideo/ThirdPartyVendorConfig.php
OK	/htdocs/application/third_party/omnipay/vendor/google/apiclient-services/src/DisplayVideo/VideoAdSequenceStep.php
OK	/htdocs/application/third_party/omnipay/vendor/google/apiclient-services/src/DisplayVideo/YoutubeAndPartnersSettings.php
OK	/htdocs/application/third_party/omnipay/vendor/google/apiclient-services/src/DisplayVideo/Resource/AdvertisersCampaignsTargetingTypes.php
OK	/htdocs/application/third_party/omnipay/vendor/google/apiclient-services/src/DisplayVideo/Resource/AdvertisersLocationLists.php
OK	/htdocs/application/third_party/omnipay/vendor/google/apiclient-services/src/DisplayVideo/Resource/CustomBiddingAlgorithms.php
OK	/htdocs/application/third_party/omnipay/vendor/google/apiclient-services/src/DisplayVideo/Resource/InventorySources.php
OK	/htdocs/application/third_party/omnipay/vendor/google/apiclient-services/src/DisplayVideo/Resource/TargetingTypesTargetingOptions.php
OK	/htdocs/application/third_party/omnipay/vendor/google/apiclient-services/src/DLP/GooglePrivacyDlpV2AmazonS3BucketRegex.php
OK	/htdocs/application/third_party/omnipay/vendor/google/apiclient-services/src/DLP/GooglePrivacyDlpV2BigQueryTable.php
OK	/htdocs/application/third_party/omnipay/vendor/google/apiclient-services/src/DLP/GooglePrivacyDlpV2CharsToIgnore.php
OK	/htdocs/application/third_party/omnipay/vendor/google/apiclient-services/src/DLP/GooglePrivacyDlpV2ColumnDataProfile.php
OK	/htdocs/application/third_party/omnipay/vendor/google/apiclient-services/src/DLP/GooglePrivacyDlpV2CreateJobTriggerRequest.php
OK	/htdocs/application/third_party/omnipay/vendor/google/apiclient-services/src/DLP/GooglePrivacyDlpV2DataProfileBigQueryRowSchema.php
OK	/htdocs/application/third_party/omnipay/vendor/google/apiclient-services/src/DLP/GooglePrivacyDlpV2Deidentify.php
OK	/htdocs/application/third_party/omnipay/vendor/google/apiclient-services/src/DLP/GooglePrivacyDlpV2Dictionary.php
OK	/htdocs/application/third_party/omnipay/vendor/google/apiclient-services/src/DLP/GooglePrivacyDlpV2DiscoveryGenerationCadence.php
OK	/htdocs/application/third_party/omnipay/vendor/google/apiclient-services/src/DLP/GooglePrivacyDlpV2DlpJob.php
OK	/htdocs/application/third_party/omnipay/vendor/google/apiclient-services/src/DLP/GooglePrivacyDlpV2FileClusterType.php
OK	/htdocs/application/third_party/omnipay/vendor/google/apiclient-services/src/DLP/GooglePrivacyDlpV2GlobalProcessing.php
OK	/htdocs/application/third_party/omnipay/vendor/google/apiclient-services/src/DLP/GooglePrivacyDlpV2ImageTransformation.php
OK	/htdocs/application/third_party/omnipay/vendor/google/apiclient-services/src/DLP/GooglePrivacyDlpV2InspectContentRequest.php
OK	/htdocs/application/third_party/omnipay/vendor/google/apiclient-services/src/DLP/GooglePrivacyDlpV2KAnonymityHistogramBucket.php
OK	/htdocs/application/third_party/omnipay/vendor/google/apiclient-services/src/DLP/GooglePrivacyDlpV2LDiversityEquivalenceClass.php
OK	/htdocs/application/third_party/omnipay/vendor/google/apiclient-services/src/DLP/GooglePrivacyDlpV2ListInspectTemplatesResponse.php
OK	/htdocs/application/third_party/omnipay/vendor/google/apiclient-services/src/DLP/GooglePrivacyDlpV2OrgConfig.php
OK	/htdocs/application/third_party/omnipay/vendor/google/apiclient-services/src/DLP/GooglePrivacyDlpV2PrivacyMetric.php
OK	/htdocs/application/third_party/omnipay/vendor/google/apiclient-services/src/DLP/GooglePrivacyDlpV2PubSubExpressions.php
OK	/htdocs/application/third_party/omnipay/vendor/google/apiclient-services/src/DLP/GooglePrivacyDlpV2RecordTransformations.php
OK	/htdocs/application/third_party/omnipay/vendor/google/apiclient-services/src/DLP/GooglePrivacyDlpV2RequestedOptions.php
OK	/htdocs/application/third_party/omnipay/vendor/google/apiclient-services/src/DLP/GooglePrivacyDlpV2SensitivityScore.php
OK	/htdocs/application/third_party/omnipay/vendor/google/apiclient-services/src/DLP/GooglePrivacyDlpV2TableDataProfile.php
OK	/htdocs/application/third_party/omnipay/vendor/google/apiclient-services/src/DLP/GooglePrivacyDlpV2TransformationConfig.php
OK	/htdocs/application/third_party/omnipay/vendor/google/apiclient-services/src/DLP/GooglePrivacyDlpV2UpdateConnectionRequest.php
OK	/htdocs/application/third_party/omnipay/vendor/google/apiclient-services/src/DLP/GooglePrivacyDlpV2VertexDatasetRegexes.php
OK	/htdocs/application/third_party/omnipay/vendor/google/apiclient-services/src/DLP/Resource/OrganizationsInspectTemplates.php
OK	/htdocs/application/third_party/omnipay/vendor/google/apiclient-services/src/DLP/Resource/OrganizationsLocationsTableDataProfiles.php
OK	/htdocs/application/third_party/omnipay/vendor/google/apiclient-services/src/DLP/Resource/ProjectsLocationsContent.php
OK	/htdocs/application/third_party/omnipay/vendor/google/apiclient-services/src/Dns/Change.php
OK	/htdocs/application/third_party/omnipay/vendor/google/apiclient-services/src/Dns/GoogleIamV1Policy.php
OK	/htdocs/application/third_party/omnipay/vendor/google/apiclient-services/src/Dns/ManagedZonePrivateVisibilityConfig.php
OK	/htdocs/application/third_party/omnipay/vendor/google/apiclient-services/src/Dns/PoliciesUpdateResponse.php
OK	/htdocs/application/third_party/omnipay/vendor/google/apiclient-services/src/Dns/ResponseHeader.php
OK	/htdocs/application/third_party/omnipay/vendor/google/apiclient-services/src/Dns/RRSetRoutingPolicy.php
OK	/htdocs/application/third_party/omnipay/vendor/google/apiclient-services/src/Dns/Resource/Policies.php
OK	/htdocs/application/third_party/omnipay/vendor/google/apiclient-services/src/Docs/Body.php
OK	/htdocs/application/third_party/omnipay/vendor/google/apiclient-services/src/Docs/CreateNamedRangeRequest.php
OK	/htdocs/application/third_party/omnipay/vendor/google/apiclient-services/src/Docs/DeleteTableRowRequest.php
OK	/htdocs/application/third_party/omnipay/vendor/google/apiclient-services/src/Docs/EmbeddedObjectSuggestionState.php
OK	/htdocs/application/third_party/omnipay/vendor/google/apiclient-services/src/Docs/InlineObjectElement.php
OK	/htdocs/application/third_party/omnipay/vendor/google/apiclient-services/src/Docs/Link.php
OK	/htdocs/application/third_party/omnipay/vendor/google/apiclient-services/src/Docs/NamedStyleSuggestionState.php
OK	/htdocs/application/third_party/omnipay/vendor/google/apiclient-services/src/Docs/PersonProperties.php
OK	/htdocs/application/third_party/omnipay/vendor/google/apiclient-services/src/Docs/Request.php
OK	/htdocs/application/third_party/omnipay/vendor/google/apiclient-services/src/Docs/Size.php
OK	/htdocs/application/third_party/omnipay/vendor/google/apiclient-services/src/Docs/SuggestedTableRowStyle.php
OK	/htdocs/application/third_party/omnipay/vendor/google/apiclient-services/src/Docs/TableRow.php
OK	/htdocs/application/third_party/omnipay/vendor/google/apiclient-services/src/Docs/UpdateParagraphStyleRequest.php
OK	/htdocs/application/third_party/omnipay/vendor/google/apiclient-services/src/Document/GoogleCloudDocumentaiUiv1beta3BatchDeleteDocumentsMetadata.php
OK	/htdocs/application/third_party/omnipay/vendor/google/apiclient-services/src/Document/GoogleCloudDocumentaiUiv1beta3DeleteLabelerPoolOperationMetadata.php
OK	/htdocs/application/third_party/omnipay/vendor/google/apiclient-services/src/Document/GoogleCloudDocumentaiUiv1beta3EvaluateProcessorVersionMetadata.php
OK	/htdocs/application/third_party/omnipay/vendor/google/apiclient-services/src/Document/GoogleCloudDocumentaiUiv1beta3ImportProcessorVersionMetadata.php
OK	/htdocs/application/third_party/omnipay/vendor/google/apiclient-services/src/Document/GoogleCloudDocumentaiUiv1beta3SetDefaultProcessorVersionMetadata.php
OK	/htdocs/application/third_party/omnipay/vendor/google/apiclient-services/src/Document/GoogleCloudDocumentaiV1Barcode.php
OK	/htdocs/application/third_party/omnipay/vendor/google/apiclient-services/src/Document/GoogleCloudDocumentaiV1beta1DocumentChunkedDocumentChunkChunkPageFooter.php
OK	/htdocs/application/third_party/omnipay/vendor/google/apiclient-services/src/Document/GoogleCloudDocumentaiV1beta1DocumentEntity.php
OK	/htdocs/application/third_party/omnipay/vendor/google/apiclient-services/src/Document/GoogleCloudDocumentaiV1beta1DocumentPageImageQualityScores.php
OK	/htdocs/application/third_party/omnipay/vendor/google/apiclient-services/src/Document/GoogleCloudDocumentaiV1beta1DocumentPageTokenStyleInfo.php
OK	/htdocs/application/third_party/omnipay/vendor/google/apiclient-services/src/Document/GoogleCloudDocumentaiV1beta1GcsDestination.php
OK	/htdocs/application/third_party/omnipay/vendor/google/apiclient-services/src/Document/GoogleCloudDocumentaiV1beta2DocumentChunkedDocument.php
OK	/htdocs/application/third_party/omnipay/vendor/google/apiclient-services/src/Document/GoogleCloudDocumentaiV1beta2DocumentDocumentLayoutDocumentLayoutBlockLayoutTableRow.php
OK	/htdocs/application/third_party/omnipay/vendor/google/apiclient-services/src/Document/GoogleCloudDocumentaiV1beta2DocumentPageDimension.php
OK	/htdocs/application/third_party/omnipay/vendor/google/apiclient-services/src/Document/GoogleCloudDocumentaiV1beta2DocumentPageTableTableRow.php
OK	/htdocs/application/third_party/omnipay/vendor/google/apiclient-services/src/Document/GoogleCloudDocumentaiV1beta2DocumentTextAnchor.php
OK	/htdocs/application/third_party/omnipay/vendor/google/apiclient-services/src/Document/GoogleCloudDocumentaiV1beta3BatchDeleteDocumentsMetadataIndividualBatchDeleteStatus.php
OK	/htdocs/application/third_party/omnipay/vendor/google/apiclient-services/src/Document/GoogleCloudDocumentaiV1beta3DeleteProcessorVersionMetadata.php
OK	/htdocs/application/third_party/omnipay/vendor/google/apiclient-services/src/Document/GoogleCloudDocumentaiV1beta3GcsPrefix.php
OK	/htdocs/application/third_party/omnipay/vendor/google/apiclient-services/src/Document/GoogleCloudDocumentaiV1beta3SetDefaultProcessorVersionResponse.php
OK	/htdocs/application/third_party/omnipay/vendor/google/apiclient-services/src/Document/GoogleCloudDocumentaiV1DeployProcessorVersionRequest.php
OK	/htdocs/application/third_party/omnipay/vendor/google/apiclient-services/src/Document/GoogleCloudDocumentaiV1DocumentDocumentLayoutDocumentLayoutBlock.php
OK	/htdocs/application/third_party/omnipay/vendor/google/apiclient-services/src/Document/GoogleCloudDocumentaiV1DocumentOutputConfigGcsOutputConfig.php
OK	/htdocs/application/third_party/omnipay/vendor/google/apiclient-services/src/Document/GoogleCloudDocumentaiV1DocumentPageImageQualityScoresDetectedDefect.php
OK	/htdocs/application/third_party/omnipay/vendor/google/apiclient-services/src/Document/GoogleCloudDocumentaiV1DocumentPageVisualElement.php
OK	/htdocs/application/third_party/omnipay/vendor/google/apiclient-services/src/Document/GoogleCloudDocumentaiV1DocumentStyleFontSize.php
OK	/htdocs/application/third_party/omnipay/vendor/google/apiclient-services/src/Document/GoogleCloudDocumentaiV1EvaluationConfidenceLevelMetrics.php
OK	/htdocs/application/third_party/omnipay/vendor/google/apiclient-services/src/Document/GoogleCloudDocumentaiV1ListEvaluationsResponse.php
OK	/htdocs/application/third_party/omnipay/vendor/google/apiclient-services/src/Document/GoogleCloudDocumentaiV1Processor.php
OK	/htdocs/application/third_party/omnipay/vendor/google/apiclient-services/src/Document/GoogleCloudDocumentaiV1RawDocument.php
OK	/htdocs/application/third_party/omnipay/vendor/google/apiclient-services/src/Document/GoogleCloudDocumentaiV1TrainProcessorVersionMetadataDatasetValidation.php
OK	/htdocs/application/third_party/omnipay/vendor/google/apiclient-services/src/Document/GoogleLongrunningListOperationsResponse.php
OK	/htdocs/application/third_party/omnipay/vendor/google/apiclient-services/src/Document/Resource/ProjectsLocations.php
OK	/htdocs/application/third_party/omnipay/vendor/google/apiclient-services/src/DomainsRDAP/HttpBody.php
OK	/htdocs/application/third_party/omnipay/vendor/google/apiclient-services/src/DoubleClickBidManager/Date.php
OK	/htdocs/application/third_party/omnipay/vendor/google/apiclient-services/src/DoubleClickBidManager/QueryMetadata.php
OK	/htdocs/application/third_party/omnipay/vendor/google/apiclient-services/src/Doubleclicksearch/Availability.php
OK	/htdocs/application/third_party/omnipay/vendor/google/apiclient-services/src/Doubleclicksearch/ReportRequestReportScope.php
OK	/htdocs/application/third_party/omnipay/vendor/google/apiclient-services/src/Drive/AboutTeamDriveThemes.php
OK	/htdocs/application/third_party/omnipay/vendor/google/apiclient-services/src/Drive/ContentRestriction.php
OK	/htdocs/application/third_party/omnipay/vendor/google/apiclient-services/src/Drive/DriveFileShortcutDetails.php
OK	/htdocs/application/third_party/omnipay/vendor/google/apiclient-services/src/Drive/ListOperationsResponse.php
OK	/htdocs/application/third_party/omnipay/vendor/google/apiclient-services/src/Drive/RevisionList.php
OK	/htdocs/application/third_party/omnipay/vendor/google/apiclient-services/src/Drive/Resource/Changes.php
OK	/htdocs/application/third_party/omnipay/vendor/google/apiclient-services/src/DriveActivity/Action.php
OK	/htdocs/application/third_party/omnipay/vendor/google/apiclient-services/src/DriveActivity/Copy.php
OK	/htdocs/application/third_party/omnipay/vendor/google/apiclient-services/src/DriveActivity/DriveFile.php
OK	/htdocs/application/third_party/omnipay/vendor/google/apiclient-services/src/DriveActivity/KnownUser.php
OK	/htdocs/application/third_party/omnipay/vendor/google/apiclient-services/src/DriveActivity/RestrictionChange.php
OK	/htdocs/application/third_party/omnipay/vendor/google/apiclient-services/src/DriveActivity/TextList.php
OK	/htdocs/application/third_party/omnipay/vendor/google/apiclient-services/src/DriveLabels/GoogleAppsDriveLabelsV2DateLimits.php
OK	/htdocs/application/third_party/omnipay/vendor/google/apiclient-services/src/DriveLabels/GoogleAppsDriveLabelsV2DeltaUpdateLabelRequestUpdateFieldPropertiesRequest.php
OK	/htdocs/application/third_party/omnipay/vendor/google/apiclient-services/src/DriveLabels/GoogleAppsDriveLabelsV2DeltaUpdateLabelResponseEnableSelectionChoiceResponse.php
OK	/htdocs/application/third_party/omnipay/vendor/google/apiclient-services/src/DriveLabels/GoogleAppsDriveLabelsV2FieldIntegerOptions.php
OK	/htdocs/application/third_party/omnipay/vendor/google/apiclient-services/src/DriveLabels/GoogleAppsDriveLabelsV2FieldTextOptions.php
OK	/htdocs/application/third_party/omnipay/vendor/google/apiclient-services/src/DriveLabels/GoogleAppsDriveLabelsV2LabelSchemaCapabilities.php
OK	/htdocs/application/third_party/omnipay/vendor/google/apiclient-services/src/DriveLabels/GoogleAppsDriveLabelsV2UpdateLabelCopyModeRequest.php
OK	/htdocs/application/third_party/omnipay/vendor/google/apiclient-services/src/DriveLabels/Resource/LabelsRevisions.php
OK	/htdocs/application/third_party/omnipay/vendor/google/apiclient-services/src/Essentialcontacts/Resource/Organizations.php
OK	/htdocs/application/third_party/omnipay/vendor/google/apiclient-services/src/Eventarc/EventarcEmpty.php
OK	/htdocs/application/third_party/omnipay/vendor/google/apiclient-services/src/Eventarc/GoogleCloudEventarcV1PipelineDestinationHttpEndpoint.php
OK	/htdocs/application/third_party/omnipay/vendor/google/apiclient-services/src/Eventarc/GoogleRpcStatus.php
OK	/htdocs/application/third_party/omnipay/vendor/google/apiclient-services/src/Eventarc/Location.php
OK	/htdocs/application/third_party/omnipay/vendor/google/apiclient-services/src/Eventarc/TestIamPermissionsResponse.php
OK	/htdocs/application/third_party/omnipay/vendor/google/apiclient-services/src/Eventarc/Resource/ProjectsLocationsPipelines.php
OK	/htdocs/application/third_party/omnipay/vendor/google/apiclient-services/src/FactCheckTools/GoogleFactcheckingFactchecktoolsV1alpha1FactCheckedClaimSearchResponse.php
OK	/htdocs/application/third_party/omnipay/vendor/google/apiclient-services/src/Fcmdata/GoogleFirebaseFcmDataV1beta1ProxyNotificationInsightPercents.php
OK	/htdocs/application/third_party/omnipay/vendor/google/apiclient-services/src/Firebaseappcheck/GoogleFirebaseAppcheckV1BatchGetSafetyNetConfigsResponse.php
OK	/htdocs/application/third_party/omnipay/vendor/google/apiclient-services/src/Firebaseappcheck/GoogleFirebaseAppcheckV1betaBatchGetRecaptchaConfigsResponse.php
OK	/htdocs/application/third_party/omnipay/vendor/google/apiclient-services/src/Firebaseappcheck/GoogleFirebaseAppcheckV1betaExchangeDebugTokenRequest.php
OK	/htdocs/application/third_party/omnipay/vendor/google/apiclient-services/src/Firebaseappcheck/GoogleFirebaseAppcheckV1betaListServicesResponse.php
OK	/htdocs/application/third_party/omnipay/vendor/google/apiclient-services/src/Firebaseappcheck/GoogleFirebaseAppcheckV1ExchangeAppAttestAssertionRequest.php
OK	/htdocs/application/third_party/omnipay/vendor/google/apiclient-services/src/Firebaseappcheck/GoogleFirebaseAppcheckV1GeneratePlayIntegrityChallengeRequest.php
OK	/htdocs/application/third_party/omnipay/vendor/google/apiclient-services/src/Firebaseappcheck/GoogleFirebaseAppcheckV1Service.php
OK	/htdocs/application/third_party/omnipay/vendor/google/apiclient-services/src/Firebaseappcheck/Resource/ProjectsAppsRecaptchaConfig.php
OK	/htdocs/application/third_party/omnipay/vendor/google/apiclient-services/src/FirebaseAppDistribution/GdataDiffUploadResponse.php
OK	/htdocs/application/third_party/omnipay/vendor/google/apiclient-services/src/FirebaseAppDistribution/GoogleFirebaseAppdistroV1BatchLeaveGroupRequest.php
OK	/htdocs/application/third_party/omnipay/vendor/google/apiclient-services/src/FirebaseAppDistribution/GoogleFirebaseAppdistroV1ReleaseNotes.php
OK	/htdocs/application/third_party/omnipay/vendor/google/apiclient-services/src/FirebaseAppDistribution/Resource/Media.php
OK	/htdocs/application/third_party/omnipay/vendor/google/apiclient-services/src/FirebaseCloudMessaging/ApnsFcmOptions.php
OK	/htdocs/application/third_party/omnipay/vendor/google/apiclient-services/src/FirebaseDataConnect/CloudSqlInstance.php
OK	/htdocs/application/third_party/omnipay/vendor/google/apiclient-services/src/FirebaseDataConnect/GraphqlRequestExtensions.php
OK	/htdocs/application/third_party/omnipay/vendor/google/apiclient-services/src/FirebaseDataConnect/Schema.php
OK	/htdocs/application/third_party/omnipay/vendor/google/apiclient-services/src/FirebaseDynamicLinks/AndroidInfo.php
OK	/htdocs/application/third_party/omnipay/vendor/google/apiclient-services/src/FirebaseDynamicLinks/GetIosPostInstallAttributionResponse.php
OK	/htdocs/application/third_party/omnipay/vendor/google/apiclient-services/src/FirebaseDynamicLinks/Resource/V1.php
OK	/htdocs/application/third_party/omnipay/vendor/google/apiclient-services/src/FirebaseHosting/Status.php
OK	/htdocs/application/third_party/omnipay/vendor/google/apiclient-services/src/FirebaseManagement/AndroidAppConfig.php
OK	/htdocs/application/third_party/omnipay/vendor/google/apiclient-services/src/FirebaseManagement/ListIosAppsResponse.php
OK	/htdocs/application/third_party/omnipay/vendor/google/apiclient-services/src/FirebaseManagement/RemoveWebAppRequest.php
OK	/htdocs/application/third_party/omnipay/vendor/google/apiclient-services/src/FirebaseManagement/Resource/Operations.php
OK	/htdocs/application/third_party/omnipay/vendor/google/apiclient-services/src/FirebaseML/Operation.php
OK	/htdocs/application/third_party/omnipay/vendor/google/apiclient-services/src/FirebaseRules/ExpressionReport.php
OK	/htdocs/application/third_party/omnipay/vendor/google/apiclient-services/src/FirebaseRules/Ruleset.php
OK	/htdocs/application/third_party/omnipay/vendor/google/apiclient-services/src/FirebaseRules/Resource/ProjectsReleases.php
OK	/htdocs/application/third_party/omnipay/vendor/google/apiclient-services/src/Firebasestorage/Resource/ProjectsDefaultBucket.php
OK	/htdocs/application/third_party/omnipay/vendor/google/apiclient-services/src/Firestore/BloomFilter.php
OK	/htdocs/application/third_party/omnipay/vendor/google/apiclient-services/src/Firestore/DocumentsTarget.php
OK	/htdocs/application/third_party/omnipay/vendor/google/apiclient-services/src/Firestore/FirestoreReadOnly.php
OK	/htdocs/application/third_party/omnipay/vendor/google/apiclient-services/src/Firestore/GoogleFirestoreAdminV1DeleteDatabaseMetadata.php
OK	/htdocs/application/third_party/omnipay/vendor/google/apiclient-services/src/Firestore/GoogleFirestoreAdminV1IndexConfig.php
OK	/htdocs/application/third_party/omnipay/vendor/google/apiclient-services/src/Firestore/GoogleFirestoreAdminV1RestoreDatabaseRequest.php
OK	/htdocs/application/third_party/omnipay/vendor/google/apiclient-services/src/Firestore/LatLng.php
OK	/htdocs/application/third_party/omnipay/vendor/google/apiclient-services/src/Firestore/PlanSummary.php
OK	/htdocs/application/third_party/omnipay/vendor/google/apiclient-services/src/Firestore/Status.php
OK	/htdocs/application/third_party/omnipay/vendor/google/apiclient-services/src/Firestore/WriteResponse.php
OK	/htdocs/application/third_party/omnipay/vendor/google/apiclient-services/src/Fitness/AggregateBucket.php
OK	/htdocs/application/third_party/omnipay/vendor/google/apiclient-services/src/Fitness/DataType.php
OK	/htdocs/application/third_party/omnipay/vendor/google/apiclient-services/src/Fitness/Resource/UsersDataSources.php
OK	/htdocs/application/third_party/omnipay/vendor/google/apiclient-services/src/Forms/CreateItemResponse.php
OK	/htdocs/application/third_party/omnipay/vendor/google/apiclient-services/src/Forms/FormSettings.php
OK	/htdocs/application/third_party/omnipay/vendor/google/apiclient-services/src/Forms/MoveItemRequest.php
OK	/htdocs/application/third_party/omnipay/vendor/google/apiclient-services/src/Forms/ScaleQuestion.php
OK	/htdocs/application/third_party/omnipay/vendor/google/apiclient-services/src/Forms/VideoLink.php
OK	/htdocs/application/third_party/omnipay/vendor/google/apiclient-services/src/Games/AchievementUnlockResponse.php
OK	/htdocs/application/third_party/omnipay/vendor/google/apiclient-services/src/Games/EventBatchRecordFailure.php
OK	/htdocs/application/third_party/omnipay/vendor/google/apiclient-services/src/Games/GamesAchievementSetStepsAtLeast.php
OK	/htdocs/application/third_party/omnipay/vendor/google/apiclient-services/src/Games/LeaderboardScoreRank.php
OK	/htdocs/application/third_party/omnipay/vendor/google/apiclient-services/src/Games/PlayerLeaderboardScoreListResponse.php
OK	/htdocs/application/third_party/omnipay/vendor/google/apiclient-services/src/Games/ResetPersonaResponse.php
OK	/htdocs/application/third_party/omnipay/vendor/google/apiclient-services/src/Games/UnlinkPersonaResponse.php
OK	/htdocs/application/third_party/omnipay/vendor/google/apiclient-services/src/Games/Resource/Snapshots.php
OK	/htdocs/application/third_party/omnipay/vendor/google/apiclient-services/src/GamesConfiguration/LocalizedStringBundle.php
OK	/htdocs/application/third_party/omnipay/vendor/google/apiclient-services/src/GameServices/CustomField.php
OK	/htdocs/application/third_party/omnipay/vendor/google/apiclient-services/src/GameServices/GameServerClusterConnectionInfo.php
OK	/htdocs/application/third_party/omnipay/vendor/google/apiclient-services/src/GameServices/ListLocationsResponse.php
OK	/htdocs/application/third_party/omnipay/vendor/google/apiclient-services/src/GameServices/PreviewRealmUpdateResponse.php
OK	/htdocs/application/third_party/omnipay/vendor/google/apiclient-services/src/GameServices/TargetFleetAutoscaler.php
OK	/htdocs/application/third_party/omnipay/vendor/google/apiclient-services/src/GamesManagement/AchievementResetAllResponse.php
OK	/htdocs/application/third_party/omnipay/vendor/google/apiclient-services/src/GamesManagement/ProfileSettings.php
OK	/htdocs/application/third_party/omnipay/vendor/google/apiclient-services/src/Genomics/ContainerKilledEvent.php
OK	/htdocs/application/third_party/omnipay/vendor/google/apiclient-services/src/Genomics/Mount.php
OK	/htdocs/application/third_party/omnipay/vendor/google/apiclient-services/src/Genomics/ServiceAccount.php
OK	/htdocs/application/third_party/omnipay/vendor/google/apiclient-services/src/Genomics/Resource/ProjectsWorkers.php
OK	/htdocs/application/third_party/omnipay/vendor/google/apiclient-services/src/GKEHub/AuditLogConfig.php
OK	/htdocs/application/third_party/omnipay/vendor/google/apiclient-services/src/GKEHub/ClusterUpgradeGKEUpgradeState.php
OK	/htdocs/application/third_party/omnipay/vendor/google/apiclient-services/src/GKEHub/ConfigManagementBinauthzVersion.php
OK	/htdocs/application/third_party/omnipay/vendor/google/apiclient-services/src/GKEHub/ConfigManagementHierarchyControllerDeploymentState.php
OK	/htdocs/application/third_party/omnipay/vendor/google/apiclient-services/src/GKEHub/ConfigManagementPolicyControllerState.php
OK	/htdocs/application/third_party/omnipay/vendor/google/apiclient-services/src/GKEHub/Feature.php
OK	/htdocs/application/third_party/omnipay/vendor/google/apiclient-services/src/GKEHub/FleetObservabilityFleetObservabilityMonitoringState.php
OK	/htdocs/application/third_party/omnipay/vendor/google/apiclient-services/src/GKEHub/IdentityServiceAzureADConfig.php
OK	/htdocs/application/third_party/omnipay/vendor/google/apiclient-services/src/GKEHub/IdentityServiceSimpleBindCredentials.php
OK	/htdocs/application/third_party/omnipay/vendor/google/apiclient-services/src/GKEHub/ListMembershipFeaturesResponse.php
OK	/htdocs/application/third_party/omnipay/vendor/google/apiclient-services/src/GKEHub/MembershipBindingLifecycleState.php
OK	/htdocs/application/third_party/omnipay/vendor/google/apiclient-services/src/GKEHub/NamespaceLifecycleState.php
OK	/htdocs/application/third_party/omnipay/vendor/google/apiclient-services/src/GKEHub/PolicyControllerOnClusterState.php
OK	/htdocs/application/third_party/omnipay/vendor/google/apiclient-services/src/GKEHub/PolicyControllerToleration.php
OK	/htdocs/application/third_party/omnipay/vendor/google/apiclient-services/src/GKEHub/ServiceMeshAnalysisMessageBase.php
OK	/htdocs/application/third_party/omnipay/vendor/google/apiclient-services/src/GKEHub/Status.php
OK	/htdocs/application/third_party/omnipay/vendor/google/apiclient-services/src/GKEHub/Resource/ProjectsLocationsMemberships.php
OK	/htdocs/application/third_party/omnipay/vendor/google/apiclient-services/src/GKEOnPrem/BareMetalAdminControlPlaneConfig.php
OK	/htdocs/application/third_party/omnipay/vendor/google/apiclient-services/src/GKEOnPrem/BareMetalAdminOsEnvironmentConfig.php
OK	/htdocs/application/third_party/omnipay/vendor/google/apiclient-services/src/GKEOnPrem/BareMetalClusterUpgradePolicy.php
OK	/htdocs/application/third_party/omnipay/vendor/google/apiclient-services/src/GKEOnPrem/BareMetalMachineDrainStatus.php
OK	/htdocs/application/third_party/omnipay/vendor/google/apiclient-services/src/GKEOnPrem/BareMetalOsEnvironmentConfig.php
OK	/htdocs/application/third_party/omnipay/vendor/google/apiclient-services/src/GKEOnPrem/CancelOperationRequest.php
OK	/htdocs/application/third_party/omnipay/vendor/google/apiclient-services/src/GKEOnPrem/ListBareMetalAdminClustersResponse.php
OK	/htdocs/application/third_party/omnipay/vendor/google/apiclient-services/src/GKEOnPrem/OperationMetadata.php
OK	/htdocs/application/third_party/omnipay/vendor/google/apiclient-services/src/GKEOnPrem/TestIamPermissionsResponse.php
OK	/htdocs/application/third_party/omnipay/vendor/google/apiclient-services/src/GKEOnPrem/VmwareAdminControlPlaneNodeConfig.php
OK	/htdocs/application/third_party/omnipay/vendor/google/apiclient-services/src/GKEOnPrem/VmwareAutoResizeConfig.php
OK	/htdocs/application/third_party/omnipay/vendor/google/apiclient-services/src/GKEOnPrem/VmwareIpBlock.php
OK	/htdocs/application/third_party/omnipay/vendor/google/apiclient-services/src/GKEOnPrem/VmwareVCenterConfig.php
OK	/htdocs/application/third_party/omnipay/vendor/google/apiclient-services/src/GKEOnPrem/Resource/ProjectsLocationsBareMetalClustersOperations.php
OK	/htdocs/application/third_party/omnipay/vendor/google/apiclient-services/src/Gmail/BatchModifyMessagesRequest.php
OK	/htdocs/application/third_party/omnipay/vendor/google/apiclient-services/src/Gmail/HardwareKeyMetadata.php
OK	/htdocs/application/third_party/omnipay/vendor/google/apiclient-services/src/Gmail/ListCseKeyPairsResponse.php
OK	/htdocs/application/third_party/omnipay/vendor/google/apiclient-services/src/Gmail/MessagePart.php
OK	/htdocs/application/third_party/omnipay/vendor/google/apiclient-services/src/Gmail/SmtpMsa.php
OK	/htdocs/application/third_party/omnipay/vendor/google/apiclient-services/src/Gmail/Resource/UsersSettingsCse.php
OK	/htdocs/application/third_party/omnipay/vendor/google/apiclient-services/src/GoogleAnalyticsAdmin/GoogleAnalyticsAdminV1alphaAccessDimensionHeader.php
OK	/htdocs/application/third_party/omnipay/vendor/google/apiclient-services/src/GoogleAnalyticsAdmin/GoogleAnalyticsAdminV1alphaAccessOrderByMetricOrderBy.php
OK	/htdocs/application/third_party/omnipay/vendor/google/apiclient-services/src/GoogleAnalyticsAdmin/GoogleAnalyticsAdminV1alphaArchiveAudienceRequest.php
OK	/htdocs/application/third_party/omnipay/vendor/google/apiclient-services/src/GoogleAnalyticsAdmin/GoogleAnalyticsAdminV1alphaAudienceEventTrigger.php
OK	/htdocs/application/third_party/omnipay/vendor/google/apiclient-services/src/GoogleAnalyticsAdmin/GoogleAnalyticsAdminV1alphaBatchDeleteUserLinksRequest.php
OK	/htdocs/application/third_party/omnipay/vendor/google/apiclient-services/src/GoogleAnalyticsAdmin/GoogleAnalyticsAdminV1alphaDataRetentionSettings.php
OK	/htdocs/application/third_party/omnipay/vendor/google/apiclient-services/src/GoogleAnalyticsAdmin/GoogleAnalyticsAdminV1alphaExpandedDataSetFilterExpression.php
OK	/htdocs/application/third_party/omnipay/vendor/google/apiclient-services/src/GoogleAnalyticsAdmin/GoogleAnalyticsAdminV1alphaListAndroidAppDataStreamsResponse.php
OK	/htdocs/application/third_party/omnipay/vendor/google/apiclient-services/src/GoogleAnalyticsAdmin/GoogleAnalyticsAdminV1alphaListPropertiesResponse.php
OK	/htdocs/application/third_party/omnipay/vendor/google/apiclient-services/src/GoogleAnalyticsAdmin/GoogleAnalyticsAdminV1alphaSearchAds360Link.php
OK	/htdocs/application/third_party/omnipay/vendor/google/apiclient-services/src/GoogleAnalyticsAdmin/GoogleAnalyticsAdminV1betaAccessFilterExpression.php
OK	/htdocs/application/third_party/omnipay/vendor/google/apiclient-services/src/GoogleAnalyticsAdmin/GoogleAnalyticsAdminV1betaAccessRow.php
OK	/htdocs/application/third_party/omnipay/vendor/google/apiclient-services/src/GoogleAnalyticsAdmin/GoogleAnalyticsAdminV1betaConversionEventDefaultConversionValue.php
OK	/htdocs/application/third_party/omnipay/vendor/google/apiclient-services/src/GoogleAnalyticsAdmin/GoogleAnalyticsAdminV1betaKeyEventDefaultValue.php
OK	/htdocs/application/third_party/omnipay/vendor/google/apiclient-services/src/GoogleAnalyticsAdmin/GoogleAnalyticsAdminV1betaMeasurementProtocolSecret.php
OK	/htdocs/application/third_party/omnipay/vendor/google/apiclient-services/src/GoogleAnalyticsAdmin/Resource/Accounts.php
OK	/htdocs/application/third_party/omnipay/vendor/google/apiclient-services/src/GoogleAnalyticsAdmin/Resource/PropertiesDataStreamsMeasurementProtocolSecrets.php
OK	/htdocs/application/third_party/omnipay/vendor/google/apiclient-services/src/GoogleMarketingPlatformAdminAPI/AnalyticsAccountLink.php
OK	/htdocs/application/third_party/omnipay/vendor/google/apiclient-services/src/HangoutsChat/AccessoryWidget.php
OK	/htdocs/application/third_party/omnipay/vendor/google/apiclient-services/src/HangoutsChat/CardAction.php
OK	/htdocs/application/third_party/omnipay/vendor/google/apiclient-services/src/HangoutsChat/CustomEmojiMetadata.php
OK	/htdocs/application/third_party/omnipay/vendor/google/apiclient-services/src/HangoutsChat/FormAction.php
OK	/htdocs/application/third_party/omnipay/vendor/google/apiclient-services/src/HangoutsChat/GoogleAppsCardV1CarouselCard.php
OK	/htdocs/application/third_party/omnipay/vendor/google/apiclient-services/src/HangoutsChat/GoogleAppsCardV1GridItem.php
OK	/htdocs/application/third_party/omnipay/vendor/google/apiclient-services/src/HangoutsChat/GoogleAppsCardV1PlatformDataSource.php
OK	/htdocs/application/third_party/omnipay/vendor/google/apiclient-services/src/HangoutsChat/Group.php
OK	/htdocs/application/third_party/omnipay/vendor/google/apiclient-services/src/HangoutsChat/Media.php
OK	/htdocs/application/third_party/omnipay/vendor/google/apiclient-services/src/HangoutsChat/MessageBatchUpdatedEventData.php
OK	/htdocs/application/third_party/omnipay/vendor/google/apiclient-services/src/HangoutsChat/ReactionCreatedEventData.php
OK	/htdocs/application/third_party/omnipay/vendor/google/apiclient-services/src/HangoutsChat/SpaceDetails.php
OK	/htdocs/application/third_party/omnipay/vendor/google/apiclient-services/src/HangoutsChat/UpdatedWidget.php
OK	/htdocs/application/third_party/omnipay/vendor/google/apiclient-services/src/HangoutsChat/Resource/SpacesMembers.php
OK	/htdocs/application/third_party/omnipay/vendor/google/apiclient-services/src/HomeGraphService/DeviceNames.php
OK	/htdocs/application/third_party/omnipay/vendor/google/apiclient-services/src/HomeGraphService/StateAndNotificationPayload.php
OK	/htdocs/application/third_party/omnipay/vendor/google/apiclient-services/src/Iam/Binding.php
OK	/htdocs/application/third_party/omnipay/vendor/google/apiclient-services/src/Iam/GoogleIamAdminV1AuditData.php
OK	/htdocs/application/third_party/omnipay/vendor/google/apiclient-services/src/Iam/GoogleIamV3betaOperationMetadata.php
OK	/htdocs/application/third_party/omnipay/vendor/google/apiclient-services/src/Iam/ListServiceAccountsResponse.php
OK	/htdocs/application/third_party/omnipay/vendor/google/apiclient-services/src/Iam/QueryAuditableServicesResponse.php
OK	/htdocs/application/third_party/omnipay/vendor/google/apiclient-services/src/Iam/SignJwtRequest.php
OK	/htdocs/application/third_party/omnipay/vendor/google/apiclient-services/src/Iam/WorkloadIdentityPoolOperationMetadata.php
OK	/htdocs/application/third_party/omnipay/vendor/google/apiclient-services/src/Iam/Resource/Organizations.php
OK	/htdocs/application/third_party/omnipay/vendor/google/apiclient-services/src/Iam/Resource/ProjectsLocationsWorkloadIdentityPoolsProvidersOperations.php
OK	/htdocs/application/third_party/omnipay/vendor/google/apiclient-services/src/IAMCredentials/SignJwtRequest.php
OK	/htdocs/application/third_party/omnipay/vendor/google/apiclient-services/src/Ideahub/GoogleSearchIdeahubV1betaAvailableLocale.php
OK	/htdocs/application/third_party/omnipay/vendor/google/apiclient-services/src/Ideahub/Resource/PlatformsPropertiesIdeas.php
OK	/htdocs/application/third_party/omnipay/vendor/google/apiclient-services/src/IdentityToolkit/IdentitytoolkitRelyingpartyCreateAuthUriRequest.php
OK	/htdocs/application/third_party/omnipay/vendor/google/apiclient-services/src/IdentityToolkit/IdentitytoolkitRelyingpartySignOutUserRequest.php
OK	/htdocs/application/third_party/omnipay/vendor/google/apiclient-services/src/IdentityToolkit/SetAccountInfoResponse.php
OK	/htdocs/application/third_party/omnipay/vendor/google/apiclient-services/src/IDS/AuditLogConfig.php
OK	/htdocs/application/third_party/omnipay/vendor/google/apiclient-services/src/IDS/Policy.php
OK	/htdocs/application/third_party/omnipay/vendor/google/apiclient-services/src/Indexing/Resource/UrlNotifications.php
OK	/htdocs/application/third_party/omnipay/vendor/google/apiclient-services/src/Integrations/EnterpriseCrmEventbusProtoBaseAlertConfigErrorEnumList.php
OK	/htdocs/application/third_party/omnipay/vendor/google/apiclient-services/src/Integrations/EnterpriseCrmEventbusProtoCondition.php
OK	/htdocs/application/third_party/omnipay/vendor/google/apiclient-services/src/Integrations/EnterpriseCrmEventbusProtoEventBusProperties.php
OK	/htdocs/application/third_party/omnipay/vendor/google/apiclient-services/src/Integrations/EnterpriseCrmEventbusProtoFunctionType.php
OK	/htdocs/application/third_party/omnipay/vendor/google/apiclient-services/src/Integrations/EnterpriseCrmEventbusProtoNotification.php
OK	/htdocs/application/third_party/omnipay/vendor/google/apiclient-services/src/Integrations/EnterpriseCrmEventbusProtoPropertyEntry.php
OK	/htdocs/application/third_party/omnipay/vendor/google/apiclient-services/src/Integrations/EnterpriseCrmEventbusProtoSuspensionAuthPermissionsGaiaIdentity.php
OK	/htdocs/application/third_party/omnipay/vendor/google/apiclient-services/src/Integrations/EnterpriseCrmEventbusProtoTeardown.php
OK	/htdocs/application/third_party/omnipay/vendor/google/apiclient-services/src/Integrations/EnterpriseCrmFrontendsEventbusProtoEventExecutionInfo.php
OK	/htdocs/application/third_party/omnipay/vendor/google/apiclient-services/src/Integrations/EnterpriseCrmFrontendsEventbusProtoProtoParameterArray.php
OK	/htdocs/application/third_party/omnipay/vendor/google/apiclient-services/src/Integrations/GoogleCloudConnectorsV1AuthConfig.php
OK	/htdocs/application/third_party/omnipay/vendor/google/apiclient-services/src/Integrations/GoogleCloudConnectorsV1ConnectorVersionInfraConfig.php
OK	/htdocs/application/third_party/omnipay/vendor/google/apiclient-services/src/Integrations/GoogleCloudConnectorsV1LockConfig.php
OK	/htdocs/application/third_party/omnipay/vendor/google/apiclient-services/src/Integrations/GoogleCloudIntegrationsV1alphaArchiveIntegrationVersionResponse.php
OK	/htdocs/application/third_party/omnipay/vendor/google/apiclient-services/src/Integrations/GoogleCloudIntegrationsV1alphaCloudKmsConfig.php
OK	/htdocs/application/third_party/omnipay/vendor/google/apiclient-services/src/Integrations/GoogleCloudIntegrationsV1alphaCreateCloudFunctionResponse.php
OK	/htdocs/application/third_party/omnipay/vendor/google/apiclient-services/src/Integrations/GoogleCloudIntegrationsV1alphaErrorCatcherConfig.php
OK	/htdocs/application/third_party/omnipay/vendor/google/apiclient-services/src/Integrations/GoogleCloudIntegrationsV1alphaExecutionReplayInfo.php
OK	/htdocs/application/third_party/omnipay/vendor/google/apiclient-services/src/Integrations/GoogleCloudIntegrationsV1alphaImportTemplateResponse.php
OK	/htdocs/application/third_party/omnipay/vendor/google/apiclient-services/src/Integrations/GoogleCloudIntegrationsV1alphaLiftSuspensionRequest.php
OK	/htdocs/application/third_party/omnipay/vendor/google/apiclient-services/src/Integrations/GoogleCloudIntegrationsV1alphaListRuntimeActionSchemasResponse.php
OK	/htdocs/application/third_party/omnipay/vendor/google/apiclient-services/src/Integrations/GoogleCloudIntegrationsV1alphaMonitorExecutionStatsRequestMashQuery.php
OK	/htdocs/application/third_party/omnipay/vendor/google/apiclient-services/src/Integrations/GoogleCloudIntegrationsV1alphaParameterMapEntry.php
OK	/htdocs/application/third_party/omnipay/vendor/google/apiclient-services/src/Integrations/GoogleCloudIntegrationsV1alphaRuntimeEntitySchema.php
OK	/htdocs/application/third_party/omnipay/vendor/google/apiclient-services/src/Integrations/GoogleCloudIntegrationsV1alphaSuspensionApprovalConfig.php
OK	/htdocs/application/third_party/omnipay/vendor/google/apiclient-services/src/Integrations/GoogleCloudIntegrationsV1alphaTemplateComponent.php
OK	/htdocs/application/third_party/omnipay/vendor/google/apiclient-services/src/Integrations/GoogleCloudIntegrationsV1alphaUploadIntegrationVersionResponse.php
OK	/htdocs/application/third_party/omnipay/vendor/google/apiclient-services/src/Integrations/GoogleInternalCloudCrmEventbusV3PostToQueueWithTriggerIdRequest.php
OK	/htdocs/application/third_party/omnipay/vendor/google/apiclient-services/src/Integrations/Resource/ProjectsLocationsCloudFunctions.php
OK	/htdocs/application/third_party/omnipay/vendor/google/apiclient-services/src/Integrations/Resource/ProjectsLocationsProductsCertificates.php
OK	/htdocs/application/third_party/omnipay/vendor/google/apiclient-services/src/Integrations/Resource/ProjectsLocationsSfdcInstances.php
OK	/htdocs/application/third_party/omnipay/vendor/google/apiclient-services/src/Keep/ListItem.php
OK	/htdocs/application/third_party/omnipay/vendor/google/apiclient-services/src/Kmsinventory/GoogleCloudKmsInventoryV1ListCryptoKeysResponse.php
OK	/htdocs/application/third_party/omnipay/vendor/google/apiclient-services/src/Kmsinventory/Resource/OrganizationsProtectedResources.php
OK	/htdocs/application/third_party/omnipay/vendor/google/apiclient-services/src/Licensing/LicenseAssignment.php
OK	/htdocs/application/third_party/omnipay/vendor/google/apiclient-services/src/Localservices/GoogleAdsHomeservicesLocalservicesV1SearchDetailedLeadReportsResponse.php
OK	/htdocs/application/third_party/omnipay/vendor/google/apiclient-services/src/Logging/CmekSettings.php
OK	/htdocs/application/third_party/omnipay/vendor/google/apiclient-services/src/Logging/GetPolicyOptions.php
OK	/htdocs/application/third_party/omnipay/vendor/google/apiclient-services/src/Logging/ListLogEntriesResponse.php
OK	/htdocs/application/third_party/omnipay/vendor/google/apiclient-services/src/Logging/LogBucket.php
OK	/htdocs/application/third_party/omnipay/vendor/google/apiclient-services/src/Logging/LogSplit.php
OK	/htdocs/application/third_party/omnipay/vendor/google/apiclient-services/src/Logging/SavedQuery.php
OK	/htdocs/application/third_party/omnipay/vendor/google/apiclient-services/src/Logging/TestIamPermissionsRequest.php
OK	/htdocs/application/third_party/omnipay/vendor/google/apiclient-services/src/Logging/Resource/BillingAccountsLocationsBucketsLinks.php
OK	/htdocs/application/third_party/omnipay/vendor/google/apiclient-services/src/Logging/Resource/FoldersExclusions.php
OK	/htdocs/application/third_party/omnipay/vendor/google/apiclient-services/src/Logging/Resource/Locations.php
OK	/htdocs/application/third_party/omnipay/vendor/google/apiclient-services/src/Logging/Resource/OrganizationsLocationsBucketsViews.php
OK	/htdocs/application/third_party/omnipay/vendor/google/apiclient-services/src/Logging/Resource/ProjectsLocationsBucketsLinks.php
OK	/htdocs/application/third_party/omnipay/vendor/google/apiclient-services/src/Looker/AdminSettings.php
OK	/htdocs/application/third_party/omnipay/vendor/google/apiclient-services/src/Looker/ExportMetadataEncryptionKey.php
OK	/htdocs/application/third_party/omnipay/vendor/google/apiclient-services/src/Looker/MaintenanceWindow.php
OK	/htdocs/application/third_party/omnipay/vendor/google/apiclient-services/src/Looker/TestIamPermissionsResponse.php
OK	/htdocs/application/third_party/omnipay/vendor/google/apiclient-services/src/ManagedServiceforMicrosoftActiveDirectoryConsumerAPI/Certificate.php
OK	/htdocs/application/third_party/omnipay/vendor/google/apiclient-services/src/ManagedServiceforMicrosoftActiveDirectoryConsumerAPI/Expr.php
OK	/htdocs/application/third_party/omnipay/vendor/google/apiclient-services/src/ManagedServiceforMicrosoftActiveDirectoryConsumerAPI/GoogleCloudSaasacceleratorManagementProvidersV1SloEligibility.php
OK	/htdocs/application/third_party/omnipay/vendor/google/apiclient-services/src/ManagedServiceforMicrosoftActiveDirectoryConsumerAPI/MaintenanceWindow.php
OK	/htdocs/application/third_party/omnipay/vendor/google/apiclient-services/src/ManagedServiceforMicrosoftActiveDirectoryConsumerAPI/Schedule.php
OK	/htdocs/application/third_party/omnipay/vendor/google/apiclient-services/src/ManagedServiceforMicrosoftActiveDirectoryConsumerAPI/Resource/ProjectsLocations.php
OK	/htdocs/application/third_party/omnipay/vendor/google/apiclient-services/src/ManufacturerCenter/FeatureDescription.php
OK	/htdocs/application/third_party/omnipay/vendor/google/apiclient-services/src/ManufacturerCenter/ProductCertification.php
OK	/htdocs/application/third_party/omnipay/vendor/google/apiclient-services/src/MapsPlaces/GoogleMapsPlacesV1AutocompletePlacesRequest.php
OK	/htdocs/application/third_party/omnipay/vendor/google/apiclient-services/src/MapsPlaces/GoogleMapsPlacesV1ContextualContent.php
OK	/htdocs/application/third_party/omnipay/vendor/google/apiclient-services/src/MapsPlaces/GoogleMapsPlacesV1PhotoMedia.php
OK	/htdocs/application/third_party/omnipay/vendor/google/apiclient-services/src/MapsPlaces/GoogleMapsPlacesV1PlaceOpeningHoursSpecialDay.php
OK	/htdocs/application/third_party/omnipay/vendor/google/apiclient-services/src/MapsPlaces/GoogleMapsPlacesV1RoutingSummaryLeg.php
OK	/htdocs/application/third_party/omnipay/vendor/google/apiclient-services/src/MapsPlaces/GoogleTypeLatLng.php
OK	/htdocs/application/third_party/omnipay/vendor/google/apiclient-services/src/Meet/ListConferenceRecordsResponse.php
OK	/htdocs/application/third_party/omnipay/vendor/google/apiclient-services/src/Meet/Space.php
OK	/htdocs/application/third_party/omnipay/vendor/google/apiclient-services/src/Merchant/BestSellersProductClusterView.php
OK	/htdocs/application/third_party/omnipay/vendor/google/apiclient-services/src/Merchant/MerchantapiEmpty.php
OK	/htdocs/application/third_party/omnipay/vendor/google/apiclient-services/src/Merchant/ProductReview.php
OK	/htdocs/application/third_party/omnipay/vendor/google/apiclient-services/src/Merchant/Resource/AccountsMerchantReviews.php
OK	/htdocs/application/third_party/omnipay/vendor/google/apiclient-services/src/MigrationCenterAPI/AggregationResultFrequency.php
OK	/htdocs/application/third_party/omnipay/vendor/google/apiclient-services/src/MigrationCenterAPI/BatchDeleteAssetsRequest.php
OK	/htdocs/application/third_party/omnipay/vendor/google/apiclient-services/src/MigrationCenterAPI/DailyResourceUsageAggregationDisk.php
OK	/htdocs/application/third_party/omnipay/vendor/google/apiclient-services/src/MigrationCenterAPI/DatabaseSchema.php
OK	/htdocs/application/third_party/omnipay/vendor/google/apiclient-services/src/MigrationCenterAPI/FileValidationReport.php
OK	/htdocs/application/third_party/omnipay/vendor/google/apiclient-services/src/MigrationCenterAPI/GuestInstalledApplication.php
OK	/htdocs/application/third_party/omnipay/vendor/google/apiclient-services/src/MigrationCenterAPI/ImportRowErrorXlsxErrorDetails.php
OK	/htdocs/application/third_party/omnipay/vendor/google/apiclient-services/src/MigrationCenterAPI/ListPreferenceSetsResponse.php
OK	/htdocs/application/third_party/omnipay/vendor/google/apiclient-services/src/MigrationCenterAPI/MemoryUsageSample.php
OK	/htdocs/application/third_party/omnipay/vendor/google/apiclient-services/src/MigrationCenterAPI/NetworkAddress.php
OK	/htdocs/application/third_party/omnipay/vendor/google/apiclient-services/src/MigrationCenterAPI/PerformanceSample.php
OK	/htdocs/application/third_party/omnipay/vendor/google/apiclient-services/src/MigrationCenterAPI/Report.php
OK	/htdocs/application/third_party/omnipay/vendor/google/apiclient-services/src/MigrationCenterAPI/ReportSummaryHistogramChartDataBucket.php
OK	/htdocs/application/third_party/omnipay/vendor/google/apiclient-services/src/MigrationCenterAPI/RunningService.php
OK	/htdocs/application/third_party/omnipay/vendor/google/apiclient-services/src/MigrationCenterAPI/SqlServerServerFlag.php
OK	/htdocs/application/third_party/omnipay/vendor/google/apiclient-services/src/MigrationCenterAPI/VirtualMachinePreferences.php
OK	/htdocs/application/third_party/omnipay/vendor/google/apiclient-services/src/MigrationCenterAPI/Resource/ProjectsLocationsOperations.php
OK	/htdocs/application/third_party/omnipay/vendor/google/apiclient-services/src/Monitoring/BasicAuthentication.php
OK	/htdocs/application/third_party/omnipay/vendor/google/apiclient-services/src/Monitoring/CollectdValueError.php
OK	/htdocs/application/third_party/omnipay/vendor/google/apiclient-services/src/Monitoring/Documentation.php
OK	/htdocs/application/third_party/omnipay/vendor/google/apiclient-services/src/Monitoring/GkeWorkload.php
OK	/htdocs/application/third_party/omnipay/vendor/google/apiclient-services/src/Monitoring/Link.php
OK	/htdocs/application/third_party/omnipay/vendor/google/apiclient-services/src/Monitoring/ListUptimeCheckConfigsResponse.php
OK	/htdocs/application/third_party/omnipay/vendor/google/apiclient-services/src/Monitoring/MonitoredResourceDescriptor.php
OK	/htdocs/application/third_party/omnipay/vendor/google/apiclient-services/src/Monitoring/PingConfig.php
OK	/htdocs/application/third_party/omnipay/vendor/google/apiclient-services/src/Monitoring/Service.php
OK	/htdocs/application/third_party/omnipay/vendor/google/apiclient-services/src/Monitoring/TimeInterval.php
OK	/htdocs/application/third_party/omnipay/vendor/google/apiclient-services/src/Monitoring/VerifyNotificationChannelRequest.php
OK	/htdocs/application/third_party/omnipay/vendor/google/apiclient-services/src/Monitoring/Resource/ProjectsMonitoredResourceDescriptors.php
OK	/htdocs/application/third_party/omnipay/vendor/google/apiclient-services/src/MyBusinessAccountManagement/DeclineInvitationRequest.php
OK	/htdocs/application/third_party/omnipay/vendor/google/apiclient-services/src/MyBusinessAccountManagement/Resource/AccountsAdmins.php
OK	/htdocs/application/third_party/omnipay/vendor/google/apiclient-services/src/MyBusinessBusinessCalls/Resource/LocationsBusinesscallsinsights.php
OK	/htdocs/application/third_party/omnipay/vendor/google/apiclient-services/src/MyBusinessBusinessInformation/ChainName.php
OK	/htdocs/application/third_party/omnipay/vendor/google/apiclient-services/src/MyBusinessBusinessInformation/Location.php
OK	/htdocs/application/third_party/omnipay/vendor/google/apiclient-services/src/MyBusinessBusinessInformation/RelationshipData.php
OK	/htdocs/application/third_party/omnipay/vendor/google/apiclient-services/src/MyBusinessBusinessInformation/TimeOfDay.php
OK	/htdocs/application/third_party/omnipay/vendor/google/apiclient-services/src/MyBusinessLodging/Activities.php
OK	/htdocs/application/third_party/omnipay/vendor/google/apiclient-services/src/MyBusinessLodging/Housekeeping.php
OK	/htdocs/application/third_party/omnipay/vendor/google/apiclient-services/src/MyBusinessLodging/Parking.php
OK	/htdocs/application/third_party/omnipay/vendor/google/apiclient-services/src/MyBusinessLodging/TimeOfDay.php
OK	/htdocs/application/third_party/omnipay/vendor/google/apiclient-services/src/MyBusinessPlaceActions/FeeDetails.php
OK	/htdocs/application/third_party/omnipay/vendor/google/apiclient-services/src/MyBusinessPlaceActions/Resource/Locations.php
OK	/htdocs/application/third_party/omnipay/vendor/google/apiclient-services/src/MyBusinessQA/Resource/LocationsQuestionsAnswers.php
OK	/htdocs/application/third_party/omnipay/vendor/google/apiclient-services/src/MyBusinessVerifications/PostalAddress.php
OK	/htdocs/application/third_party/omnipay/vendor/google/apiclient-services/src/MyBusinessVerifications/Resource/LocationsVerifications.php
OK	/htdocs/application/third_party/omnipay/vendor/google/apiclient-services/src/NetAppFiles/DailySchedule.php
OK	/htdocs/application/third_party/omnipay/vendor/google/apiclient-services/src/NetAppFiles/KmsConfig.php
OK	/htdocs/application/third_party/omnipay/vendor/google/apiclient-services/src/NetAppFiles/ListVolumesResponse.php
OK	/htdocs/application/third_party/omnipay/vendor/google/apiclient-services/src/NetAppFiles/Replication.php
OK	/htdocs/application/third_party/omnipay/vendor/google/apiclient-services/src/NetAppFiles/StoragePool.php
OK	/htdocs/application/third_party/omnipay/vendor/google/apiclient-services/src/NetAppFiles/Resource/Projects.php
OK	/htdocs/application/third_party/omnipay/vendor/google/apiclient-services/src/NetAppFiles/Resource/ProjectsLocationsVolumesSnapshots.php
OK	/htdocs/application/third_party/omnipay/vendor/google/apiclient-services/src/Networkconnectivity/ConsumerPscConnection.php
OK	/htdocs/application/third_party/omnipay/vendor/google/apiclient-services/src/Networkconnectivity/Group.php
OK	/htdocs/application/third_party/omnipay/vendor/google/apiclient-services/src/Networkconnectivity/ListGroupsResponse.php
OK	/htdocs/application/third_party/omnipay/vendor/google/apiclient-services/src/Networkconnectivity/ListServiceConnectionTokensResponse.php
OK	/htdocs/application/third_party/omnipay/vendor/google/apiclient-services/src/Networkconnectivity/NextHopInterconnectAttachment.php
OK	/htdocs/application/third_party/omnipay/vendor/google/apiclient-services/src/Networkconnectivity/QueryHubStatusResponse.php
OK	/htdocs/application/third_party/omnipay/vendor/google/apiclient-services/src/Networkconnectivity/ServiceClass.php
OK	/htdocs/application/third_party/omnipay/vendor/google/apiclient-services/src/Networkconnectivity/TestIamPermissionsResponse.php
OK	/htdocs/application/third_party/omnipay/vendor/google/apiclient-services/src/Networkconnectivity/Resource/ProjectsLocationsNetworkconnectivityGlobalHubsRouteTablesRoutes.php
OK	/htdocs/application/third_party/omnipay/vendor/google/apiclient-services/src/NetworkManagement/AuditConfig.php
OK	/htdocs/application/third_party/omnipay/vendor/google/apiclient-services/src/NetworkManagement/EdgeLocation.php
OK	/htdocs/application/third_party/omnipay/vendor/google/apiclient-services/src/NetworkManagement/ListConnectivityTestsResponse.php
OK	/htdocs/application/third_party/omnipay/vendor/google/apiclient-services/src/NetworkManagement/OperationMetadata.php
OK	/htdocs/application/third_party/omnipay/vendor/google/apiclient-services/src/NetworkManagement/Step.php
OK	/htdocs/application/third_party/omnipay/vendor/google/apiclient-services/src/NetworkManagement/Resource/ProjectsLocationsNetworkmanagementGlobalConnectivityTests.php
OK	/htdocs/application/third_party/omnipay/vendor/google/apiclient-services/src/NetworkSecurity/AuthzPolicyAuthzRuleRequestResource.php
OK	/htdocs/application/third_party/omnipay/vendor/google/apiclient-services/src/NetworkSecurity/ClientTlsPolicy.php
OK	/htdocs/application/third_party/omnipay/vendor/google/apiclient-services/src/NetworkSecurity/GoogleCloudNetworksecurityV1beta1GrpcEndpoint.php
OK	/htdocs/application/third_party/omnipay/vendor/google/apiclient-services/src/NetworkSecurity/ListAddressGroupReferencesResponseAddressGroupReference.php
OK	/htdocs/application/third_party/omnipay/vendor/google/apiclient-services/src/NetworkSecurity/ListMirroringEndpointGroupAssociationsResponse.php
OK	/htdocs/application/third_party/omnipay/vendor/google/apiclient-services/src/NetworkSecurity/MirroringEndpointGroup.php
OK	/htdocs/application/third_party/omnipay/vendor/google/apiclient-services/src/NetworkSecurity/ServerTlsPolicy.php
OK	/htdocs/application/third_party/omnipay/vendor/google/apiclient-services/src/NetworkSecurity/Resource/OrganizationsLocationsFirewallEndpoints.php
OK	/htdocs/application/third_party/omnipay/vendor/google/apiclient-services/src/NetworkSecurity/Resource/ProjectsLocationsGatewaySecurityPoliciesRules.php
OK	/htdocs/application/third_party/omnipay/vendor/google/apiclient-services/src/NetworkServices/Binding.php
OK	/htdocs/application/third_party/omnipay/vendor/google/apiclient-services/src/NetworkServices/GrpcRoute.php
OK	/htdocs/application/third_party/omnipay/vendor/google/apiclient-services/src/NetworkServices/HttpRoute.php
OK	/htdocs/application/third_party/omnipay/vendor/google/apiclient-services/src/NetworkServices/HttpRouteRequestMirrorPolicy.php
OK	/htdocs/application/third_party/omnipay/vendor/google/apiclient-services/src/NetworkServices/ListGatewaysResponse.php
OK	/htdocs/application/third_party/omnipay/vendor/google/apiclient-services/src/NetworkServices/ListTlsRoutesResponse.php
OK	/htdocs/application/third_party/omnipay/vendor/google/apiclient-services/src/NetworkServices/ServiceBinding.php
OK	/htdocs/application/third_party/omnipay/vendor/google/apiclient-services/src/NetworkServices/TestIamPermissionsResponse.php
OK	/htdocs/application/third_party/omnipay/vendor/google/apiclient-services/src/NetworkServices/Resource/Projects.php
OK	/htdocs/application/third_party/omnipay/vendor/google/apiclient-services/src/NetworkServices/Resource/ProjectsLocationsLbTrafficExtensions.php
OK	/htdocs/application/third_party/omnipay/vendor/google/apiclient-services/src/NetworkServices/Resource/ProjectsLocationsTlsRoutes.php
OK	/htdocs/application/third_party/omnipay/vendor/google/apiclient-services/src/OnDemandScanning/AnalyzePackagesRequestV1.php
OK	/htdocs/application/third_party/omnipay/vendor/google/apiclient-services/src/OnDemandScanning/BuildProvenance.php
OK	/htdocs/application/third_party/omnipay/vendor/google/apiclient-services/src/OnDemandScanning/EnvelopeSignature.php
OK	/htdocs/application/third_party/omnipay/vendor/google/apiclient-services/src/OnDemandScanning/GrafeasV1SlsaProvenance02SlsaInvocation.php
OK	/htdocs/application/third_party/omnipay/vendor/google/apiclient-services/src/OnDemandScanning/InTotoProvenance.php
OK	/htdocs/application/third_party/omnipay/vendor/google/apiclient-services/src/OnDemandScanning/Maintainer.php
OK	/htdocs/application/third_party/omnipay/vendor/google/apiclient-services/src/OnDemandScanning/ProvenanceBuilder.php
OK	/htdocs/application/third_party/omnipay/vendor/google/apiclient-services/src/OnDemandScanning/SlsaBuilder.php
OK	/htdocs/application/third_party/omnipay/vendor/google/apiclient-services/src/OnDemandScanning/UpgradeDistribution.php
OK	/htdocs/application/third_party/omnipay/vendor/google/apiclient-services/src/OracleDatabase/AllConnectionStrings.php
OK	/htdocs/application/third_party/omnipay/vendor/google/apiclient-services/src/OracleDatabase/CloudAccountDetails.php
OK	/htdocs/application/third_party/omnipay/vendor/google/apiclient-services/src/OracleDatabase/DbSystemShape.php
OK	/htdocs/application/third_party/omnipay/vendor/google/apiclient-services/src/OracleDatabase/ListDbServersResponse.php
OK	/htdocs/application/third_party/omnipay/vendor/google/apiclient-services/src/OracleDatabase/RestoreAutonomousDatabaseRequest.php
OK	/htdocs/application/third_party/omnipay/vendor/google/apiclient-services/src/OracleDatabase/Resource/ProjectsLocationsCloudExadataInfrastructuresDbServers.php
OK	/htdocs/application/third_party/omnipay/vendor/google/apiclient-services/src/OrgPolicyAPI/GoogleCloudOrgpolicyV2ConstraintCustomConstraintDefinitionParameterMetadata.php
OK	/htdocs/application/third_party/omnipay/vendor/google/apiclient-services/src/OrgPolicyAPI/GoogleProtobufEmpty.php
OK	/htdocs/application/third_party/omnipay/vendor/google/apiclient-services/src/OSConfig/AptSettings.php
OK	/htdocs/application/third_party/omnipay/vendor/google/apiclient-services/src/OSConfig/GooSettings.php
OK	/htdocs/application/third_party/omnipay/vendor/google/apiclient-services/src/OSConfig/ListOperationsResponse.php
OK	/htdocs/application/third_party/omnipay/vendor/google/apiclient-services/src/OSConfig/OSPolicy.php
OK	/htdocs/application/third_party/omnipay/vendor/google/apiclient-services/src/OSConfig/OSPolicyInventoryFilter.php
OK	/htdocs/application/third_party/omnipay/vendor/google/apiclient-services/src/OSConfig/OSPolicyResourcePackageResourceGooGet.php
OK	/htdocs/application/third_party/omnipay/vendor/google/apiclient-services/src/OSConfig/PatchInstanceFilter.php
OK	/htdocs/application/third_party/omnipay/vendor/google/apiclient-services/src/OSConfig/TimeZone.php
OK	/htdocs/application/third_party/omnipay/vendor/google/apiclient-services/src/OSConfig/Resource/Projects.php
OK	/htdocs/application/third_party/omnipay/vendor/google/apiclient-services/src/OSConfig/Resource/ProjectsPatchJobsInstanceDetails.php
OK	/htdocs/application/third_party/omnipay/vendor/google/apiclient-services/src/PagespeedInsights/MetricSavings.php
OK	/htdocs/application/third_party/omnipay/vendor/google/apiclient-services/src/Parallelstore/DestinationParallelstore.php
OK	/htdocs/application/third_party/omnipay/vendor/google/apiclient-services/src/Parallelstore/SourceParallelstore.php
OK	/htdocs/application/third_party/omnipay/vendor/google/apiclient-services/src/PaymentsResellerSubscription/GoogleCloudPaymentsResellerSubscriptionV1EntitleSubscriptionRequest.php
OK	/htdocs/application/third_party/omnipay/vendor/google/apiclient-services/src/PaymentsResellerSubscription/GoogleCloudPaymentsResellerSubscriptionV1GoogleOnePayload.php
OK	/htdocs/application/third_party/omnipay/vendor/google/apiclient-services/src/PaymentsResellerSubscription/GoogleCloudPaymentsResellerSubscriptionV1PromotionIntroductoryPricingDetailsIntroductoryPricingSpec.php
OK	/htdocs/application/third_party/omnipay/vendor/google/apiclient-services/src/PaymentsResellerSubscription/GoogleCloudPaymentsResellerSubscriptionV1UserSession.php
OK	/htdocs/application/third_party/omnipay/vendor/google/apiclient-services/src/PeopleService/BatchCreateContactsRequest.php
OK	/htdocs/application/third_party/omnipay/vendor/google/apiclient-services/src/PeopleService/ContactGroupMembership.php
OK	/htdocs/application/third_party/omnipay/vendor/google/apiclient-services/src/PeopleService/ExternalId.php
OK	/htdocs/application/third_party/omnipay/vendor/google/apiclient-services/src/PeopleService/Locale.php
OK	/htdocs/application/third_party/omnipay/vendor/google/apiclient-services/src/PeopleService/PersonMetadata.php
OK	/htdocs/application/third_party/omnipay/vendor/google/apiclient-services/src/PeopleService/SipAddress.php
OK	/htdocs/application/third_party/omnipay/vendor/google/apiclient-services/src/PeopleService/Resource/OtherContacts.php
OK	/htdocs/application/third_party/omnipay/vendor/google/apiclient-services/src/PlayableLocations/GoogleMapsPlayablelocationsV3SamplePlayableLocation.php
OK	/htdocs/application/third_party/omnipay/vendor/google/apiclient-services/src/Playdeveloperreporting/GooglePlayDeveloperReportingV1beta1Anomaly.php
OK	/htdocs/application/third_party/omnipay/vendor/google/apiclient-services/src/Playdeveloperreporting/GooglePlayDeveloperReportingV1beta1ExcessiveWakeupRateMetricSet.php
OK	/htdocs/application/third_party/omnipay/vendor/google/apiclient-services/src/Playdeveloperreporting/GooglePlayDeveloperReportingV1beta1QueryErrorCountMetricSetRequest.php
OK	/htdocs/application/third_party/omnipay/vendor/google/apiclient-services/src/Playdeveloperreporting/GooglePlayDeveloperReportingV1beta1SearchAccessibleAppsResponse.php
OK	/htdocs/application/third_party/omnipay/vendor/google/apiclient-services/src/Playdeveloperreporting/Resource/Apps.php
OK	/htdocs/application/third_party/omnipay/vendor/google/apiclient-services/src/PlayGrouping/CreateOrUpdateTagsRequest.php
OK	/htdocs/application/third_party/omnipay/vendor/google/apiclient-services/src/PlayIntegrity/AppIntegrity.php
OK	/htdocs/application/third_party/omnipay/vendor/google/apiclient-services/src/PlayIntegrity/UserRemediationDetails.php
OK	/htdocs/application/third_party/omnipay/vendor/google/apiclient-services/src/PolicyAnalyzer/Resource/FoldersLocationsActivityTypes.php
OK	/htdocs/application/third_party/omnipay/vendor/google/apiclient-services/src/PolicySimulator/GoogleCloudOrgpolicyV2Policy.php
OK	/htdocs/application/third_party/omnipay/vendor/google/apiclient-services/src/PolicySimulator/GoogleCloudPolicysimulatorV1alphaOrgPolicyViolationsPreviewResourceCounts.php
OK	/htdocs/application/third_party/omnipay/vendor/google/apiclient-services/src/PolicySimulator/GoogleCloudPolicysimulatorV1BindingExplanation.php
OK	/htdocs/application/third_party/omnipay/vendor/google/apiclient-services/src/PolicySimulator/GoogleCloudPolicysimulatorV1OrgPolicyViolationsPreviewResourceCounts.php
OK	/htdocs/application/third_party/omnipay/vendor/google/apiclient-services/src/PolicySimulator/GoogleLongrunningListOperationsResponse.php
OK	/htdocs/application/third_party/omnipay/vendor/google/apiclient-services/src/PolicySimulator/Resource/Operations.php
OK	/htdocs/application/third_party/omnipay/vendor/google/apiclient-services/src/PolicySimulator/Resource/ProjectsLocationsOrgPolicyViolationsPreviewsOperations.php
OK	/htdocs/application/third_party/omnipay/vendor/google/apiclient-services/src/PolicyTroubleshooter/GoogleIamV1Binding.php
OK	/htdocs/application/third_party/omnipay/vendor/google/apiclient-services/src/Pollen/PlantInfo.php
OK	/htdocs/application/third_party/omnipay/vendor/google/apiclient-services/src/PolyService/ListUserAssetsResponse.php
OK	/htdocs/application/third_party/omnipay/vendor/google/apiclient-services/src/PostmasterTools/DeliveryError.php
OK	/htdocs/application/third_party/omnipay/vendor/google/apiclient-services/src/PublicCertificateAuthority/Resource/ProjectsLocationsExternalAccountKeys.php
OK	/htdocs/application/third_party/omnipay/vendor/google/apiclient-services/src/Pubsub/CommitSchemaRequest.php
OK	/htdocs/application/third_party/omnipay/vendor/google/apiclient-services/src/Pubsub/ListSubscriptionsResponse.php
OK	/htdocs/application/third_party/omnipay/vendor/google/apiclient-services/src/Pubsub/PublishRequest.php
OK	/htdocs/application/third_party/omnipay/vendor/google/apiclient-services/src/Pubsub/Schema.php
OK	/htdocs/application/third_party/omnipay/vendor/google/apiclient-services/src/Pubsub/UpdateSnapshotRequest.php
OK	/htdocs/application/third_party/omnipay/vendor/google/apiclient-services/src/Pubsub/Resource/ProjectsTopicsSnapshots.php
OK	/htdocs/application/third_party/omnipay/vendor/google/apiclient-services/src/PubsubLite/Cursor.php
OK	/htdocs/application/third_party/omnipay/vendor/google/apiclient-services/src/PubsubLite/PartitionConfig.php
OK	/htdocs/application/third_party/omnipay/vendor/google/apiclient-services/src/PubsubLite/Topic.php
OK	/htdocs/application/third_party/omnipay/vendor/google/apiclient-services/src/PubsubLite/Resource/CursorProjects.php
OK	/htdocs/application/third_party/omnipay/vendor/google/apiclient-services/src/RapidMigrationAssessment/ListCollectorsResponse.php
OK	/htdocs/application/third_party/omnipay/vendor/google/apiclient-services/src/RapidMigrationAssessment/Resource/Projects.php
OK	/htdocs/application/third_party/omnipay/vendor/google/apiclient-services/src/RealTimeBidding/BatchApprovePublisherConnectionsRequest.php
OK	/htdocs/application/third_party/omnipay/vendor/google/apiclient-services/src/RealTimeBidding/DestinationNotWorkingEvidence.php
OK	/htdocs/application/third_party/omnipay/vendor/google/apiclient-services/src/RealTimeBidding/ListBuyersResponse.php
OK	/htdocs/application/third_party/omnipay/vendor/google/apiclient-services/src/RealTimeBidding/PolicyTopicEvidence.php
OK	/htdocs/application/third_party/omnipay/vendor/google/apiclient-services/src/RealTimeBidding/VideoContent.php
OK	/htdocs/application/third_party/omnipay/vendor/google/apiclient-services/src/RecaptchaEnterprise/GoogleCloudRecaptchaenterpriseV1AccountDefenderAssessment.php
OK	/htdocs/application/third_party/omnipay/vendor/google/apiclient-services/src/RecaptchaEnterprise/GoogleCloudRecaptchaenterpriseV1Event.php
OK	/htdocs/application/third_party/omnipay/vendor/google/apiclient-services/src/RecaptchaEnterprise/GoogleCloudRecaptchaenterpriseV1FraudPreventionAssessmentBehavioralTrustVerdict.php
OK	/htdocs/application/third_party/omnipay/vendor/google/apiclient-services/src/RecaptchaEnterprise/GoogleCloudRecaptchaenterpriseV1ListRelatedAccountGroupMembershipsResponse.php
OK	/htdocs/application/third_party/omnipay/vendor/google/apiclient-services/src/RecaptchaEnterprise/GoogleCloudRecaptchaenterpriseV1RetrieveLegacySecretKeyResponse.php
OK	/htdocs/application/third_party/omnipay/vendor/google/apiclient-services/src/RecaptchaEnterprise/GoogleCloudRecaptchaenterpriseV1TransactionDataItem.php
OK	/htdocs/application/third_party/omnipay/vendor/google/apiclient-services/src/RecaptchaEnterprise/Resource/ProjectsKeys.php
OK	/htdocs/application/third_party/omnipay/vendor/google/apiclient-services/src/RecommendationsAI/GoogleCloudRecommendationengineV1beta1CatalogItem.php
OK	/htdocs/application/third_party/omnipay/vendor/google/apiclient-services/src/RecommendationsAI/GoogleCloudRecommendationengineV1beta1ImportErrorsConfig.php
OK	/htdocs/application/third_party/omnipay/vendor/google/apiclient-services/src/RecommendationsAI/GoogleCloudRecommendationengineV1beta1PredictResponsePredictionResult.php
OK	/htdocs/application/third_party/omnipay/vendor/google/apiclient-services/src/RecommendationsAI/GoogleCloudRecommendationengineV1beta1RejoinUserEventsResponse.php
OK	/htdocs/application/third_party/omnipay/vendor/google/apiclient-services/src/RecommendationsAI/Resource/ProjectsLocationsCatalogsCatalogItems.php
OK	/htdocs/application/third_party/omnipay/vendor/google/apiclient-services/src/Recommender/GoogleCloudRecommenderV1InsightTypeConfig.php
OK	/htdocs/application/third_party/omnipay/vendor/google/apiclient-services/src/Recommender/GoogleCloudRecommenderV1RecommendationContent.php
OK	/htdocs/application/third_party/omnipay/vendor/google/apiclient-services/src/Recommender/Resource/BillingAccountsLocationsInsightTypes.php
OK	/htdocs/application/third_party/omnipay/vendor/google/apiclient-services/src/Recommender/Resource/OrganizationsLocationsInsightTypes.php
OK	/htdocs/application/third_party/omnipay/vendor/google/apiclient-services/src/RemoteBuildExecution/BuildBazelRemoteExecutionV2ActionResult.php
OK	/htdocs/application/third_party/omnipay/vendor/google/apiclient-services/src/RemoteBuildExecution/BuildBazelRemoteExecutionV2Directory.php
OK	/htdocs/application/third_party/omnipay/vendor/google/apiclient-services/src/RemoteBuildExecution/BuildBazelRemoteExecutionV2LogFile.php
OK	/htdocs/application/third_party/omnipay/vendor/google/apiclient-services/src/RemoteBuildExecution/BuildBazelRemoteExecutionV2ServerCapabilities.php
OK	/htdocs/application/third_party/omnipay/vendor/google/apiclient-services/src/RemoteBuildExecution/GoogleDevtoolsRemotebuildexecutionAdminV1alphaAcceleratorConfig.php
OK	/htdocs/application/third_party/omnipay/vendor/google/apiclient-services/src/RemoteBuildExecution/GoogleDevtoolsRemotebuildexecutionAdminV1alphaListInstancesResponse.php
OK	/htdocs/application/third_party/omnipay/vendor/google/apiclient-services/src/RemoteBuildExecution/GoogleDevtoolsRemoteworkersV1test2CommandTask.php
OK	/htdocs/application/third_party/omnipay/vendor/google/apiclient-services/src/RemoteBuildExecution/Resource/Actions.php
OK	/htdocs/application/third_party/omnipay/vendor/google/apiclient-services/src/Reports/Channel.php
OK	/htdocs/application/third_party/omnipay/vendor/google/apiclient-services/src/Reports/Resource/UserUsageReport.php
OK	/htdocs/application/third_party/omnipay/vendor/google/apiclient-services/src/Reseller/Subscriptions.php
OK	/htdocs/application/third_party/omnipay/vendor/google/apiclient-services/src/ResourceSettings/GoogleCloudResourcesettingsV1ValueStringSet.php
OK	/htdocs/application/third_party/omnipay/vendor/google/apiclient-services/src/SA360/GoogleAdsSearchads360V0CommonAudienceInfo.php
OK	/htdocs/application/third_party/omnipay/vendor/google/apiclient-services/src/SA360/GoogleAdsSearchads360V0CommonLanguageInfo.php
OK	/htdocs/application/third_party/omnipay/vendor/google/apiclient-services/src/SA360/GoogleAdsSearchads360V0CommonRealTimeBiddingSetting.php
OK	/htdocs/application/third_party/omnipay/vendor/google/apiclient-services/src/SA360/GoogleAdsSearchads360V0CommonTargetRestriction.php
OK	/htdocs/application/third_party/omnipay/vendor/google/apiclient-services/src/SA360/GoogleAdsSearchads360V0CommonWebpageConditionInfo.php
OK	/htdocs/application/third_party/omnipay/vendor/google/apiclient-services/src/SA360/GoogleAdsSearchads360V0ResourcesAccessibleBiddingStrategyMaximizeConversionValue.php
OK	/htdocs/application/third_party/omnipay/vendor/google/apiclient-services/src/SA360/GoogleAdsSearchads360V0ResourcesAdGroupAudienceView.php
OK	/htdocs/application/third_party/omnipay/vendor/google/apiclient-services/src/SA360/GoogleAdsSearchads360V0ResourcesAssetGroupAsset.php
OK	/htdocs/application/third_party/omnipay/vendor/google/apiclient-services/src/SA360/GoogleAdsSearchads360V0ResourcesCampaignAudienceView.php
OK	/htdocs/application/third_party/omnipay/vendor/google/apiclient-services/src/SA360/GoogleAdsSearchads360V0ResourcesCartDataSalesView.php
OK	/htdocs/application/third_party/omnipay/vendor/google/apiclient-services/src/SA360/GoogleAdsSearchads360V0ResourcesCustomerAssetSet.php
OK	/htdocs/application/third_party/omnipay/vendor/google/apiclient-services/src/SA360/GoogleAdsSearchads360V0ResourcesListingGroupFilterDimensionProductBiddingCategory.php
OK	/htdocs/application/third_party/omnipay/vendor/google/apiclient-services/src/SA360/GoogleAdsSearchads360V0ResourcesUserList.php
OK	/htdocs/application/third_party/omnipay/vendor/google/apiclient-services/src/SA360/GoogleAdsSearchads360V0ServicesSearchSearchAds360FieldsRequest.php
OK	/htdocs/application/third_party/omnipay/vendor/google/apiclient-services/src/Safebrowsing/Constraints.php
OK	/htdocs/application/third_party/omnipay/vendor/google/apiclient-services/src/Safebrowsing/GoogleSecuritySafebrowsingV4FetchThreatListUpdatesRequestListUpdateRequestConstraints.php
OK	/htdocs/application/third_party/omnipay/vendor/google/apiclient-services/src/Safebrowsing/GoogleSecuritySafebrowsingV4ThreatEntryMetadata.php
OK	/htdocs/application/third_party/omnipay/vendor/google/apiclient-services/src/Safebrowsing/ListThreatListsResponse.php
OK	/htdocs/application/third_party/omnipay/vendor/google/apiclient-services/src/Safebrowsing/ThreatInfo.php
OK	/htdocs/application/third_party/omnipay/vendor/google/apiclient-services/src/Safebrowsing/Resource/ThreatMatches.php
OK	/htdocs/application/third_party/omnipay/vendor/google/apiclient-services/src/Sasportal/SasPortalDeviceMetadata.php
OK	/htdocs/application/third_party/omnipay/vendor/google/apiclient-services/src/Sasportal/SasPortalListDevicesResponse.php
OK	/htdocs/application/third_party/omnipay/vendor/google/apiclient-services/src/Sasportal/SasPortalOperation.php
OK	/htdocs/application/third_party/omnipay/vendor/google/apiclient-services/src/Sasportal/SasPortalTestPermissionsResponse.php
OK	/htdocs/application/third_party/omnipay/vendor/google/apiclient-services/src/Sasportal/Resource/Deployments.php
OK	/htdocs/application/third_party/omnipay/vendor/google/apiclient-services/src/SASPortalTesting/SasPortalAssignment.php
OK	/htdocs/application/third_party/omnipay/vendor/google/apiclient-services/src/SASPortalTesting/SasPortalDeviceModel.php
OK	/htdocs/application/third_party/omnipay/vendor/google/apiclient-services/src/SASPortalTesting/SasPortalListGcpProjectDeploymentsResponse.php
OK	/htdocs/application/third_party/omnipay/vendor/google/apiclient-services/src/SASPortalTesting/SasPortalOrganization.php
OK	/htdocs/application/third_party/omnipay/vendor/google/apiclient-services/src/SASPortalTesting/SasPortalUpdateSignedDeviceRequest.php
OK	/htdocs/application/third_party/omnipay/vendor/google/apiclient-services/src/SASPortalTesting/Resource/DeploymentsDevices.php
OK	/htdocs/application/third_party/omnipay/vendor/google/apiclient-services/src/Script/Content.php
OK	/htdocs/application/third_party/omnipay/vendor/google/apiclient-services/src/Script/GoogleAppsScriptTypeFunction.php
OK	/htdocs/application/third_party/omnipay/vendor/google/apiclient-services/src/Script/MetricsValue.php
OK	/htdocs/application/third_party/omnipay/vendor/google/apiclient-services/src/Script/Resource/Processes.php
OK	/htdocs/application/third_party/omnipay/vendor/google/apiclient-services/src/SearchConsole/Image.php
OK	/htdocs/application/third_party/omnipay/vendor/google/apiclient-services/src/SearchConsole/RunMobileFriendlyTestResponse.php
OK	/htdocs/application/third_party/omnipay/vendor/google/apiclient-services/src/SearchConsole/Resource/Sites.php
OK	/htdocs/application/third_party/omnipay/vendor/google/apiclient-services/src/SecretManager/CustomerManagedEncryption.php
OK	/htdocs/application/third_party/omnipay/vendor/google/apiclient-services/src/SecretManager/ReplicaStatus.php
OK	/htdocs/application/third_party/omnipay/vendor/google/apiclient-services/src/SecretManager/UserManaged.php
OK	/htdocs/application/third_party/omnipay/vendor/google/apiclient-services/src/SecurityCommandCenter/Application.php
OK	/htdocs/application/third_party/omnipay/vendor/google/apiclient-services/src/SecurityCommandCenter/AwsAccount.php
OK	/htdocs/application/third_party/omnipay/vendor/google/apiclient-services/src/SecurityCommandCenter/Binding.php
OK	/htdocs/application/third_party/omnipay/vendor/google/apiclient-services/src/SecurityCommandCenter/Container.php
OK	/htdocs/application/third_party/omnipay/vendor/google/apiclient-services/src/SecurityCommandCenter/Disk.php
OK	/htdocs/application/third_party/omnipay/vendor/google/apiclient-services/src/SecurityCommandCenter/GcpMetadata.php
OK	/htdocs/application/third_party/omnipay/vendor/google/apiclient-services/src/SecurityCommandCenter/GoogleCloudSecuritycenterV1ExposurePath.php
OK	/htdocs/application/third_party/omnipay/vendor/google/apiclient-services/src/SecurityCommandCenter/GoogleCloudSecuritycenterV1ResourceSelector.php
OK	/htdocs/application/third_party/omnipay/vendor/google/apiclient-services/src/SecurityCommandCenter/GoogleCloudSecuritycenterV2AwsAccount.php
OK	/htdocs/application/third_party/omnipay/vendor/google/apiclient-services/src/SecurityCommandCenter/GoogleCloudSecuritycenterV2BulkMuteFindingsResponse.php
OK	/htdocs/application/third_party/omnipay/vendor/google/apiclient-services/src/SecurityCommandCenter/GoogleCloudSecuritycenterV2DataAccessEvent.php
OK	/htdocs/application/third_party/omnipay/vendor/google/apiclient-services/src/SecurityCommandCenter/GoogleCloudSecuritycenterV2ExternalSystem.php
OK	/htdocs/application/third_party/omnipay/vendor/google/apiclient-services/src/SecurityCommandCenter/GoogleCloudSecuritycenterV2IssueFinding.php
OK	/htdocs/application/third_party/omnipay/vendor/google/apiclient-services/src/SecurityCommandCenter/GoogleCloudSecuritycenterV2IssueSecurityContextContext.php
OK	/htdocs/application/third_party/omnipay/vendor/google/apiclient-services/src/SecurityCommandCenter/GoogleCloudSecuritycenterV2Node.php
OK	/htdocs/application/third_party/omnipay/vendor/google/apiclient-services/src/SecurityCommandCenter/GoogleCloudSecuritycenterV2Reference.php
OK	/htdocs/application/third_party/omnipay/vendor/google/apiclient-services/src/SecurityCommandCenter/GoogleCloudSecuritycenterV2ServiceAccountDelegationInfo.php
OK	/htdocs/application/third_party/omnipay/vendor/google/apiclient-services/src/SecurityCommandCenter/GroupResult.php
OK	/htdocs/application/third_party/omnipay/vendor/google/apiclient-services/src/SecurityCommandCenter/ListAttackPathsResponse.php
OK	/htdocs/application/third_party/omnipay/vendor/google/apiclient-services/src/SecurityCommandCenter/ListResourceValueConfigsResponse.php
OK	/htdocs/application/third_party/omnipay/vendor/google/apiclient-services/src/SecurityCommandCenter/Notebook.php
OK	/htdocs/application/third_party/omnipay/vendor/google/apiclient-services/src/SecurityCommandCenter/Position.php
OK	/htdocs/application/third_party/omnipay/vendor/google/apiclient-services/src/SecurityCommandCenter/SecuritycenterFile.php
OK	/htdocs/application/third_party/omnipay/vendor/google/apiclient-services/src/SecurityCommandCenter/SimulatedResult.php
OK	/htdocs/application/third_party/omnipay/vendor/google/apiclient-services/src/SecurityCommandCenter/ToxicCombination.php
OK	/htdocs/application/third_party/omnipay/vendor/google/apiclient-services/src/SecurityCommandCenter/Resource/FoldersEventThreatDetectionSettingsCustomModules.php
OK	/htdocs/application/third_party/omnipay/vendor/google/apiclient-services/src/SecurityCommandCenter/Resource/FoldersSourcesFindingsExternalSystems.php
OK	/htdocs/application/third_party/omnipay/vendor/google/apiclient-services/src/SecurityCommandCenter/Resource/OrganizationsNotificationConfigs.php
OK	/htdocs/application/third_party/omnipay/vendor/google/apiclient-services/src/SecurityCommandCenter/Resource/OrganizationsSimulationsValuedResourcesAttackPaths.php
OK	/htdocs/application/third_party/omnipay/vendor/google/apiclient-services/src/SecurityCommandCenter/Resource/ProjectsLocations.php
OK	/htdocs/application/third_party/omnipay/vendor/google/apiclient-services/src/SecurityPosture/ComplianceStandard.php
OK	/htdocs/application/third_party/omnipay/vendor/google/apiclient-services/src/SecurityPosture/ListLocationsResponse.php
OK	/htdocs/application/third_party/omnipay/vendor/google/apiclient-services/src/SecurityPosture/Policy.php
OK	/htdocs/application/third_party/omnipay/vendor/google/apiclient-services/src/SecurityPosture/SecurityHealthAnalyticsModule.php
OK	/htdocs/application/third_party/omnipay/vendor/google/apiclient-services/src/SecurityPosture/Resource/ProjectsLocations.php
OK	/htdocs/application/third_party/omnipay/vendor/google/apiclient-services/src/SemanticTile/RoadInfo.php
OK	/htdocs/application/third_party/omnipay/vendor/google/apiclient-services/src/ServerlessVPCAccess/ListConnectorsResponse.php
OK	/htdocs/application/third_party/omnipay/vendor/google/apiclient-services/src/ServerlessVPCAccess/Resource/ProjectsLocationsConnectors.php
OK	/htdocs/application/third_party/omnipay/vendor/google/apiclient-services/src/ServiceConsumerManagement/BackendRule.php
OK	/htdocs/application/third_party/omnipay/vendor/google/apiclient-services/src/ServiceConsumerManagement/CustomError.php
OK	/htdocs/application/third_party/omnipay/vendor/google/apiclient-services/src/ServiceConsumerManagement/FieldPolicy.php
OK	/htdocs/application/third_party/omnipay/vendor/google/apiclient-services/src/ServiceConsumerManagement/LongRunning.php
OK	/htdocs/application/third_party/omnipay/vendor/google/apiclient-services/src/ServiceConsumerManagement/OAuthRequirements.php
OK	/htdocs/application/third_party/omnipay/vendor/google/apiclient-services/src/ServiceConsumerManagement/SearchTenancyUnitsResponse.php
OK	/htdocs/application/third_party/omnipay/vendor/google/apiclient-services/src/ServiceConsumerManagement/TenantProjectConfig.php
OK	/htdocs/application/third_party/omnipay/vendor/google/apiclient-services/src/ServiceConsumerManagement/V1Beta1ImportProducerOverridesResponse.php
OK	/htdocs/application/third_party/omnipay/vendor/google/apiclient-services/src/ServiceConsumerManagement/V1RemoveVisibilityLabelsResponse.php
OK	/htdocs/application/third_party/omnipay/vendor/google/apiclient-services/src/ServiceControl/CheckResponse.php
OK	/htdocs/application/third_party/omnipay/vendor/google/apiclient-services/src/ServiceControl/Response.php
OK	/htdocs/application/third_party/omnipay/vendor/google/apiclient-services/src/ServiceControl/V2ResourceEvent.php
OK	/htdocs/application/third_party/omnipay/vendor/google/apiclient-services/src/ServiceDirectory/Location.php
OK	/htdocs/application/third_party/omnipay/vendor/google/apiclient-services/src/ServiceDirectory/Resource/ProjectsLocationsNamespaces.php
OK	/htdocs/application/third_party/omnipay/vendor/google/apiclient-services/src/ServiceManagement/Backend.php
OK	/htdocs/application/third_party/omnipay/vendor/google/apiclient-services/src/ServiceManagement/Context.php
OK	/htdocs/application/third_party/omnipay/vendor/google/apiclient-services/src/ServiceManagement/EnableServiceResponse.php
OK	/htdocs/application/third_party/omnipay/vendor/google/apiclient-services/src/ServiceManagement/GetPolicyOptions.php
OK	/htdocs/application/third_party/omnipay/vendor/google/apiclient-services/src/ServiceManagement/Logging.php
OK	/htdocs/application/third_party/omnipay/vendor/google/apiclient-services/src/ServiceManagement/Monitoring.php
OK	/htdocs/application/third_party/omnipay/vendor/google/apiclient-services/src/ServiceManagement/PythonSettings.php
OK	/htdocs/application/third_party/omnipay/vendor/google/apiclient-services/src/ServiceManagement/Step.php
OK	/htdocs/application/third_party/omnipay/vendor/google/apiclient-services/src/ServiceManagement/UsageRule.php
OK	/htdocs/application/third_party/omnipay/vendor/google/apiclient-services/src/ServiceNetworking/AddRolesRequest.php
OK	/htdocs/application/third_party/omnipay/vendor/google/apiclient-services/src/ServiceNetworking/BillingDestination.php
OK	/htdocs/application/third_party/omnipay/vendor/google/apiclient-services/src/ServiceNetworking/CppSettings.php
OK	/htdocs/application/third_party/omnipay/vendor/google/apiclient-services/src/ServiceNetworking/DocumentationRule.php
OK	/htdocs/application/third_party/omnipay/vendor/google/apiclient-services/src/ServiceNetworking/GoogleCloudServicenetworkingV1ConsumerConfigReservedRange.php
OK	/htdocs/application/third_party/omnipay/vendor/google/apiclient-services/src/ServiceNetworking/LogDescriptor.php
OK	/htdocs/application/third_party/omnipay/vendor/google/apiclient-services/src/ServiceNetworking/Monitoring.php
OK	/htdocs/application/third_party/omnipay/vendor/google/apiclient-services/src/ServiceNetworking/Publishing.php
OK	/htdocs/application/third_party/omnipay/vendor/google/apiclient-services/src/ServiceNetworking/Route.php
OK	/htdocs/application/third_party/omnipay/vendor/google/apiclient-services/src/ServiceNetworking/SystemParameter.php
OK	/htdocs/application/third_party/omnipay/vendor/google/apiclient-services/src/ServiceNetworking/Resource/Operations.php
OK	/htdocs/application/third_party/omnipay/vendor/google/apiclient-services/src/ServiceNetworking/Resource/ServicesProjectsServicenetworkingGlobalNetworksPeeredDnsDomains.php
OK	/htdocs/application/third_party/omnipay/vendor/google/apiclient-services/src/ServiceUsage/Aspect.php
OK	/htdocs/application/third_party/omnipay/vendor/google/apiclient-services/src/ServiceUsage/Billing.php
OK	/htdocs/application/third_party/omnipay/vendor/google/apiclient-services/src/ServiceUsage/CustomErrorRule.php
OK	/htdocs/application/third_party/omnipay/vendor/google/apiclient-services/src/ServiceUsage/Endpoint.php
OK	/htdocs/application/third_party/omnipay/vendor/google/apiclient-services/src/ServiceUsage/GoogleApiServiceusageV1Service.php
OK	/htdocs/application/third_party/omnipay/vendor/google/apiclient-services/src/ServiceUsage/GoogleApiServiceusageV2betaUpdateConsumerPolicyMetadata.php
OK	/htdocs/application/third_party/omnipay/vendor/google/apiclient-services/src/ServiceUsage/JavaSettings.php
OK	/htdocs/application/third_party/omnipay/vendor/google/apiclient-services/src/ServiceUsage/MetricDescriptor.php
OK	/htdocs/application/third_party/omnipay/vendor/google/apiclient-services/src/ServiceUsage/Page.php
OK	/htdocs/application/third_party/omnipay/vendor/google/apiclient-services/src/ServiceUsage/ServiceusageEmpty.php
OK	/htdocs/application/third_party/omnipay/vendor/google/apiclient-services/src/ServiceUsage/UpdateConsumerPolicyMetadata.php
OK	/htdocs/application/third_party/omnipay/vendor/google/apiclient-services/src/Sheets/AddDataSourceResponse.php
OK	/htdocs/application/third_party/omnipay/vendor/google/apiclient-services/src/Sheets/AddSlicerResponse.php
OK	/htdocs/application/third_party/omnipay/vendor/google/apiclient-services/src/Sheets/BasicChartSpec.php
OK	/htdocs/application/third_party/omnipay/vendor/google/apiclient-services/src/Sheets/BatchUpdateValuesByDataFilterRequest.php
OK	/htdocs/application/third_party/omnipay/vendor/google/apiclient-services/src/Sheets/CancelDataSourceRefreshRequest.php
OK	/htdocs/application/third_party/omnipay/vendor/google/apiclient-services/src/Sheets/ChartDateTimeRule.php
OK	/htdocs/application/third_party/omnipay/vendor/google/apiclient-services/src/Sheets/CopyPasteRequest.php
OK	/htdocs/application/third_party/omnipay/vendor/google/apiclient-services/src/Sheets/DataSourceColumnReference.php
OK	/htdocs/application/third_party/omnipay/vendor/google/apiclient-services/src/Sheets/DataSourceTable.php
OK	/htdocs/application/third_party/omnipay/vendor/google/apiclient-services/src/Sheets/DeleteDuplicatesRequest.php
OK	/htdocs/application/third_party/omnipay/vendor/google/apiclient-services/src/Sheets/DimensionProperties.php
OK	/htdocs/application/third_party/omnipay/vendor/google/apiclient-services/src/Sheets/FilterCriteria.php
OK	/htdocs/application/third_party/omnipay/vendor/google/apiclient-services/src/Sheets/HistogramRule.php
OK	/htdocs/application/third_party/omnipay/vendor/google/apiclient-services/src/Sheets/ManualRuleGroup.php
OK	/htdocs/application/third_party/omnipay/vendor/google/apiclient-services/src/Sheets/PivotFilterCriteria.php
OK	/htdocs/application/third_party/omnipay/vendor/google/apiclient-services/src/Sheets/RefreshCancellationStatus.php
OK	/htdocs/application/third_party/omnipay/vendor/google/apiclient-services/src/Sheets/SetDataValidationRequest.php
OK	/htdocs/application/third_party/omnipay/vendor/google/apiclient-services/src/Sheets/TextFormatRun.php
OK	/htdocs/application/third_party/omnipay/vendor/google/apiclient-services/src/Sheets/UpdateBordersRequest.php
OK	/htdocs/application/third_party/omnipay/vendor/google/apiclient-services/src/Sheets/UpdateEmbeddedObjectPositionRequest.php
OK	/htdocs/application/third_party/omnipay/vendor/google/apiclient-services/src/Sheets/WaterfallChartCustomSubtotal.php
OK	/htdocs/application/third_party/omnipay/vendor/google/apiclient-services/src/ShoppingContent/AccountBusinessIdentity.php
OK	/htdocs/application/third_party/omnipay/vendor/google/apiclient-services/src/ShoppingContent/AccountItemUpdates.php
OK	/htdocs/application/third_party/omnipay/vendor/google/apiclient-services/src/ShoppingContent/AccountsLinkRequest.php
OK	/htdocs/application/third_party/omnipay/vendor/google/apiclient-services/src/ShoppingContent/AccountStatusProducts.php
OK	/htdocs/application/third_party/omnipay/vendor/google/apiclient-services/src/ShoppingContent/AccountYouTubeChannelLink.php
OK	/htdocs/application/third_party/omnipay/vendor/google/apiclient-services/src/ShoppingContent/Brand.php
OK	/htdocs/application/third_party/omnipay/vendor/google/apiclient-services/src/ShoppingContent/CarrierRate.php
OK	/htdocs/application/third_party/omnipay/vendor/google/apiclient-services/src/ShoppingContent/CustomAttribute.php
OK	/htdocs/application/third_party/omnipay/vendor/google/apiclient-services/src/ShoppingContent/DatafeedsFetchNowResponse.php
OK	/htdocs/application/third_party/omnipay/vendor/google/apiclient-services/src/ShoppingContent/DateTime.php
OK	/htdocs/application/third_party/omnipay/vendor/google/apiclient-services/src/ShoppingContent/FreeShippingThreshold.php
OK	/htdocs/application/third_party/omnipay/vendor/google/apiclient-services/src/ShoppingContent/InputFieldChoiceInputChoiceInputOption.php
OK	/htdocs/application/third_party/omnipay/vendor/google/apiclient-services/src/ShoppingContent/LiaCountrySettings.php
OK	/htdocs/application/third_party/omnipay/vendor/google/apiclient-services/src/ShoppingContent/LiasettingsListResponse.php
OK	/htdocs/application/third_party/omnipay/vendor/google/apiclient-services/src/ShoppingContent/ListConversionSourcesResponse.php
OK	/htdocs/application/third_party/omnipay/vendor/google/apiclient-services/src/ShoppingContent/LocalinventoryCustomBatchResponse.php
OK	/htdocs/application/third_party/omnipay/vendor/google/apiclient-services/src/ShoppingContent/MinimumOrderValueTableStoreCodeSetWithMov.php
OK	/htdocs/application/third_party/omnipay/vendor/google/apiclient-services/src/ShoppingContent/OrderinvoicesCreateRefundInvoiceRequest.php
OK	/htdocs/application/third_party/omnipay/vendor/google/apiclient-services/src/ShoppingContent/OrderMerchantProvidedAnnotation.php
OK	/htdocs/application/third_party/omnipay/vendor/google/apiclient-services/src/ShoppingContent/OrderreturnsAcknowledgeRequest.php
OK	/htdocs/application/third_party/omnipay/vendor/google/apiclient-services/src/ShoppingContent/OrdersAcknowledgeRequest.php
OK	/htdocs/application/third_party/omnipay/vendor/google/apiclient-services/src/ShoppingContent/OrdersCreateTestReturnResponse.php
OK	/htdocs/application/third_party/omnipay/vendor/google/apiclient-services/src/ShoppingContent/OrdersInStoreRefundLineItemResponse.php
OK	/htdocs/application/third_party/omnipay/vendor/google/apiclient-services/src/ShoppingContent/OrdersShipLineItemsRequest.php
OK	/htdocs/application/third_party/omnipay/vendor/google/apiclient-services/src/ShoppingContent/PauseBuyOnGoogleProgramRequest.php
OK	/htdocs/application/third_party/omnipay/vendor/google/apiclient-services/src/ShoppingContent/PosInventoryResponse.php
OK	/htdocs/application/third_party/omnipay/vendor/google/apiclient-services/src/ShoppingContent/Product.php
OK	/htdocs/application/third_party/omnipay/vendor/google/apiclient-services/src/ShoppingContent/ProductsCustomBatchRequest.php
OK	/htdocs/application/third_party/omnipay/vendor/google/apiclient-services/src/ShoppingContent/ProductstatusesCustomBatchResponse.php
OK	/htdocs/application/third_party/omnipay/vendor/google/apiclient-services/src/ShoppingContent/ProductViewItemIssue.php
OK	/htdocs/application/third_party/omnipay/vendor/google/apiclient-services/src/ShoppingContent/RecommendationCallToAction.php
OK	/htdocs/application/third_party/omnipay/vendor/google/apiclient-services/src/ShoppingContent/RegionPostalCodeAreaPostalCodeRange.php
OK	/htdocs/application/third_party/omnipay/vendor/google/apiclient-services/src/ShoppingContent/RepricingRuleEffectiveTimeFixedTimePeriod.php
OK	/htdocs/application/third_party/omnipay/vendor/google/apiclient-services/src/ShoppingContent/RequestReviewShoppingAdsRequest.php
OK	/htdocs/application/third_party/omnipay/vendor/google/apiclient-services/src/ShoppingContent/ReturnpolicyCustomBatchResponseEntry.php
OK	/htdocs/application/third_party/omnipay/vendor/google/apiclient-services/src/ShoppingContent/Row.php
OK	/htdocs/application/third_party/omnipay/vendor/google/apiclient-services/src/ShoppingContent/SettlementTransactionAmountCommission.php
OK	/htdocs/application/third_party/omnipay/vendor/google/apiclient-services/src/ShoppingContent/ShippingsettingsGetSupportedCarriersResponse.php
OK	/htdocs/application/third_party/omnipay/vendor/google/apiclient-services/src/ShoppingContent/TestOrderLineItemProduct.php
OK	/htdocs/application/third_party/omnipay/vendor/google/apiclient-services/src/ShoppingContent/UndeleteConversionSourceRequest.php
OK	/htdocs/application/third_party/omnipay/vendor/google/apiclient-services/src/ShoppingContent/Resource/Accounts.php
OK	/htdocs/application/third_party/omnipay/vendor/google/apiclient-services/src/ShoppingContent/Resource/Conversionsources.php
OK	/htdocs/application/third_party/omnipay/vendor/google/apiclient-services/src/ShoppingContent/Resource/Orderreturns.php
OK	/htdocs/application/third_party/omnipay/vendor/google/apiclient-services/src/ShoppingContent/Resource/Recommendations.php
OK	/htdocs/application/third_party/omnipay/vendor/google/apiclient-services/src/ShoppingContent/Resource/Shoppingadsprogram.php
OK	/htdocs/application/third_party/omnipay/vendor/google/apiclient-services/src/Slides/BatchUpdatePresentationResponse.php
OK	/htdocs/application/third_party/omnipay/vendor/google/apiclient-services/src/Slides/CreateSheetsChartResponse.php
OK	/htdocs/application/third_party/omnipay/vendor/google/apiclient-services/src/Slides/DeleteTextRequest.php
OK	/htdocs/application/third_party/omnipay/vendor/google/apiclient-services/src/Slides/LayoutPlaceholderIdMapping.php
OK	/htdocs/application/third_party/omnipay/vendor/google/apiclient-services/src/Slides/OpaqueColor.php
OK	/htdocs/application/third_party/omnipay/vendor/google/apiclient-services/src/Slides/Presentation.php
OK	/htdocs/application/third_party/omnipay/vendor/google/apiclient-services/src/Slides/RerouteLineRequest.php
OK	/htdocs/application/third_party/omnipay/vendor/google/apiclient-services/src/Slides/SolidFill.php
OK	/htdocs/application/third_party/omnipay/vendor/google/apiclient-services/src/Slides/TableCellLocation.php
OK	/htdocs/application/third_party/omnipay/vendor/google/apiclient-services/src/Slides/UngroupObjectsRequest.php
OK	/htdocs/application/third_party/omnipay/vendor/google/apiclient-services/src/Slides/UpdateSlidesPositionRequest.php
OK	/htdocs/application/third_party/omnipay/vendor/google/apiclient-services/src/Slides/Resource/Presentations.php
OK	/htdocs/application/third_party/omnipay/vendor/google/apiclient-services/src/SmartDeviceManagement/Resource/EnterprisesDevices.php
OK	/htdocs/application/third_party/omnipay/vendor/google/apiclient-services/src/Solar/LatLngBox.php
OK	/htdocs/application/third_party/omnipay/vendor/google/apiclient-services/src/Solar/Resource/GeoTiff.php
OK	/htdocs/application/third_party/omnipay/vendor/google/apiclient-services/src/Spanner/BackupScheduleSpec.php
OK	/htdocs/application/third_party/omnipay/vendor/google/apiclient-services/src/Spanner/CommitStats.php
OK	/htdocs/application/third_party/omnipay/vendor/google/apiclient-services/src/Spanner/CreateInstancePartitionMetadata.php
OK	/htdocs/application/third_party/omnipay/vendor/google/apiclient-services/src/Spanner/DualRegionQuorum.php
OK	/htdocs/application/third_party/omnipay/vendor/google/apiclient-services/src/Spanner/GetIamPolicyRequest.php
OK	/htdocs/application/third_party/omnipay/vendor/google/apiclient-services/src/Spanner/Key.php
OK	/htdocs/application/third_party/omnipay/vendor/google/apiclient-services/src/Spanner/ListInstanceConfigsResponse.php
OK	/htdocs/application/third_party/omnipay/vendor/google/apiclient-services/src/Spanner/MultiplexedSessionPrecommitToken.php
OK	/htdocs/application/third_party/omnipay/vendor/google/apiclient-services/src/Spanner/PartitionResponse.php
OK	/htdocs/application/third_party/omnipay/vendor/google/apiclient-services/src/Spanner/ReplicaInfo.php
OK	/htdocs/application/third_party/omnipay/vendor/google/apiclient-services/src/Spanner/ScanData.php
OK	/htdocs/application/third_party/omnipay/vendor/google/apiclient-services/src/Spanner/TestIamPermissionsResponse.php
OK	/htdocs/application/third_party/omnipay/vendor/google/apiclient-services/src/Spanner/UpdateInstancePartitionMetadata.php
OK	/htdocs/application/third_party/omnipay/vendor/google/apiclient-services/src/Spanner/Resource/ProjectsInstancesBackupOperations.php
OK	/htdocs/application/third_party/omnipay/vendor/google/apiclient-services/src/Spanner/Resource/ProjectsInstancesOperations.php
OK	/htdocs/application/third_party/omnipay/vendor/google/apiclient-services/src/Speech/LongRunningRecognizeRequest.php
OK	/htdocs/application/third_party/omnipay/vendor/google/apiclient-services/src/Speech/SpeechAdaptationInfo.php
OK	/htdocs/application/third_party/omnipay/vendor/google/apiclient-services/src/Speech/Resource/ProjectsLocationsCustomClasses.php
OK	/htdocs/application/third_party/omnipay/vendor/google/apiclient-services/src/SQLAdmin/BackupRetentionSettings.php
OK	/htdocs/application/third_party/omnipay/vendor/google/apiclient-services/src/SQLAdmin/DemoteContext.php
OK	/htdocs/application/third_party/omnipay/vendor/google/apiclient-services/src/SQLAdmin/ExportContextSqlExportOptionsPostgresExportOptions.php
OK	/htdocs/application/third_party/omnipay/vendor/google/apiclient-services/src/SQLAdmin/ImportContextCsvImportOptions.php
OK	/htdocs/application/third_party/omnipay/vendor/google/apiclient-services/src/SQLAdmin/InstancesImportRequest.php
OK	/htdocs/application/third_party/omnipay/vendor/google/apiclient-services/src/SQLAdmin/ListBackupsResponse.php
OK	/htdocs/application/third_party/omnipay/vendor/google/apiclient-services/src/SQLAdmin/PasswordValidationPolicy.php
OK	/htdocs/application/third_party/omnipay/vendor/google/apiclient-services/src/SQLAdmin/SqlActiveDirectoryConfig.php
OK	/htdocs/application/third_party/omnipay/vendor/google/apiclient-services/src/SQLAdmin/SqlOutOfDiskReport.php
OK	/htdocs/application/third_party/omnipay/vendor/google/apiclient-services/src/SQLAdmin/SyncFlags.php
OK	/htdocs/application/third_party/omnipay/vendor/google/apiclient-services/src/SQLAdmin/Resource/Instances.php
OK	/htdocs/application/third_party/omnipay/vendor/google/apiclient-services/src/Storage/BucketAccessControl.php
OK	/htdocs/application/third_party/omnipay/vendor/google/apiclient-services/src/Storage/BucketIpFilter.php
OK	/htdocs/application/third_party/omnipay/vendor/google/apiclient-services/src/Storage/BucketSoftDeletePolicy.php
OK	/htdocs/application/third_party/omnipay/vendor/google/apiclient-services/src/Storage/Folder.php
OK	/htdocs/application/third_party/omnipay/vendor/google/apiclient-services/src/Storage/Notifications.php
OK	/htdocs/application/third_party/omnipay/vendor/google/apiclient-services/src/Storage/StorageObjectCustomerEncryption.php
OK	/htdocs/application/third_party/omnipay/vendor/google/apiclient-services/src/Storage/Resource/Notifications.php
OK	/htdocs/application/third_party/omnipay/vendor/google/apiclient-services/src/Storagetransfer/AzureCredentials.php
OK	/htdocs/application/third_party/omnipay/vendor/google/apiclient-services/src/Storagetransfer/HttpData.php
OK	/htdocs/application/third_party/omnipay/vendor/google/apiclient-services/src/Storagetransfer/ObjectPrefixes.php
OK	/htdocs/application/third_party/omnipay/vendor/google/apiclient-services/src/Storagetransfer/TransferCounters.php
OK	/htdocs/application/third_party/omnipay/vendor/google/apiclient-services/src/StreetViewPublish/BatchDeletePhotosRequest.php
OK	/htdocs/application/third_party/omnipay/vendor/google/apiclient-services/src/StreetViewPublish/Level.php
OK	/htdocs/application/third_party/omnipay/vendor/google/apiclient-services/src/StreetViewPublish/Pose.php
OK	/htdocs/application/third_party/omnipay/vendor/google/apiclient-services/src/SubscriptionLinking/Reader.php
OK	/htdocs/application/third_party/omnipay/vendor/google/apiclient-services/src/TagManager/ContainerFeatures.php
OK	/htdocs/application/third_party/omnipay/vendor/google/apiclient-services/src/TagManager/GalleryReference.php
OK	/htdocs/application/third_party/omnipay/vendor/google/apiclient-services/src/TagManager/ListGtagConfigResponse.php
OK	/htdocs/application/third_party/omnipay/vendor/google/apiclient-services/src/TagManager/QuickPreviewResponse.php
OK	/htdocs/application/third_party/omnipay/vendor/google/apiclient-services/src/TagManager/SyncWorkspaceResponse.php
OK	/htdocs/application/third_party/omnipay/vendor/google/apiclient-services/src/TagManager/ZoneChildContainer.php
OK	/htdocs/application/third_party/omnipay/vendor/google/apiclient-services/src/TagManager/Resource/AccountsContainersWorkspacesGtagConfig.php
OK	/htdocs/application/third_party/omnipay/vendor/google/apiclient-services/src/Tasks/TaskLinks.php
OK	/htdocs/application/third_party/omnipay/vendor/google/apiclient-services/src/Testing/AndroidModel.php
OK	/htdocs/application/third_party/omnipay/vendor/google/apiclient-services/src/Testing/ClientInfoDetail.php
OK	/htdocs/application/third_party/omnipay/vendor/google/apiclient-services/src/Testing/GetApkDetailsResponse.php
OK	/htdocs/application/third_party/omnipay/vendor/google/apiclient-services/src/Testing/IosTestSetup.php
OK	/htdocs/application/third_party/omnipay/vendor/google/apiclient-services/src/Testing/NoActivityIntent.php
OK	/htdocs/application/third_party/omnipay/vendor/google/apiclient-services/src/Testing/Shard.php
OK	/htdocs/application/third_party/omnipay/vendor/google/apiclient-services/src/Testing/TestTargetsForShard.php
OK	/htdocs/application/third_party/omnipay/vendor/google/apiclient-services/src/Testing/Resource/ProjectsTestMatrices.php
OK	/htdocs/application/third_party/omnipay/vendor/google/apiclient-services/src/Texttospeech/InputAudio.php
OK	/htdocs/application/third_party/omnipay/vendor/google/apiclient-services/src/Texttospeech/TexttospeechEmpty.php
OK	/htdocs/application/third_party/omnipay/vendor/google/apiclient-services/src/Texttospeech/Resource/Voices.php
OK	/htdocs/application/third_party/omnipay/vendor/google/apiclient-services/src/ToolResults/BatchCreatePerfSamplesRequest.php
OK	/htdocs/application/third_party/omnipay/vendor/google/apiclient-services/src/ToolResults/Execution.php
OK	/htdocs/application/third_party/omnipay/vendor/google/apiclient-services/src/ToolResults/InsufficientCoverage.php
OK	/htdocs/application/third_party/omnipay/vendor/google/apiclient-services/src/ToolResults/ListPerfSamplesResponse.php
OK	/htdocs/application/third_party/omnipay/vendor/google/apiclient-services/src/ToolResults/NonSdkApi.php
OK	/htdocs/application/third_party/omnipay/vendor/google/apiclient-services/src/ToolResults/PerfSampleSeries.php
OK	/htdocs/application/third_party/omnipay/vendor/google/apiclient-services/src/ToolResults/Specification.php
OK	/htdocs/application/third_party/omnipay/vendor/google/apiclient-services/src/ToolResults/TestCaseReference.php
OK	/htdocs/application/third_party/omnipay/vendor/google/apiclient-services/src/ToolResults/UnspecifiedWarning.php
OK	/htdocs/application/third_party/omnipay/vendor/google/apiclient-services/src/ToolResults/Resource/ProjectsHistoriesExecutionsStepsPerfSampleSeries.php
OK	/htdocs/application/third_party/omnipay/vendor/google/apiclient-services/src/TPU/FailedData.php
OK	/htdocs/application/third_party/omnipay/vendor/google/apiclient-services/src/TPU/ListNodesResponse.php
OK	/htdocs/application/third_party/omnipay/vendor/google/apiclient-services/src/TPU/OperationMetadata.php
OK	/htdocs/application/third_party/omnipay/vendor/google/apiclient-services/src/TPU/Spot.php
OK	/htdocs/application/third_party/omnipay/vendor/google/apiclient-services/src/TPU/Resource/ProjectsLocationsAcceleratorTypes.php
OK	/htdocs/application/third_party/omnipay/vendor/google/apiclient-services/src/TrafficDirectorService/ContextParams.php
OK	/htdocs/application/third_party/omnipay/vendor/google/apiclient-services/src/TrafficDirectorService/GenericXdsConfig.php
OK	/htdocs/application/third_party/omnipay/vendor/google/apiclient-services/src/TrafficDirectorService/Pipe.php
OK	/htdocs/application/third_party/omnipay/vendor/google/apiclient-services/src/TrafficDirectorService/TypedExtensionConfig.php
OK	/htdocs/application/third_party/omnipay/vendor/google/apiclient-services/src/Transcoder/AudioChannel.php
OK	/htdocs/application/third_party/omnipay/vendor/google/apiclient-services/src/Transcoder/DrmSystems.php
OK	/htdocs/application/third_party/omnipay/vendor/google/apiclient-services/src/Transcoder/H265ColorFormatHLG.php
OK	/htdocs/application/third_party/omnipay/vendor/google/apiclient-services/src/Transcoder/NormalizedCoordinate.php
OK	/htdocs/application/third_party/omnipay/vendor/google/apiclient-services/src/Transcoder/SegmentSettings.php
OK	/htdocs/application/third_party/omnipay/vendor/google/apiclient-services/src/Transcoder/Widevine.php
OK	/htdocs/application/third_party/omnipay/vendor/google/apiclient-services/src/Translate/BatchDocumentInputConfig.php
OK	/htdocs/application/third_party/omnipay/vendor/google/apiclient-services/src/Translate/DocumentOutputConfig.php
OK	/htdocs/application/third_party/omnipay/vendor/google/apiclient-services/src/Translate/GlossaryInputConfig.php
OK	/htdocs/application/third_party/omnipay/vendor/google/apiclient-services/src/Translate/ListAdaptiveMtFilesResponse.php
OK	/htdocs/application/third_party/omnipay/vendor/google/apiclient-services/src/Translate/OutputConfig.php
OK	/htdocs/application/third_party/omnipay/vendor/google/apiclient-services/src/Translate/TranslateEmpty.php
OK	/htdocs/application/third_party/omnipay/vendor/google/apiclient-services/src/Translate/Resource/ProjectsLocationsAdaptiveMtDatasetsAdaptiveMtSentences.php
OK	/htdocs/application/third_party/omnipay/vendor/google/apiclient-services/src/TravelImpactModel/FlightWithEmissions.php
OK	/htdocs/application/third_party/omnipay/vendor/google/apiclient-services/src/Vault/CancelOperationRequest.php
OK	/htdocs/application/third_party/omnipay/vendor/google/apiclient-services/src/Vault/DriveOptions.php
OK	/htdocs/application/third_party/omnipay/vendor/google/apiclient-services/src/Vault/HeldCalendarQuery.php
OK	/htdocs/application/third_party/omnipay/vendor/google/apiclient-services/src/Vault/ListOperationsResponse.php
OK	/htdocs/application/third_party/omnipay/vendor/google/apiclient-services/src/Vault/RemoveMatterPermissionsRequest.php
OK	/htdocs/application/third_party/omnipay/vendor/google/apiclient-services/src/Vault/VoiceOptions.php
OK	/htdocs/application/third_party/omnipay/vendor/google/apiclient-services/src/Verifiedaccess/VerifyChallengeResponseRequest.php
OK	/htdocs/application/third_party/omnipay/vendor/google/apiclient-services/src/VersionHistory/Resource/Platforms.php
OK	/htdocs/application/third_party/omnipay/vendor/google/apiclient-services/src/Vision/AsyncBatchAnnotateFilesResponse.php
OK	/htdocs/application/third_party/omnipay/vendor/google/apiclient-services/src/Vision/ColorInfo.php
OK	/htdocs/application/third_party/omnipay/vendor/google/apiclient-services/src/Vision/GoogleCloudVisionV1p1beta1AnnotateFileResponse.php
OK	/htdocs/application/third_party/omnipay/vendor/google/apiclient-services/src/Vision/GoogleCloudVisionV1p1beta1FaceAnnotationLandmark.php
OK	/htdocs/application/third_party/omnipay/vendor/google/apiclient-services/src/Vision/GoogleCloudVisionV1p1beta1Paragraph.php
OK	/htdocs/application/third_party/omnipay/vendor/google/apiclient-services/src/Vision/GoogleCloudVisionV1p1beta1TextAnnotationDetectedBreak.php
OK	/htdocs/application/third_party/omnipay/vendor/google/apiclient-services/src/Vision/GoogleCloudVisionV1p2beta1AsyncAnnotateFileResponse.php
OK	/htdocs/application/third_party/omnipay/vendor/google/apiclient-services/src/Vision/GoogleCloudVisionV1p2beta1GcsSource.php
OK	/htdocs/application/third_party/omnipay/vendor/google/apiclient-services/src/Vision/GoogleCloudVisionV1p2beta1Product.php
OK	/htdocs/application/third_party/omnipay/vendor/google/apiclient-services/src/Vision/GoogleCloudVisionV1p2beta1TextAnnotationTextProperty.php
OK	/htdocs/application/third_party/omnipay/vendor/google/apiclient-services/src/Vision/GoogleCloudVisionV1p3beta1BatchOperationMetadata.php
OK	/htdocs/application/third_party/omnipay/vendor/google/apiclient-services/src/Vision/GoogleCloudVisionV1p3beta1ImageAnnotationContext.php
OK	/htdocs/application/third_party/omnipay/vendor/google/apiclient-services/src/Vision/GoogleCloudVisionV1p3beta1Product.php
OK	/htdocs/application/third_party/omnipay/vendor/google/apiclient-services/src/Vision/GoogleCloudVisionV1p3beta1TextAnnotationDetectedLanguage.php
OK	/htdocs/application/third_party/omnipay/vendor/google/apiclient-services/src/Vision/GoogleCloudVisionV1p4beta1AsyncBatchAnnotateFilesResponse.php
OK	/htdocs/application/third_party/omnipay/vendor/google/apiclient-services/src/Vision/GoogleCloudVisionV1p4beta1FaceAnnotation.php
OK	/htdocs/application/third_party/omnipay/vendor/google/apiclient-services/src/Vision/GoogleCloudVisionV1p4beta1OperationMetadata.php
OK	/htdocs/application/third_party/omnipay/vendor/google/apiclient-services/src/Vision/GoogleCloudVisionV1p4beta1ReferenceImage.php
OK	/htdocs/application/third_party/omnipay/vendor/google/apiclient-services/src/Vision/GoogleCloudVisionV1p4beta1WebDetectionWebPage.php
OK	/htdocs/application/third_party/omnipay/vendor/google/apiclient-services/src/Vision/InputConfig.php
OK	/htdocs/application/third_party/omnipay/vendor/google/apiclient-services/src/Vision/NormalizedVertex.php
OK	/htdocs/application/third_party/omnipay/vendor/google/apiclient-services/src/Vision/ProductSetPurgeConfig.php
OK	/htdocs/application/third_party/omnipay/vendor/google/apiclient-services/src/Vision/Vertex.php
OK	/htdocs/application/third_party/omnipay/vendor/google/apiclient-services/src/Vision/Resource/LocationsOperations.php
OK	/htdocs/application/third_party/omnipay/vendor/google/apiclient-services/src/Vision/Resource/ProjectsLocationsProductsReferenceImages.php
OK	/htdocs/application/third_party/omnipay/vendor/google/apiclient-services/src/VMMigrationService/AwsSourceVmDetails.php
OK	/htdocs/application/third_party/omnipay/vendor/google/apiclient-services/src/VMMigrationService/CancelCutoverJobResponse.php
OK	/htdocs/application/third_party/omnipay/vendor/google/apiclient-services/src/VMMigrationService/CreatingImageStep.php
OK	/htdocs/application/third_party/omnipay/vendor/google/apiclient-services/src/VMMigrationService/DisksMigrationVmTargetDefaults.php
OK	/htdocs/application/third_party/omnipay/vendor/google/apiclient-services/src/VMMigrationService/InitializingReplicationStep.php
OK	/htdocs/application/third_party/omnipay/vendor/google/apiclient-services/src/VMMigrationService/ListReplicationCyclesResponse.php
OK	/htdocs/application/third_party/omnipay/vendor/google/apiclient-services/src/VMMigrationService/NetworkInsights.php
OK	/htdocs/application/third_party/omnipay/vendor/google/apiclient-services/src/VMMigrationService/RemoveGroupMigrationRequest.php
OK	/htdocs/application/third_party/omnipay/vendor/google/apiclient-services/src/VMMigrationService/ShuttingDownSourceVMStep.php
OK	/htdocs/application/third_party/omnipay/vendor/google/apiclient-services/src/VMMigrationService/VmCapabilities.php
OK	/htdocs/application/third_party/omnipay/vendor/google/apiclient-services/src/VMMigrationService/Resource/ProjectsLocationsImageImports.php
OK	/htdocs/application/third_party/omnipay/vendor/google/apiclient-services/src/VMwareEngine/Announcement.php
OK	/htdocs/application/third_party/omnipay/vendor/google/apiclient-services/src/VMwareEngine/ExternalAccessRule.php
OK	/htdocs/application/third_party/omnipay/vendor/google/apiclient-services/src/VMwareEngine/ListExternalAddressesResponse.php
OK	/htdocs/application/third_party/omnipay/vendor/google/apiclient-services/src/VMwareEngine/ListPrivateConnectionPeeringRoutesResponse.php
OK	/htdocs/application/third_party/omnipay/vendor/google/apiclient-services/src/VMwareEngine/NetworkPolicy.php
OK	/htdocs/application/third_party/omnipay/vendor/google/apiclient-services/src/VMwareEngine/PrivateConnection.php
OK	/htdocs/application/third_party/omnipay/vendor/google/apiclient-services/src/VMwareEngine/Thresholds.php
OK	/htdocs/application/third_party/omnipay/vendor/google/apiclient-services/src/VMwareEngine/Resource/ProjectsLocationsAnnouncements.php
OK	/htdocs/application/third_party/omnipay/vendor/google/apiclient-services/src/VMwareEngine/Resource/ProjectsLocationsPrivateCloudsHcxActivationKeys.php
OK	/htdocs/application/third_party/omnipay/vendor/google/apiclient-services/src/Walletobjects/ActivationOptions.php
OK	/htdocs/application/third_party/omnipay/vendor/google/apiclient-services/src/Walletobjects/BoardingAndSeatingPolicy.php
OK	/htdocs/application/third_party/omnipay/vendor/google/apiclient-services/src/Walletobjects/DetailsItemInfo.php
OK	/htdocs/application/third_party/omnipay/vendor/google/apiclient-services/src/Walletobjects/EventDateTime.php
OK	/htdocs/application/third_party/omnipay/vendor/google/apiclient-services/src/Walletobjects/FieldSelector.php
OK	/htdocs/application/third_party/omnipay/vendor/google/apiclient-services/src/Walletobjects/GenericClassAddMessageResponse.php
OK	/htdocs/application/third_party/omnipay/vendor/google/apiclient-services/src/Walletobjects/Image.php
OK	/htdocs/application/third_party/omnipay/vendor/google/apiclient-services/src/Walletobjects/LatLongPoint.php
OK	/htdocs/application/third_party/omnipay/vendor/google/apiclient-services/src/Walletobjects/Media.php
OK	/htdocs/application/third_party/omnipay/vendor/google/apiclient-services/src/Walletobjects/OfferClassListResponse.php
OK	/htdocs/application/third_party/omnipay/vendor/google/apiclient-services/src/Walletobjects/Resources.php
OK	/htdocs/application/third_party/omnipay/vendor/google/apiclient-services/src/Walletobjects/SmartTapMerchantData.php
OK	/htdocs/application/third_party/omnipay/vendor/google/apiclient-services/src/Walletobjects/TransitObjectAddMessageResponse.php
OK	/htdocs/application/third_party/omnipay/vendor/google/apiclient-services/src/Walletobjects/Resource/Eventticketclass.php
OK	/htdocs/application/third_party/omnipay/vendor/google/apiclient-services/src/Walletobjects/Resource/Media.php
OK	/htdocs/application/third_party/omnipay/vendor/google/apiclient-services/src/Webfonts/WebfontList.php
OK	/htdocs/application/third_party/omnipay/vendor/google/apiclient-services/src/Webmasters/Resource/Searchanalytics.php
OK	/htdocs/application/third_party/omnipay/vendor/google/apiclient-services/src/WebRisk/GoogleCloudWebriskV1Submission.php
OK	/htdocs/application/third_party/omnipay/vendor/google/apiclient-services/src/WebRisk/Resource/ProjectsOperations.php
OK	/htdocs/application/third_party/omnipay/vendor/google/apiclient-services/src/WorkflowExecutions/ListCallbacksResponse.php
OK	/htdocs/application/third_party/omnipay/vendor/google/apiclient-services/src/WorkflowExecutions/StepEntryMetadata.php
OK	/htdocs/application/third_party/omnipay/vendor/google/apiclient-services/src/Workflows/ListWorkflowRevisionsResponse.php
OK	/htdocs/application/third_party/omnipay/vendor/google/apiclient-services/src/Workflows/Resource/ProjectsLocationsWorkflows.php
OK	/htdocs/application/third_party/omnipay/vendor/google/apiclient-services/src/WorkloadManager/Cluster.php
OK	/htdocs/application/third_party/omnipay/vendor/google/apiclient-services/src/WorkloadManager/Instance.php
OK	/htdocs/application/third_party/omnipay/vendor/google/apiclient-services/src/WorkloadManager/Location.php
OK	/htdocs/application/third_party/omnipay/vendor/google/apiclient-services/src/WorkloadManager/RuleExecutionResult.php
OK	/htdocs/application/third_party/omnipay/vendor/google/apiclient-services/src/WorkloadManager/SapDiscoveryResourceInstancePropertiesDiskMount.php
OK	/htdocs/application/third_party/omnipay/vendor/google/apiclient-services/src/WorkloadManager/SqlserverValidationDetails.php
OK	/htdocs/application/third_party/omnipay/vendor/google/apiclient-services/src/WorkloadManager/WorkloadmanagerResource.php
OK	/htdocs/application/third_party/omnipay/vendor/google/apiclient-services/src/WorkloadManager/Resource/ProjectsLocationsInsights.php
OK	/htdocs/application/third_party/omnipay/vendor/google/apiclient-services/src/WorkspaceEvents/Resource/Operations.php
OK	/htdocs/application/third_party/omnipay/vendor/google/apiclient-services/src/YouTube/ActivityContentDetailsPlaylistItem.php
OK	/htdocs/application/third_party/omnipay/vendor/google/apiclient-services/src/YouTube/Channel.php
OK	/htdocs/application/third_party/omnipay/vendor/google/apiclient-services/src/YouTube/ChannelSection.php
OK	/htdocs/application/third_party/omnipay/vendor/google/apiclient-services/src/YouTube/ChannelToStoreLinkDetailsBillingDetails.php
OK	/htdocs/application/third_party/omnipay/vendor/google/apiclient-services/src/YouTube/CuepointSchedule.php
OK	/htdocs/application/third_party/omnipay/vendor/google/apiclient-services/src/YouTube/InvideoPosition.php
OK	/htdocs/application/third_party/omnipay/vendor/google/apiclient-services/src/YouTube/LiveChatBanSnippet.php
OK	/htdocs/application/third_party/omnipay/vendor/google/apiclient-services/src/YouTube/LiveChatModeratorListResponse.php
OK	/htdocs/application/third_party/omnipay/vendor/google/apiclient-services/src/YouTube/LiveStreamContentDetails.php
OK	/htdocs/application/third_party/omnipay/vendor/google/apiclient-services/src/YouTube/MembershipsLevel.php
OK	/htdocs/application/third_party/omnipay/vendor/google/apiclient-services/src/YouTube/PlaylistItemContentDetails.php
OK	/htdocs/application/third_party/omnipay/vendor/google/apiclient-services/src/YouTube/SearchListResponse.php
OK	/htdocs/application/third_party/omnipay/vendor/google/apiclient-services/src/YouTube/TestItem.php
OK	/htdocs/application/third_party/omnipay/vendor/google/apiclient-services/src/YouTube/VideoAbuseReportReason.php
OK	/htdocs/application/third_party/omnipay/vendor/google/apiclient-services/src/YouTube/VideoFileDetailsVideoStream.php
OK	/htdocs/application/third_party/omnipay/vendor/google/apiclient-services/src/YouTube/VideoRecordingDetails.php
OK	/htdocs/application/third_party/omnipay/vendor/google/apiclient-services/src/YouTube/Resource/ChannelBanners.php
OK	/htdocs/application/third_party/omnipay/vendor/google/apiclient-services/src/YouTube/Resource/Members.php
OK	/htdocs/application/third_party/omnipay/vendor/google/apiclient-services/src/YouTube/Resource/VideoCategories.php
OK	/htdocs/application/third_party/omnipay/vendor/google/apiclient-services/src/YouTubeAnalytics/Errors.php
OK	/htdocs/application/third_party/omnipay/vendor/google/apiclient-services/src/YouTubeAnalytics/Resource/Reports.php
OK	/htdocs/application/third_party/omnipay/vendor/google/apiclient-services/src/YouTubeReporting/Job.php
OK	/htdocs/application/third_party/omnipay/vendor/google/auth/autoload.php
OK	/htdocs/application/third_party/omnipay/vendor/google/auth/src/FetchAuthTokenCache.php
OK	/htdocs/application/third_party/omnipay/vendor/google/auth/src/UpdateMetadataInterface.php
OK	/htdocs/application/third_party/omnipay/vendor/google/auth/src/Credentials/ImpersonatedServiceAccountCredentials.php
OK	/htdocs/application/third_party/omnipay/vendor/google/auth/src/HttpHandler/Guzzle7HttpHandler.php
OK	/htdocs/application/third_party/omnipay/vendor/guzzlehttp/guzzle/LICENSE
OK	/htdocs/application/third_party/omnipay/vendor/guzzlehttp/guzzle/src/MessageFormatterInterface.php
OK	/htdocs/application/third_party/omnipay/vendor/guzzlehttp/guzzle/src/Cookie/SessionCookieJar.php
OK	/htdocs/application/third_party/omnipay/vendor/guzzlehttp/guzzle/src/Handler/CurlFactoryInterface.php
OK	/htdocs/application/third_party/omnipay/vendor/guzzlehttp/promises/src/AggregateException.php
OK	/htdocs/application/third_party/omnipay/vendor/guzzlehttp/promises/src/RejectionException.php
OK	/htdocs/application/third_party/omnipay/vendor/guzzlehttp/psr7/src/FnStream.php
OK	/htdocs/application/third_party/omnipay/vendor/guzzlehttp/psr7/src/Query.php
OK	/htdocs/application/third_party/omnipay/vendor/guzzlehttp/psr7/src/UriResolver.php
OK	/htdocs/application/third_party/omnipay/vendor/moneyphp/money/src/Calculator.php
OK	/htdocs/application/third_party/omnipay/vendor/moneyphp/money/src/Teller.php
OK	/htdocs/application/third_party/omnipay/vendor/moneyphp/money/src/Exception/UnknownCurrencyException.php
OK	/htdocs/application/third_party/omnipay/vendor/moneyphp/money/src/Formatter/IntlMoneyFormatter.php
OK	/htdocs/application/third_party/omnipay/vendor/monolog/monolog/src/Monolog/ErrorHandler.php
OK	/htdocs/application/third_party/omnipay/vendor/monolog/monolog/src/Monolog/Formatter/ElasticaFormatter.php
OK	/htdocs/application/third_party/omnipay/vendor/monolog/monolog/src/Monolog/Formatter/LogstashFormatter.php
OK	/htdocs/application/third_party/omnipay/vendor/monolog/monolog/src/Monolog/Handler/ChromePHPHandler.php
OK	/htdocs/application/third_party/omnipay/vendor/monolog/monolog/src/Monolog/Handler/FirePHPHandler.php
OK	/htdocs/application/third_party/omnipay/vendor/monolog/monolog/src/Monolog/Handler/LogEntriesHandler.php
OK	/htdocs/application/third_party/omnipay/vendor/monolog/monolog/src/Monolog/Handler/PHPConsoleHandler.php
OK	/htdocs/application/third_party/omnipay/vendor/monolog/monolog/src/Monolog/Handler/SlackHandler.php
OK	/htdocs/application/third_party/omnipay/vendor/monolog/monolog/src/Monolog/Handler/ZendMonitorHandler.php
OK	/htdocs/application/third_party/omnipay/vendor/monolog/monolog/src/Monolog/Processor/MemoryPeakUsageProcessor.php
OK	/htdocs/application/third_party/omnipay/vendor/mpdf/mpdf/CHANGELOG.md
OK	/htdocs/application/third_party/omnipay/vendor/mpdf/mpdf/.github/ISSUE_TEMPLATE/01_bug_report.yml
OK	/htdocs/application/third_party/omnipay/vendor/mpdf/mpdf/data/linebrdictT.dat
OK	/htdocs/application/third_party/omnipay/vendor/mpdf/mpdf/data/collations/Arabic_Egypt.php
OK	/htdocs/application/third_party/omnipay/vendor/mpdf/mpdf/data/collations/Arabic_Tunisia.php
OK	/htdocs/application/third_party/omnipay/vendor/mpdf/mpdf/data/collations/Corsican_France.php
OK	/htdocs/application/third_party/omnipay/vendor/mpdf/mpdf/data/collations/English_India.php
OK	/htdocs/application/third_party/omnipay/vendor/mpdf/mpdf/data/collations/Estonian_Estonia.php
OK	/htdocs/application/third_party/omnipay/vendor/mpdf/mpdf/data/collations/German_Austria.php
OK	/htdocs/application/third_party/omnipay/vendor/mpdf/mpdf/data/collations/Indonesian_Indonesia.php
OK	/htdocs/application/third_party/omnipay/vendor/mpdf/mpdf/data/collations/Lithuanian_Lithuania.php
OK	/htdocs/application/third_party/omnipay/vendor/mpdf/mpdf/data/collations/Polish_Poland.php
OK	/htdocs/application/third_party/omnipay/vendor/mpdf/mpdf/data/collations/Sami_(Northern)_Finland.php
OK	/htdocs/application/third_party/omnipay/vendor/mpdf/mpdf/data/collations/Slovak_Slovakia.php
OK	/htdocs/application/third_party/omnipay/vendor/mpdf/mpdf/data/collations/Spanish_Mexico.php
OK	/htdocs/application/third_party/omnipay/vendor/mpdf/mpdf/data/collations/Tajik_(Cyrillic)_Tajikistan.php
OK	/htdocs/application/third_party/omnipay/vendor/mpdf/mpdf/data/collations/Wolof_Senegal.php
OK	/htdocs/application/third_party/omnipay/vendor/mpdf/mpdf/data/font/ctimes.php
OK	/htdocs/application/third_party/omnipay/vendor/mpdf/mpdf/data/patterns/it.php
OK	/htdocs/application/third_party/omnipay/vendor/mpdf/mpdf/src/FpdiTrait.php
OK	/htdocs/application/third_party/omnipay/vendor/mpdf/mpdf/src/PageFormat.php
OK	/htdocs/application/third_party/omnipay/vendor/mpdf/mpdf/src/Barcode/AbstractBarcode.php
OK	/htdocs/application/third_party/omnipay/vendor/mpdf/mpdf/src/Barcode/Msi.php
OK	/htdocs/application/third_party/omnipay/vendor/mpdf/mpdf/src/Container/SimpleContainer.php
OK	/htdocs/application/third_party/omnipay/vendor/mpdf/mpdf/src/File/LocalContentLoader.php
OK	/htdocs/application/third_party/omnipay/vendor/mpdf/mpdf/src/Gif/Lzw.php
OK	/htdocs/application/third_party/omnipay/vendor/mpdf/mpdf/src/Image/Wmf.php
OK	/htdocs/application/third_party/omnipay/vendor/mpdf/mpdf/src/Tag/A.php
OK	/htdocs/application/third_party/omnipay/vendor/mpdf/mpdf/src/Tag/BlockTag.php
OK	/htdocs/application/third_party/omnipay/vendor/mpdf/mpdf/src/Tag/Div.php
OK	/htdocs/application/third_party/omnipay/vendor/mpdf/mpdf/src/Tag/H1.php
OK	/htdocs/application/third_party/omnipay/vendor/mpdf/mpdf/src/Tag/IndexInsert.php
OK	/htdocs/application/third_party/omnipay/vendor/mpdf/mpdf/src/Tag/NewPage.php
OK	/htdocs/application/third_party/omnipay/vendor/mpdf/mpdf/src/Tag/Section.php
OK	/htdocs/application/third_party/omnipay/vendor/mpdf/mpdf/src/Tag/Summary.php
OK	/htdocs/application/third_party/omnipay/vendor/mpdf/mpdf/src/Tag/Toc.php
OK	/htdocs/application/third_party/omnipay/vendor/mpdf/mpdf/src/Tag/WatermarkText.php
OK	/htdocs/application/third_party/omnipay/vendor/mpdf/mpdf/src/Writer/JavaScriptWriter.php
OK	/htdocs/application/third_party/omnipay/vendor/mpdf/mpdf/ttfonts/ayar.ttf
OK	/htdocs/application/third_party/omnipay/vendor/mpdf/mpdf/ttfonts/DejaVuSansMono-Bold.ttf
OK	/htdocs/application/third_party/omnipay/vendor/mpdf/mpdf/ttfonts/Dhyana-Bold.ttf
OK	/htdocs/application/third_party/omnipay/vendor/mpdf/mpdf/ttfonts/FreeSerif.ttf
OK	/htdocs/application/third_party/omnipay/vendor/mpdf/mpdf/ttfonts/KhmerOFL.txt
OK	/htdocs/application/third_party/omnipay/vendor/mpdf/mpdf/ttfonts/Sun-ExtA.ttf
OK	/htdocs/application/third_party/omnipay/vendor/mpdf/mpdf/ttfonts/XB Riyaz.ttf
OK	/htdocs/application/third_party/omnipay/vendor/mpdf/psr-log-aware-trait/.gitignore
OK	/htdocs/application/third_party/omnipay/vendor/mtdowling/jmespath.php/src/CompilerRuntime.php
OK	/htdocs/application/third_party/omnipay/vendor/myclabs/deep-copy/LICENSE
OK	/htdocs/application/third_party/omnipay/vendor/myclabs/deep-copy/src/DeepCopy/Filter/Doctrine/DoctrineEmptyCollectionFilter.php
OK	/htdocs/application/third_party/omnipay/vendor/myclabs/deep-copy/src/DeepCopy/TypeFilter/Date/DatePeriodFilter.php
OK	/htdocs/application/third_party/omnipay/vendor/omnipay/common/src/Omnipay.php
OK	/htdocs/application/third_party/omnipay/vendor/omnipay/common/src/Common/Exception/BadMethodCallException.php
OK	/htdocs/application/third_party/omnipay/vendor/omnipay/common/src/Common/Message/AbstractResponse.php
OK	/htdocs/application/third_party/omnipay/vendor/omnipay/paypal/LICENSE
OK	/htdocs/application/third_party/omnipay/vendor/omnipay/paypal/src/Message/AbstractRequest.php
OK	/htdocs/application/third_party/omnipay/vendor/omnipay/paypal/src/Message/ExpressInContextOrderRequest.php
OK	/htdocs/application/third_party/omnipay/vendor/omnipay/paypal/src/Message/RestCancelSubscriptionRequest.php
OK	/htdocs/application/third_party/omnipay/vendor/omnipay/paypal/src/Message/RestListPurchaseRequest.php
OK	/htdocs/application/third_party/omnipay/vendor/omnipay/paypal/src/Message/RestVerifyWebhookSignatureResponse.php
OK	/htdocs/application/third_party/omnipay/vendor/omnipay/paypal/tests/Message/ExpressCompletePurchaseRequestTest.php
OK	/htdocs/application/third_party/omnipay/vendor/omnipay/paypal/tests/Message/RestAuthorizeRequestTest.php
OK	/htdocs/application/third_party/omnipay/vendor/omnipay/paypal/tests/Message/RestListPlanRequestTest.php
OK	/htdocs/application/third_party/omnipay/vendor/omnipay/paypal/tests/Mock/ExpressCompletePurchaseSuccess.txt
OK	/htdocs/application/third_party/omnipay/vendor/omnipay/paypal/tests/Mock/RestAuthorizationSuccess.txt
OK	/htdocs/application/third_party/omnipay/vendor/omnipay/paypal/tests/Mock/RestTokenFailure.txt
OK	/htdocs/application/third_party/omnipay/vendor/omnipay/stripe/src/AbstractGateway.php
OK	/htdocs/application/third_party/omnipay/vendor/omnipay/stripe/src/Message/CreateCardRequest.php
OK	/htdocs/application/third_party/omnipay/vendor/omnipay/stripe/src/Message/DeletePlanRequest.php
OK	/htdocs/application/third_party/omnipay/vendor/omnipay/stripe/src/Message/FetchSourceRequest.php
OK	/htdocs/application/third_party/omnipay/vendor/omnipay/stripe/src/Message/UpdateCouponRequest.php
OK	/htdocs/application/third_party/omnipay/vendor/omnipay/stripe/src/Message/PaymentIntents/ConfirmPaymentIntentRequest.php
OK	/htdocs/application/third_party/omnipay/vendor/omnipay/stripe/src/Message/Transfers/CreateTransferRequest.php
OK	/htdocs/application/third_party/omnipay/vendor/omnipay/stripe/tests/Message/AuthorizeRequestTest.php
OK	/htdocs/application/third_party/omnipay/vendor/omnipay/stripe/tests/Message/DeleteCustomerRequestTest.php
OK	/htdocs/application/third_party/omnipay/vendor/omnipay/stripe/tests/Message/FetchInvoiceRequestTest.php
OK	/htdocs/application/third_party/omnipay/vendor/omnipay/stripe/tests/Message/ResponseTest.php
OK	/htdocs/application/third_party/omnipay/vendor/omnipay/stripe/tests/Message/PaymentIntents/ConfirmPaymentIntentRequestTest.php
OK	/htdocs/application/third_party/omnipay/vendor/omnipay/stripe/tests/Message/PaymentIntents/Mock/CancelPaymentIntentFailure.txt
OK	/htdocs/application/third_party/omnipay/vendor/omnipay/stripe/tests/Message/PaymentIntents/Mock/FetchIntentPaymentMethodRequired.txt
OK	/htdocs/application/third_party/omnipay/vendor/omnipay/stripe/tests/Message/Transfers/ListTransfersRequestTest.php
OK	/htdocs/application/third_party/omnipay/vendor/omnipay/stripe/tests/Mock/CreateCustomerSuccess.txt
OK	/htdocs/application/third_party/omnipay/vendor/omnipay/stripe/tests/Mock/DeleteCouponSuccess.txt
OK	/htdocs/application/third_party/omnipay/vendor/omnipay/stripe/tests/Mock/FetchBalanceTransactionSuccess.txt
OK	/htdocs/application/third_party/omnipay/vendor/omnipay/stripe/tests/Mock/FetchInvoiceLinesFailure.txt
OK	/htdocs/application/third_party/omnipay/vendor/omnipay/stripe/tests/Mock/FetchTokenSuccess.txt
OK	/htdocs/application/third_party/omnipay/vendor/omnipay/stripe/tests/Mock/PurchaseWithSourceSuccess.txt
OK	/htdocs/application/third_party/omnipay/vendor/omnipay/stripe/tests/Mock/VoidSuccess.txt
OK	/htdocs/application/third_party/omnipay/vendor/paragonie/constant_time_encoding/composer.json
OK	/htdocs/application/third_party/omnipay/vendor/paragonie/constant_time_encoding/src/Hex.php
OK	/htdocs/application/third_party/omnipay/vendor/php-http/discovery/CHANGELOG.md
OK	/htdocs/application/third_party/omnipay/vendor/php-http/discovery/src/Psr18Client.php
OK	/htdocs/application/third_party/omnipay/vendor/php-http/discovery/src/Strategy/CommonPsr17ClassesStrategy.php
OK	/htdocs/application/third_party/omnipay/vendor/php-http/guzzle7-adapter/src/Promise.php
OK	/htdocs/application/third_party/omnipay/vendor/php-http/httplug/src/Exception/NetworkException.php
OK	/htdocs/application/third_party/omnipay/vendor/php-http/message/README.md
OK	/htdocs/application/third_party/omnipay/vendor/php-http/message/src/Authentication/Chain.php
OK	/htdocs/application/third_party/omnipay/vendor/php-http/message/src/Encoding/CompressStream.php
OK	/htdocs/application/third_party/omnipay/vendor/php-http/message/src/Formatter/SimpleFormatter.php
OK	/htdocs/application/third_party/omnipay/vendor/php-http/message/src/UriFactory/GuzzleUriFactory.php
OK	/htdocs/application/third_party/omnipay/vendor/php-http/message-factory/src/UriFactory.php
OK	/htdocs/application/third_party/omnipay/vendor/phpseclib/phpseclib/LICENSE
OK	/htdocs/application/third_party/omnipay/vendor/phpseclib/phpseclib/phpseclib/Crypt/Hash.php
OK	/htdocs/application/third_party/omnipay/vendor/phpseclib/phpseclib/phpseclib/Crypt/Common/PrivateKey.php
OK	/htdocs/application/third_party/omnipay/vendor/phpseclib/phpseclib/phpseclib/Crypt/Common/Traits/PasswordProtected.php
OK	/htdocs/application/third_party/omnipay/vendor/phpseclib/phpseclib/phpseclib/Crypt/DSA/Formats/Keys/PuTTY.php
OK	/htdocs/application/third_party/omnipay/vendor/phpseclib/phpseclib/phpseclib/Crypt/EC/BaseCurves/Montgomery.php
OK	/htdocs/application/third_party/omnipay/vendor/phpseclib/phpseclib/phpseclib/Crypt/EC/Curves/brainpoolP320t1.php
OK	/htdocs/application/third_party/omnipay/vendor/phpseclib/phpseclib/phpseclib/Crypt/EC/Curves/nistk233.php
OK	/htdocs/application/third_party/omnipay/vendor/phpseclib/phpseclib/phpseclib/Crypt/EC/Curves/prime239v1.php
OK	/htdocs/application/third_party/omnipay/vendor/phpseclib/phpseclib/phpseclib/Crypt/EC/Curves/secp192r1.php
OK	/htdocs/application/third_party/omnipay/vendor/phpseclib/phpseclib/phpseclib/Crypt/EC/Curves/sect163r1.php
OK	/htdocs/application/third_party/omnipay/vendor/phpseclib/phpseclib/phpseclib/Crypt/EC/Curves/sect571r1.php
OK	/htdocs/application/third_party/omnipay/vendor/phpseclib/phpseclib/phpseclib/Crypt/EC/Formats/Signature/IEEE.php
OK	/htdocs/application/third_party/omnipay/vendor/phpseclib/phpseclib/phpseclib/Crypt/RSA/Formats/Keys/Raw.php
OK	/htdocs/application/third_party/omnipay/vendor/phpseclib/phpseclib/phpseclib/Exception/TimeoutException.php
OK	/htdocs/application/third_party/omnipay/vendor/phpseclib/phpseclib/phpseclib/File/ASN1/Maps/AlgorithmIdentifier.php
OK	/htdocs/application/third_party/omnipay/vendor/phpseclib/phpseclib/phpseclib/File/ASN1/Maps/BuiltInDomainDefinedAttributes.php
OK	/htdocs/application/third_party/omnipay/vendor/phpseclib/phpseclib/phpseclib/File/ASN1/Maps/CPSuri.php
OK	/htdocs/application/third_party/omnipay/vendor/phpseclib/phpseclib/phpseclib/File/ASN1/Maps/DSAPrivateKey.php
OK	/htdocs/application/third_party/omnipay/vendor/phpseclib/phpseclib/phpseclib/File/ASN1/Maps/ExtensionAttributes.php
OK	/htdocs/application/third_party/omnipay/vendor/phpseclib/phpseclib/phpseclib/File/ASN1/Maps/IssuerAltName.php
OK	/htdocs/application/third_party/omnipay/vendor/phpseclib/phpseclib/phpseclib/File/ASN1/Maps/NoticeReference.php
OK	/htdocs/application/third_party/omnipay/vendor/phpseclib/phpseclib/phpseclib/File/ASN1/Maps/Pentanomial.php
OK	/htdocs/application/third_party/omnipay/vendor/phpseclib/phpseclib/phpseclib/File/ASN1/Maps/PrivateKeyUsagePeriod.php
OK	/htdocs/application/third_party/omnipay/vendor/phpseclib/phpseclib/phpseclib/File/ASN1/Maps/SignedPublicKeyAndChallenge.php
OK	/htdocs/application/third_party/omnipay/vendor/phpseclib/phpseclib/phpseclib/File/ASN1/Maps/UserNotice.php
OK	/htdocs/application/third_party/omnipay/vendor/phpseclib/phpseclib/phpseclib/Math/BigInteger/Engines/BCMath/Base.php
OK	/htdocs/application/third_party/omnipay/vendor/phpseclib/phpseclib/phpseclib/Math/BigInteger/Engines/PHP/Reductions/Classic.php
OK	/htdocs/application/third_party/omnipay/vendor/phpseclib/phpseclib/phpseclib/System/SSH/Agent.php
OK	/htdocs/application/third_party/omnipay/vendor/psr/http-client/composer.json
OK	/htdocs/application/third_party/omnipay/vendor/psr/http-factory/src/ServerRequestFactoryInterface.php
OK	/htdocs/application/third_party/omnipay/vendor/psr/http-message/src/ResponseInterface.php
OK	/htdocs/application/third_party/omnipay/vendor/psr/log/src/LoggerInterface.php
OK	/htdocs/application/third_party/omnipay/vendor/setasign/fpdi/src/autoload.php
OK	/htdocs/application/third_party/omnipay/vendor/setasign/fpdi/src/PdfParser/PdfParserException.php
OK	/htdocs/application/third_party/omnipay/vendor/setasign/fpdi/src/PdfParser/Filter/FilterException.php
OK	/htdocs/application/third_party/omnipay/vendor/setasign/fpdi/src/PdfParser/Type/PdfName.php
OK	/htdocs/application/third_party/omnipay/vendor/setasign/fpdi/src/PdfReader/DataStructure/Rectangle.php
OK	/htdocs/application/third_party/omnipay/vendor/sonata-project/google-authenticator/sample/tmpl/show-qr.php
OK	/htdocs/application/third_party/omnipay/vendor/stripe/stripe-php/LICENSE
OK	/htdocs/application/third_party/omnipay/vendor/stripe/stripe-php/lib/ApplePayDomain.php
OK	/htdocs/application/third_party/omnipay/vendor/stripe/stripe-php/lib/Charge.php
OK	/htdocs/application/third_party/omnipay/vendor/stripe/stripe-php/lib/Discount.php
OK	/htdocs/application/third_party/omnipay/vendor/stripe/stripe-php/lib/InvoicePayment.php
OK	/htdocs/application/third_party/omnipay/vendor/stripe/stripe-php/lib/PaymentMethodConfiguration.php
OK	/htdocs/application/third_party/omnipay/vendor/stripe/stripe-php/lib/QuotePreviewInvoice.php
OK	/htdocs/application/third_party/omnipay/vendor/stripe/stripe-php/lib/Source.php
OK	/htdocs/application/third_party/omnipay/vendor/stripe/stripe-php/lib/TaxDeductedAtSource.php
OK	/htdocs/application/third_party/omnipay/vendor/stripe/stripe-php/lib/ApiOperations/All.php
OK	/htdocs/application/third_party/omnipay/vendor/stripe/stripe-php/lib/Billing/Meter.php
OK	/htdocs/application/third_party/omnipay/vendor/stripe/stripe-php/lib/Climate/Product.php
OK	/htdocs/application/third_party/omnipay/vendor/stripe/stripe-php/lib/Exception/InvalidArgumentException.php
OK	/htdocs/application/third_party/omnipay/vendor/stripe/stripe-php/lib/Exception/OAuth/OAuthErrorException.php
OK	/htdocs/application/third_party/omnipay/vendor/stripe/stripe-php/lib/GiftCards/Card.php
OK	/htdocs/application/third_party/omnipay/vendor/stripe/stripe-php/lib/Issuing/Dispute.php
OK	/htdocs/application/third_party/omnipay/vendor/stripe/stripe-php/lib/Service/AbstractService.php
OK	/htdocs/application/third_party/omnipay/vendor/stripe/stripe-php/lib/Service/CoreServiceFactory.php
OK	/htdocs/application/third_party/omnipay/vendor/stripe/stripe-php/lib/Service/InvoiceItemService.php
OK	/htdocs/application/third_party/omnipay/vendor/stripe/stripe-php/lib/Service/PayoutService.php
OK	/htdocs/application/third_party/omnipay/vendor/stripe/stripe-php/lib/Service/SubscriptionItemService.php
OK	/htdocs/application/third_party/omnipay/vendor/stripe/stripe-php/lib/Service/Billing/AlertService.php
OK	/htdocs/application/third_party/omnipay/vendor/stripe/stripe-php/lib/Service/Checkout/CheckoutServiceFactory.php
OK	/htdocs/application/third_party/omnipay/vendor/stripe/stripe-php/lib/Service/FinancialConnections/SessionService.php
OK	/htdocs/application/third_party/omnipay/vendor/stripe/stripe-php/lib/Service/Issuing/CardService.php
OK	/htdocs/application/third_party/omnipay/vendor/stripe/stripe-php/lib/Service/Radar/ValueListService.php
OK	/htdocs/application/third_party/omnipay/vendor/stripe/stripe-php/lib/Service/Tax/TransactionService.php
OK	/htdocs/application/third_party/omnipay/vendor/stripe/stripe-php/lib/Service/TestHelpers/Issuing/AuthorizationService.php
OK	/htdocs/application/third_party/omnipay/vendor/stripe/stripe-php/lib/Service/TestHelpers/Treasury/TreasuryServiceFactory.php
OK	/htdocs/application/third_party/omnipay/vendor/stripe/stripe-php/lib/Sigma/ScheduledQueryRun.php
OK	/htdocs/application/third_party/omnipay/vendor/stripe/stripe-php/lib/Terminal/Reader.php
OK	/htdocs/application/third_party/omnipay/vendor/stripe/stripe-php/lib/Treasury/Transaction.php
OK	/htdocs/application/third_party/omnipay/vendor/symfony/deprecation-contracts/composer.json
OK	/htdocs/application/third_party/omnipay/vendor/symfony/http-foundation/FileBag.php
OK	/htdocs/application/third_party/omnipay/vendor/symfony/http-foundation/RequestMatcherInterface.php
OK	/htdocs/application/third_party/omnipay/vendor/symfony/http-foundation/Exception/RequestExceptionInterface.php
OK	/htdocs/application/third_party/omnipay/vendor/symfony/http-foundation/File/Exception/FormSizeFileException.php
OK	/htdocs/application/third_party/omnipay/vendor/symfony/http-foundation/RequestMatcher/HostRequestMatcher.php
OK	/htdocs/application/third_party/omnipay/vendor/symfony/http-foundation/Session/SessionFactoryInterface.php
OK	/htdocs/application/third_party/omnipay/vendor/symfony/http-foundation/Session/Storage/NativeSessionStorage.php
OK	/htdocs/application/third_party/omnipay/vendor/symfony/http-foundation/Session/Storage/Handler/NativeFileSessionHandler.php
OK	/htdocs/application/third_party/omnipay/vendor/symfony/http-foundation/Test/Constraint/ResponseHasHeader.php
OK	/htdocs/application/third_party/omnipay/vendor/symfony/polyfill-mbstring/README.md
OK	/htdocs/application/third_party/omnipay/vendor/symfony/polyfill-php83/Resources/stubs/DateException.php
OK	/htdocs/application/third_party/PHPMailer/src/Exception.php
OK	/htdocs/application/views/userlogin.php
OK	/htdocs/application/views/admin/_edit_staff_timeline.php
OK	/htdocs/application/views/admin/admitcard/_view.php
OK	/htdocs/application/views/admin/book/issuereport.php
OK	/htdocs/application/views/admin/certificate/staffcertificateedit.php
OK	/htdocs/application/views/admin/chat/_partialChatRecord.php
OK	/htdocs/application/views/admin/currency/index.php
OK	/htdocs/application/views/admin/examgroup/exam.php
OK	/htdocs/application/views/admin/examresult/admitcard.php
OK	/htdocs/application/views/admin/exam_schedule/examList.php
OK	/htdocs/application/views/admin/feediscount/feediscountList.php
OK	/htdocs/application/views/admin/front/banner/create.php
OK	/htdocs/application/views/admin/front/media/_getcontent.php
OK	/htdocs/application/views/admin/frontoffice/Callfollowupcreate.php
OK	/htdocs/application/views/admin/frontoffice/followuplist.php
OK	/htdocs/application/views/admin/frontoffice/sourceview.php
OK	/htdocs/application/views/admin/holiday/index.php
OK	/htdocs/application/views/admin/incomehead/incomeheadShow.php
OK	/htdocs/application/views/admin/itemsupplier/itemsupplierEdit.php
OK	/htdocs/application/views/admin/lessonplan/edittopic.php
OK	/htdocs/application/views/admin/mailsms/compose_sms.php
OK	/htdocs/application/views/admin/mailsms/sms_template/sms_template.php
OK	/htdocs/application/views/admin/member/teacher.php
OK	/htdocs/application/views/admin/onlineadmission/onlineadmission_setting.php
OK	/htdocs/application/views/admin/onlineexam/_searchQuestionByExamID.php
OK	/htdocs/application/views/admin/pickuppoint/index.php
OK	/htdocs/application/views/admin/question/_getimages.php
OK	/htdocs/application/views/admin/route/editroute.php
OK	/htdocs/application/views/admin/staff/permission.php
OK	/htdocs/application/views/admin/staffidcard/staffidcardView.php
OK	/htdocs/application/views/admin/subjectgroup/assign.php
OK	/htdocs/application/views/admin/teacher/teacherList.php
OK	/htdocs/application/views/admin/timetable/_printclasstimetable.php
OK	/htdocs/application/views/admin/updater/qdtest.php
OK	/htdocs/application/views/attendencereports/classattendencereport.php
OK	/htdocs/application/views/category/categoryList.php
OK	/htdocs/application/views/errors/cli/error_db.php
OK	/htdocs/application/views/feecategory/feecategoryCreate.php
OK	/htdocs/application/views/financereports/incomeexpensebalancereport.php
OK	/htdocs/application/views/financereports/_printreportduefees.php
OK	/htdocs/application/views/homework/_dailyassignmentdetails.php
OK	/htdocs/application/views/layout/student/footer.php
OK	/htdocs/application/views/onlineadmission/ipayafrica/index.php
OK	/htdocs/application/views/onlineadmission/paystack/index.php
OK	/htdocs/application/views/partial/_session.php
OK	/htdocs/application/views/print/thermalPrintFeesByGroupArray.php
OK	/htdocs/application/views/reports/class_subject.php
OK	/htdocs/application/views/reports/marksreport.php
OK	/htdocs/application/views/reports/pdfStudentListByText.php
OK	/htdocs/application/views/reports/teacher_ratio_report.php
OK	/htdocs/application/views/section/sectionCreate.php
OK	/htdocs/application/views/setting/fees.php
OK	/htdocs/application/views/setting/_settingmenu.php
OK	/htdocs/application/views/student/studentEdit.php
OK	/htdocs/application/views/studentfee/studentfeeSearch.php
OK	/htdocs/application/views/themes/bold_blue/pages/ajax-pagination-data.php
OK	/htdocs/application/views/themes/darkgray/home_slider.php
OK	/htdocs/application/views/themes/default/footer.php
OK	/htdocs/application/views/themes/default/pages/page.php
OK	/htdocs/application/views/themes/material_pink/pages/annual_calendar.php
OK	/htdocs/application/views/themes/shadow_white/layout.php
OK	/htdocs/application/views/themes/yellow/header.php
OK	/htdocs/application/views/themes/yellow/pages/read.php
OK	/htdocs/application/views/user/profile.php
OK	/htdocs/application/views/user/chat/_partialmyuser.php
OK	/htdocs/application/views/user/gateway/ccavenue/index.php
OK	/htdocs/application/views/user/gateway/onepay/index.php
OK	/htdocs/application/views/user/gateway/skrill/index.php
OK	/htdocs/application/views/user/homework/_editdailyassignment.php
OK	/htdocs/application/views/user/route/createroute.php
OK	/htdocs/application/views/user/syllabus/_get_subject_syllabus.php
DONE	2993	0
