OK	/htdocs/application/config/autoload.php
OK	/htdocs/application/config/hooks.php
OK	/htdocs/application/config/smileys.php
OK	/htdocs/application/controllers/Emailconfig.php
OK	/htdocs/application/controllers/Sections.php
OK	/htdocs/application/controllers/admin/Adminuser.php
OK	/htdocs/application/controllers/admin/Complaint.php
OK	/htdocs/application/controllers/admin/Examgroup.php
OK	/htdocs/application/controllers/admin/Frontcms.php
OK	/htdocs/application/controllers/admin/Item.php
OK	/htdocs/application/controllers/admin/Marksheet.php
OK	/htdocs/application/controllers/admin/Question.php
OK	/htdocs/application/controllers/admin/Staffidcard.php
OK	/htdocs/application/controllers/admin/Transaction.php
OK	/htdocs/application/controllers/admin/front/Events.php
OK	/htdocs/application/controllers/onlineadmission/Billplz.php
OK	/htdocs/application/controllers/onlineadmission/Momopay.php
OK	/htdocs/application/controllers/onlineadmission/Stripe.php
OK	/htdocs/application/controllers/user/Examschedule.php
OK	/htdocs/application/controllers/user/Teacher.php
OK	/htdocs/application/controllers/user/gateway/Ipayafrica.php
OK	/htdocs/application/controllers/user/gateway/Paytm.php
OK	/htdocs/application/core/MY_Model.php
OK	/htdocs/application/helpers/upload_archive_helper.php
OK	/htdocs/application/language/Amharic/app_files/system_lang.php
OK	/htdocs/application/language/Bengali/app_files/system_lang.php
OK	/htdocs/application/language/Chinese/app_files/system_lang.php
OK	/htdocs/application/language/Dutch/app_files/system_lang.php
OK	/htdocs/application/language/Finnish/app_files/system_lang.php
OK	/htdocs/application/language/German/app_files/system_lang.php
OK	/htdocs/application/language/Hebrew/app_files/system_lang.php
OK	/htdocs/application/language/Indonesian/app_files/system_lang.php
OK	/htdocs/application/language/Javanese/app_files/system_lang.php
OK	/htdocs/application/language/Lao/app_files/system_lang.php
OK	/htdocs/application/language/Macedonian/app_files/system_lang.php
OK	/htdocs/application/language/Maltese/app_files/system_lang.php
OK	/htdocs/application/language/Nepali/app_files/system_lang.php
OK	/htdocs/application/language/Portuguese/app_files/system_lang.php
OK	/htdocs/application/language/Scottish/app_files/system_lang.php
OK	/htdocs/application/language/Spanish/app_files/system_lang.php
OK	/htdocs/application/language/Tagalog/app_files/system_lang.php
OK	/htdocs/application/language/Turkish/app_files/system_lang.php
OK	/htdocs/application/language/Welsh/app_files/system_lang.php
OK	/htdocs/application/libraries/Aws3.php
OK	/htdocs/application/libraries/Encoding_lib.php
OK	/htdocs/application/libraries/Mobireach_lib.php
OK	/htdocs/application/libraries/Pushnotification.php
OK	/htdocs/application/libraries/Stripe_payment.php
OK	/htdocs/application/libraries/PHPMailer/class.phpmaileroauthgoogle.php
OK	/htdocs/application/libraries/PHPMailer/language/phpmailer.lang-ar.php
OK	/htdocs/application/libraries/PHPMailer/language/phpmailer.lang-et.php
OK	/htdocs/application/libraries/PHPMailer/language/phpmailer.lang-ka.php
OK	/htdocs/application/libraries/PHPMailer/language/phpmailer.lang-sk.php
OK	/htdocs/application/libraries/Zend/Validate.php
OK	/htdocs/application/libraries/Zend/Barcode/Object/Identcode.php
OK	/htdocs/application/libraries/Zend/Barcode/Renderer/RendererAbstract.php
OK	/htdocs/application/libraries/Zend/Validate/EmailAddress.php
OK	/htdocs/application/libraries/Zend/Validate/Isbn.php
OK	/htdocs/application/libraries/Zend/Validate/Barcode/Code93.php
OK	/htdocs/application/libraries/Zend/Validate/Barcode/Identcode.php
OK	/htdocs/application/libraries/Zend/Validate/Db/NoRecordExists.php
OK	/htdocs/application/libraries/Zend/Validate/File/IsImage.php
OK	/htdocs/application/libraries/Zend/Validate/Ldap/Dn.php
OK	/htdocs/application/models/Audit_model.php
OK	/htdocs/application/models/Classteacher_model.php
OK	/htdocs/application/models/Content_model.php
OK	/htdocs/application/models/Examschedule_model.php
OK	/htdocs/application/models/Feesessiongroup_model.php
OK	/htdocs/application/models/Hostelroom_model.php
OK	/htdocs/application/models/Langpharses_model.php
OK	/htdocs/application/models/Modulepermission_model.php
OK	/htdocs/application/models/Question_model.php
OK	/htdocs/application/models/Sharecontent_model.php
OK	/htdocs/application/models/Studentfeemaster_model.php
OK	/htdocs/application/models/Syllabus_model.php
OK	/htdocs/application/models/Vehroute_model.php
OK	/htdocs/application/third_party/billplz/composer/autoload_classmap.php
OK	/htdocs/application/third_party/billplz/firebase/php-jwt/src/BeforeValidException.php
OK	/htdocs/application/third_party/billplz/guzzlehttp/guzzle/src/ClientInterface.php
OK	/htdocs/application/third_party/billplz/guzzlehttp/guzzle/src/TransferStats.php
OK	/htdocs/application/third_party/billplz/guzzlehttp/guzzle/src/Exception/RequestException.php
OK	/htdocs/application/third_party/billplz/guzzlehttp/promises/CHANGELOG.md
OK	/htdocs/application/third_party/billplz/guzzlehttp/promises/src/Promise.php
OK	/htdocs/application/third_party/billplz/guzzlehttp/psr7/src/BufferStream.php
OK	/htdocs/application/third_party/billplz/guzzlehttp/psr7/src/PumpStream.php
OK	/htdocs/application/third_party/billplz/monolog/monolog/CHANGELOG.md
OK	/htdocs/application/third_party/billplz/monolog/monolog/src/Monolog/Formatter/ChromePHPFormatter.php
OK	/htdocs/application/third_party/billplz/monolog/monolog/src/Monolog/Formatter/LogstashFormatter.php
OK	/htdocs/application/third_party/billplz/monolog/monolog/src/Monolog/Handler/CouchDBHandler.php
OK	/htdocs/application/third_party/billplz/monolog/monolog/src/Monolog/Handler/FleepHookHandler.php
OK	/htdocs/application/third_party/billplz/monolog/monolog/src/Monolog/Handler/LogglyHandler.php
OK	/htdocs/application/third_party/billplz/monolog/monolog/src/Monolog/Handler/ProcessableHandlerInterface.php
OK	/htdocs/application/third_party/billplz/monolog/monolog/src/Monolog/Handler/SocketHandler.php
OK	/htdocs/application/third_party/billplz/monolog/monolog/src/Monolog/Handler/FingersCrossed/ActivationStrategyInterface.php
OK	/htdocs/application/third_party/billplz/monolog/monolog/src/Monolog/Processor/ProcessIdProcessor.php
OK	/htdocs/application/third_party/billplz/psr/cache/src/CacheItemInterface.php
OK	/htdocs/application/third_party/billplz/psr/http-message/composer.json
OK	/htdocs/application/third_party/billplz/psr/log/README.md
OK	/htdocs/application/third_party/billplz/ralouphie/getallheaders/composer.json
OK	/htdocs/application/third_party/billplz/rize/uri-template/src/Rize/UriTemplate/Node/Abstraction.php
OK	/htdocs/application/third_party/billplz/rize/uri-template/test/fixtures/spec-examples.json
OK	/htdocs/application/third_party/firebase/php-jwt/src/SignatureInvalidException.php
OK	/htdocs/application/third_party/jwt/composer/platform_check.php
OK	/htdocs/application/third_party/midtrans/midtrans-php/.travis.yml
OK	/htdocs/application/third_party/midtrans/midtrans-php/examples/snap/checkout-process.php
OK	/htdocs/application/third_party/midtrans/midtrans-php/tests/MidtransApiRequestorTest.php
OK	/htdocs/application/third_party/midtrans/midtrans-php/tests/integration/VtTransactionIntegrationTest.php
OK	/htdocs/application/third_party/omnipay/vendor/aws/aws-crt-php/src/AWS/CRT/CRT.php
OK	/htdocs/application/third_party/omnipay/vendor/aws/aws-crt-php/src/AWS/CRT/Auth/SigningResult.php
OK	/htdocs/application/third_party/omnipay/vendor/aws/aws-sdk-php/CRT_INSTRUCTIONS.md
OK	/htdocs/application/third_party/omnipay/vendor/aws/aws-sdk-php/src/CommandPool.php
OK	/htdocs/application/third_party/omnipay/vendor/aws/aws-sdk-php/src/InputValidationMiddleware.php
OK	/htdocs/application/third_party/omnipay/vendor/aws/aws-sdk-php/src/QueryCompatibleInputMiddleware.php
OK	/htdocs/application/third_party/omnipay/vendor/aws/aws-sdk-php/src/Waiter.php
OK	/htdocs/application/third_party/omnipay/vendor/aws/aws-sdk-php/src/AmplifyBackend/AmplifyBackendClient.php
OK	/htdocs/application/third_party/omnipay/vendor/aws/aws-sdk-php/src/Api/Shape.php
OK	/htdocs/application/third_party/omnipay/vendor/aws/aws-sdk-php/src/Api/Parser/AbstractRestParser.php
OK	/htdocs/application/third_party/omnipay/vendor/aws/aws-sdk-php/src/Api/Parser/XmlParser.php
OK	/htdocs/application/third_party/omnipay/vendor/aws/aws-sdk-php/src/ApiGateway/Exception/ApiGatewayException.php
OK	/htdocs/application/third_party/omnipay/vendor/aws/aws-sdk-php/src/Appflow/Exception/AppflowException.php
OK	/htdocs/application/third_party/omnipay/vendor/aws/aws-sdk-php/src/ApplicationSignals/Exception/ApplicationSignalsException.php
OK	/htdocs/application/third_party/omnipay/vendor/aws/aws-sdk-php/src/AppTest/Exception/AppTestException.php
OK	/htdocs/application/third_party/omnipay/vendor/aws/aws-sdk-php/src/Arn/S3/BucketArnInterface.php
OK	/htdocs/application/third_party/omnipay/vendor/aws/aws-sdk-php/src/AugmentedAIRuntime/Exception/AugmentedAIRuntimeException.php
OK	/htdocs/application/third_party/omnipay/vendor/aws/aws-sdk-php/src/Backup/Exception/BackupException.php
OK	/htdocs/application/third_party/omnipay/vendor/aws/aws-sdk-php/src/Bedrock/Exception/BedrockException.php
OK	/htdocs/application/third_party/omnipay/vendor/aws/aws-sdk-php/src/Billing/Exception/BillingException.php
OK	/htdocs/application/third_party/omnipay/vendor/aws/aws-sdk-php/src/ChimeSDKIdentity/Exception/ChimeSDKIdentityException.php
OK	/htdocs/application/third_party/omnipay/vendor/aws/aws-sdk-php/src/CleanRoomsML/Exception/CleanRoomsMLException.php
OK	/htdocs/application/third_party/omnipay/vendor/aws/aws-sdk-php/src/CloudControlApi/Exception/CloudControlApiException.php
OK	/htdocs/application/third_party/omnipay/vendor/aws/aws-sdk-php/src/CloudHsm/CloudHsmClient.php
OK	/htdocs/application/third_party/omnipay/vendor/aws/aws-sdk-php/src/CloudTrail/Exception/CloudTrailException.php
OK	/htdocs/application/third_party/omnipay/vendor/aws/aws-sdk-php/src/CloudWatchRUM/Exception/CloudWatchRUMException.php
OK	/htdocs/application/third_party/omnipay/vendor/aws/aws-sdk-php/src/CodeDeploy/Exception/CodeDeployException.php
OK	/htdocs/application/third_party/omnipay/vendor/aws/aws-sdk-php/src/CodeStarNotifications/Exception/CodeStarNotificationsException.php
OK	/htdocs/application/third_party/omnipay/vendor/aws/aws-sdk-php/src/ComputeOptimizer/ComputeOptimizerClient.php
OK	/htdocs/application/third_party/omnipay/vendor/aws/aws-sdk-php/src/ConnectCases/Exception/ConnectCasesException.php
OK	/htdocs/application/third_party/omnipay/vendor/aws/aws-sdk-php/src/CostandUsageReportService/Exception/CostandUsageReportServiceException.php
OK	/htdocs/application/third_party/omnipay/vendor/aws/aws-sdk-php/src/Credentials/EcsCredentialProvider.php
OK	/htdocs/application/third_party/omnipay/vendor/aws/aws-sdk-php/src/Crypto/EncryptionTrait.php
OK	/htdocs/application/third_party/omnipay/vendor/aws/aws-sdk-php/src/Crypto/Cipher/CipherMethod.php
OK	/htdocs/application/third_party/omnipay/vendor/aws/aws-sdk-php/src/data/manifest.json.php
OK	/htdocs/application/third_party/omnipay/vendor/aws/aws-sdk-php/src/data/acm/2015-12-08/paginators-1.json.php
OK	/htdocs/application/third_party/omnipay/vendor/aws/aws-sdk-php/src/data/amplify/2017-07-25/endpoint-rule-set-1.json.php
OK	/htdocs/application/third_party/omnipay/vendor/aws/aws-sdk-php/src/data/apigateway/2015-07-09/paginators-1.json.php
OK	/htdocs/application/third_party/omnipay/vendor/aws/aws-sdk-php/src/data/appconfigdata/2021-11-11/endpoint-rule-set-1.json.php
OK	/htdocs/application/third_party/omnipay/vendor/aws/aws-sdk-php/src/data/appintegrations/2020-07-29/paginators-1.json.php
OK	/htdocs/application/third_party/omnipay/vendor/aws/aws-sdk-php/src/data/applicationcostprofiler/2020-09-10/endpoint-rule-set-1.json.php
OK	/htdocs/application/third_party/omnipay/vendor/aws/aws-sdk-php/src/data/appstream/2016-12-01/endpoint-rule-set-1.json.php
OK	/htdocs/application/third_party/omnipay/vendor/aws/aws-sdk-php/src/data/arc-zonal-shift/2022-10-30/api-2.json.php
OK	/htdocs/application/third_party/omnipay/vendor/aws/aws-sdk-php/src/data/auditmanager/2017-07-25/api-2.json.php
OK	/htdocs/application/third_party/omnipay/vendor/aws/aws-sdk-php/src/data/b2bi/2022-06-23/endpoint-rule-set-1.json.php
OK	/htdocs/application/third_party/omnipay/vendor/aws/aws-sdk-php/src/data/backupsearch/2018-05-10/waiters-2.json.php
OK	/htdocs/application/third_party/omnipay/vendor/aws/aws-sdk-php/src/data/bcm-pricing-calculator/2024-06-19/waiters-2.json.php
OK	/htdocs/application/third_party/omnipay/vendor/aws/aws-sdk-php/src/data/bedrock-data-automation/2023-07-26/api-2.json.php
OK	/htdocs/application/third_party/omnipay/vendor/aws/aws-sdk-php/src/data/billing/2023-09-07/endpoint-rule-set-1.json.php
OK	/htdocs/application/third_party/omnipay/vendor/aws/aws-sdk-php/src/data/budgets/2016-10-20/api-2.json.php
OK	/htdocs/application/third_party/omnipay/vendor/aws/aws-sdk-php/src/data/chime-sdk-identity/2021-04-20/api-2.json.php
OK	/htdocs/application/third_party/omnipay/vendor/aws/aws-sdk-php/src/data/chime-sdk-voice/2022-08-03/api-2.json.php
OK	/htdocs/application/third_party/omnipay/vendor/aws/aws-sdk-php/src/data/cleanroomsml/2023-09-06/waiters-2.json.php
OK	/htdocs/application/third_party/omnipay/vendor/aws/aws-sdk-php/src/data/clouddirectory/2017-01-11/api-2.json.php
OK	/htdocs/application/third_party/omnipay/vendor/aws/aws-sdk-php/src/data/cloudfront/2016-01-28/api-2.json.php
OK	/htdocs/application/third_party/omnipay/vendor/aws/aws-sdk-php/src/data/cloudfront/2016-09-07/api-2.json.php
OK	/htdocs/application/third_party/omnipay/vendor/aws/aws-sdk-php/src/data/cloudfront/2016-11-25/paginators-1.json.php
OK	/htdocs/application/third_party/omnipay/vendor/aws/aws-sdk-php/src/data/cloudfront/2017-10-30/waiters-1.json.php
OK	/htdocs/application/third_party/omnipay/vendor/aws/aws-sdk-php/src/data/cloudfront/2018-11-05/waiters-1.json.php
OK	/htdocs/application/third_party/omnipay/vendor/aws/aws-sdk-php/src/data/cloudfront/2020-05-31/waiters-1.json.php
OK	/htdocs/application/third_party/omnipay/vendor/aws/aws-sdk-php/src/data/cloudsearch/2013-01-01/api-2.json.php
OK	/htdocs/application/third_party/omnipay/vendor/aws/aws-sdk-php/src/data/cloudtrail-data/2021-08-11/paginators-1.json.php
OK	/htdocs/application/third_party/omnipay/vendor/aws/aws-sdk-php/src/data/codecatalyst/2022-09-28/waiters-2.json.php
OK	/htdocs/application/third_party/omnipay/vendor/aws/aws-sdk-php/src/data/codedeploy/2014-10-06/waiters-1.json.php
OK	/htdocs/application/third_party/omnipay/vendor/aws/aws-sdk-php/src/data/codepipeline/2015-07-09/api-2.json.php
OK	/htdocs/application/third_party/omnipay/vendor/aws/aws-sdk-php/src/data/cognito-identity/2014-06-30/paginators-1.json.php
OK	/htdocs/application/third_party/omnipay/vendor/aws/aws-sdk-php/src/data/comprehend/2017-11-27/paginators-1.json.php
OK	/htdocs/application/third_party/omnipay/vendor/aws/aws-sdk-php/src/data/connect/2017-08-08/endpoint-rule-set-1.json.php
OK	/htdocs/application/third_party/omnipay/vendor/aws/aws-sdk-php/src/data/connectcases/2022-10-03/endpoint-rule-set-1.json.php
OK	/htdocs/application/third_party/omnipay/vendor/aws/aws-sdk-php/src/data/controltower/2018-05-10/paginators-1.json.php
OK	/htdocs/application/third_party/omnipay/vendor/aws/aws-sdk-php/src/data/customer-profiles/2020-08-15/paginators-1.json.php
OK	/htdocs/application/third_party/omnipay/vendor/aws/aws-sdk-php/src/data/dataexchange/2017-07-25/waiters-2.json.php
OK	/htdocs/application/third_party/omnipay/vendor/aws/aws-sdk-php/src/data/dax/2017-04-19/paginators-1.json.php
OK	/htdocs/application/third_party/omnipay/vendor/aws/aws-sdk-php/src/data/devops-guru/2020-12-01/api-2.json.php
OK	/htdocs/application/third_party/omnipay/vendor/aws/aws-sdk-php/src/data/discovery/2015-11-01/paginators-1.json.php
OK	/htdocs/application/third_party/omnipay/vendor/aws/aws-sdk-php/src/data/docdb/2014-10-31/paginators-1.json.php
OK	/htdocs/application/third_party/omnipay/vendor/aws/aws-sdk-php/src/data/ds/2015-04-16/smoke.json.php
OK	/htdocs/application/third_party/omnipay/vendor/aws/aws-sdk-php/src/data/dynamodb/2012-08-10/endpoint-rule-set-1.json.php
OK	/htdocs/application/third_party/omnipay/vendor/aws/aws-sdk-php/src/data/ec2/2015-10-01/waiters-2.json.php
OK	/htdocs/application/third_party/omnipay/vendor/aws/aws-sdk-php/src/data/ec2/2016-11-15/paginators-1.json.php
OK	/htdocs/application/third_party/omnipay/vendor/aws/aws-sdk-php/src/data/ecr-public/2020-10-30/api-2.json.php
OK	/htdocs/application/third_party/omnipay/vendor/aws/aws-sdk-php/src/data/eks-auth/2023-11-26/api-2.json.php
OK	/htdocs/application/third_party/omnipay/vendor/aws/aws-sdk-php/src/data/elasticbeanstalk/2010-12-01/paginators-1.json.php
OK	/htdocs/application/third_party/omnipay/vendor/aws/aws-sdk-php/src/data/elasticloadbalancingv2/2015-12-01/api-2.json.php
OK	/htdocs/application/third_party/omnipay/vendor/aws/aws-sdk-php/src/data/elastictranscoder/2012-09-25/paginators-1.json.php
OK	/htdocs/application/third_party/omnipay/vendor/aws/aws-sdk-php/src/data/emr-containers/2020-10-01/paginators-1.json.php
OK	/htdocs/application/third_party/omnipay/vendor/aws/aws-sdk-php/src/data/es/2015-01-01/paginators-1.json.php
OK	/htdocs/application/third_party/omnipay/vendor/aws/aws-sdk-php/src/data/evidently/2021-02-01/paginators-1.json.php
OK	/htdocs/application/third_party/omnipay/vendor/aws/aws-sdk-php/src/data/fis/2020-12-01/endpoint-rule-set-1.json.php
OK	/htdocs/application/third_party/omnipay/vendor/aws/aws-sdk-php/src/data/frauddetector/2019-11-15/endpoint-rule-set-1.json.php
OK	/htdocs/application/third_party/omnipay/vendor/aws/aws-sdk-php/src/data/geo-maps/2020-11-19/api-2.json.php
OK	/htdocs/application/third_party/omnipay/vendor/aws/aws-sdk-php/src/data/glacier/2012-06-01/smoke.json.php
OK	/htdocs/application/third_party/omnipay/vendor/aws/aws-sdk-php/src/data/grafana/2020-08-18/endpoint-rule-set-1.json.php
OK	/htdocs/application/third_party/omnipay/vendor/aws/aws-sdk-php/src/data/guardduty/2017-11-28/endpoint-rule-set-1.json.php
OK	/htdocs/application/third_party/omnipay/vendor/aws/aws-sdk-php/src/data/iam/2010-05-08/waiters-2.json.php
OK	/htdocs/application/third_party/omnipay/vendor/aws/aws-sdk-php/src/data/inspector/2016-02-16/paginators-1.json.php
OK	/htdocs/application/third_party/omnipay/vendor/aws/aws-sdk-php/src/data/internetmonitor/2021-06-03/waiters-2.json.php
OK	/htdocs/application/third_party/omnipay/vendor/aws/aws-sdk-php/src/data/iot-jobs-data/2017-09-29/paginators-1.json.php
OK	/htdocs/application/third_party/omnipay/vendor/aws/aws-sdk-php/src/data/iotevents-data/2018-10-23/paginators-1.json.php
OK	/htdocs/application/third_party/omnipay/vendor/aws/aws-sdk-php/src/data/iotsitewise/2019-12-02/api-2.json.php
OK	/htdocs/application/third_party/omnipay/vendor/aws/aws-sdk-php/src/data/iotwireless/2020-11-22/api-2.json.php
OK	/htdocs/application/third_party/omnipay/vendor/aws/aws-sdk-php/src/data/ivschat/2020-07-14/endpoint-rule-set-1.json.php
OK	/htdocs/application/third_party/omnipay/vendor/aws/aws-sdk-php/src/data/kendra/2019-02-03/api-2.json.php
OK	/htdocs/application/third_party/omnipay/vendor/aws/aws-sdk-php/src/data/kinesis/2013-12-02/endpoint-rule-set-1.json.php
OK	/htdocs/application/third_party/omnipay/vendor/aws/aws-sdk-php/src/data/kinesis-video-signaling/2019-12-04/paginators-1.json.php
OK	/htdocs/application/third_party/omnipay/vendor/aws/aws-sdk-php/src/data/kinesisvideo/2017-09-30/paginators-1.json.php
OK	/htdocs/application/third_party/omnipay/vendor/aws/aws-sdk-php/src/data/lambda/2015-03-31/waiters-2.json.php
OK	/htdocs/application/third_party/omnipay/vendor/aws/aws-sdk-php/src/data/license-manager-linux-subscriptions/2018-05-10/paginators-1.json.php
OK	/htdocs/application/third_party/omnipay/vendor/aws/aws-sdk-php/src/data/logs/2014-03-28/endpoint-rule-set-1.json.php
OK	/htdocs/application/third_party/omnipay/vendor/aws/aws-sdk-php/src/data/m2/2021-04-28/api-2.json.php
OK	/htdocs/application/third_party/omnipay/vendor/aws/aws-sdk-php/src/data/mailmanager/2023-10-17/endpoint-rule-set-1.json.php
OK	/htdocs/application/third_party/omnipay/vendor/aws/aws-sdk-php/src/data/marketplace-agreement/2020-03-01/paginators-1.json.php
OK	/htdocs/application/third_party/omnipay/vendor/aws/aws-sdk-php/src/data/marketplacecommerceanalytics/2015-07-01/api-2.json.php
OK	/htdocs/application/third_party/omnipay/vendor/aws/aws-sdk-php/src/data/medialive/2017-10-14/endpoint-rule-set-1.json.php
OK	/htdocs/application/third_party/omnipay/vendor/aws/aws-sdk-php/src/data/mediapackagev2/2022-12-25/smoke.json.php
OK	/htdocs/application/third_party/omnipay/vendor/aws/aws-sdk-php/src/data/medical-imaging/2023-07-19/endpoint-rule-set-1.json.php
OK	/htdocs/application/third_party/omnipay/vendor/aws/aws-sdk-php/src/data/mgh/2017-05-31/paginators-1.json.php
OK	/htdocs/application/third_party/omnipay/vendor/aws/aws-sdk-php/src/data/migrationhuborchestrator/2021-08-28/paginators-1.json.php
OK	/htdocs/application/third_party/omnipay/vendor/aws/aws-sdk-php/src/data/monitoring/2010-08-01/paginators-1.json.php
OK	/htdocs/application/third_party/omnipay/vendor/aws/aws-sdk-php/src/data/mwaa/2020-07-01/paginators-1.json.php
OK	/htdocs/application/third_party/omnipay/vendor/aws/aws-sdk-php/src/data/neptunedata/2023-08-01/paginators-1.json.php
OK	/htdocs/application/third_party/omnipay/vendor/aws/aws-sdk-php/src/data/networkmonitor/2023-08-01/api-2.json.php
OK	/htdocs/application/third_party/omnipay/vendor/aws/aws-sdk-php/src/data/notificationscontacts/2018-05-10/paginators-1.json.php
OK	/htdocs/application/third_party/omnipay/vendor/aws/aws-sdk-php/src/data/omics/2022-11-28/defaults-1.json.php
OK	/htdocs/application/third_party/omnipay/vendor/aws/aws-sdk-php/src/data/opensearchserverless/2021-11-01/smoke.json.php
OK	/htdocs/application/third_party/omnipay/vendor/aws/aws-sdk-php/src/data/organizations/2016-11-28/endpoint-rule-set-1.json.php
OK	/htdocs/application/third_party/omnipay/vendor/aws/aws-sdk-php/src/data/partnercentral-selling/2022-07-26/endpoint-rule-set-1.json.php
OK	/htdocs/application/third_party/omnipay/vendor/aws/aws-sdk-php/src/data/pca-connector-ad/2018-05-10/api-2.json.php
OK	/htdocs/application/third_party/omnipay/vendor/aws/aws-sdk-php/src/data/pcs/2023-02-10/waiters-2.json.php
OK	/htdocs/application/third_party/omnipay/vendor/aws/aws-sdk-php/src/data/pi/2018-02-27/paginators-1.json.php
OK	/htdocs/application/third_party/omnipay/vendor/aws/aws-sdk-php/src/data/pipes/2015-10-07/endpoint-rule-set-1.json.php
OK	/htdocs/application/third_party/omnipay/vendor/aws/aws-sdk-php/src/data/pricing/2017-10-15/waiters-2.json.php
OK	/htdocs/application/third_party/omnipay/vendor/aws/aws-sdk-php/src/data/qapps/2023-11-27/smoke.json.php
OK	/htdocs/application/third_party/omnipay/vendor/aws/aws-sdk-php/src/data/qldb/2019-01-02/paginators-1.json.php
OK	/htdocs/application/third_party/omnipay/vendor/aws/aws-sdk-php/src/data/rbin/2021-06-15/paginators-1.json.php
OK	/htdocs/application/third_party/omnipay/vendor/aws/aws-sdk-php/src/data/rds-data/2018-08-01/endpoint-rule-set-1.json.php
OK	/htdocs/application/third_party/omnipay/vendor/aws/aws-sdk-php/src/data/redshift-serverless/2021-04-21/endpoint-rule-set-1.json.php
OK	/htdocs/application/third_party/omnipay/vendor/aws/aws-sdk-php/src/data/resiliencehub/2020-04-30/paginators-1.json.php
OK	/htdocs/application/third_party/omnipay/vendor/aws/aws-sdk-php/src/data/robomaker/2018-06-29/paginators-1.json.php
OK	/htdocs/application/third_party/omnipay/vendor/aws/aws-sdk-php/src/data/route53-recovery-control-config/2020-11-02/api-2.json.php
OK	/htdocs/application/third_party/omnipay/vendor/aws/aws-sdk-php/src/data/route53profiles/2018-05-10/endpoint-rule-set-1.json.php
OK	/htdocs/application/third_party/omnipay/vendor/aws/aws-sdk-php/src/data/runtime.lex.v2/2020-08-07/api-2.json.php
OK	/htdocs/application/third_party/omnipay/vendor/aws/aws-sdk-php/src/data/s3control/2018-08-20/api-2.json.php
OK	/htdocs/application/third_party/omnipay/vendor/aws/aws-sdk-php/src/data/sagemaker/2017-07-24/endpoint-rule-set-1.json.php
OK	/htdocs/application/third_party/omnipay/vendor/aws/aws-sdk-php/src/data/sagemaker-geospatial/2020-05-27/api-2.json.php
OK	/htdocs/application/third_party/omnipay/vendor/aws/aws-sdk-php/src/data/schemas/2019-12-02/api-2.json.php
OK	/htdocs/application/third_party/omnipay/vendor/aws/aws-sdk-php/src/data/security-ir/2018-05-10/waiters-2.json.php
OK	/htdocs/application/third_party/omnipay/vendor/aws/aws-sdk-php/src/data/service-quotas/2019-06-24/paginators-1.json.php
OK	/htdocs/application/third_party/omnipay/vendor/aws/aws-sdk-php/src/data/sesv2/2019-09-27/endpoint-rule-set-1.json.php
OK	/htdocs/application/third_party/omnipay/vendor/aws/aws-sdk-php/src/data/simspaceweaver/2022-10-28/paginators-1.json.php
OK	/htdocs/application/third_party/omnipay/vendor/aws/aws-sdk-php/src/data/snowball/2016-06-30/paginators-1.json.php
OK	/htdocs/application/third_party/omnipay/vendor/aws/aws-sdk-php/src/data/sqs/2012-11-05/smoke.json.php
OK	/htdocs/application/third_party/omnipay/vendor/aws/aws-sdk-php/src/data/ssm-incidents/2018-05-10/paginators-1.json.php
OK	/htdocs/application/third_party/omnipay/vendor/aws/aws-sdk-php/src/data/sso-admin/2020-07-20/endpoint-rule-set-1.json.php
OK	/htdocs/application/third_party/omnipay/vendor/aws/aws-sdk-php/src/data/streams.dynamodb/2012-08-10/api-2.json.php
OK	/htdocs/application/third_party/omnipay/vendor/aws/aws-sdk-php/src/data/support/2013-04-15/paginators-1.json.php
OK	/htdocs/application/third_party/omnipay/vendor/aws/aws-sdk-php/src/data/taxsettings/2018-05-10/api-2.json.php
OK	/htdocs/application/third_party/omnipay/vendor/aws/aws-sdk-php/src/data/timestream-write/2018-11-01/api-2.json.php
OK	/htdocs/application/third_party/omnipay/vendor/aws/aws-sdk-php/src/data/transfer/2018-11-05/paginators-1.json.php
OK	/htdocs/application/third_party/omnipay/vendor/aws/aws-sdk-php/src/data/verifiedpermissions/2021-12-01/waiters-2.json.php
OK	/htdocs/application/third_party/omnipay/vendor/aws/aws-sdk-php/src/data/waf-regional/2016-11-28/endpoint-rule-set-1.json.php
OK	/htdocs/application/third_party/omnipay/vendor/aws/aws-sdk-php/src/data/wisdom/2020-10-19/paginators-1.json.php
OK	/htdocs/application/third_party/omnipay/vendor/aws/aws-sdk-php/src/data/workspaces/2015-04-08/paginators-1.json.php
OK	/htdocs/application/third_party/omnipay/vendor/aws/aws-sdk-php/src/DatabaseMigrationService/Exception/DatabaseMigrationServiceException.php
OK	/htdocs/application/third_party/omnipay/vendor/aws/aws-sdk-php/src/Deadline/Exception/DeadlineException.php
OK	/htdocs/application/third_party/omnipay/vendor/aws/aws-sdk-php/src/DirectConnect/Exception/DirectConnectException.php
OK	/htdocs/application/third_party/omnipay/vendor/aws/aws-sdk-php/src/drs/Exception/drsException.php
OK	/htdocs/application/third_party/omnipay/vendor/aws/aws-sdk-php/src/DynamoDb/SetValue.php
OK	/htdocs/application/third_party/omnipay/vendor/aws/aws-sdk-php/src/Ecr/EcrClient.php
OK	/htdocs/application/third_party/omnipay/vendor/aws/aws-sdk-php/src/ElastiCache/ElastiCacheClient.php
OK	/htdocs/application/third_party/omnipay/vendor/aws/aws-sdk-php/src/Emr/EmrClient.php
OK	/htdocs/application/third_party/omnipay/vendor/aws/aws-sdk-php/src/Endpoint/UseDualstackEndpoint/ConfigurationInterface.php
OK	/htdocs/application/third_party/omnipay/vendor/aws/aws-sdk-php/src/EndpointDiscovery/Exception/ConfigurationException.php
OK	/htdocs/application/third_party/omnipay/vendor/aws/aws-sdk-php/src/EndpointV2/Ruleset/RulesetParameter.php
OK	/htdocs/application/third_party/omnipay/vendor/aws/aws-sdk-php/src/Exception/CryptoPolyfillException.php
OK	/htdocs/application/third_party/omnipay/vendor/aws/aws-sdk-php/src/FinSpaceData/FinSpaceDataClient.php
OK	/htdocs/application/third_party/omnipay/vendor/aws/aws-sdk-php/src/FraudDetector/FraudDetectorClient.php
OK	/htdocs/application/third_party/omnipay/vendor/aws/aws-sdk-php/src/GeoRoutes/GeoRoutesClient.php
OK	/htdocs/application/third_party/omnipay/vendor/aws/aws-sdk-php/src/Greengrass/GreengrassClient.php
OK	/htdocs/application/third_party/omnipay/vendor/aws/aws-sdk-php/src/Health/HealthClient.php
OK	/htdocs/application/third_party/omnipay/vendor/aws/aws-sdk-php/src/IdentityStore/Exception/IdentityStoreException.php
OK	/htdocs/application/third_party/omnipay/vendor/aws/aws-sdk-php/src/InternetMonitor/Exception/InternetMonitorException.php
OK	/htdocs/application/third_party/omnipay/vendor/aws/aws-sdk-php/src/IoTEvents/Exception/IoTEventsException.php
OK	/htdocs/application/third_party/omnipay/vendor/aws/aws-sdk-php/src/IoTSiteWise/Exception/IoTSiteWiseException.php
OK	/htdocs/application/third_party/omnipay/vendor/aws/aws-sdk-php/src/IVSRealTime/Exception/IVSRealTimeException.php
OK	/htdocs/application/third_party/omnipay/vendor/aws/aws-sdk-php/src/Kinesis/Exception/KinesisException.php
OK	/htdocs/application/third_party/omnipay/vendor/aws/aws-sdk-php/src/KinesisVideoSignalingChannels/Exception/KinesisVideoSignalingChannelsException.php
OK	/htdocs/application/third_party/omnipay/vendor/aws/aws-sdk-php/src/LexModelBuildingService/Exception/LexModelBuildingServiceException.php
OK	/htdocs/application/third_party/omnipay/vendor/aws/aws-sdk-php/src/LicenseManagerUserSubscriptions/Exception/LicenseManagerUserSubscriptionsException.php
OK	/htdocs/application/third_party/omnipay/vendor/aws/aws-sdk-php/src/MachineLearning/Exception/MachineLearningException.php
OK	/htdocs/application/third_party/omnipay/vendor/aws/aws-sdk-php/src/ManagedGrafana/Exception/ManagedGrafanaException.php
OK	/htdocs/application/third_party/omnipay/vendor/aws/aws-sdk-php/src/MarketplaceMetering/Exception/MarketplaceMeteringException.php
OK	/htdocs/application/third_party/omnipay/vendor/aws/aws-sdk-php/src/MediaPackageV2/Exception/MediaPackageV2Exception.php
OK	/htdocs/application/third_party/omnipay/vendor/aws/aws-sdk-php/src/MemoryDB/Exception/MemoryDBException.php
OK	/htdocs/application/third_party/omnipay/vendor/aws/aws-sdk-php/src/MigrationHubStrategyRecommendations/Exception/MigrationHubStrategyRecommendationsException.php
OK	/htdocs/application/third_party/omnipay/vendor/aws/aws-sdk-php/src/Neptunedata/NeptunedataClient.php
OK	/htdocs/application/third_party/omnipay/vendor/aws/aws-sdk-php/src/Notifications/NotificationsClient.php
OK	/htdocs/application/third_party/omnipay/vendor/aws/aws-sdk-php/src/OpenSearchService/OpenSearchServiceClient.php
OK	/htdocs/application/third_party/omnipay/vendor/aws/aws-sdk-php/src/Panorama/PanoramaClient.php
OK	/htdocs/application/third_party/omnipay/vendor/aws/aws-sdk-php/src/PCS/PCSClient.php
OK	/htdocs/application/third_party/omnipay/vendor/aws/aws-sdk-php/src/PinpointEmail/PinpointEmailClient.php
OK	/htdocs/application/third_party/omnipay/vendor/aws/aws-sdk-php/src/PrivateNetworks/PrivateNetworksClient.php
OK	/htdocs/application/third_party/omnipay/vendor/aws/aws-sdk-php/src/QLDB/QLDBClient.php
OK	/htdocs/application/third_party/omnipay/vendor/aws/aws-sdk-php/src/RDSDataService/Exception/RDSDataServiceException.php
OK	/htdocs/application/third_party/omnipay/vendor/aws/aws-sdk-php/src/Repostspace/Exception/RepostspaceException.php
OK	/htdocs/application/third_party/omnipay/vendor/aws/aws-sdk-php/src/Retry/QuotaManager.php
OK	/htdocs/application/third_party/omnipay/vendor/aws/aws-sdk-php/src/Route53Profiles/Route53ProfilesClient.php
OK	/htdocs/application/third_party/omnipay/vendor/aws/aws-sdk-php/src/S3/BatchDelete.php
OK	/htdocs/application/third_party/omnipay/vendor/aws/aws-sdk-php/src/S3/PermanentRedirectMiddleware.php
OK	/htdocs/application/third_party/omnipay/vendor/aws/aws-sdk-php/src/S3/StreamWrapper.php
OK	/htdocs/application/third_party/omnipay/vendor/aws/aws-sdk-php/src/S3/Exception/DeleteMultipleObjectsException.php
OK	/htdocs/application/third_party/omnipay/vendor/aws/aws-sdk-php/src/S3/UseArnRegion/Configuration.php
OK	/htdocs/application/third_party/omnipay/vendor/aws/aws-sdk-php/src/SageMaker/Exception/SageMakerException.php
OK	/htdocs/application/third_party/omnipay/vendor/aws/aws-sdk-php/src/SavingsPlans/Exception/SavingsPlansException.php
OK	/htdocs/application/third_party/omnipay/vendor/aws/aws-sdk-php/src/SecurityLake/SecurityLakeClient.php
OK	/htdocs/application/third_party/omnipay/vendor/aws/aws-sdk-php/src/SesV2/SesV2Client.php
OK	/htdocs/application/third_party/omnipay/vendor/aws/aws-sdk-php/src/Signature/SignatureV4.php
OK	/htdocs/application/third_party/omnipay/vendor/aws/aws-sdk-php/src/Sns/Exception/SnsException.php
OK	/htdocs/application/third_party/omnipay/vendor/aws/aws-sdk-php/src/SSMQuickSetup/Exception/SSMQuickSetupException.php
OK	/htdocs/application/third_party/omnipay/vendor/aws/aws-sdk-php/src/Sts/Exception/StsException.php
OK	/htdocs/application/third_party/omnipay/vendor/aws/aws-sdk-php/src/Swf/Exception/SwfException.php
OK	/htdocs/application/third_party/omnipay/vendor/aws/aws-sdk-php/src/TimestreamWrite/Exception/TimestreamWriteException.php
OK	/htdocs/application/third_party/omnipay/vendor/aws/aws-sdk-php/src/TranscribeService/TranscribeServiceClient.php
OK	/htdocs/application/third_party/omnipay/vendor/aws/aws-sdk-php/src/VPCLattice/VPCLatticeClient.php
OK	/htdocs/application/third_party/omnipay/vendor/aws/aws-sdk-php/src/WorkMail/WorkMailClient.php
OK	/htdocs/application/third_party/omnipay/vendor/bin/jp.php
OK	/htdocs/application/third_party/omnipay/vendor/chillerlan/php-qrcode/src/Common/EccLevel.php
OK	/htdocs/application/third_party/omnipay/vendor/chillerlan/php-qrcode/src/Data/Byte.php
OK	/htdocs/application/third_party/omnipay/vendor/chillerlan/php-qrcode/src/Decoder/BitMatrix.php
OK	/htdocs/application/third_party/omnipay/vendor/chillerlan/php-qrcode/src/Detector/QRCodeDetectorException.php
OK	/htdocs/application/third_party/omnipay/vendor/chillerlan/php-qrcode/src/Output/QRImagick.php
OK	/htdocs/application/third_party/omnipay/vendor/chillerlan/php-settings-container/rules-magic-access.neon
OK	/htdocs/application/third_party/omnipay/vendor/composer/autoload_files.php
OK	/htdocs/application/third_party/omnipay/vendor/firebase/php-jwt/composer.json
OK	/htdocs/application/third_party/omnipay/vendor/google/apiclient/composer.json
OK	/htdocs/application/third_party/omnipay/vendor/google/apiclient/src/AuthHandler/AuthHandlerFactory.php
OK	/htdocs/application/third_party/omnipay/vendor/google/apiclient/src/Task/Runner.php
OK	/htdocs/application/third_party/omnipay/vendor/google/apiclient-services/src/AddressValidation.php
OK	/htdocs/application/third_party/omnipay/vendor/google/apiclient-services/src/AlertCenter.php
OK	/htdocs/application/third_party/omnipay/vendor/google/apiclient-services/src/ApiKeysService.php
OK	/htdocs/application/third_party/omnipay/vendor/google/apiclient-services/src/Batch.php
OK	/htdocs/application/third_party/omnipay/vendor/google/apiclient-services/src/Books.php
OK	/htdocs/application/third_party/omnipay/vendor/google/apiclient-services/src/CloudAlloyDBAdmin.php
OK	/htdocs/application/third_party/omnipay/vendor/google/apiclient-services/src/CloudDomains.php
OK	/htdocs/application/third_party/omnipay/vendor/google/apiclient-services/src/CloudNaturalLanguage.php
OK	/htdocs/application/third_party/omnipay/vendor/google/apiclient-services/src/CloudSourceRepositories.php
OK	/htdocs/application/third_party/omnipay/vendor/google/apiclient-services/src/ContainerAnalysis.php
OK	/htdocs/application/third_party/omnipay/vendor/google/apiclient-services/src/DataPortability.php
OK	/htdocs/application/third_party/omnipay/vendor/google/apiclient-services/src/DiscoveryEngine.php
OK	/htdocs/application/third_party/omnipay/vendor/google/apiclient-services/src/Essentialcontacts.php
OK	/htdocs/application/third_party/omnipay/vendor/google/apiclient-services/src/FirebaseRealtimeDatabase.php
OK	/htdocs/application/third_party/omnipay/vendor/google/apiclient-services/src/GKEOnPrem.php
OK	/htdocs/application/third_party/omnipay/vendor/google/apiclient-services/src/IDS.php
OK	/htdocs/application/third_party/omnipay/vendor/google/apiclient-services/src/ManufacturerCenter.php
OK	/htdocs/application/third_party/omnipay/vendor/google/apiclient-services/src/MyBusinessQA.php
OK	/htdocs/application/third_party/omnipay/vendor/google/apiclient-services/src/PagespeedInsights.php
OK	/htdocs/application/third_party/omnipay/vendor/google/apiclient-services/src/Pollen.php
OK	/htdocs/application/third_party/omnipay/vendor/google/apiclient-services/src/Reports.php
OK	/htdocs/application/third_party/omnipay/vendor/google/apiclient-services/src/SemanticTile.php
OK	/htdocs/application/third_party/omnipay/vendor/google/apiclient-services/src/SmartDeviceManagement.php
OK	/htdocs/application/third_party/omnipay/vendor/google/apiclient-services/src/Texttospeech.php
OK	/htdocs/application/third_party/omnipay/vendor/google/apiclient-services/src/VMwareEngine.php
OK	/htdocs/application/third_party/omnipay/vendor/google/apiclient-services/src/AbusiveExperienceReport/SiteSummaryResponse.php
OK	/htdocs/application/third_party/omnipay/vendor/google/apiclient-services/src/AccessApproval/AccessLocations.php
OK	/htdocs/application/third_party/omnipay/vendor/google/apiclient-services/src/AccessApproval/SignatureInfo.php
OK	/htdocs/application/third_party/omnipay/vendor/google/apiclient-services/src/AccessContextManager/AccessSettings.php
OK	/htdocs/application/third_party/omnipay/vendor/google/apiclient-services/src/AccessContextManager/Condition.php
OK	/htdocs/application/third_party/omnipay/vendor/google/apiclient-services/src/AccessContextManager/IngressFrom.php
OK	/htdocs/application/third_party/omnipay/vendor/google/apiclient-services/src/AccessContextManager/Operation.php
OK	/htdocs/application/third_party/omnipay/vendor/google/apiclient-services/src/AccessContextManager/SetIamPolicyRequest.php
OK	/htdocs/application/third_party/omnipay/vendor/google/apiclient-services/src/AccessContextManager/Resource/Operations.php
OK	/htdocs/application/third_party/omnipay/vendor/google/apiclient-services/src/AddressValidation/GoogleMapsAddressvalidationV1ComponentName.php
OK	/htdocs/application/third_party/omnipay/vendor/google/apiclient-services/src/AddressValidation/GoogleTypeLatLng.php
OK	/htdocs/application/third_party/omnipay/vendor/google/apiclient-services/src/AdExchangeBuyer/Budget.php
OK	/htdocs/application/third_party/omnipay/vendor/google/apiclient-services/src/AdExchangeBuyer/CreativeFilteringReasonsReasons.php
OK	/htdocs/application/third_party/omnipay/vendor/google/apiclient-services/src/AdExchangeBuyer/DealTermsGuaranteedFixedPriceTerms.php
OK	/htdocs/application/third_party/omnipay/vendor/google/apiclient-services/src/AdExchangeBuyer/EditAllOrderDealsResponse.php
OK	/htdocs/application/third_party/omnipay/vendor/google/apiclient-services/src/AdExchangeBuyer/PerformanceReportList.php
OK	/htdocs/application/third_party/omnipay/vendor/google/apiclient-services/src/AdExchangeBuyer/PublisherProfileApiProto.php
OK	/htdocs/application/third_party/omnipay/vendor/google/apiclient-services/src/AdExchangeBuyer/UpdatePrivateAuctionProposalRequest.php
OK	/htdocs/application/third_party/omnipay/vendor/google/apiclient-services/src/AdExchangeBuyer/Resource/Pubprofiles.php
OK	/htdocs/application/third_party/omnipay/vendor/google/apiclient-services/src/AdExchangeBuyerII/Buyer.php
OK	/htdocs/application/third_party/omnipay/vendor/google/apiclient-services/src/AdExchangeBuyerII/CreativeSize.php
OK	/htdocs/application/third_party/omnipay/vendor/google/apiclient-services/src/AdExchangeBuyerII/Disapproval.php
OK	/htdocs/application/third_party/omnipay/vendor/google/apiclient-services/src/AdExchangeBuyerII/ListBidResponseErrorsResponse.php
OK	/htdocs/application/third_party/omnipay/vendor/google/apiclient-services/src/AdExchangeBuyerII/ListImpressionMetricsResponse.php
OK	/htdocs/application/third_party/omnipay/vendor/google/apiclient-services/src/AdExchangeBuyerII/NonBillableWinningBidStatusRow.php
OK	/htdocs/application/third_party/omnipay/vendor/google/apiclient-services/src/AdExchangeBuyerII/Product.php
OK	/htdocs/application/third_party/omnipay/vendor/google/apiclient-services/src/AdExchangeBuyerII/ServingContext.php
OK	/htdocs/application/third_party/omnipay/vendor/google/apiclient-services/src/AdExchangeBuyerII/WatchCreativeRequest.php
OK	/htdocs/application/third_party/omnipay/vendor/google/apiclient-services/src/AdExchangeBuyerII/Resource/BiddersAccounts.php
OK	/htdocs/application/third_party/omnipay/vendor/google/apiclient-services/src/AdExchangeBuyerII/Resource/BiddersFilterSets.php
OK	/htdocs/application/third_party/omnipay/vendor/google/apiclient-services/src/AdExchangeBuyerII/Resource/BuyersFilterSets.php
OK	/htdocs/application/third_party/omnipay/vendor/google/apiclient-services/src/AdExperienceReport/SiteSummaryResponse.php
OK	/htdocs/application/third_party/omnipay/vendor/google/apiclient-services/src/AdMob/GenerateNetworkReportRequest.php
OK	/htdocs/application/third_party/omnipay/vendor/google/apiclient-services/src/AdMob/PublisherAccount.php
OK	/htdocs/application/third_party/omnipay/vendor/google/apiclient-services/src/AdMob/Resource/AccountsNetworkReport.php
OK	/htdocs/application/third_party/omnipay/vendor/google/apiclient-services/src/Adsense/Date.php
OK	/htdocs/application/third_party/omnipay/vendor/google/apiclient-services/src/Adsense/ListPolicyIssuesResponse.php
OK	/htdocs/application/third_party/omnipay/vendor/google/apiclient-services/src/Adsense/UrlChannel.php
OK	/htdocs/application/third_party/omnipay/vendor/google/apiclient-services/src/AdSenseHost/Account.php
OK	/htdocs/application/third_party/omnipay/vendor/google/apiclient-services/src/AdSenseHost/AdUnits.php
OK	/htdocs/application/third_party/omnipay/vendor/google/apiclient-services/src/AdSenseHost/Resource/Adclients.php
OK	/htdocs/application/third_party/omnipay/vendor/google/apiclient-services/src/AdSensePlatform/ListAccountsResponse.php
OK	/htdocs/application/third_party/omnipay/vendor/google/apiclient-services/src/Advisorynotifications/GoogleCloudAdvisorynotificationsV1CsvCsvRow.php
OK	/htdocs/application/third_party/omnipay/vendor/google/apiclient-services/src/Advisorynotifications/Resource/Projects.php
OK	/htdocs/application/third_party/omnipay/vendor/google/apiclient-services/src/Aiplatform/CloudAiLargeModelsVisionRaiInfoDetectedLabelsBoundingBox.php
OK	/htdocs/application/third_party/omnipay/vendor/google/apiclient-services/src/Aiplatform/GoogleCloudAiplatformV1AddExecutionEventsResponse.php
OK	/htdocs/application/third_party/omnipay/vendor/google/apiclient-services/src/Aiplatform/GoogleCloudAiplatformV1AugmentPromptResponse.php
OK	/htdocs/application/third_party/omnipay/vendor/google/apiclient-services/src/Aiplatform/GoogleCloudAiplatformV1BatchCreateTensorboardTimeSeriesResponse.php
OK	/htdocs/application/third_party/omnipay/vendor/google/apiclient-services/src/Aiplatform/GoogleCloudAiplatformV1BatchPredictionJobInputConfig.php
OK	/htdocs/application/third_party/omnipay/vendor/google/apiclient-services/src/Aiplatform/GoogleCloudAiplatformV1BleuInput.php
OK	/htdocs/application/third_party/omnipay/vendor/google/apiclient-services/src/Aiplatform/GoogleCloudAiplatformV1CancelCustomJobRequest.php
OK	/htdocs/application/third_party/omnipay/vendor/google/apiclient-services/src/Aiplatform/GoogleCloudAiplatformV1CitationMetadata.php
OK	/htdocs/application/third_party/omnipay/vendor/google/apiclient-services/src/Aiplatform/GoogleCloudAiplatformV1CompleteTrialRequest.php
OK	/htdocs/application/third_party/omnipay/vendor/google/apiclient-services/src/Aiplatform/GoogleCloudAiplatformV1CorroborateContentRequest.php
OK	/htdocs/application/third_party/omnipay/vendor/google/apiclient-services/src/Aiplatform/GoogleCloudAiplatformV1CreateFeatureOnlineStoreOperationMetadata.php
OK	/htdocs/application/third_party/omnipay/vendor/google/apiclient-services/src/Aiplatform/GoogleCloudAiplatformV1CreatePipelineJobRequest.php
OK	/htdocs/application/third_party/omnipay/vendor/google/apiclient-services/src/Aiplatform/GoogleCloudAiplatformV1DataLabelingJob.php
OK	/htdocs/application/third_party/omnipay/vendor/google/apiclient-services/src/Aiplatform/GoogleCloudAiplatformV1DeleteFeatureValuesResponseSelectEntity.php
OK	/htdocs/application/third_party/omnipay/vendor/google/apiclient-services/src/Aiplatform/GoogleCloudAiplatformV1DeployIndexRequest.php
OK	/htdocs/application/third_party/omnipay/vendor/google/apiclient-services/src/Aiplatform/GoogleCloudAiplatformV1DiskSpec.php
OK	/htdocs/application/third_party/omnipay/vendor/google/apiclient-services/src/Aiplatform/GoogleCloudAiplatformV1EvaluatedAnnotationExplanation.php
OK	/htdocs/application/third_party/omnipay/vendor/google/apiclient-services/src/Aiplatform/GoogleCloudAiplatformV1ExamplesExampleGcsSource.php
OK	/htdocs/application/third_party/omnipay/vendor/google/apiclient-services/src/Aiplatform/GoogleCloudAiplatformV1ExplanationMetadataOutputMetadata.php
OK	/htdocs/application/third_party/omnipay/vendor/google/apiclient-services/src/Aiplatform/GoogleCloudAiplatformV1ExportFeatureValuesRequestFullExport.php
OK	/htdocs/application/third_party/omnipay/vendor/google/apiclient-services/src/Aiplatform/GoogleCloudAiplatformV1Fact.php
OK	/htdocs/application/third_party/omnipay/vendor/google/apiclient-services/src/Aiplatform/GoogleCloudAiplatformV1FeatureOnlineStoreDedicatedServingEndpoint.php
OK	/htdocs/application/third_party/omnipay/vendor/google/apiclient-services/src/Aiplatform/GoogleCloudAiplatformV1FeatureValueDestination.php
OK	/htdocs/application/third_party/omnipay/vendor/google/apiclient-services/src/Aiplatform/GoogleCloudAiplatformV1FeatureViewOptimizedConfig.php
OK	/htdocs/application/third_party/omnipay/vendor/google/apiclient-services/src/Aiplatform/GoogleCloudAiplatformV1FilterSplit.php
OK	/htdocs/application/third_party/omnipay/vendor/google/apiclient-services/src/Aiplatform/GoogleCloudAiplatformV1FulfillmentInput.php
OK	/htdocs/application/third_party/omnipay/vendor/google/apiclient-services/src/Aiplatform/GoogleCloudAiplatformV1GenerateContentRequest.php
OK	/htdocs/application/third_party/omnipay/vendor/google/apiclient-services/src/Aiplatform/GoogleCloudAiplatformV1GoogleSearchRetrieval.php
OK	/htdocs/application/third_party/omnipay/vendor/google/apiclient-services/src/Aiplatform/GoogleCloudAiplatformV1HyperparameterTuningJob.php
OK	/htdocs/application/third_party/omnipay/vendor/google/apiclient-services/src/Aiplatform/GoogleCloudAiplatformV1ImportRagFilesRequest.php
OK	/htdocs/application/third_party/omnipay/vendor/google/apiclient-services/src/Aiplatform/GoogleCloudAiplatformV1IntegratedGradientsAttribution.php
OK	/htdocs/application/third_party/omnipay/vendor/google/apiclient-services/src/Aiplatform/GoogleCloudAiplatformV1ListDataLabelingJobsResponse.php
OK	/htdocs/application/third_party/omnipay/vendor/google/apiclient-services/src/Aiplatform/GoogleCloudAiplatformV1ListFeatureViewSyncsResponse.php
OK	/htdocs/application/third_party/omnipay/vendor/google/apiclient-services/src/Aiplatform/GoogleCloudAiplatformV1ListNasJobsResponse.php
OK	/htdocs/application/third_party/omnipay/vendor/google/apiclient-services/src/Aiplatform/GoogleCloudAiplatformV1ListSavedQueriesResponse.php
OK	/htdocs/application/third_party/omnipay/vendor/google/apiclient-services/src/Aiplatform/GoogleCloudAiplatformV1LogprobsResultCandidate.php
OK	/htdocs/application/third_party/omnipay/vendor/google/apiclient-services/src/Aiplatform/GoogleCloudAiplatformV1Metric.php
OK	/htdocs/application/third_party/omnipay/vendor/google/apiclient-services/src/Aiplatform/GoogleCloudAiplatformV1MigrateResourceRequestMigrateAutomlDatasetConfig.php
OK	/htdocs/application/third_party/omnipay/vendor/google/apiclient-services/src/Aiplatform/GoogleCloudAiplatformV1ModelDeploymentMonitoringJob.php
OK	/htdocs/application/third_party/omnipay/vendor/google/apiclient-services/src/Aiplatform/GoogleCloudAiplatformV1ModelExplanation.php
OK	/htdocs/application/third_party/omnipay/vendor/google/apiclient-services/src/Aiplatform/GoogleCloudAiplatformV1ModelMonitoringStatsAnomaliesFeatureHistoricStatsAnomalies.php
OK	/htdocs/application/third_party/omnipay/vendor/google/apiclient-services/src/Aiplatform/GoogleCloudAiplatformV1NasJobSpec.php
OK	/htdocs/application/third_party/omnipay/vendor/google/apiclient-services/src/Aiplatform/GoogleCloudAiplatformV1NearestNeighbors.php
OK	/htdocs/application/third_party/omnipay/vendor/google/apiclient-services/src/Aiplatform/GoogleCloudAiplatformV1NotebookExecutionJobDirectNotebookSource.php
OK	/htdocs/application/third_party/omnipay/vendor/google/apiclient-services/src/Aiplatform/GoogleCloudAiplatformV1PairwiseMetricResult.php
OK	/htdocs/application/third_party/omnipay/vendor/google/apiclient-services/src/Aiplatform/GoogleCloudAiplatformV1PauseScheduleRequest.php
OK	/htdocs/application/third_party/omnipay/vendor/google/apiclient-services/src/Aiplatform/GoogleCloudAiplatformV1PipelineTaskExecutorDetailCustomJobDetail.php
OK	/htdocs/application/third_party/omnipay/vendor/google/apiclient-services/src/Aiplatform/GoogleCloudAiplatformV1PredictRequestResponseLoggingConfig.php
OK	/htdocs/application/third_party/omnipay/vendor/google/apiclient-services/src/Aiplatform/GoogleCloudAiplatformV1PscAutomatedEndpoints.php
OK	/htdocs/application/third_party/omnipay/vendor/google/apiclient-services/src/Aiplatform/GoogleCloudAiplatformV1PublisherModelCallToActionViewRestApi.php
OK	/htdocs/application/third_party/omnipay/vendor/google/apiclient-services/src/Aiplatform/GoogleCloudAiplatformV1PythonPackageSpec.php
OK	/htdocs/application/third_party/omnipay/vendor/google/apiclient-services/src/Aiplatform/GoogleCloudAiplatformV1QuestionAnsweringQualityInput.php
OK	/htdocs/application/third_party/omnipay/vendor/google/apiclient-services/src/Aiplatform/GoogleCloudAiplatformV1RagEmbeddingModelConfigVertexPredictionEndpoint.php
OK	/htdocs/application/third_party/omnipay/vendor/google/apiclient-services/src/Aiplatform/GoogleCloudAiplatformV1RawPredictRequest.php
OK	/htdocs/application/third_party/omnipay/vendor/google/apiclient-services/src/Aiplatform/GoogleCloudAiplatformV1ReadTensorboardBlobDataResponse.php
OK	/htdocs/application/third_party/omnipay/vendor/google/apiclient-services/src/Aiplatform/GoogleCloudAiplatformV1ReinforcementLearningDataStats.php
OK	/htdocs/application/third_party/omnipay/vendor/google/apiclient-services/src/Aiplatform/GoogleCloudAiplatformV1ResumeModelDeploymentMonitoringJobRequest.php
OK	/htdocs/application/third_party/omnipay/vendor/google/apiclient-services/src/Aiplatform/GoogleCloudAiplatformV1RougeResults.php
OK	/htdocs/application/third_party/omnipay/vendor/google/apiclient-services/src/Aiplatform/GoogleCloudAiplatformV1SavedQuery.php
OK	/htdocs/application/third_party/omnipay/vendor/google/apiclient-services/src/Aiplatform/GoogleCloudAiplatformV1SchemaImageSegmentationAnnotationMaskAnnotation.php
OK	/htdocs/application/third_party/omnipay/vendor/google/apiclient-services/src/Aiplatform/GoogleCloudAiplatformV1SchemaModelevaluationMetricsImageObjectDetectionEvaluationMetrics.php
OK	/htdocs/application/third_party/omnipay/vendor/google/apiclient-services/src/Aiplatform/GoogleCloudAiplatformV1SchemaModelevaluationMetricsVideoActionMetrics.php
OK	/htdocs/application/third_party/omnipay/vendor/google/apiclient-services/src/Aiplatform/GoogleCloudAiplatformV1SchemaPredictInstanceVideoObjectTrackingPredictionInstance.php
OK	/htdocs/application/third_party/omnipay/vendor/google/apiclient-services/src/Aiplatform/GoogleCloudAiplatformV1SchemaPredictPredictionImageObjectDetectionPredictionResult.php
OK	/htdocs/application/third_party/omnipay/vendor/google/apiclient-services/src/Aiplatform/GoogleCloudAiplatformV1SchemaPromptApiSchema.php
OK	/htdocs/application/third_party/omnipay/vendor/google/apiclient-services/src/Aiplatform/GoogleCloudAiplatformV1SchemaPromptSpecTranslationOption.php
OK	/htdocs/application/third_party/omnipay/vendor/google/apiclient-services/src/Aiplatform/GoogleCloudAiplatformV1SchemaTextSegment.php
OK	/htdocs/application/third_party/omnipay/vendor/google/apiclient-services/src/Aiplatform/GoogleCloudAiplatformV1SchemaTrainingjobDefinitionAutoMlForecastingInputsTransformationAutoTransformation.php
OK	/htdocs/application/third_party/omnipay/vendor/google/apiclient-services/src/Aiplatform/GoogleCloudAiplatformV1SchemaTrainingjobDefinitionAutoMlImageSegmentation.php
OK	/htdocs/application/third_party/omnipay/vendor/google/apiclient-services/src/Aiplatform/GoogleCloudAiplatformV1SchemaTrainingjobDefinitionAutoMlTablesInputsTransformationTextArrayTransformation.php
OK	/htdocs/application/third_party/omnipay/vendor/google/apiclient-services/src/Aiplatform/GoogleCloudAiplatformV1SchemaTrainingjobDefinitionAutoMlVideoClassification.php
OK	/htdocs/application/third_party/omnipay/vendor/google/apiclient-services/src/Aiplatform/GoogleCloudAiplatformV1SchemaTrainingjobDefinitionSeq2SeqPlusForecastingInputs.php
OK	/htdocs/application/third_party/omnipay/vendor/google/apiclient-services/src/Aiplatform/GoogleCloudAiplatformV1SchemaTrainingjobDefinitionTftForecastingInputsTransformation.php
OK	/htdocs/application/third_party/omnipay/vendor/google/apiclient-services/src/Aiplatform/GoogleCloudAiplatformV1SchemaVideoDatasetMetadata.php
OK	/htdocs/application/third_party/omnipay/vendor/google/apiclient-services/src/Aiplatform/GoogleCloudAiplatformV1SearchNearestEntitiesRequest.php
OK	/htdocs/application/third_party/omnipay/vendor/google/apiclient-services/src/Aiplatform/GoogleCloudAiplatformV1SpeculativeDecodingSpec.php
OK	/htdocs/application/third_party/omnipay/vendor/google/apiclient-services/src/Aiplatform/GoogleCloudAiplatformV1StreamQueryReasoningEngineRequest.php
OK	/htdocs/application/third_party/omnipay/vendor/google/apiclient-services/src/Aiplatform/GoogleCloudAiplatformV1StudySpecParameterSpec.php
OK	/htdocs/application/third_party/omnipay/vendor/google/apiclient-services/src/Aiplatform/GoogleCloudAiplatformV1SuggestTrialsRequest.php
OK	/htdocs/application/third_party/omnipay/vendor/google/apiclient-services/src/Aiplatform/GoogleCloudAiplatformV1SummarizationVerbosityResult.php
OK	/htdocs/application/third_party/omnipay/vendor/google/apiclient-services/src/Aiplatform/GoogleCloudAiplatformV1TensorboardBlobSequence.php
OK	/htdocs/application/third_party/omnipay/vendor/google/apiclient-services/src/Aiplatform/GoogleCloudAiplatformV1Tool.php
OK	/htdocs/application/third_party/omnipay/vendor/google/apiclient-services/src/Aiplatform/GoogleCloudAiplatformV1ToolNameMatchMetricValue.php
OK	/htdocs/application/third_party/omnipay/vendor/google/apiclient-services/src/Aiplatform/GoogleCloudAiplatformV1ToolParameterKVMatchSpec.php
OK	/htdocs/application/third_party/omnipay/vendor/google/apiclient-services/src/Aiplatform/GoogleCloudAiplatformV1TrajectoryExactMatchResults.php
OK	/htdocs/application/third_party/omnipay/vendor/google/apiclient-services/src/Aiplatform/GoogleCloudAiplatformV1TrajectoryRecallInput.php
OK	/htdocs/application/third_party/omnipay/vendor/google/apiclient-services/src/Aiplatform/GoogleCloudAiplatformV1TrialParameter.php
OK	/htdocs/application/third_party/omnipay/vendor/google/apiclient-services/src/Aiplatform/GoogleCloudAiplatformV1UpdateDeploymentResourcePoolOperationMetadata.php
OK	/htdocs/application/third_party/omnipay/vendor/google/apiclient-services/src/Aiplatform/GoogleCloudAiplatformV1UpdatePersistentResourceOperationMetadata.php
OK	/htdocs/application/third_party/omnipay/vendor/google/apiclient-services/src/Aiplatform/GoogleCloudAiplatformV1UpsertDatapointsResponse.php
OK	/htdocs/application/third_party/omnipay/vendor/google/apiclient-services/src/Aiplatform/GoogleCloudAiplatformV1WriteTensorboardExperimentDataRequest.php
OK	/htdocs/application/third_party/omnipay/vendor/google/apiclient-services/src/Aiplatform/GoogleLongrunningOperation.php
OK	/htdocs/application/third_party/omnipay/vendor/google/apiclient-services/src/Aiplatform/Resource/Datasets.php
OK	/htdocs/application/third_party/omnipay/vendor/google/apiclient-services/src/Aiplatform/Resource/ProjectsLocationsDatasets.php
OK	/htdocs/application/third_party/omnipay/vendor/google/apiclient-services/src/Aiplatform/Resource/ProjectsLocationsDeploymentResourcePoolsOperations.php
OK	/htdocs/application/third_party/omnipay/vendor/google/apiclient-services/src/Aiplatform/Resource/ProjectsLocationsFeatureOnlineStoresOperations.php
OK	/htdocs/application/third_party/omnipay/vendor/google/apiclient-services/src/Aiplatform/Resource/ProjectsLocationsIndexesOperations.php
OK	/htdocs/application/third_party/omnipay/vendor/google/apiclient-services/src/Aiplatform/Resource/ProjectsLocationsModelDeploymentMonitoringJobs.php
OK	/htdocs/application/third_party/omnipay/vendor/google/apiclient-services/src/Aiplatform/Resource/ProjectsLocationsNotebookRuntimesOperations.php
OK	/htdocs/application/third_party/omnipay/vendor/google/apiclient-services/src/Aiplatform/Resource/ProjectsLocationsRagCorporaRagFiles.php
OK	/htdocs/application/third_party/omnipay/vendor/google/apiclient-services/src/Aiplatform/Resource/ProjectsLocationsTensorboards.php
OK	/htdocs/application/third_party/omnipay/vendor/google/apiclient-services/src/Aiplatform/Resource/Publishers.php
OK	/htdocs/application/third_party/omnipay/vendor/google/apiclient-services/src/AIPlatformNotebooks/DataprocParameters.php
OK	/htdocs/application/third_party/omnipay/vendor/google/apiclient-services/src/AIPlatformNotebooks/GceSetup.php
OK	/htdocs/application/third_party/omnipay/vendor/google/apiclient-services/src/AIPlatformNotebooks/ListOperationsResponse.php
OK	/htdocs/application/third_party/omnipay/vendor/google/apiclient-services/src/AIPlatformNotebooks/RefreshRuntimeTokenInternalResponse.php
OK	/htdocs/application/third_party/omnipay/vendor/google/apiclient-services/src/AIPlatformNotebooks/Runtime.php
OK	/htdocs/application/third_party/omnipay/vendor/google/apiclient-services/src/AIPlatformNotebooks/SetInstanceLabelsRequest.php
OK	/htdocs/application/third_party/omnipay/vendor/google/apiclient-services/src/AIPlatformNotebooks/TestIamPermissionsResponse.php
OK	/htdocs/application/third_party/omnipay/vendor/google/apiclient-services/src/AIPlatformNotebooks/VirtualMachine.php
OK	/htdocs/application/third_party/omnipay/vendor/google/apiclient-services/src/AirQuality/AirQualityIndex.php
OK	/htdocs/application/third_party/omnipay/vendor/google/apiclient-services/src/AirQuality/LookupForecastRequest.php
OK	/htdocs/application/third_party/omnipay/vendor/google/apiclient-services/src/AlertCenter/AccountSuspensionDetails.php
OK	/htdocs/application/third_party/omnipay/vendor/google/apiclient-services/src/AlertCenter/AppsOutage.php
OK	/htdocs/application/third_party/omnipay/vendor/google/apiclient-services/src/AlertCenter/DeviceManagementRule.php
OK	/htdocs/application/third_party/omnipay/vendor/google/apiclient-services/src/AlertCenter/MaliciousEntity.php
OK	/htdocs/application/third_party/omnipay/vendor/google/apiclient-services/src/AlertCenter/RuleInfo.php
OK	/htdocs/application/third_party/omnipay/vendor/google/apiclient-services/src/AlertCenter/SuspiciousActivitySecurityDetail.php
OK	/htdocs/application/third_party/omnipay/vendor/google/apiclient-services/src/AlertCenter/Resource/V1beta1.php
OK	/htdocs/application/third_party/omnipay/vendor/google/apiclient-services/src/Analytics/AnalyticsDataimportDeleteUploadDataRequest.php
OK	/htdocs/application/third_party/omnipay/vendor/google/apiclient-services/src/Analytics/CustomMetrics.php
OK	/htdocs/application/third_party/omnipay/vendor/google/apiclient-services/src/Analytics/Filter.php
OK	/htdocs/application/third_party/omnipay/vendor/google/apiclient-services/src/Analytics/GaDataDataTableCols.php
OK	/htdocs/application/third_party/omnipay/vendor/google/apiclient-services/src/Analytics/GoalVisitNumPagesDetails.php
OK	/htdocs/application/third_party/omnipay/vendor/google/apiclient-services/src/Analytics/Profile.php
OK	/htdocs/application/third_party/omnipay/vendor/google/apiclient-services/src/Analytics/RealtimeDataQuery.php
OK	/htdocs/application/third_party/omnipay/vendor/google/apiclient-services/src/Analytics/Upload.php
OK	/htdocs/application/third_party/omnipay/vendor/google/apiclient-services/src/Analytics/Resource/Data.php
OK	/htdocs/application/third_party/omnipay/vendor/google/apiclient-services/src/Analytics/Resource/ManagementExperiments.php
OK	/htdocs/application/third_party/omnipay/vendor/google/apiclient-services/src/Analytics/Resource/ManagementWebpropertyUserLinks.php
OK	/htdocs/application/third_party/omnipay/vendor/google/apiclient-services/src/AnalyticsData/BatchRunReportsResponse.php
OK	/htdocs/application/third_party/omnipay/vendor/google/apiclient-services/src/AnalyticsData/DateRange.php
OK	/htdocs/application/third_party/omnipay/vendor/google/apiclient-services/src/AnalyticsData/InListFilter.php
OK	/htdocs/application/third_party/omnipay/vendor/google/apiclient-services/src/AnalyticsData/Operation.php
OK	/htdocs/application/third_party/omnipay/vendor/google/apiclient-services/src/AnalyticsData/Row.php
OK	/htdocs/application/third_party/omnipay/vendor/google/apiclient-services/src/AnalyticsData/V1betaAudienceDimensionValue.php
OK	/htdocs/application/third_party/omnipay/vendor/google/apiclient-services/src/AnalyticsHub/CloudStorageConfig.php
OK	/htdocs/application/third_party/omnipay/vendor/google/apiclient-services/src/AnalyticsHub/GetPolicyOptions.php
OK	/htdocs/application/third_party/omnipay/vendor/google/apiclient-services/src/AnalyticsHub/ListOrgDataExchangesResponse.php
OK	/htdocs/application/third_party/omnipay/vendor/google/apiclient-services/src/AnalyticsHub/PubsubWrapper.php
OK	/htdocs/application/third_party/omnipay/vendor/google/apiclient-services/src/AnalyticsHub/Status.php
OK	/htdocs/application/third_party/omnipay/vendor/google/apiclient-services/src/AnalyticsHub/Resource/Projects.php
OK	/htdocs/application/third_party/omnipay/vendor/google/apiclient-services/src/AnalyticsReporting/Dimension.php
OK	/htdocs/application/third_party/omnipay/vendor/google/apiclient-services/src/AnalyticsReporting/MetricFilterClause.php
OK	/htdocs/application/third_party/omnipay/vendor/google/apiclient-services/src/AnalyticsReporting/ReportData.php
OK	/htdocs/application/third_party/omnipay/vendor/google/apiclient-services/src/AnalyticsReporting/SegmentMetricFilter.php
OK	/htdocs/application/third_party/omnipay/vendor/google/apiclient-services/src/AndroidEnterprise/AdministratorWebTokenSpecManagedConfigurations.php
OK	/htdocs/application/third_party/omnipay/vendor/google/apiclient-services/src/AndroidEnterprise/AppUpdateEvent.php
OK	/htdocs/application/third_party/omnipay/vendor/google/apiclient-services/src/AndroidEnterprise/EnrollmentToken.php
OK	/htdocs/application/third_party/omnipay/vendor/google/apiclient-services/src/AndroidEnterprise/Install.php
OK	/htdocs/application/third_party/omnipay/vendor/google/apiclient-services/src/AndroidEnterprise/ManagedPropertyBundle.php
OK	/htdocs/application/third_party/omnipay/vendor/google/apiclient-services/src/AndroidEnterprise/ProductPermissions.php
OK	/htdocs/application/third_party/omnipay/vendor/google/apiclient-services/src/AndroidEnterprise/StoreCluster.php
OK	/htdocs/application/third_party/omnipay/vendor/google/apiclient-services/src/AndroidEnterprise/WebAppsListResponse.php
OK	/htdocs/application/third_party/omnipay/vendor/google/apiclient-services/src/AndroidEnterprise/Resource/Products.php
OK	/htdocs/application/third_party/omnipay/vendor/google/apiclient-services/src/AndroidManagement/Application.php
OK	/htdocs/application/third_party/omnipay/vendor/google/apiclient-services/src/AndroidManagement/CertAuthorityInstalledEvent.php
OK	/htdocs/application/third_party/omnipay/vendor/google/apiclient-services/src/AndroidManagement/CrossProfilePolicies.php
OK	/htdocs/application/third_party/omnipay/vendor/google/apiclient-services/src/AndroidManagement/EnrollmentToken.php
OK	/htdocs/application/third_party/omnipay/vendor/google/apiclient-services/src/AndroidManagement/KeyDestructionEvent.php
OK	/htdocs/application/third_party/omnipay/vendor/google/apiclient-services/src/AndroidManagement/ListEnterprisesResponse.php
OK	/htdocs/application/third_party/omnipay/vendor/google/apiclient-services/src/AndroidManagement/ManagedProperty.php
OK	/htdocs/application/third_party/omnipay/vendor/google/apiclient-services/src/AndroidManagement/Operation.php
OK	/htdocs/application/third_party/omnipay/vendor/google/apiclient-services/src/AndroidManagement/PolicyEnforcementRule.php
OK	/htdocs/application/third_party/omnipay/vendor/google/apiclient-services/src/AndroidManagement/SoftwareInfo.php
OK	/htdocs/application/third_party/omnipay/vendor/google/apiclient-services/src/AndroidManagement/TermsAndConditions.php
OK	/htdocs/application/third_party/omnipay/vendor/google/apiclient-services/src/AndroidManagement/WipeAction.php
OK	/htdocs/application/third_party/omnipay/vendor/google/apiclient-services/src/AndroidManagement/Resource/SignupUrls.php
OK	/htdocs/application/third_party/omnipay/vendor/google/apiclient-services/src/AndroidProvisioningPartner/CustomerListDpcsResponse.php
OK	/htdocs/application/third_party/omnipay/vendor/google/apiclient-services/src/AndroidProvisioningPartner/FindDevicesByDeviceIdentifierResponse.php
OK	/htdocs/application/third_party/omnipay/vendor/google/apiclient-services/src/AndroidProvisioningPartner/PartnerUnclaim.php
OK	/htdocs/application/third_party/omnipay/vendor/google/apiclient-services/src/AndroidProvisioningPartner/Resource/Operations.php
OK	/htdocs/application/third_party/omnipay/vendor/google/apiclient-services/src/AndroidPublisher/AddTargetingResponse.php
OK	/htdocs/application/third_party/omnipay/vendor/google/apiclient-services/src/AndroidPublisher/AppEdit.php
OK	/htdocs/application/third_party/omnipay/vendor/google/apiclient-services/src/AndroidPublisher/BatchGetSubscriptionsResponse.php
OK	/htdocs/application/third_party/omnipay/vendor/google/apiclient-services/src/AndroidPublisher/BundlesListResponse.php
OK	/htdocs/application/third_party/omnipay/vendor/google/apiclient-services/src/AndroidPublisher/DeactivateBasePlanRequest.php
OK	/htdocs/application/third_party/omnipay/vendor/google/apiclient-services/src/AndroidPublisher/DeviceId.php
OK	/htdocs/application/third_party/omnipay/vendor/google/apiclient-services/src/AndroidPublisher/ExternalOfferInitialAcquisitionDetails.php
OK	/htdocs/application/third_party/omnipay/vendor/google/apiclient-services/src/AndroidPublisher/GeneratedUniversalApk.php
OK	/htdocs/application/third_party/omnipay/vendor/google/apiclient-services/src/AndroidPublisher/InappproductsBatchUpdateResponse.php
OK	/htdocs/application/third_party/omnipay/vendor/google/apiclient-services/src/AndroidPublisher/ListingsListResponse.php
OK	/htdocs/application/third_party/omnipay/vendor/google/apiclient-services/src/AndroidPublisher/MultiAbiTargeting.php
OK	/htdocs/application/third_party/omnipay/vendor/google/apiclient-services/src/AndroidPublisher/PartialRefund.php
OK	/htdocs/application/third_party/omnipay/vendor/google/apiclient-services/src/AndroidPublisher/RegionalSubscriptionOfferConfig.php
OK	/htdocs/application/third_party/omnipay/vendor/google/apiclient-services/src/AndroidPublisher/ReviewReplyResult.php
OK	/htdocs/application/third_party/omnipay/vendor/google/apiclient-services/src/AndroidPublisher/ScreenDensityTargeting.php
OK	/htdocs/application/third_party/omnipay/vendor/google/apiclient-services/src/AndroidPublisher/SubscriptionListing.php
OK	/htdocs/application/third_party/omnipay/vendor/google/apiclient-services/src/AndroidPublisher/SystemApkOptions.php
OK	/htdocs/application/third_party/omnipay/vendor/google/apiclient-services/src/AndroidPublisher/TestPurchase.php
OK	/htdocs/application/third_party/omnipay/vendor/google/apiclient-services/src/AndroidPublisher/UpdateBasePlanStateRequest.php
OK	/htdocs/application/third_party/omnipay/vendor/google/apiclient-services/src/AndroidPublisher/Variant.php
OK	/htdocs/application/third_party/omnipay/vendor/google/apiclient-services/src/AndroidPublisher/Resource/EditsDeobfuscationfiles.php
OK	/htdocs/application/third_party/omnipay/vendor/google/apiclient-services/src/AndroidPublisher/Resource/Monetization.php
OK	/htdocs/application/third_party/omnipay/vendor/google/apiclient-services/src/AndroidPublisher/Resource/SystemapksVariants.php
OK	/htdocs/application/third_party/omnipay/vendor/google/apiclient-services/src/Apigateway/ApigatewayExpr.php
OK	/htdocs/application/third_party/omnipay/vendor/google/apiclient-services/src/Apigateway/ApigatewaySetIamPolicyRequest.php
OK	/htdocs/application/third_party/omnipay/vendor/google/apiclient-services/src/Apigee/GoogleApiHttpBody.php
OK	/htdocs/application/third_party/omnipay/vendor/google/apiclient-services/src/Apigee/GoogleCloudApigeeV1AnalyticsConfig.php
OK	/htdocs/application/third_party/omnipay/vendor/google/apiclient-services/src/Apigee/GoogleCloudApigeeV1ApiProxy.php
OK	/htdocs/application/third_party/omnipay/vendor/google/apiclient-services/src/Apigee/GoogleCloudApigeeV1AsyncQueryResultView.php
OK	/htdocs/application/third_party/omnipay/vendor/google/apiclient-services/src/Apigee/GoogleCloudApigeeV1Certificate.php
OK	/htdocs/application/third_party/omnipay/vendor/google/apiclient-services/src/Apigee/GoogleCloudApigeeV1CustomReportMetric.php
OK	/htdocs/application/third_party/omnipay/vendor/google/apiclient-services/src/Apigee/GoogleCloudApigeeV1DeploymentChangeReport.php
OK	/htdocs/application/third_party/omnipay/vendor/google/apiclient-services/src/Apigee/GoogleCloudApigeeV1DeveloperSubscription.php
OK	/htdocs/application/third_party/omnipay/vendor/google/apiclient-services/src/Apigee/GoogleCloudApigeeV1EnvironmentConfigClientIPResolutionConfig.php
OK	/htdocs/application/third_party/omnipay/vendor/google/apiclient-services/src/Apigee/GoogleCloudApigeeV1GenerateUploadUrlRequest.php
OK	/htdocs/application/third_party/omnipay/vendor/google/apiclient-services/src/Apigee/GoogleCloudApigeeV1Instance.php
OK	/htdocs/application/third_party/omnipay/vendor/google/apiclient-services/src/Apigee/GoogleCloudApigeeV1ListApiDebugSessionsResponse.php
OK	/htdocs/application/third_party/omnipay/vendor/google/apiclient-services/src/Apigee/GoogleCloudApigeeV1ListDebugSessionsResponse.php
OK	/htdocs/application/third_party/omnipay/vendor/google/apiclient-services/src/Apigee/GoogleCloudApigeeV1ListKeyValueEntriesResponse.php
OK	/htdocs/application/third_party/omnipay/vendor/google/apiclient-services/src/Apigee/GoogleCloudApigeeV1ListTraceConfigOverridesResponse.php
OK	/htdocs/application/third_party/omnipay/vendor/google/apiclient-services/src/Apigee/GoogleCloudApigeeV1OperationMetadataProgress.php
OK	/htdocs/application/third_party/omnipay/vendor/google/apiclient-services/src/Apigee/GoogleCloudApigeeV1ProfileConfigCORS.php
OK	/htdocs/application/third_party/omnipay/vendor/google/apiclient-services/src/Apigee/GoogleCloudApigeeV1QueryTimeSeriesStatsRequest.php
OK	/htdocs/application/third_party/omnipay/vendor/google/apiclient-services/src/Apigee/GoogleCloudApigeeV1ResourceFile.php
OK	/htdocs/application/third_party/omnipay/vendor/google/apiclient-services/src/Apigee/GoogleCloudApigeeV1RuntimeTraceConfigOverride.php
OK	/htdocs/application/third_party/omnipay/vendor/google/apiclient-services/src/Apigee/GoogleCloudApigeeV1SecurityActionConditionConfig.php
OK	/htdocs/application/third_party/omnipay/vendor/google/apiclient-services/src/Apigee/GoogleCloudApigeeV1SecurityProfile.php
OK	/htdocs/application/third_party/omnipay/vendor/google/apiclient-services/src/Apigee/GoogleCloudApigeeV1SecuritySettings.php
OK	/htdocs/application/third_party/omnipay/vendor/google/apiclient-services/src/Apigee/GoogleCloudApigeeV1TargetServer.php
OK	/htdocs/application/third_party/omnipay/vendor/google/apiclient-services/src/Apigee/GoogleIamV1AuditConfig.php
OK	/htdocs/application/third_party/omnipay/vendor/google/apiclient-services/src/Apigee/GoogleRpcStatus.php
OK	/htdocs/application/third_party/omnipay/vendor/google/apiclient-services/src/Apigee/Resource/OrganizationsApis.php
OK	/htdocs/application/third_party/omnipay/vendor/google/apiclient-services/src/Apigee/Resource/OrganizationsDatacollectors.php
OK	/htdocs/application/third_party/omnipay/vendor/google/apiclient-services/src/Apigee/Resource/OrganizationsEnvgroups.php
OK	/htdocs/application/third_party/omnipay/vendor/google/apiclient-services/src/Apigee/Resource/OrganizationsEnvironmentsApisRevisionsDeployments.php
OK	/htdocs/application/third_party/omnipay/vendor/google/apiclient-services/src/Apigee/Resource/OrganizationsEnvironmentsResourcefiles.php
OK	/htdocs/application/third_party/omnipay/vendor/google/apiclient-services/src/Apigee/Resource/OrganizationsHostQueries.php
OK	/htdocs/application/third_party/omnipay/vendor/google/apiclient-services/src/Apigee/Resource/OrganizationsSecurityAssessmentResults.php
OK	/htdocs/application/third_party/omnipay/vendor/google/apiclient-services/src/ApigeeRegistry/Api.php
OK	/htdocs/application/third_party/omnipay/vendor/google/apiclient-services/src/ApigeeRegistry/Instance.php
OK	/htdocs/application/third_party/omnipay/vendor/google/apiclient-services/src/ApigeeRegistry/OperationMetadata.php
OK	/htdocs/application/third_party/omnipay/vendor/google/apiclient-services/src/ApigeeRegistry/Resource/ProjectsLocationsApis.php
OK	/htdocs/application/third_party/omnipay/vendor/google/apiclient-services/src/ApigeeRegistry/Resource/ProjectsLocationsRuntime.php
OK	/htdocs/application/third_party/omnipay/vendor/google/apiclient-services/src/ApiKeysService/V2LookupKeyResponse.php
OK	/htdocs/application/third_party/omnipay/vendor/google/apiclient-services/src/APIManagement/BatchEditTagsApiObservationsRequest.php
OK	/htdocs/application/third_party/omnipay/vendor/google/apiclient-services/src/APIManagement/HttpOperationPathParam.php
OK	/htdocs/application/third_party/omnipay/vendor/google/apiclient-services/src/APIManagement/Operation.php
OK	/htdocs/application/third_party/omnipay/vendor/google/apiclient-services/src/Appengine/ApiEndpointHandler.php
OK	/htdocs/application/third_party/omnipay/vendor/google/apiclient-services/src/Appengine/ContainerState.php
OK	/htdocs/application/third_party/omnipay/vendor/google/apiclient-services/src/Appengine/ErrorHandler.php
OK	/htdocs/application/third_party/omnipay/vendor/google/apiclient-services/src/Appengine/Library.php
OK	/htdocs/application/third_party/omnipay/vendor/google/apiclient-services/src/Appengine/Location.php
OK	/htdocs/application/third_party/omnipay/vendor/google/apiclient-services/src/Appengine/ProjectsMetadata.php
OK	/htdocs/application/third_party/omnipay/vendor/google/apiclient-services/src/Appengine/SslSettings.php
OK	/htdocs/application/third_party/omnipay/vendor/google/apiclient-services/src/Appengine/Resource/AppsAuthorizedCertificates.php
OK	/htdocs/application/third_party/omnipay/vendor/google/apiclient-services/src/Appengine/Resource/ProjectsLocationsApplications.php
OK	/htdocs/application/third_party/omnipay/vendor/google/apiclient-services/src/AppHub/CancelOperationRequest.php
OK	/htdocs/application/third_party/omnipay/vendor/google/apiclient-services/src/AppHub/Expr.php
OK	/htdocs/application/third_party/omnipay/vendor/google/apiclient-services/src/AppHub/ListWorkloadsResponse.php
OK	/htdocs/application/third_party/omnipay/vendor/google/apiclient-services/src/AppHub/RegionalMigDistributionPolicy.php
OK	/htdocs/application/third_party/omnipay/vendor/google/apiclient-services/src/AppHub/TestIamPermissionsResponse.php
OK	/htdocs/application/third_party/omnipay/vendor/google/apiclient-services/src/AppHub/Resource/ProjectsLocationsOperations.php
OK	/htdocs/application/third_party/omnipay/vendor/google/apiclient-services/src/Area120Tables/ListRowsResponse.php
OK	/htdocs/application/third_party/omnipay/vendor/google/apiclient-services/src/Area120Tables/Resource/Workspaces.php
OK	/htdocs/application/third_party/omnipay/vendor/google/apiclient-services/src/AreaInsights/TypeFilter.php
OK	/htdocs/application/third_party/omnipay/vendor/google/apiclient-services/src/ArtifactRegistry/CleanupPolicyMostRecentVersions.php
OK	/htdocs/application/third_party/omnipay/vendor/google/apiclient-services/src/ArtifactRegistry/GoogleDevtoolsArtifactregistryV1RemoteRepositoryConfigAptRepositoryPublicRepository.php
OK	/htdocs/application/third_party/omnipay/vendor/google/apiclient-services/src/ArtifactRegistry/ImportAptArtifactsRequest.php
OK	/htdocs/application/third_party/omnipay/vendor/google/apiclient-services/src/ArtifactRegistry/KfpArtifact.php
OK	/htdocs/application/third_party/omnipay/vendor/google/apiclient-services/src/ArtifactRegistry/ListTagsResponse.php
OK	/htdocs/application/third_party/omnipay/vendor/google/apiclient-services/src/ArtifactRegistry/ProjectSettings.php
OK	/htdocs/application/third_party/omnipay/vendor/google/apiclient-services/src/ArtifactRegistry/UploadAptArtifactMediaResponse.php
OK	/htdocs/application/third_party/omnipay/vendor/google/apiclient-services/src/ArtifactRegistry/UploadGoogetArtifactMediaResponse.php
OK	/htdocs/application/third_party/omnipay/vendor/google/apiclient-services/src/ArtifactRegistry/UpstreamPolicy.php
OK	/htdocs/application/third_party/omnipay/vendor/google/apiclient-services/src/ArtifactRegistry/Resource/ProjectsLocationsOperations.php
OK	/htdocs/application/third_party/omnipay/vendor/google/apiclient-services/src/ArtifactRegistry/Resource/ProjectsLocationsRepositoriesPackages.php
OK	/htdocs/application/third_party/omnipay/vendor/google/apiclient-services/src/Assuredworkloads/GoogleCloudAssuredworkloadsV1beta1WorkloadCJISSettings.php
OK	/htdocs/application/third_party/omnipay/vendor/google/apiclient-services/src/Assuredworkloads/GoogleCloudAssuredworkloadsV1MoveAnalysisGroup.php
OK	/htdocs/application/third_party/omnipay/vendor/google/apiclient-services/src/Assuredworkloads/GoogleCloudAssuredworkloadsV1Workload.php
OK	/htdocs/application/third_party/omnipay/vendor/google/apiclient-services/src/Assuredworkloads/GoogleCloudAssuredworkloadsVersioningV1mainWorkloadComplianceStatus.php
OK	/htdocs/application/third_party/omnipay/vendor/google/apiclient-services/src/Assuredworkloads/Resource/Organizations.php
OK	/htdocs/application/third_party/omnipay/vendor/google/apiclient-services/src/AuthorizedBuyersMarketplace/AuthorizedbuyersmarketplaceEmpty.php
OK	/htdocs/application/third_party/omnipay/vendor/google/apiclient-services/src/AuthorizedBuyersMarketplace/DeactivateClientUserRequest.php
OK	/htdocs/application/third_party/omnipay/vendor/google/apiclient-services/src/AuthorizedBuyersMarketplace/ListDealsResponse.php
OK	/htdocs/application/third_party/omnipay/vendor/google/apiclient-services/src/AuthorizedBuyersMarketplace/PreferredDealTerms.php
OK	/htdocs/application/third_party/omnipay/vendor/google/apiclient-services/src/AuthorizedBuyersMarketplace/SubscribeAuctionPackageRequest.php
OK	/htdocs/application/third_party/omnipay/vendor/google/apiclient-services/src/AuthorizedBuyersMarketplace/Resource/BiddersFinalizedDeals.php
OK	/htdocs/application/third_party/omnipay/vendor/google/apiclient-services/src/Backupdr/AdvancedMachineFeatures.php
OK	/htdocs/application/third_party/omnipay/vendor/google/apiclient-services/src/Backupdr/BackupConfigInfo.php
OK	/htdocs/application/third_party/omnipay/vendor/google/apiclient-services/src/Backupdr/Binding.php
OK	/htdocs/application/third_party/omnipay/vendor/google/apiclient-services/src/Backupdr/DataSourceBackupApplianceApplication.php
OK	/htdocs/application/third_party/omnipay/vendor/google/apiclient-services/src/Backupdr/GCPBackupPlanInfo.php
OK	/htdocs/application/third_party/omnipay/vendor/google/apiclient-services/src/Backupdr/ListBackupVaultsResponse.php
OK	/htdocs/application/third_party/omnipay/vendor/google/apiclient-services/src/Backupdr/NetworkConfig.php
OK	/htdocs/application/third_party/omnipay/vendor/google/apiclient-services/src/Backupdr/ResourceBackupConfig.php
OK	/htdocs/application/third_party/omnipay/vendor/google/apiclient-services/src/Backupdr/StandardSchedule.php
OK	/htdocs/application/third_party/omnipay/vendor/google/apiclient-services/src/Backupdr/Resource/Projects.php
OK	/htdocs/application/third_party/omnipay/vendor/google/apiclient-services/src/BackupforGKE/AuditLogConfig.php
OK	/htdocs/application/third_party/omnipay/vendor/google/apiclient-services/src/BackupforGKE/Filter.php
OK	/htdocs/application/third_party/omnipay/vendor/google/apiclient-services/src/BackupforGKE/ListRestorePlansResponse.php
OK	/htdocs/application/third_party/omnipay/vendor/google/apiclient-services/src/BackupforGKE/Restore.php
OK	/htdocs/application/third_party/omnipay/vendor/google/apiclient-services/src/BackupforGKE/TransformationRule.php
OK	/htdocs/application/third_party/omnipay/vendor/google/apiclient-services/src/BackupforGKE/Resource/ProjectsLocationsRestorePlans.php
OK	/htdocs/application/third_party/omnipay/vendor/google/apiclient-services/src/Baremetalsolution/EnableInteractiveSerialConsoleRequest.php
OK	/htdocs/application/third_party/omnipay/vendor/google/apiclient-services/src/Baremetalsolution/ListInstancesResponse.php
OK	/htdocs/application/third_party/omnipay/vendor/google/apiclient-services/src/Baremetalsolution/ListVolumesResponse.php
OK	/htdocs/application/third_party/omnipay/vendor/google/apiclient-services/src/Baremetalsolution/NetworkUsage.php
OK	/htdocs/application/third_party/omnipay/vendor/google/apiclient-services/src/Baremetalsolution/RenameNetworkRequest.php
OK	/htdocs/application/third_party/omnipay/vendor/google/apiclient-services/src/Baremetalsolution/SSHKey.php
OK	/htdocs/application/third_party/omnipay/vendor/google/apiclient-services/src/Baremetalsolution/Volume.php
OK	/htdocs/application/third_party/omnipay/vendor/google/apiclient-services/src/Baremetalsolution/Resource/ProjectsLocationsOsImages.php
OK	/htdocs/application/third_party/omnipay/vendor/google/apiclient-services/src/Batch/AgentInfo.php
OK	/htdocs/application/third_party/omnipay/vendor/google/apiclient-services/src/Batch/AttachedDisk.php
OK	/htdocs/application/third_party/omnipay/vendor/google/apiclient-services/src/Batch/Environment.php
OK	/htdocs/application/third_party/omnipay/vendor/google/apiclient-services/src/Batch/ListLocationsResponse.php
OK	/htdocs/application/third_party/omnipay/vendor/google/apiclient-services/src/Batch/PlacementPolicy.php
OK	/htdocs/application/third_party/omnipay/vendor/google/apiclient-services/src/Batch/TaskGroup.php
OK	/htdocs/application/third_party/omnipay/vendor/google/apiclient-services/src/Batch/Resource/ProjectsLocationsNodes.php
OK	/htdocs/application/third_party/omnipay/vendor/google/apiclient-services/src/BeyondCorp/ClientGatewayOperationMetadata.php
OK	/htdocs/application/third_party/omnipay/vendor/google/apiclient-services/src/BeyondCorp/ConnectorOperationMetadata.php
OK	/htdocs/application/third_party/omnipay/vendor/google/apiclient-services/src/BeyondCorp/GoogleCloudBeyondcorpAppconnectionsV1AppConnection.php
OK	/htdocs/application/third_party/omnipay/vendor/google/apiclient-services/src/BeyondCorp/GoogleCloudBeyondcorpAppconnectorsV1alphaContainerHealthDetails.php
OK	/htdocs/application/third_party/omnipay/vendor/google/apiclient-services/src/BeyondCorp/GoogleCloudBeyondcorpAppconnectorsV1AppConnectorPrincipalInfo.php
OK	/htdocs/application/third_party/omnipay/vendor/google/apiclient-services/src/BeyondCorp/GoogleCloudBeyondcorpApplicationsV1alphaApplicationOperationMetadata.php
OK	/htdocs/application/third_party/omnipay/vendor/google/apiclient-services/src/BeyondCorp/GoogleCloudBeyondcorpSecuritygatewaysV1EndpointMatcher.php
OK	/htdocs/application/third_party/omnipay/vendor/google/apiclient-services/src/BeyondCorp/GoogleIamV1AuditConfig.php
OK	/htdocs/application/third_party/omnipay/vendor/google/apiclient-services/src/BeyondCorp/ImageConfig.php
OK	/htdocs/application/third_party/omnipay/vendor/google/apiclient-services/src/BeyondCorp/ResolveConnectionsResponse.php
OK	/htdocs/application/third_party/omnipay/vendor/google/apiclient-services/src/BeyondCorp/Resource/OrganizationsLocationsBeyondcorpGlobalPartnerTenantsProxyConfigs.php
OK	/htdocs/application/third_party/omnipay/vendor/google/apiclient-services/src/BeyondCorp/Resource/ProjectsLocationsClientConnectorServices.php
OK	/htdocs/application/third_party/omnipay/vendor/google/apiclient-services/src/BigLakeService/Database.php
OK	/htdocs/application/third_party/omnipay/vendor/google/apiclient-services/src/BigLakeService/Resource/ProjectsLocationsCatalogs.php
OK	/htdocs/application/third_party/omnipay/vendor/google/apiclient-services/src/Bigquery/ArimaSingleModelForecastingMetrics.php
OK	/htdocs/application/third_party/omnipay/vendor/google/apiclient-services/src/Bigquery/BinaryClassificationMetrics.php
OK	/htdocs/application/third_party/omnipay/vendor/google/apiclient-services/src/Bigquery/ClusteringMetrics.php
OK	/htdocs/application/third_party/omnipay/vendor/google/apiclient-services/src/Bigquery/DatasetListDatasets.php
OK	/htdocs/application/third_party/omnipay/vendor/google/apiclient-services/src/Bigquery/Entry.php
OK	/htdocs/application/third_party/omnipay/vendor/google/apiclient-services/src/Bigquery/ExternalServiceCost.php
OK	/htdocs/application/third_party/omnipay/vendor/google/apiclient-services/src/Bigquery/HparamSearchSpaces.php
OK	/htdocs/application/third_party/omnipay/vendor/google/apiclient-services/src/Bigquery/JobCancelResponse.php
OK	/htdocs/application/third_party/omnipay/vendor/google/apiclient-services/src/Bigquery/JobStatistics2ReservationUsage.php
OK	/htdocs/application/third_party/omnipay/vendor/google/apiclient-services/src/Bigquery/ListRowAccessPoliciesResponse.php
OK	/htdocs/application/third_party/omnipay/vendor/google/apiclient-services/src/Bigquery/ModelExtractOptions.php
OK	/htdocs/application/third_party/omnipay/vendor/google/apiclient-services/src/Bigquery/ProjectListProjects.php
OK	/htdocs/application/third_party/omnipay/vendor/google/apiclient-services/src/Bigquery/RangePartitioningRange.php
OK	/htdocs/application/third_party/omnipay/vendor/google/apiclient-services/src/Bigquery/RowLevelSecurityStatistics.php
OK	/htdocs/application/third_party/omnipay/vendor/google/apiclient-services/src/Bigquery/SparkStatistics.php
OK	/htdocs/application/third_party/omnipay/vendor/google/apiclient-services/src/Bigquery/SystemVariables.php
OK	/htdocs/application/third_party/omnipay/vendor/google/apiclient-services/src/Bigquery/TableDataList.php
OK	/htdocs/application/third_party/omnipay/vendor/google/apiclient-services/src/Bigquery/TableSchema.php
OK	/htdocs/application/third_party/omnipay/vendor/google/apiclient-services/src/Bigquery/Resource/Datasets.php
OK	/htdocs/application/third_party/omnipay/vendor/google/apiclient-services/src/BigQueryConnectionService/AzureProperties.php
OK	/htdocs/application/third_party/omnipay/vendor/google/apiclient-services/src/BigQueryConnectionService/ConnectorConfigurationEndpoint.php
OK	/htdocs/application/third_party/omnipay/vendor/google/apiclient-services/src/BigQueryConnectionService/SetIamPolicyRequest.php
OK	/htdocs/application/third_party/omnipay/vendor/google/apiclient-services/src/BigQueryDataPolicyService/DataMaskingPolicy.php
OK	/htdocs/application/third_party/omnipay/vendor/google/apiclient-services/src/BigQueryDataPolicyService/Resource/ProjectsLocations.php
OK	/htdocs/application/third_party/omnipay/vendor/google/apiclient-services/src/BigQueryDataTransfer/ListLocationsResponse.php
OK	/htdocs/application/third_party/omnipay/vendor/google/apiclient-services/src/BigQueryDataTransfer/Status.php
OK	/htdocs/application/third_party/omnipay/vendor/google/apiclient-services/src/BigQueryDataTransfer/Resource/ProjectsLocationsTransferConfigs.php
OK	/htdocs/application/third_party/omnipay/vendor/google/apiclient-services/src/BigQueryReservation/ListAssignmentsResponse.php
OK	/htdocs/application/third_party/omnipay/vendor/google/apiclient-services/src/BigQueryReservation/TableReference.php
OK	/htdocs/application/third_party/omnipay/vendor/google/apiclient-services/src/BigtableAdmin/AutoscalingTargets.php
OK	/htdocs/application/third_party/omnipay/vendor/google/apiclient-services/src/BigtableAdmin/ColumnFamily.php
OK	/htdocs/application/third_party/omnipay/vendor/google/apiclient-services/src/BigtableAdmin/DataBoostIsolationReadOnly.php
OK	/htdocs/application/third_party/omnipay/vendor/google/apiclient-services/src/BigtableAdmin/GetPolicyOptions.php
OK	/htdocs/application/third_party/omnipay/vendor/google/apiclient-services/src/BigtableAdmin/GoogleBigtableAdminV2TypeBytesEncodingRaw.php
OK	/htdocs/application/third_party/omnipay/vendor/google/apiclient-services/src/BigtableAdmin/GoogleBigtableAdminV2TypeStruct.php
OK	/htdocs/application/third_party/omnipay/vendor/google/apiclient-services/src/BigtableAdmin/ListLocationsResponse.php
OK	/htdocs/application/third_party/omnipay/vendor/google/apiclient-services/src/BigtableAdmin/PartialUpdateInstanceRequest.php
OK	/htdocs/application/third_party/omnipay/vendor/google/apiclient-services/src/BigtableAdmin/Table.php
OK	/htdocs/application/third_party/omnipay/vendor/google/apiclient-services/src/BigtableAdmin/UpdateClusterMetadata.php
OK	/htdocs/application/third_party/omnipay/vendor/google/apiclient-services/src/BigtableAdmin/Resource/ProjectsInstancesTables.php
OK	/htdocs/application/third_party/omnipay/vendor/google/apiclient-services/src/BinaryAuthorization/BinaryauthorizationEmpty.php
OK	/htdocs/application/third_party/omnipay/vendor/google/apiclient-services/src/BinaryAuthorization/IamPolicy.php
OK	/htdocs/application/third_party/omnipay/vendor/google/apiclient-services/src/BinaryAuthorization/Scope.php
OK	/htdocs/application/third_party/omnipay/vendor/google/apiclient-services/src/BinaryAuthorization/UserOwnedGrafeasNote.php
OK	/htdocs/application/third_party/omnipay/vendor/google/apiclient-services/src/BinaryAuthorization/Resource/Systempolicy.php
OK	/htdocs/application/third_party/omnipay/vendor/google/apiclient-services/src/BlockchainNodeEngine/Location.php
OK	/htdocs/application/third_party/omnipay/vendor/google/apiclient-services/src/Blogger/BlogList.php
OK	/htdocs/application/third_party/omnipay/vendor/google/apiclient-services/src/Blogger/CommentPost.php
OK	/htdocs/application/third_party/omnipay/vendor/google/apiclient-services/src/Blogger/PostImages.php
OK	/htdocs/application/third_party/omnipay/vendor/google/apiclient-services/src/Blogger/Resource/Comments.php
OK	/htdocs/application/third_party/omnipay/vendor/google/apiclient-services/src/Books/AnnotationsSummary.php
OK	/htdocs/application/third_party/omnipay/vendor/google/apiclient-services/src/Books/Dictlayerdata.php
OK	/htdocs/application/third_party/omnipay/vendor/google/apiclient-services/src/Books/DictlayerdataDictWordsSensesDefinitionsExamples.php
OK	/htdocs/application/third_party/omnipay/vendor/google/apiclient-services/src/Books/FamilyInfoMembership.php
OK	/htdocs/application/third_party/omnipay/vendor/google/apiclient-services/src/Books/Notification.php
OK	/htdocs/application/third_party/omnipay/vendor/google/apiclient-services/src/Books/SeriesSeriesSeriesSubscriptionReleaseInfo.php
OK	/htdocs/application/third_party/omnipay/vendor/google/apiclient-services/src/Books/Volume2.php
OK	/htdocs/application/third_party/omnipay/vendor/google/apiclient-services/src/Books/VolumeSaleInfoListPrice.php
OK	/htdocs/application/third_party/omnipay/vendor/google/apiclient-services/src/Books/VolumeUserInfoFamilySharing.php
OK	/htdocs/application/third_party/omnipay/vendor/google/apiclient-services/src/Books/Resource/Dictionary.php
OK	/htdocs/application/third_party/omnipay/vendor/google/apiclient-services/src/Books/Resource/Onboarding.php
OK	/htdocs/application/third_party/omnipay/vendor/google/apiclient-services/src/BusinessProfilePerformance/Date.php
OK	/htdocs/application/third_party/omnipay/vendor/google/apiclient-services/src/BusinessProfilePerformance/Resource/LocationsSearchkeywordsImpressions.php
OK	/htdocs/application/third_party/omnipay/vendor/google/apiclient-services/src/Calendar/Colors.php
OK	/htdocs/application/third_party/omnipay/vendor/google/apiclient-services/src/Calendar/EventAttachment.php
OK	/htdocs/application/third_party/omnipay/vendor/google/apiclient-services/src/Calendar/Events.php
OK	/htdocs/application/third_party/omnipay/vendor/google/apiclient-services/src/Calendar/TimePeriod.php
OK	/htdocs/application/third_party/omnipay/vendor/google/apiclient-services/src/CCAIPlatform/CancelOperationRequest.php
OK	/htdocs/application/third_party/omnipay/vendor/google/apiclient-services/src/CCAIPlatform/Location.php
OK	/htdocs/application/third_party/omnipay/vendor/google/apiclient-services/src/CCAIPlatform/URIs.php
OK	/htdocs/application/third_party/omnipay/vendor/google/apiclient-services/src/CertificateAuthorityService/CancelOperationRequest.php
OK	/htdocs/application/third_party/omnipay/vendor/google/apiclient-services/src/CertificateAuthorityService/CertificateRevocationList.php
OK	/htdocs/application/third_party/omnipay/vendor/google/apiclient-services/src/CertificateAuthorityService/KeyId.php
OK	/htdocs/application/third_party/omnipay/vendor/google/apiclient-services/src/CertificateAuthorityService/NameConstraints.php
OK	/htdocs/application/third_party/omnipay/vendor/google/apiclient-services/src/CertificateAuthorityService/RsaKeyType.php
OK	/htdocs/application/third_party/omnipay/vendor/google/apiclient-services/src/CertificateAuthorityService/UserDefinedAccessUrls.php
OK	/htdocs/application/third_party/omnipay/vendor/google/apiclient-services/src/CertificateManager/AllowlistedCertificate.php
OK	/htdocs/application/third_party/omnipay/vendor/google/apiclient-services/src/CertificateManager/GclbTarget.php
OK	/htdocs/application/third_party/omnipay/vendor/google/apiclient-services/src/CertificateManager/ManagedCertificate.php
OK	/htdocs/application/third_party/omnipay/vendor/google/apiclient-services/src/CertificateManager/Resource/ProjectsLocations.php
OK	/htdocs/application/third_party/omnipay/vendor/google/apiclient-services/src/ChecksService/Date.php
OK	/htdocs/application/third_party/omnipay/vendor/google/apiclient-services/src/ChecksService/GoogleChecksReportV1alphaAnalyzeUploadRequest.php
OK	/htdocs/application/third_party/omnipay/vendor/google/apiclient-services/src/ChecksService/GoogleChecksReportV1alphaCheckPermissionRestrictionViolationEvidence.php
OK	/htdocs/application/third_party/omnipay/vendor/google/apiclient-services/src/ChecksService/GoogleChecksReportV1alphaDataMonitoringResultMetadata.php
OK	/htdocs/application/third_party/omnipay/vendor/google/apiclient-services/src/ChecksService/GoogleChecksReportV1alphaReport.php
OK	/htdocs/application/third_party/omnipay/vendor/google/apiclient-services/src/ChecksService/GoogleChecksRepoScanV1alphaSourceCode.php
OK	/htdocs/application/third_party/omnipay/vendor/google/apiclient-services/src/ChecksService/Resource/AccountsApps.php
OK	/htdocs/application/third_party/omnipay/vendor/google/apiclient-services/src/ChecksService/Resource/ProjectsPrivacypolicyOperations.php
OK	/htdocs/application/third_party/omnipay/vendor/google/apiclient-services/src/ChromeManagement/GoogleChromeManagementV1ChromeAppInfo.php
OK	/htdocs/application/third_party/omnipay/vendor/google/apiclient-services/src/ChromeManagement/GoogleChromeManagementV1CountInstalledAppsResponse.php
OK	/htdocs/application/third_party/omnipay/vendor/google/apiclient-services/src/ChromeManagement/GoogleChromeManagementV1DisplayDevice.php
OK	/htdocs/application/third_party/omnipay/vendor/google/apiclient-services/src/ChromeManagement/GoogleChromeManagementV1KioskAppStatusReport.php
OK	/htdocs/application/third_party/omnipay/vendor/google/apiclient-services/src/ChromeManagement/GoogleChromeManagementV1OsUpdateStatus.php
OK	/htdocs/application/third_party/omnipay/vendor/google/apiclient-services/src/ChromeManagement/GoogleChromeManagementV1TelemetryAppLaunchEvent.php
OK	/htdocs/application/third_party/omnipay/vendor/google/apiclient-services/src/ChromeManagement/GoogleChromeManagementV1TelemetryUsbPeripheralsEvent.php
OK	/htdocs/application/third_party/omnipay/vendor/google/apiclient-services/src/ChromeManagement/GoogleChromeManagementVersionsV1alpha1ChromeOsDevice.php
OK	/htdocs/application/third_party/omnipay/vendor/google/apiclient-services/src/ChromeManagement/GoogleChromeManagementVersionsV1GenericCaConnection.php
OK	/htdocs/application/third_party/omnipay/vendor/google/apiclient-services/src/ChromeManagement/GoogleTypeDate.php
OK	/htdocs/application/third_party/omnipay/vendor/google/apiclient-services/src/ChromeManagement/Resource/CustomersTelemetryUsers.php
OK	/htdocs/application/third_party/omnipay/vendor/google/apiclient-services/src/ChromePolicy/GoogleChromePolicyV1InheritOrgUnitPolicyRequest.php
OK	/htdocs/application/third_party/omnipay/vendor/google/apiclient-services/src/ChromePolicy/GoogleChromePolicyV1PolicySchemaNoticeDescription.php
OK	/htdocs/application/third_party/omnipay/vendor/google/apiclient-services/src/ChromePolicy/GoogleChromePolicyV1UploadPolicyFileRequest.php
OK	/htdocs/application/third_party/omnipay/vendor/google/apiclient-services/src/ChromePolicy/GoogleChromePolicyVersionsV1DeleteGroupPolicyRequest.php
OK	/htdocs/application/third_party/omnipay/vendor/google/apiclient-services/src/ChromePolicy/GoogleChromePolicyVersionsV1PolicyModificationErrorDetails.php
OK	/htdocs/application/third_party/omnipay/vendor/google/apiclient-services/src/ChromePolicy/GoogleChromePolicyVersionsV1RemoveCertificateResponse.php
OK	/htdocs/application/third_party/omnipay/vendor/google/apiclient-services/src/ChromePolicy/Proto2DescriptorProto.php
OK	/htdocs/application/third_party/omnipay/vendor/google/apiclient-services/src/ChromePolicy/Resource/Media.php
OK	/htdocs/application/third_party/omnipay/vendor/google/apiclient-services/src/ChromeUXReport/QueryHistoryResponse.php
OK	/htdocs/application/third_party/omnipay/vendor/google/apiclient-services/src/CivicInfo/Contest.php
OK	/htdocs/application/third_party/omnipay/vendor/google/apiclient-services/src/CivicInfo/Office.php
OK	/htdocs/application/third_party/omnipay/vendor/google/apiclient-services/src/Classroom/AddOnAttachment.php
OK	/htdocs/application/third_party/omnipay/vendor/google/apiclient-services/src/Classroom/CourseMaterial.php
OK	/htdocs/application/third_party/omnipay/vendor/google/apiclient-services/src/Classroom/Form.php
OK	/htdocs/application/third_party/omnipay/vendor/google/apiclient-services/src/Classroom/ListAnnouncementsResponse.php
OK	/htdocs/application/third_party/omnipay/vendor/google/apiclient-services/src/Classroom/ListTopicResponse.php
OK	/htdocs/application/third_party/omnipay/vendor/google/apiclient-services/src/Classroom/Rubric.php
OK	/htdocs/application/third_party/omnipay/vendor/google/apiclient-services/src/Classroom/Topic.php
OK	/htdocs/application/third_party/omnipay/vendor/google/apiclient-services/src/Classroom/Resource/CoursesCourseWorkMaterialsAddOnAttachments.php
OK	/htdocs/application/third_party/omnipay/vendor/google/apiclient-services/src/Classroom/Resource/UserProfilesGuardianInvitations.php
OK	/htdocs/application/third_party/omnipay/vendor/google/apiclient-services/src/CloudAlloyDBAdmin/ClusterUpgradeDetails.php
OK	/htdocs/application/third_party/omnipay/vendor/google/apiclient-services/src/CloudAlloyDBAdmin/GcsDestination.php
OK	/htdocs/application/third_party/omnipay/vendor/google/apiclient-services/src/CloudAlloyDBAdmin/IntegerRestrictions.php
OK	/htdocs/application/third_party/omnipay/vendor/google/apiclient-services/src/CloudAlloyDBAdmin/NetworkConfig.php
OK	/htdocs/application/third_party/omnipay/vendor/google/apiclient-services/src/CloudAlloyDBAdmin/ReadPoolConfig.php
OK	/htdocs/application/third_party/omnipay/vendor/google/apiclient-services/src/CloudAlloyDBAdmin/StorageDatabasecenterPartnerapiV1mainCompliance.php
OK	/htdocs/application/third_party/omnipay/vendor/google/apiclient-services/src/CloudAlloyDBAdmin/StorageDatabasecenterPartnerapiV1mainOperationError.php
OK	/htdocs/application/third_party/omnipay/vendor/google/apiclient-services/src/CloudAlloyDBAdmin/UpgradeClusterResponse.php
OK	/htdocs/application/third_party/omnipay/vendor/google/apiclient-services/src/CloudAsset/AccessSelector.php
OK	/htdocs/application/third_party/omnipay/vendor/google/apiclient-services/src/CloudAsset/AssetEnrichment.php
OK	/htdocs/application/third_party/omnipay/vendor/google/apiclient-services/src/CloudAsset/ConditionEvaluation.php
OK	/htdocs/application/third_party/omnipay/vendor/google/apiclient-services/src/CloudAsset/GoogleCloudAssetV1Access.php
OK	/htdocs/application/third_party/omnipay/vendor/google/apiclient-services/src/CloudAsset/GoogleCloudAssetV1DeniedAccessIdentity.php
OK	/htdocs/application/third_party/omnipay/vendor/google/apiclient-services/src/CloudAsset/GoogleCloudAssetV1p7beta1Resource.php
OK	/htdocs/application/third_party/omnipay/vendor/google/apiclient-services/src/CloudAsset/GoogleIdentityAccesscontextmanagerV1ApiOperation.php
OK	/htdocs/application/third_party/omnipay/vendor/google/apiclient-services/src/CloudAsset/GoogleIdentityAccesscontextmanagerV1IngressTo.php
OK	/htdocs/application/third_party/omnipay/vendor/google/apiclient-services/src/CloudAsset/IamPolicyAnalysisState.php
OK	/htdocs/application/third_party/omnipay/vendor/google/apiclient-services/src/CloudAsset/Options.php
OK	/htdocs/application/third_party/omnipay/vendor/google/apiclient-services/src/CloudAsset/QueryContent.php
OK	/htdocs/application/third_party/omnipay/vendor/google/apiclient-services/src/CloudAsset/SearchAllResourcesResponse.php
OK	/htdocs/application/third_party/omnipay/vendor/google/apiclient-services/src/CloudAsset/WindowsQuickFixEngineeringPackage.php
OK	/htdocs/application/third_party/omnipay/vendor/google/apiclient-services/src/Cloudbilling/AuditLogConfig.php
OK	/htdocs/application/third_party/omnipay/vendor/google/apiclient-services/src/Cloudbilling/Policy.php
OK	/htdocs/application/third_party/omnipay/vendor/google/apiclient-services/src/Cloudbilling/Resource/BillingAccountsSubAccounts.php
OK	/htdocs/application/third_party/omnipay/vendor/google/apiclient-services/src/CloudBillingBudget/GoogleCloudBillingBudgetsV1NotificationsRule.php
OK	/htdocs/application/third_party/omnipay/vendor/google/apiclient-services/src/CloudBuild/ArtifactObjects.php
OK	/htdocs/application/third_party/omnipay/vendor/google/apiclient-services/src/CloudBuild/BatchCreateRepositoriesResponse.php
OK	/htdocs/application/third_party/omnipay/vendor/google/apiclient-services/src/CloudBuild/BuildOperationMetadata.php
OK	/htdocs/application/third_party/omnipay/vendor/google/apiclient-services/src/CloudBuild/CreateBitbucketServerConfigOperationMetadata.php
OK	/htdocs/application/third_party/omnipay/vendor/google/apiclient-services/src/CloudBuild/EmptyDirVolumeSource.php
OK	/htdocs/application/third_party/omnipay/vendor/google/apiclient-services/src/CloudBuild/GitFileSource.php
OK	/htdocs/application/third_party/omnipay/vendor/google/apiclient-services/src/CloudBuild/GitRepoSource.php
OK	/htdocs/application/third_party/omnipay/vendor/google/apiclient-services/src/CloudBuild/HybridWorkerConfig.php
OK	/htdocs/application/third_party/omnipay/vendor/google/apiclient-services/src/CloudBuild/ListRepositoriesResponse.php
OK	/htdocs/application/third_party/omnipay/vendor/google/apiclient-services/src/CloudBuild/OAuthCredential.php
OK	/htdocs/application/third_party/omnipay/vendor/google/apiclient-services/src/CloudBuild/PipelineWorkspaceDeclaration.php
OK	/htdocs/application/third_party/omnipay/vendor/google/apiclient-services/src/CloudBuild/ReceiveTriggerWebhookResponse.php
OK	/htdocs/application/third_party/omnipay/vendor/google/apiclient-services/src/CloudBuild/SecretManagerSecret.php
OK	/htdocs/application/third_party/omnipay/vendor/google/apiclient-services/src/CloudBuild/SourceProvenance.php
OK	/htdocs/application/third_party/omnipay/vendor/google/apiclient-services/src/CloudBuild/TimeoutFields.php
OK	/htdocs/application/third_party/omnipay/vendor/google/apiclient-services/src/CloudBuild/VolumeMount.php
OK	/htdocs/application/third_party/omnipay/vendor/google/apiclient-services/src/CloudBuild/Resource/Locations.php
OK	/htdocs/application/third_party/omnipay/vendor/google/apiclient-services/src/CloudBuild/Resource/ProjectsLocationsGithubEnterpriseConfigs.php
OK	/htdocs/application/third_party/omnipay/vendor/google/apiclient-services/src/Cloudchannel/GoogleCloudChannelV1alpha1ChannelPartnerEvent.php
OK	/htdocs/application/third_party/omnipay/vendor/google/apiclient-services/src/Cloudchannel/GoogleCloudChannelV1alpha1RenewalSettings.php
OK	/htdocs/application/third_party/omnipay/vendor/google/apiclient-services/src/Cloudchannel/GoogleCloudChannelV1BillingAccount.php
OK	/htdocs/application/third_party/omnipay/vendor/google/apiclient-services/src/Cloudchannel/GoogleCloudChannelV1Column.php
OK	/htdocs/application/third_party/omnipay/vendor/google/apiclient-services/src/Cloudchannel/GoogleCloudChannelV1Entitlement.php
OK	/htdocs/application/third_party/omnipay/vendor/google/apiclient-services/src/Cloudchannel/GoogleCloudChannelV1ListOffersResponse.php
OK	/htdocs/application/third_party/omnipay/vendor/google/apiclient-services/src/Cloudchannel/GoogleCloudChannelV1ListTransferableSkusResponse.php
OK	/htdocs/application/third_party/omnipay/vendor/google/apiclient-services/src/Cloudchannel/GoogleCloudChannelV1PricePhase.php
OK	/htdocs/application/third_party/omnipay/vendor/google/apiclient-services/src/Cloudchannel/GoogleCloudChannelV1ReportJob.php
OK	/htdocs/application/third_party/omnipay/vendor/google/apiclient-services/src/Cloudchannel/GoogleCloudChannelV1Sku.php
OK	/htdocs/application/third_party/omnipay/vendor/google/apiclient-services/src/Cloudchannel/GoogleCloudChannelV1TransferEntitlementsToGoogleRequest.php
OK	/htdocs/application/third_party/omnipay/vendor/google/apiclient-services/src/Cloudchannel/GoogleTypeDateTime.php
OK	/htdocs/application/third_party/omnipay/vendor/google/apiclient-services/src/Cloudchannel/Resource/AccountsOffers.php
OK	/htdocs/application/third_party/omnipay/vendor/google/apiclient-services/src/CloudCommercePartnerProcurementService/ApproveEntitlementPlanChangeRequest.php
OK	/htdocs/application/third_party/omnipay/vendor/google/apiclient-services/src/CloudCommercePartnerProcurementService/Resource/Providers.php
OK	/htdocs/application/third_party/omnipay/vendor/google/apiclient-services/src/CloudComposer/DagProcessorResource.php
OK	/htdocs/application/third_party/omnipay/vendor/google/apiclient-services/src/CloudComposer/FetchDatabasePropertiesResponse.php
OK	/htdocs/application/third_party/omnipay/vendor/google/apiclient-services/src/CloudComposer/MaintenanceWindow.php
OK	/htdocs/application/third_party/omnipay/vendor/google/apiclient-services/src/CloudComposer/SaveSnapshotResponse.php
OK	/htdocs/application/third_party/omnipay/vendor/google/apiclient-services/src/CloudComposer/WebServerConfig.php
OK	/htdocs/application/third_party/omnipay/vendor/google/apiclient-services/src/CloudComposer/Resource/ProjectsLocationsOperations.php
OK	/htdocs/application/third_party/omnipay/vendor/google/apiclient-services/src/CloudControlsPartnerService/Gcloud.php
OK	/htdocs/application/third_party/omnipay/vendor/google/apiclient-services/src/CloudControlsPartnerService/Workload.php
OK	/htdocs/application/third_party/omnipay/vendor/google/apiclient-services/src/CloudDataplex/CloudReliabilityZicyWs3DataplaneProtosBlobstoreLocation.php
OK	/htdocs/application/third_party/omnipay/vendor/google/apiclient-services/src/CloudDataplex/DataplexEmpty.php
OK	/htdocs/application/third_party/omnipay/vendor/google/apiclient-services/src/CloudDataplex/GoogleCloudDataplexV1AspectType.php
OK	/htdocs/application/third_party/omnipay/vendor/google/apiclient-services/src/CloudDataplex/GoogleCloudDataplexV1AssetResourceSpec.php
OK	/htdocs/application/third_party/omnipay/vendor/google/apiclient-services/src/CloudDataplex/GoogleCloudDataplexV1DataAttributeBindingPath.php
OK	/htdocs/application/third_party/omnipay/vendor/google/apiclient-services/src/CloudDataplex/GoogleCloudDataplexV1DataProfileResultPostScanActionsResult.php
OK	/htdocs/application/third_party/omnipay/vendor/google/apiclient-services/src/CloudDataplex/GoogleCloudDataplexV1DataProfileSpecSelectedFields.php
OK	/htdocs/application/third_party/omnipay/vendor/google/apiclient-services/src/CloudDataplex/GoogleCloudDataplexV1DataQualityRuleRowConditionExpectation.php
OK	/htdocs/application/third_party/omnipay/vendor/google/apiclient-services/src/CloudDataplex/GoogleCloudDataplexV1DataQualitySpecPostScanActionsNotificationReport.php
OK	/htdocs/application/third_party/omnipay/vendor/google/apiclient-services/src/CloudDataplex/GoogleCloudDataplexV1DataScanExecutionStatus.php
OK	/htdocs/application/third_party/omnipay/vendor/google/apiclient-services/src/CloudDataplex/GoogleCloudDataplexV1EntityCompatibilityStatusCompatibility.php
OK	/htdocs/application/third_party/omnipay/vendor/google/apiclient-services/src/CloudDataplex/GoogleCloudDataplexV1EnvironmentInfrastructureSpecOsImageRuntime.php
OK	/htdocs/application/third_party/omnipay/vendor/google/apiclient-services/src/CloudDataplex/GoogleCloudDataplexV1LakeMetastoreStatus.php
OK	/htdocs/application/third_party/omnipay/vendor/google/apiclient-services/src/CloudDataplex/GoogleCloudDataplexV1ListEntryGroupsResponse.php
OK	/htdocs/application/third_party/omnipay/vendor/google/apiclient-services/src/CloudDataplex/GoogleCloudDataplexV1MetadataJobEventImportResult.php
OK	/htdocs/application/third_party/omnipay/vendor/google/apiclient-services/src/CloudDataplex/GoogleCloudDataplexV1ScannedData.php
OK	/htdocs/application/third_party/omnipay/vendor/google/apiclient-services/src/CloudDataplex/GoogleCloudDataplexV1StorageFormat.php
OK	/htdocs/application/third_party/omnipay/vendor/google/apiclient-services/src/CloudDataplex/GoogleCloudDataplexV1TaskSparkTaskConfig.php
OK	/htdocs/application/third_party/omnipay/vendor/google/apiclient-services/src/CloudDataplex/GoogleIamV1AuditConfig.php
OK	/htdocs/application/third_party/omnipay/vendor/google/apiclient-services/src/CloudDataplex/Resource/Organizations.php
OK	/htdocs/application/third_party/omnipay/vendor/google/apiclient-services/src/CloudDataplex/Resource/ProjectsLocationsEntryGroups.php
OK	/htdocs/application/third_party/omnipay/vendor/google/apiclient-services/src/CloudDataplex/Resource/ProjectsLocationsLakesEnvironments.php
OK	/htdocs/application/third_party/omnipay/vendor/google/apiclient-services/src/CloudDebugger/AliasContext.php
OK	/htdocs/application/third_party/omnipay/vendor/google/apiclient-services/src/CloudDebugger/ListActiveBreakpointsResponse.php
OK	/htdocs/application/third_party/omnipay/vendor/google/apiclient-services/src/CloudDebugger/UpdateActiveBreakpointRequest.php
OK	/htdocs/application/third_party/omnipay/vendor/google/apiclient-services/src/CloudDeploy/AdvanceChildRolloutJobRun.php
OK	/htdocs/application/third_party/omnipay/vendor/google/apiclient-services/src/CloudDeploy/AutomationEvent.php
OK	/htdocs/application/third_party/omnipay/vendor/google/apiclient-services/src/CloudDeploy/CancelAutomationRunResponse.php
OK	/htdocs/application/third_party/omnipay/vendor/google/apiclient-services/src/CloudDeploy/CreateChildRolloutJobRun.php
OK	/htdocs/application/third_party/omnipay/vendor/google/apiclient-services/src/CloudDeploy/DeliveryPipelineNotificationEvent.php
OK	/htdocs/application/third_party/omnipay/vendor/google/apiclient-services/src/CloudDeploy/Expr.php
OK	/htdocs/application/third_party/omnipay/vendor/google/apiclient-services/src/CloudDeploy/ListDeliveryPipelinesResponse.php
OK	/htdocs/application/third_party/omnipay/vendor/google/apiclient-services/src/CloudDeploy/Operation.php
OK	/htdocs/application/third_party/omnipay/vendor/google/apiclient-services/src/CloudDeploy/PostdeployJob.php
OK	/htdocs/application/third_party/omnipay/vendor/google/apiclient-services/src/CloudDeploy/ReleaseRenderEvent.php
OK	/htdocs/application/third_party/omnipay/vendor/google/apiclient-services/src/CloudDeploy/Rollback.php
OK	/htdocs/application/third_party/omnipay/vendor/google/apiclient-services/src/CloudDeploy/ServiceNetworking.php
OK	/htdocs/application/third_party/omnipay/vendor/google/apiclient-services/src/CloudDeploy/Target.php
OK	/htdocs/application/third_party/omnipay/vendor/google/apiclient-services/src/CloudDeploy/TimedPromoteReleaseCondition.php
OK	/htdocs/application/third_party/omnipay/vendor/google/apiclient-services/src/CloudDeploy/Resource/ProjectsLocationsDeliveryPipelinesAutomationRuns.php
OK	/htdocs/application/third_party/omnipay/vendor/google/apiclient-services/src/CloudDomains/ConfigureContactSettingsRequest.php
OK	/htdocs/application/third_party/omnipay/vendor/google/apiclient-services/src/CloudDomains/Expr.php
OK	/htdocs/application/third_party/omnipay/vendor/google/apiclient-services/src/CloudDomains/Location.php
OK	/htdocs/application/third_party/omnipay/vendor/google/apiclient-services/src/CloudDomains/ResetAuthorizationCodeRequest.php
OK	/htdocs/application/third_party/omnipay/vendor/google/apiclient-services/src/CloudDomains/TestIamPermissionsResponse.php
OK	/htdocs/application/third_party/omnipay/vendor/google/apiclient-services/src/Clouderrorreporting/ErrorGroup.php
OK	/htdocs/application/third_party/omnipay/vendor/google/apiclient-services/src/Clouderrorreporting/Resource/Projects.php
OK	/htdocs/application/third_party/omnipay/vendor/google/apiclient-services/src/CloudFilestore/DenyMaintenancePeriod.php
OK	/htdocs/application/third_party/omnipay/vendor/google/apiclient-services/src/CloudFilestore/GoogleCloudSaasacceleratorManagementProvidersV1SloExclusion.php
OK	/htdocs/application/third_party/omnipay/vendor/google/apiclient-services/src/CloudFilestore/MaintenanceWindow.php
OK	/htdocs/application/third_party/omnipay/vendor/google/apiclient-services/src/CloudFilestore/Schedule.php
OK	/htdocs/application/third_party/omnipay/vendor/google/apiclient-services/src/CloudFunctions/AbortFunctionUpgradeRequest.php
OK	/htdocs/application/third_party/omnipay/vendor/google/apiclient-services/src/CloudFunctions/DetachFunctionRequest.php
OK	/htdocs/application/third_party/omnipay/vendor/google/apiclient-services/src/CloudFunctions/GoogleCloudFunctionsV2alphaStateMessage.php
OK	/htdocs/application/third_party/omnipay/vendor/google/apiclient-services/src/CloudFunctions/ListOperationsResponse.php
OK	/htdocs/application/third_party/omnipay/vendor/google/apiclient-services/src/CloudFunctions/Runtime.php
OK	/htdocs/application/third_party/omnipay/vendor/google/apiclient-services/src/CloudFunctions/StorageSource.php
OK	/htdocs/application/third_party/omnipay/vendor/google/apiclient-services/src/CloudHealthcare/AdminConsents.php
OK	/htdocs/application/third_party/omnipay/vendor/google/apiclient-services/src/CloudHealthcare/AuditConfig.php
OK	/htdocs/application/third_party/omnipay/vendor/google/apiclient-services/src/CloudHealthcare/ConsentArtifact.php
OK	/htdocs/application/third_party/omnipay/vendor/google/apiclient-services/src/CloudHealthcare/DeidentifyConfig.php
OK	/htdocs/application/third_party/omnipay/vendor/google/apiclient-services/src/CloudHealthcare/EntityMentionRelationship.php
OK	/htdocs/application/third_party/omnipay/vendor/google/apiclient-services/src/CloudHealthcare/Expr.php
OK	/htdocs/application/third_party/omnipay/vendor/google/apiclient-services/src/CloudHealthcare/GoogleCloudHealthcareV1ConsentGcsDestination.php
OK	/htdocs/application/third_party/omnipay/vendor/google/apiclient-services/src/CloudHealthcare/HealthcareEmpty.php
OK	/htdocs/application/third_party/omnipay/vendor/google/apiclient-services/src/CloudHealthcare/ImportMessagesRequest.php
OK	/htdocs/application/third_party/omnipay/vendor/google/apiclient-services/src/CloudHealthcare/ListConsentsResponse.php
OK	/htdocs/application/third_party/omnipay/vendor/google/apiclient-services/src/CloudHealthcare/NotificationConfig.php
OK	/htdocs/application/third_party/omnipay/vendor/google/apiclient-services/src/CloudHealthcare/RedactConfig.php
OK	/htdocs/application/third_party/omnipay/vendor/google/apiclient-services/src/CloudHealthcare/SchemaConfig.php
OK	/htdocs/application/third_party/omnipay/vendor/google/apiclient-services/src/CloudHealthcare/Status.php
OK	/htdocs/application/third_party/omnipay/vendor/google/apiclient-services/src/CloudHealthcare/Type.php
OK	/htdocs/application/third_party/omnipay/vendor/google/apiclient-services/src/CloudHealthcare/Resource/ProjectsLocationsDatasetsDataMapperWorkspaces.php
OK	/htdocs/application/third_party/omnipay/vendor/google/apiclient-services/src/CloudHealthcare/Resource/ProjectsLocationsDatasetsFhirStoresOperations.php
OK	/htdocs/application/third_party/omnipay/vendor/google/apiclient-services/src/CloudIAP/Brand.php
OK	/htdocs/application/third_party/omnipay/vendor/google/apiclient-services/src/CloudIAP/ListIdentityAwareProxyClientsResponse.php
OK	/htdocs/application/third_party/omnipay/vendor/google/apiclient-services/src/CloudIAP/TagsFullStateForChildResource.php
OK	/htdocs/application/third_party/omnipay/vendor/google/apiclient-services/src/CloudIAP/Resource/ProjectsIapTunnelLocationsDestGroups.php
OK	/htdocs/application/third_party/omnipay/vendor/google/apiclient-services/src/CloudIdentity/DeleteInboundSamlSsoProfileOperationMetadata.php
OK	/htdocs/application/third_party/omnipay/vendor/google/apiclient-services/src/CloudIdentity/GoogleAppsCloudidentityDevicesV1ApproveDeviceUserMetadata.php
OK	/htdocs/application/third_party/omnipay/vendor/google/apiclient-services/src/CloudIdentity/GoogleAppsCloudidentityDevicesV1CancelWipeDeviceUserRequest.php
OK	/htdocs/application/third_party/omnipay/vendor/google/apiclient-services/src/CloudIdentity/GoogleAppsCloudidentityDevicesV1ListClientStatesResponse.php
OK	/htdocs/application/third_party/omnipay/vendor/google/apiclient-services/src/CloudIdentity/GoogleAppsCloudidentityDevicesV1WipeDeviceUserRequest.php
OK	/htdocs/application/third_party/omnipay/vendor/google/apiclient-services/src/CloudIdentity/ListMembershipsResponse.php
OK	/htdocs/application/third_party/omnipay/vendor/google/apiclient-services/src/CloudIdentity/ModifyMembershipRolesRequest.php
OK	/htdocs/application/third_party/omnipay/vendor/google/apiclient-services/src/CloudIdentity/SearchGroupsResponse.php
OK	/htdocs/application/third_party/omnipay/vendor/google/apiclient-services/src/CloudIdentity/UpdateMembershipMetadata.php
OK	/htdocs/application/third_party/omnipay/vendor/google/apiclient-services/src/CloudIdentity/Resource/InboundSsoAssignments.php
OK	/htdocs/application/third_party/omnipay/vendor/google/apiclient-services/src/CloudIot/Expr.php
OK	/htdocs/application/third_party/omnipay/vendor/google/apiclient-services/src/CloudIot/PublicKeyCertificate.php
OK	/htdocs/application/third_party/omnipay/vendor/google/apiclient-services/src/CloudIot/X509CertificateDetails.php
OK	/htdocs/application/third_party/omnipay/vendor/google/apiclient-services/src/CloudKMS/AsymmetricSignResponse.php
OK	/htdocs/application/third_party/omnipay/vendor/google/apiclient-services/src/CloudKMS/DecryptResponse.php
OK	/htdocs/application/third_party/omnipay/vendor/google/apiclient-services/src/CloudKMS/ImportJob.php
OK	/htdocs/application/third_party/omnipay/vendor/google/apiclient-services/src/CloudKMS/Location.php
OK	/htdocs/application/third_party/omnipay/vendor/google/apiclient-services/src/CloudKMS/RawEncryptResponse.php
OK	/htdocs/application/third_party/omnipay/vendor/google/apiclient-services/src/CloudKMS/Resource/Projects.php
OK	/htdocs/application/third_party/omnipay/vendor/google/apiclient-services/src/CloudLifeSciences/CancelOperationRequest.php
OK	/htdocs/application/third_party/omnipay/vendor/google/apiclient-services/src/CloudLifeSciences/Location.php
OK	/htdocs/application/third_party/omnipay/vendor/google/apiclient-services/src/CloudLifeSciences/RunPipelineResponse.php
OK	/htdocs/application/third_party/omnipay/vendor/google/apiclient-services/src/CloudLifeSciences/Resource/ProjectsLocationsPipelines.php
OK	/htdocs/application/third_party/omnipay/vendor/google/apiclient-services/src/CloudMachineLearningEngine/GoogleCloudMlV1CheckTrialEarlyStoppingStateRequest.php
OK	/htdocs/application/third_party/omnipay/vendor/google/apiclient-services/src/CloudMachineLearningEngine/GoogleCloudMlV1HyperparameterOutput.php
OK	/htdocs/application/third_party/omnipay/vendor/google/apiclient-services/src/CloudMachineLearningEngine/GoogleCloudMlV1ListVersionsResponse.php
OK	/htdocs/application/third_party/omnipay/vendor/google/apiclient-services/src/CloudMachineLearningEngine/GoogleCloudMlV1ReplicaConfig.php
OK	/htdocs/application/third_party/omnipay/vendor/google/apiclient-services/src/CloudMachineLearningEngine/GoogleCloudMlV1StudyConfigParameterSpecDiscreteValueSpec.php
OK	/htdocs/application/third_party/omnipay/vendor/google/apiclient-services/src/CloudMachineLearningEngine/GoogleCloudMlV1TrialParameter.php
OK	/htdocs/application/third_party/omnipay/vendor/google/apiclient-services/src/CloudMachineLearningEngine/GoogleProtobufEmpty.php
OK	/htdocs/application/third_party/omnipay/vendor/google/apiclient-services/src/CloudMemorystoreforMemcached/ApplyParametersRequest.php
OK	/htdocs/application/third_party/omnipay/vendor/google/apiclient-services/src/CloudMemorystoreforMemcached/GoogleCloudMemcacheV1MaintenancePolicy.php
OK	/htdocs/application/third_party/omnipay/vendor/google/apiclient-services/src/CloudMemorystoreforMemcached/GoogleCloudSaasacceleratorManagementProvidersV1SloExclusion.php
OK	/htdocs/application/third_party/omnipay/vendor/google/apiclient-services/src/CloudMemorystoreforMemcached/MaintenancePolicy.php
OK	/htdocs/application/third_party/omnipay/vendor/google/apiclient-services/src/CloudMemorystoreforMemcached/RescheduleMaintenanceRequest.php
OK	/htdocs/application/third_party/omnipay/vendor/google/apiclient-services/src/CloudMemorystoreforMemcached/Resource/Projects.php
OK	/htdocs/application/third_party/omnipay/vendor/google/apiclient-services/src/CloudNaturalLanguage/AnnotateTextRequest.php
OK	/htdocs/application/third_party/omnipay/vendor/google/apiclient-services/src/CloudNaturalLanguage/Entity.php
OK	/htdocs/application/third_party/omnipay/vendor/google/apiclient-services/src/CloudNaturalLanguage/TextSpan.php
OK	/htdocs/application/third_party/omnipay/vendor/google/apiclient-services/src/CloudNaturalLanguage/XPSColorMap.php
OK	/htdocs/application/third_party/omnipay/vendor/google/apiclient-services/src/CloudNaturalLanguage/XPSDataStats.php
OK	/htdocs/application/third_party/omnipay/vendor/google/apiclient-services/src/CloudNaturalLanguage/XPSImageExportModelSpec.php
OK	/htdocs/application/third_party/omnipay/vendor/google/apiclient-services/src/CloudNaturalLanguage/XPSModelArtifactItem.php
OK	/htdocs/application/third_party/omnipay/vendor/google/apiclient-services/src/CloudNaturalLanguage/XPSSpeechEvaluationMetricsSubModelEvaluationMetric.php
OK	/htdocs/application/third_party/omnipay/vendor/google/apiclient-services/src/CloudNaturalLanguage/XPSTablesDatasetMetadata.php
OK	/htdocs/application/third_party/omnipay/vendor/google/apiclient-services/src/CloudNaturalLanguage/XPSTextExtractionEvaluationMetrics.php
OK	/htdocs/application/third_party/omnipay/vendor/google/apiclient-services/src/CloudNaturalLanguage/XPSTrainResponse.php
OK	/htdocs/application/third_party/omnipay/vendor/google/apiclient-services/src/CloudNaturalLanguage/XPSVideoModelArtifactSpec.php
OK	/htdocs/application/third_party/omnipay/vendor/google/apiclient-services/src/CloudOSLogin/OsloginEmpty.php
OK	/htdocs/application/third_party/omnipay/vendor/google/apiclient-services/src/CloudProfiler/Resource/ProjectsProfiles.php
OK	/htdocs/application/third_party/omnipay/vendor/google/apiclient-services/src/CloudRedis/CertChain.php
OK	/htdocs/application/third_party/omnipay/vendor/google/apiclient-services/src/CloudRedis/ConnectionDetail.php
OK	/htdocs/application/third_party/omnipay/vendor/google/apiclient-services/src/CloudRedis/Endpoint.php
OK	/htdocs/application/third_party/omnipay/vendor/google/apiclient-services/src/CloudRedis/GoogleCloudRedisV1OperationMetadata.php
OK	/htdocs/application/third_party/omnipay/vendor/google/apiclient-services/src/CloudRedis/ListLocationsResponse.php
OK	/htdocs/application/third_party/omnipay/vendor/google/apiclient-services/src/CloudRedis/ObservabilityMetricData.php
OK	/htdocs/application/third_party/omnipay/vendor/google/apiclient-services/src/CloudRedis/PscServiceAttachment.php
OK	/htdocs/application/third_party/omnipay/vendor/google/apiclient-services/src/CloudRedis/Status.php
OK	/htdocs/application/third_party/omnipay/vendor/google/apiclient-services/src/CloudRedis/Resource/Projects.php
OK	/htdocs/application/third_party/omnipay/vendor/google/apiclient-services/src/CloudResourceManager/CloudresourcemanagerGoogleCloudResourcemanagerV2beta1FolderOperation.php
OK	/htdocs/application/third_party/omnipay/vendor/google/apiclient-services/src/CloudResourceManager/EffectiveTag.php
OK	/htdocs/application/third_party/omnipay/vendor/google/apiclient-services/src/CloudResourceManager/ListTagBindingsResponse.php
OK	/htdocs/application/third_party/omnipay/vendor/google/apiclient-services/src/CloudResourceManager/ProjectCreationStatus.php
OK	/htdocs/application/third_party/omnipay/vendor/google/apiclient-services/src/CloudResourceManager/UndeleteFolderMetadata.php
OK	/htdocs/application/third_party/omnipay/vendor/google/apiclient-services/src/CloudResourceManager/Resource/Operations.php
OK	/htdocs/application/third_party/omnipay/vendor/google/apiclient-services/src/CloudRetail/GoogleCloudRetailLoggingServiceContext.php
OK	/htdocs/application/third_party/omnipay/vendor/google/apiclient-services/src/CloudRetail/GoogleCloudRetailV2alphaAddLocalInventoriesMetadata.php
OK	/htdocs/application/third_party/omnipay/vendor/google/apiclient-services/src/CloudRetail/GoogleCloudRetailV2alphaGcsOutputResult.php
OK	/htdocs/application/third_party/omnipay/vendor/google/apiclient-services/src/CloudRetail/GoogleCloudRetailV2alphaModelPageOptimizationConfig.php
OK	/htdocs/application/third_party/omnipay/vendor/google/apiclient-services/src/CloudRetail/GoogleCloudRetailV2alphaRemoveFulfillmentPlacesResponse.php
OK	/htdocs/application/third_party/omnipay/vendor/google/apiclient-services/src/CloudRetail/GoogleCloudRetailV2Audience.php
OK	/htdocs/application/third_party/omnipay/vendor/google/apiclient-services/src/CloudRetail/GoogleCloudRetailV2betaExportMetadata.php
OK	/htdocs/application/third_party/omnipay/vendor/google/apiclient-services/src/CloudRetail/GoogleCloudRetailV2betaModelFrequentlyBoughtTogetherFeaturesConfig.php
OK	/htdocs/application/third_party/omnipay/vendor/google/apiclient-services/src/CloudRetail/GoogleCloudRetailV2betaRemoveLocalInventoriesMetadata.php
OK	/htdocs/application/third_party/omnipay/vendor/google/apiclient-services/src/CloudRetail/GoogleCloudRetailV2CatalogAttributeFacetConfigIgnoredFacetValues.php
OK	/htdocs/application/third_party/omnipay/vendor/google/apiclient-services/src/CloudRetail/GoogleCloudRetailV2CompletionDetail.php
OK	/htdocs/application/third_party/omnipay/vendor/google/apiclient-services/src/CloudRetail/GoogleCloudRetailV2ExportMetadata.php
OK	/htdocs/application/third_party/omnipay/vendor/google/apiclient-services/src/CloudRetail/GoogleCloudRetailV2ImportProductsRequest.php
OK	/htdocs/application/third_party/omnipay/vendor/google/apiclient-services/src/CloudRetail/GoogleCloudRetailV2Model.php
OK	/htdocs/application/third_party/omnipay/vendor/google/apiclient-services/src/CloudRetail/GoogleCloudRetailV2PredictResponse.php
OK	/htdocs/application/third_party/omnipay/vendor/google/apiclient-services/src/CloudRetail/GoogleCloudRetailV2PurchaseTransaction.php
OK	/htdocs/application/third_party/omnipay/vendor/google/apiclient-services/src/CloudRetail/GoogleCloudRetailV2RemoveControlRequest.php
OK	/htdocs/application/third_party/omnipay/vendor/google/apiclient-services/src/CloudRetail/GoogleCloudRetailV2RuleFilterAction.php
OK	/htdocs/application/third_party/omnipay/vendor/google/apiclient-services/src/CloudRetail/GoogleCloudRetailV2SearchRequestBoostSpecConditionBoostSpec.php
OK	/htdocs/application/third_party/omnipay/vendor/google/apiclient-services/src/CloudRetail/GoogleCloudRetailV2SearchResponseConversationalSearchResult.php
OK	/htdocs/application/third_party/omnipay/vendor/google/apiclient-services/src/CloudRetail/GoogleCloudRetailV2SetInventoryResponse.php
OK	/htdocs/application/third_party/omnipay/vendor/google/apiclient-services/src/CloudRetail/GoogleLongrunningOperation.php
OK	/htdocs/application/third_party/omnipay/vendor/google/apiclient-services/src/CloudRetail/Resource/ProjectsLocationsCatalogsControls.php
OK	/htdocs/application/third_party/omnipay/vendor/google/apiclient-services/src/CloudRun/AuditLogConfig.php
OK	/htdocs/application/third_party/omnipay/vendor/google/apiclient-services/src/CloudRun/DomainMappingSpec.php
OK	/htdocs/application/third_party/omnipay/vendor/google/apiclient-services/src/CloudRun/GoogleCloudRunOpV2EnvVar.php
OK	/htdocs/application/third_party/omnipay/vendor/google/apiclient-services/src/CloudRun/GoogleCloudRunOpV2TrafficTargetStatus.php
OK	/htdocs/application/third_party/omnipay/vendor/google/apiclient-services/src/CloudRun/GoogleCloudRunV2Condition.php
OK	/htdocs/application/third_party/omnipay/vendor/google/apiclient-services/src/CloudRun/GoogleCloudRunV2ExportImageRequest.php
OK	/htdocs/application/third_party/omnipay/vendor/google/apiclient-services/src/CloudRun/GoogleCloudRunV2ListJobsResponse.php
OK	/htdocs/application/third_party/omnipay/vendor/google/apiclient-services/src/CloudRun/GoogleCloudRunV2Revision.php
OK	/htdocs/application/third_party/omnipay/vendor/google/apiclient-services/src/CloudRun/GoogleCloudRunV2SubmitBuildResponse.php
OK	/htdocs/application/third_party/omnipay/vendor/google/apiclient-services/src/CloudRun/GoogleCloudRunV2WorkerPoolRevisionTemplate.php
OK	/htdocs/application/third_party/omnipay/vendor/google/apiclient-services/src/CloudRun/GoogleDevtoolsCloudbuildV1ConnectedRepository.php
OK	/htdocs/application/third_party/omnipay/vendor/google/apiclient-services/src/CloudRun/GoogleDevtoolsCloudbuildV1HttpConfig.php
OK	/htdocs/application/third_party/omnipay/vendor/google/apiclient-services/src/CloudRun/GoogleDevtoolsCloudbuildV1SourceProvenance.php
OK	/htdocs/application/third_party/omnipay/vendor/google/apiclient-services/src/CloudRun/GoogleIamV1Binding.php
OK	/htdocs/application/third_party/omnipay/vendor/google/apiclient-services/src/CloudRun/HTTPGetAction.php
OK	/htdocs/application/third_party/omnipay/vendor/google/apiclient-services/src/CloudRun/Location.php
OK	/htdocs/application/third_party/omnipay/vendor/google/apiclient-services/src/CloudRun/Route.php
OK	/htdocs/application/third_party/omnipay/vendor/google/apiclient-services/src/CloudRun/Status.php
OK	/htdocs/application/third_party/omnipay/vendor/google/apiclient-services/src/CloudRun/Resource/NamespacesConfigurations.php
OK	/htdocs/application/third_party/omnipay/vendor/google/apiclient-services/src/CloudRun/Resource/ProjectsLocationsDomainmappings.php
OK	/htdocs/application/third_party/omnipay/vendor/google/apiclient-services/src/CloudRuntimeConfig/ListOperationsResponse.php
OK	/htdocs/application/third_party/omnipay/vendor/google/apiclient-services/src/CloudScheduler/ListLocationsResponse.php
OK	/htdocs/application/third_party/omnipay/vendor/google/apiclient-services/src/CloudScheduler/RunJobRequest.php
OK	/htdocs/application/third_party/omnipay/vendor/google/apiclient-services/src/CloudSearch/ActionParameter.php
OK	/htdocs/application/third_party/omnipay/vendor/google/apiclient-services/src/CloudSearch/AppsDynamiteBabelMessageProps.php
OK	/htdocs/application/third_party/omnipay/vendor/google/apiclient-services/src/CloudSearch/AppsDynamiteContentReportJustification.php
OK	/htdocs/application/third_party/omnipay/vendor/google/apiclient-services/src/CloudSearch/AppsDynamiteFrontendMember.php
OK	/htdocs/application/third_party/omnipay/vendor/google/apiclient-services/src/CloudSearch/AppsDynamiteMembershipChangedMetadataAffectedMembership.php
OK	/htdocs/application/third_party/omnipay/vendor/google/apiclient-services/src/CloudSearch/AppsDynamiteRequiredMessageFeaturesMetadata.php
OK	/htdocs/application/third_party/omnipay/vendor/google/apiclient-services/src/CloudSearch/AppsDynamiteSharedAssistantFeedbackContext.php
OK	/htdocs/application/third_party/omnipay/vendor/google/apiclient-services/src/CloudSearch/AppsDynamiteSharedCalendarEventAnnotationData.php
OK	/htdocs/application/third_party/omnipay/vendor/google/apiclient-services/src/CloudSearch/AppsDynamiteSharedChatItemActivityInfo.php
OK	/htdocs/application/third_party/omnipay/vendor/google/apiclient-services/src/CloudSearch/AppsDynamiteSharedDecoratedText.php
OK	/htdocs/application/third_party/omnipay/vendor/google/apiclient-services/src/CloudSearch/AppsDynamiteSharedIcon.php
OK	/htdocs/application/third_party/omnipay/vendor/google/apiclient-services/src/CloudSearch/AppsDynamiteSharedOpenLink.php
OK	/htdocs/application/third_party/omnipay/vendor/google/apiclient-services/src/CloudSearch/AppsDynamiteSharedSegmentedMembershipCounts.php
OK	/htdocs/application/third_party/omnipay/vendor/google/apiclient-services/src/CloudSearch/AppsDynamiteSharedTasksAnnotationDataUserDefinedMessage.php
OK	/htdocs/application/third_party/omnipay/vendor/google/apiclient-services/src/CloudSearch/AppsDynamiteStorageAction.php
OK	/htdocs/application/third_party/omnipay/vendor/google/apiclient-services/src/CloudSearch/AppsDynamiteStorageDateTimePicker.php
OK	/htdocs/application/third_party/omnipay/vendor/google/apiclient-services/src/CloudSearch/AppsDynamiteStorageOpenLink.php
OK	/htdocs/application/third_party/omnipay/vendor/google/apiclient-services/src/CloudSearch/AppsDynamiteTopicId.php
OK	/htdocs/application/third_party/omnipay/vendor/google/apiclient-services/src/CloudSearch/AppsExtensionsMarkupCalendarClientActionMarkupAddAttachmentsActionMarkupAddonAttachment.php
OK	/htdocs/application/third_party/omnipay/vendor/google/apiclient-services/src/CloudSearch/AttributeSet.php
OK	/htdocs/application/third_party/omnipay/vendor/google/apiclient-services/src/CloudSearch/BotInfo.php
OK	/htdocs/application/third_party/omnipay/vendor/google/apiclient-services/src/CloudSearch/Card.php
OK	/htdocs/application/third_party/omnipay/vendor/google/apiclient-services/src/CloudSearch/ChatConserverDynamitePlaceholderMetadataEditMetadata.php
OK	/htdocs/application/third_party/omnipay/vendor/google/apiclient-services/src/CloudSearch/Collaboration.php
OK	/htdocs/application/third_party/omnipay/vendor/google/apiclient-services/src/CloudSearch/ContextualAddOnMarkup.php
OK	/htdocs/application/third_party/omnipay/vendor/google/apiclient-services/src/CloudSearch/DataLossPreventionMetadata.php
OK	/htdocs/application/third_party/omnipay/vendor/google/apiclient-services/src/CloudSearch/DeleteMetadata.php
OK	/htdocs/application/third_party/omnipay/vendor/google/apiclient-services/src/CloudSearch/DoubleValues.php
OK	/htdocs/application/third_party/omnipay/vendor/google/apiclient-services/src/CloudSearch/EmailAddress.php
OK	/htdocs/application/third_party/omnipay/vendor/google/apiclient-services/src/CloudSearch/EnterpriseTopazSidekickAnswerSuggestedQueryAnswerCard.php
OK	/htdocs/application/third_party/omnipay/vendor/google/apiclient-services/src/CloudSearch/EnterpriseTopazSidekickDocumentPerCategoryList.php
OK	/htdocs/application/third_party/omnipay/vendor/google/apiclient-services/src/CloudSearch/EnterpriseTopazSidekickPeopleAnswerDisambiguationInfoDisambiguationPerson.php
OK	/htdocs/application/third_party/omnipay/vendor/google/apiclient-services/src/CloudSearch/EnterpriseTopazSidekickShareMeetingDocsCardProto.php
OK	/htdocs/application/third_party/omnipay/vendor/google/apiclient-services/src/CloudSearch/FacetResult.php
OK	/htdocs/application/third_party/omnipay/vendor/google/apiclient-services/src/CloudSearch/Formatting.php
OK	/htdocs/application/third_party/omnipay/vendor/google/apiclient-services/src/CloudSearch/GetCustomerSessionStatsResponse.php
OK	/htdocs/application/third_party/omnipay/vendor/google/apiclient-services/src/CloudSearch/GoogleChatV1ContextualAddOnMarkupCardSection.php
OK	/htdocs/application/third_party/omnipay/vendor/google/apiclient-services/src/CloudSearch/GoogleDocsMetadata.php
OK	/htdocs/application/third_party/omnipay/vendor/google/apiclient-services/src/CloudSearch/HashtagData.php
OK	/htdocs/application/third_party/omnipay/vendor/google/apiclient-services/src/CloudSearch/ImageComponent.php
OK	/htdocs/application/third_party/omnipay/vendor/google/apiclient-services/src/CloudSearch/InitializeCustomerRequest.php
OK	/htdocs/application/third_party/omnipay/vendor/google/apiclient-services/src/CloudSearch/Item.php
OK	/htdocs/application/third_party/omnipay/vendor/google/apiclient-services/src/CloudSearch/LabelCreated.php
OK	/htdocs/application/third_party/omnipay/vendor/google/apiclient-services/src/CloudSearch/ListDataSourceResponse.php
OK	/htdocs/application/third_party/omnipay/vendor/google/apiclient-services/src/CloudSearch/MdbUserProto.php
OK	/htdocs/application/third_party/omnipay/vendor/google/apiclient-services/src/CloudSearch/MessageContent.php
OK	/htdocs/application/third_party/omnipay/vendor/google/apiclient-services/src/CloudSearch/NamedProperty.php
OK	/htdocs/application/third_party/omnipay/vendor/google/apiclient-services/src/CloudSearch/OtrChatMessageEvent.php
OK	/htdocs/application/third_party/omnipay/vendor/google/apiclient-services/src/CloudSearch/PinnedItemId.php
OK	/htdocs/application/third_party/omnipay/vendor/google/apiclient-services/src/CloudSearch/PrivateMessageInfo.php
OK	/htdocs/application/third_party/omnipay/vendor/google/apiclient-services/src/CloudSearch/QueryItem.php
OK	/htdocs/application/third_party/omnipay/vendor/google/apiclient-services/src/CloudSearch/RecordingInfo.php
OK	/htdocs/application/third_party/omnipay/vendor/google/apiclient-services/src/CloudSearch/ResetSearchApplicationRequest.php
OK	/htdocs/application/third_party/omnipay/vendor/google/apiclient-services/src/CloudSearch/RoomRenameMetadata.php
OK	/htdocs/application/third_party/omnipay/vendor/google/apiclient-services/src/CloudSearch/SearchApplicationUserStats.php
OK	/htdocs/application/third_party/omnipay/vendor/google/apiclient-services/src/CloudSearch/SessionContext.php
OK	/htdocs/application/third_party/omnipay/vendor/google/apiclient-services/src/CloudSearch/SocialGraphNodeProto.php
OK	/htdocs/application/third_party/omnipay/vendor/google/apiclient-services/src/CloudSearch/StartUploadItemRequest.php
OK	/htdocs/application/third_party/omnipay/vendor/google/apiclient-services/src/CloudSearch/TaskActionMarkup.php
OK	/htdocs/application/third_party/omnipay/vendor/google/apiclient-services/src/CloudSearch/TimestampOperatorOptions.php
OK	/htdocs/application/third_party/omnipay/vendor/google/apiclient-services/src/CloudSearch/Trigger.php
OK	/htdocs/application/third_party/omnipay/vendor/google/apiclient-services/src/CloudSearch/UpdateDataSourceRequest.php
OK	/htdocs/application/third_party/omnipay/vendor/google/apiclient-services/src/CloudSearch/UserInfo.php
OK	/htdocs/application/third_party/omnipay/vendor/google/apiclient-services/src/CloudSearch/WonderCardDelete.php
OK	/htdocs/application/third_party/omnipay/vendor/google/apiclient-services/src/CloudSearch/Resource/DebugDatasourcesItemsUnmappedids.php
OK	/htdocs/application/third_party/omnipay/vendor/google/apiclient-services/src/CloudSearch/Resource/Settings.php
OK	/htdocs/application/third_party/omnipay/vendor/google/apiclient-services/src/CloudSearch/Resource/V1.php
OK	/htdocs/application/third_party/omnipay/vendor/google/apiclient-services/src/CloudSecurityToken/GoogleIdentityStsV1IntrospectTokenResponse.php
OK	/htdocs/application/third_party/omnipay/vendor/google/apiclient-services/src/CloudShell/CreateEnvironmentMetadata.php
OK	/htdocs/application/third_party/omnipay/vendor/google/apiclient-services/src/CloudShell/Resource/Operations.php
OK	/htdocs/application/third_party/omnipay/vendor/google/apiclient-services/src/CloudSourceRepositories/PubsubConfig.php
OK	/htdocs/application/third_party/omnipay/vendor/google/apiclient-services/src/CloudSourceRepositories/Resource/ProjectsRepos.php
OK	/htdocs/application/third_party/omnipay/vendor/google/apiclient-services/src/CloudSupport/DiffDownloadResponse.php
OK	/htdocs/application/third_party/omnipay/vendor/google/apiclient-services/src/CloudSupport/SearchCaseClassificationsResponse.php
OK	/htdocs/application/third_party/omnipay/vendor/google/apiclient-services/src/CloudSupport/Resource/Organizations.php
OK	/htdocs/application/third_party/omnipay/vendor/google/apiclient-services/src/CloudTalentSolution/BatchUpdateJobsRequest.php
OK	/htdocs/application/third_party/omnipay/vendor/google/apiclient-services/src/CloudTalentSolution/CompletionResult.php
OK	/htdocs/application/third_party/omnipay/vendor/google/apiclient-services/src/CloudTalentSolution/LatLng.php
OK	/htdocs/application/third_party/omnipay/vendor/google/apiclient-services/src/CloudTalentSolution/ProcessingOptions.php
OK	/htdocs/application/third_party/omnipay/vendor/google/apiclient-services/src/CloudTalentSolution/Resource/ProjectsTenants.php
OK	/htdocs/application/third_party/omnipay/vendor/google/apiclient-services/src/CloudTasks/CreateTaskRequest.php
OK	/htdocs/application/third_party/omnipay/vendor/google/apiclient-services/src/CloudTasks/Location.php
OK	/htdocs/application/third_party/omnipay/vendor/google/apiclient-services/src/CloudTasks/RunTaskRequest.php
OK	/htdocs/application/third_party/omnipay/vendor/google/apiclient-services/src/CloudTrace/Annotation.php
OK	/htdocs/application/third_party/omnipay/vendor/google/apiclient-services/src/CloudTrace/StackTrace.php
OK	/htdocs/application/third_party/omnipay/vendor/google/apiclient-services/src/CloudVideoIntelligence/GoogleCloudVideointelligenceV1beta2AnnotateVideoResponse.php
OK	/htdocs/application/third_party/omnipay/vendor/google/apiclient-services/src/CloudVideoIntelligence/GoogleCloudVideointelligenceV1beta2LabelSegment.php
OK	/htdocs/application/third_party/omnipay/vendor/google/apiclient-services/src/CloudVideoIntelligence/GoogleCloudVideointelligenceV1beta2TextSegment.php
OK	/htdocs/application/third_party/omnipay/vendor/google/apiclient-services/src/CloudVideoIntelligence/GoogleCloudVideointelligenceV1ExplicitContentFrame.php
OK	/htdocs/application/third_party/omnipay/vendor/google/apiclient-services/src/CloudVideoIntelligence/GoogleCloudVideointelligenceV1NormalizedBoundingPoly.php
OK	/htdocs/application/third_party/omnipay/vendor/google/apiclient-services/src/CloudVideoIntelligence/GoogleCloudVideointelligenceV1p1beta1FaceAnnotation.php
OK	/htdocs/application/third_party/omnipay/vendor/google/apiclient-services/src/CloudVideoIntelligence/GoogleCloudVideointelligenceV1p1beta1ObjectTrackingFrame.php
OK	/htdocs/application/third_party/omnipay/vendor/google/apiclient-services/src/CloudVideoIntelligence/GoogleCloudVideointelligenceV1p1beta1WordInfo.php
OK	/htdocs/application/third_party/omnipay/vendor/google/apiclient-services/src/CloudVideoIntelligence/GoogleCloudVideointelligenceV1p2beta1LabelAnnotation.php
OK	/htdocs/application/third_party/omnipay/vendor/google/apiclient-services/src/CloudVideoIntelligence/GoogleCloudVideointelligenceV1p2beta1TextAnnotation.php
OK	/htdocs/application/third_party/omnipay/vendor/google/apiclient-services/src/CloudVideoIntelligence/GoogleCloudVideointelligenceV1p3beta1CelebrityRecognitionAnnotation.php
OK	/htdocs/application/third_party/omnipay/vendor/google/apiclient-services/src/CloudVideoIntelligence/GoogleCloudVideointelligenceV1p3beta1LabelFrame.php
OK	/htdocs/application/third_party/omnipay/vendor/google/apiclient-services/src/CloudVideoIntelligence/GoogleCloudVideointelligenceV1p3beta1StreamingAnnotateVideoResponse.php
OK	/htdocs/application/third_party/omnipay/vendor/google/apiclient-services/src/CloudVideoIntelligence/GoogleCloudVideointelligenceV1PersonDetectionConfig.php
OK	/htdocs/application/third_party/omnipay/vendor/google/apiclient-services/src/CloudVideoIntelligence/GoogleCloudVideointelligenceV1VideoAnnotationProgress.php
OK	/htdocs/application/third_party/omnipay/vendor/google/apiclient-services/src/CloudVideoIntelligence/Resource/OperationsProjectsLocations.php
OK	/htdocs/application/third_party/omnipay/vendor/google/apiclient-services/src/CloudWorkstations/Container.php
OK	/htdocs/application/third_party/omnipay/vendor/google/apiclient-services/src/CloudWorkstations/GenerateAccessTokenResponse.php
OK	/htdocs/application/third_party/omnipay/vendor/google/apiclient-services/src/CloudWorkstations/OperationMetadata.php
OK	/htdocs/application/third_party/omnipay/vendor/google/apiclient-services/src/CloudWorkstations/TestIamPermissionsResponse.php
OK	/htdocs/application/third_party/omnipay/vendor/google/apiclient-services/src/Compute/AcceleratorType.php
OK	/htdocs/application/third_party/omnipay/vendor/google/apiclient-services/src/Compute/AddressAggregatedList.php
OK	/htdocs/application/third_party/omnipay/vendor/google/apiclient-services/src/Compute/AllocationAggregateReservationReservedResourceInfo.php
OK	/htdocs/application/third_party/omnipay/vendor/google/apiclient-services/src/Compute/Autoscaler.php
OK	/htdocs/application/third_party/omnipay/vendor/google/apiclient-services/src/Compute/AutoscalingPolicyCpuUtilization.php
OK	/htdocs/application/third_party/omnipay/vendor/google/apiclient-services/src/Compute/BackendBucketList.php
OK	/htdocs/application/third_party/omnipay/vendor/google/apiclient-services/src/Compute/BackendServiceFailoverPolicy.php
OK	/htdocs/application/third_party/omnipay/vendor/google/apiclient-services/src/Compute/BackendServiceLocalityLoadBalancingPolicyConfigPolicy.php
OK	/htdocs/application/third_party/omnipay/vendor/google/apiclient-services/src/Compute/BgpRouteNetworkLayerReachabilityInformation.php
OK	/htdocs/application/third_party/omnipay/vendor/google/apiclient-services/src/Compute/CommitmentAggregatedListWarningData.php
OK	/htdocs/application/third_party/omnipay/vendor/google/apiclient-services/src/Compute/ConsistentHashLoadBalancerSettingsHttpCookie.php
OK	/htdocs/application/third_party/omnipay/vendor/google/apiclient-services/src/Compute/DiskAsyncReplicationList.php
OK	/htdocs/application/third_party/omnipay/vendor/google/apiclient-services/src/Compute/DisksScopedList.php
OK	/htdocs/application/third_party/omnipay/vendor/google/apiclient-services/src/Compute/DiskTypesScopedList.php
OK	/htdocs/application/third_party/omnipay/vendor/google/apiclient-services/src/Compute/Expr.php
OK	/htdocs/application/third_party/omnipay/vendor/google/apiclient-services/src/Compute/FirewallListWarningData.php
OK	/htdocs/application/third_party/omnipay/vendor/google/apiclient-services/src/Compute/FirewallPolicyRuleMatcher.php
OK	/htdocs/application/third_party/omnipay/vendor/google/apiclient-services/src/Compute/ForwardingRuleServiceDirectoryRegistration.php
OK	/htdocs/application/third_party/omnipay/vendor/google/apiclient-services/src/Compute/FutureReservationsScopedList.php
OK	/htdocs/application/third_party/omnipay/vendor/google/apiclient-services/src/Compute/GlobalOrganizationSetPolicyRequest.php
OK	/htdocs/application/third_party/omnipay/vendor/google/apiclient-services/src/Compute/HealthCheckLogConfig.php
OK	/htdocs/application/third_party/omnipay/vendor/google/apiclient-services/src/Compute/HealthChecksScopedListWarningData.php
OK	/htdocs/application/third_party/omnipay/vendor/google/apiclient-services/src/Compute/HttpHeaderOption.php
OK	/htdocs/application/third_party/omnipay/vendor/google/apiclient-services/src/Compute/HttpsHealthCheckList.php
OK	/htdocs/application/third_party/omnipay/vendor/google/apiclient-services/src/Compute/InstanceAggregatedListWarning.php
OK	/htdocs/application/third_party/omnipay/vendor/google/apiclient-services/src/Compute/InstanceGroupManagerActionsSummary.php
OK	/htdocs/application/third_party/omnipay/vendor/google/apiclient-services/src/Compute/InstanceGroupManagerResizeRequest.php
OK	/htdocs/application/third_party/omnipay/vendor/google/apiclient-services/src/Compute/InstanceGroupManagersAbandonInstancesRequest.php
OK	/htdocs/application/third_party/omnipay/vendor/google/apiclient-services/src/Compute/InstanceGroupManagersResumeInstancesRequest.php
OK	/htdocs/application/third_party/omnipay/vendor/google/apiclient-services/src/Compute/InstanceGroupManagerStatusStateful.php
OK	/htdocs/application/third_party/omnipay/vendor/google/apiclient-services/src/Compute/InstanceGroupsScopedList.php
OK	/htdocs/application/third_party/omnipay/vendor/google/apiclient-services/src/Compute/InstanceManagedByIgmErrorManagedInstanceError.php
OK	/htdocs/application/third_party/omnipay/vendor/google/apiclient-services/src/Compute/InstancesRemoveResourcePoliciesRequest.php
OK	/htdocs/application/third_party/omnipay/vendor/google/apiclient-services/src/Compute/InstanceTemplate.php
OK	/htdocs/application/third_party/omnipay/vendor/google/apiclient-services/src/Compute/InstantSnapshotAggregatedList.php
OK	/htdocs/application/third_party/omnipay/vendor/google/apiclient-services/src/Compute/InterconnectAttachment.php
OK	/htdocs/application/third_party/omnipay/vendor/google/apiclient-services/src/Compute/InterconnectAttachmentsScopedListWarning.php
OK	/htdocs/application/third_party/omnipay/vendor/google/apiclient-services/src/Compute/InterconnectLocation.php
OK	/htdocs/application/third_party/omnipay/vendor/google/apiclient-services/src/Compute/InterconnectRemoteLocationConstraintsSubnetLengthRange.php
OK	/htdocs/application/third_party/omnipay/vendor/google/apiclient-services/src/Compute/LicensesListResponse.php
OK	/htdocs/application/third_party/omnipay/vendor/google/apiclient-services/src/Compute/LogConfigDataAccessOptions.php
OK	/htdocs/application/third_party/omnipay/vendor/google/apiclient-services/src/Compute/MachineTypeListWarningData.php
OK	/htdocs/application/third_party/omnipay/vendor/google/apiclient-services/src/Compute/ManagedInstanceVersion.php
OK	/htdocs/application/third_party/omnipay/vendor/google/apiclient-services/src/Compute/NetworkAttachmentAggregatedListWarning.php
OK	/htdocs/application/third_party/omnipay/vendor/google/apiclient-services/src/Compute/NetworkEdgeSecurityServiceAggregatedListWarningData.php
OK	/htdocs/application/third_party/omnipay/vendor/google/apiclient-services/src/Compute/NetworkEndpointGroupList.php
OK	/htdocs/application/third_party/omnipay/vendor/google/apiclient-services/src/Compute/NetworkEndpointGroupsScopedListWarningData.php
OK	/htdocs/application/third_party/omnipay/vendor/google/apiclient-services/src/Compute/NetworkProfileLocation.php
OK	/htdocs/application/third_party/omnipay/vendor/google/apiclient-services/src/Compute/NodeGroupAggregatedList.php
OK	/htdocs/application/third_party/omnipay/vendor/google/apiclient-services/src/Compute/NodeGroupsListNodesWarning.php
OK	/htdocs/application/third_party/omnipay/vendor/google/apiclient-services/src/Compute/NodeTemplateList.php
OK	/htdocs/application/third_party/omnipay/vendor/google/apiclient-services/src/Compute/NodeTypeListWarning.php
OK	/htdocs/application/third_party/omnipay/vendor/google/apiclient-services/src/Compute/OperationAggregatedListWarning.php
OK	/htdocs/application/third_party/omnipay/vendor/google/apiclient-services/src/Compute/OperationWarningsData.php
OK	/htdocs/application/third_party/omnipay/vendor/google/apiclient-services/src/Compute/PacketMirroringMirroredResourceInfo.php
OK	/htdocs/application/third_party/omnipay/vendor/google/apiclient-services/src/Compute/PreservedState.php
OK	/htdocs/application/third_party/omnipay/vendor/google/apiclient-services/src/Compute/PublicAdvertisedPrefixList.php
OK	/htdocs/application/third_party/omnipay/vendor/google/apiclient-services/src/Compute/PublicDelegatedPrefixListWarning.php
OK	/htdocs/application/third_party/omnipay/vendor/google/apiclient-services/src/Compute/RegionDisksRemoveResourcePoliciesRequest.php
OK	/htdocs/application/third_party/omnipay/vendor/google/apiclient-services/src/Compute/RegionInstanceGroupManagerListWarningData.php
OK	/htdocs/application/third_party/omnipay/vendor/google/apiclient-services/src/Compute/RegionInstanceGroupManagersResumeInstancesRequest.php
OK	/htdocs/application/third_party/omnipay/vendor/google/apiclient-services/src/Compute/RegionList.php
OK	/htdocs/application/third_party/omnipay/vendor/google/apiclient-services/src/Compute/RegionUrlMapsValidateRequest.php
OK	/htdocs/application/third_party/omnipay/vendor/google/apiclient-services/src/Compute/ReservationsScopedListWarning.php
OK	/htdocs/application/third_party/omnipay/vendor/google/apiclient-services/src/Compute/ResourcePolicyDiskConsistencyGroupPolicy.php
OK	/htdocs/application/third_party/omnipay/vendor/google/apiclient-services/src/Compute/ResourcePolicySnapshotSchedulePolicySchedule.php
OK	/htdocs/application/third_party/omnipay/vendor/google/apiclient-services/src/Compute/RoutePolicyPolicyTerm.php
OK	/htdocs/application/third_party/omnipay/vendor/google/apiclient-services/src/Compute/RouterListWarning.php
OK	/htdocs/application/third_party/omnipay/vendor/google/apiclient-services/src/Compute/RoutersListRoutePolicies.php
OK	/htdocs/application/third_party/omnipay/vendor/google/apiclient-services/src/Compute/RouteWarnings.php
OK	/htdocs/application/third_party/omnipay/vendor/google/apiclient-services/src/Compute/SecurityPoliciesAggregatedListWarningData.php
OK	/htdocs/application/third_party/omnipay/vendor/google/apiclient-services/src/Compute/SecurityPolicyAdvancedOptionsConfigJsonCustomConfig.php
OK	/htdocs/application/third_party/omnipay/vendor/google/apiclient-services/src/Compute/SecurityPolicyRuleMatcherExprOptions.php
OK	/htdocs/application/third_party/omnipay/vendor/google/apiclient-services/src/Compute/SecuritySettings.php
OK	/htdocs/application/third_party/omnipay/vendor/google/apiclient-services/src/Compute/ServiceAttachmentListWarningData.php
OK	/htdocs/application/third_party/omnipay/vendor/google/apiclient-services/src/Compute/SignedUrlKey.php
OK	/htdocs/application/third_party/omnipay/vendor/google/apiclient-services/src/Compute/SslCertificateAggregatedList.php
OK	/htdocs/application/third_party/omnipay/vendor/google/apiclient-services/src/Compute/SslPoliciesAggregatedList.php
OK	/htdocs/application/third_party/omnipay/vendor/google/apiclient-services/src/Compute/SslPolicyWarnings.php
OK	/htdocs/application/third_party/omnipay/vendor/google/apiclient-services/src/Compute/StoragePoolList.php
OK	/htdocs/application/third_party/omnipay/vendor/google/apiclient-services/src/Compute/StoragePoolTypeAggregatedListWarning.php
OK	/htdocs/application/third_party/omnipay/vendor/google/apiclient-services/src/Compute/SubnetworkList.php
OK	/htdocs/application/third_party/omnipay/vendor/google/apiclient-services/src/Compute/TargetGrpcProxy.php
OK	/htdocs/application/third_party/omnipay/vendor/google/apiclient-services/src/Compute/TargetHttpsProxiesScopedList.php
OK	/htdocs/application/third_party/omnipay/vendor/google/apiclient-services/src/Compute/TargetHttpsProxyListWarningData.php
OK	/htdocs/application/third_party/omnipay/vendor/google/apiclient-services/src/Compute/TargetPoolAggregatedList.php
OK	/htdocs/application/third_party/omnipay/vendor/google/apiclient-services/src/Compute/TargetPoolsScopedListWarning.php
OK	/htdocs/application/third_party/omnipay/vendor/google/apiclient-services/src/Compute/TargetTcpProxiesScopedListWarning.php
OK	/htdocs/application/third_party/omnipay/vendor/google/apiclient-services/src/Compute/TargetVpnGatewayAggregatedList.php
OK	/htdocs/application/third_party/omnipay/vendor/google/apiclient-services/src/Compute/TestPermissionsResponse.php
OK	/htdocs/application/third_party/omnipay/vendor/google/apiclient-services/src/Compute/UrlMapsScopedListWarning.php
OK	/htdocs/application/third_party/omnipay/vendor/google/apiclient-services/src/Compute/UsableSubnetworkSecondaryRange.php
OK	/htdocs/application/third_party/omnipay/vendor/google/apiclient-services/src/Compute/VpnGatewayList.php
OK	/htdocs/application/third_party/omnipay/vendor/google/apiclient-services/src/Compute/VpnTunnel.php
OK	/htdocs/application/third_party/omnipay/vendor/google/apiclient-services/src/Compute/WeightedBackendService.php
OK	/htdocs/application/third_party/omnipay/vendor/google/apiclient-services/src/Compute/Resource/Addresses.php
OK	/htdocs/application/third_party/omnipay/vendor/google/apiclient-services/src/Compute/Resource/GlobalForwardingRules.php
OK	/htdocs/application/third_party/omnipay/vendor/google/apiclient-services/src/Compute/Resource/InstanceGroups.php
OK	/htdocs/application/third_party/omnipay/vendor/google/apiclient-services/src/Compute/Resource/MachineTypes.php
OK	/htdocs/application/third_party/omnipay/vendor/google/apiclient-services/src/Compute/Resource/PublicAdvertisedPrefixes.php
OK	/htdocs/application/third_party/omnipay/vendor/google/apiclient-services/src/Compute/Resource/RegionInstanceTemplates.php
OK	/htdocs/application/third_party/omnipay/vendor/google/apiclient-services/src/Compute/Resource/RegionTargetTcpProxies.php
OK	/htdocs/application/third_party/omnipay/vendor/google/apiclient-services/src/Compute/Resource/SslPolicies.php
OK	/htdocs/application/third_party/omnipay/vendor/google/apiclient-services/src/Compute/Resource/UrlMaps.php
OK	/htdocs/application/third_party/omnipay/vendor/google/apiclient-services/src/Config/DeleteStatefileRequest.php
OK	/htdocs/application/third_party/omnipay/vendor/google/apiclient-services/src/Config/ListOperationsResponse.php
OK	/htdocs/application/third_party/omnipay/vendor/google/apiclient-services/src/Config/PreviewArtifacts.php
OK	/htdocs/application/third_party/omnipay/vendor/google/apiclient-services/src/Config/TerraformVariable.php
OK	/htdocs/application/third_party/omnipay/vendor/google/apiclient-services/src/Config/Resource/ProjectsLocationsTerraformVersions.php
OK	/htdocs/application/third_party/omnipay/vendor/google/apiclient-services/src/Connectors/CheckReadinessResponse.php
OK	/htdocs/application/third_party/omnipay/vendor/google/apiclient-services/src/Connectors/Date.php
OK	/htdocs/application/third_party/omnipay/vendor/google/apiclient-services/src/Connectors/ExecuteSqlQueryResponse.php
OK	/htdocs/application/third_party/omnipay/vendor/google/apiclient-services/src/Connectors/ListConnectorVersionsResponse.php
OK	/htdocs/application/third_party/omnipay/vendor/google/apiclient-services/src/Connectors/MaintenanceSchedule.php
OK	/htdocs/application/third_party/omnipay/vendor/google/apiclient-services/src/Connectors/Provider.php
OK	/htdocs/application/third_party/omnipay/vendor/google/apiclient-services/src/Connectors/RuntimeEntitySchema.php
OK	/htdocs/application/third_party/omnipay/vendor/google/apiclient-services/src/Connectors/TimeOfDay.php
OK	/htdocs/application/third_party/omnipay/vendor/google/apiclient-services/src/Connectors/Resource/ProjectsLocationsConnectionsRuntimeActionSchemas.php
OK	/htdocs/application/third_party/omnipay/vendor/google/apiclient-services/src/Contactcenterinsights/GoogleCloudContactcenterinsightsV1AgentCoachingSuggestionAgentCoachingSuggestionReasoning.php
OK	/htdocs/application/third_party/omnipay/vendor/google/apiclient-services/src/Contactcenterinsights/GoogleCloudContactcenterinsightsV1alpha1AnnotatorSelector.php
OK	/htdocs/application/third_party/omnipay/vendor/google/apiclient-services/src/Contactcenterinsights/GoogleCloudContactcenterinsightsV1alpha1CallAnnotation.php
OK	/htdocs/application/third_party/omnipay/vendor/google/apiclient-services/src/Contactcenterinsights/GoogleCloudContactcenterinsightsV1alpha1ConversationTranscriptTranscriptSegmentDialogflowSegmentMetadata.php
OK	/htdocs/application/third_party/omnipay/vendor/google/apiclient-services/src/Contactcenterinsights/GoogleCloudContactcenterinsightsV1alpha1DialogflowIntent.php
OK	/htdocs/application/third_party/omnipay/vendor/google/apiclient-services/src/Contactcenterinsights/GoogleCloudContactcenterinsightsV1alpha1ExportInsightsDataRequest.php
OK	/htdocs/application/third_party/omnipay/vendor/google/apiclient-services/src/Contactcenterinsights/GoogleCloudContactcenterinsightsV1alpha1GetGeneratorSuggestionResponse.php
OK	/htdocs/application/third_party/omnipay/vendor/google/apiclient-services/src/Contactcenterinsights/GoogleCloudContactcenterinsightsV1alpha1ImportIssueModelResponse.php
OK	/htdocs/application/third_party/omnipay/vendor/google/apiclient-services/src/Contactcenterinsights/GoogleCloudContactcenterinsightsV1alpha1IntentMatchData.php
OK	/htdocs/application/third_party/omnipay/vendor/google/apiclient-services/src/Contactcenterinsights/GoogleCloudContactcenterinsightsV1alpha1PhraseMatchData.php
OK	/htdocs/application/third_party/omnipay/vendor/google/apiclient-services/src/Contactcenterinsights/GoogleCloudContactcenterinsightsV1alpha1QueryMetricsResponseSliceDataPointConversationMeasureQaTagScore.php
OK	/htdocs/application/third_party/omnipay/vendor/google/apiclient-services/src/Contactcenterinsights/GoogleCloudContactcenterinsightsV1alpha1SummarySuggestion.php
OK	/htdocs/application/third_party/omnipay/vendor/google/apiclient-services/src/Contactcenterinsights/GoogleCloudContactcenterinsightsV1AnnotatorSelector.php
OK	/htdocs/application/third_party/omnipay/vendor/google/apiclient-services/src/Contactcenterinsights/GoogleCloudContactcenterinsightsV1BulkDownloadFeedbackLabelsMetadata.php
OK	/htdocs/application/third_party/omnipay/vendor/google/apiclient-services/src/Contactcenterinsights/GoogleCloudContactcenterinsightsV1Conversation.php
OK	/htdocs/application/third_party/omnipay/vendor/google/apiclient-services/src/Contactcenterinsights/GoogleCloudContactcenterinsightsV1ConversationTranscriptTranscriptSegmentWordInfo.php
OK	/htdocs/application/third_party/omnipay/vendor/google/apiclient-services/src/Contactcenterinsights/GoogleCloudContactcenterinsightsV1DialogflowIntent.php
OK	/htdocs/application/third_party/omnipay/vendor/google/apiclient-services/src/Contactcenterinsights/GoogleCloudContactcenterinsightsV1ExportInsightsDataMetadata.php
OK	/htdocs/application/third_party/omnipay/vendor/google/apiclient-services/src/Contactcenterinsights/GoogleCloudContactcenterinsightsV1GeneratorSuggestion.php
OK	/htdocs/application/third_party/omnipay/vendor/google/apiclient-services/src/Contactcenterinsights/GoogleCloudContactcenterinsightsV1ImportIssueModelRequestGcsSource.php
OK	/htdocs/application/third_party/omnipay/vendor/google/apiclient-services/src/Contactcenterinsights/GoogleCloudContactcenterinsightsV1Intent.php
OK	/htdocs/application/third_party/omnipay/vendor/google/apiclient-services/src/Contactcenterinsights/GoogleCloudContactcenterinsightsV1ListAnalysesResponse.php
OK	/htdocs/application/third_party/omnipay/vendor/google/apiclient-services/src/Contactcenterinsights/GoogleCloudContactcenterinsightsV1PhraseMatchData.php
OK	/htdocs/application/third_party/omnipay/vendor/google/apiclient-services/src/Contactcenterinsights/GoogleCloudContactcenterinsightsV1QaQuestionTuningMetadata.php
OK	/htdocs/application/third_party/omnipay/vendor/google/apiclient-services/src/Contactcenterinsights/GoogleCloudContactcenterinsightsV1QueryMetricsResponseSliceDataPointConversationMeasureQaTagScore.php
OK	/htdocs/application/third_party/omnipay/vendor/google/apiclient-services/src/Contactcenterinsights/GoogleCloudContactcenterinsightsV1SmartReplyData.php
OK	/htdocs/application/third_party/omnipay/vendor/google/apiclient-services/src/Contactcenterinsights/GoogleIamV1AuditConfig.php
OK	/htdocs/application/third_party/omnipay/vendor/google/apiclient-services/src/Contactcenterinsights/GoogleTypeInterval.php
OK	/htdocs/application/third_party/omnipay/vendor/google/apiclient-services/src/Contactcenterinsights/Resource/ProjectsLocationsAuthorizedViewSetsAuthorizedViewsConversationsAnalyses.php
OK	/htdocs/application/third_party/omnipay/vendor/google/apiclient-services/src/Contactcenterinsights/Resource/ProjectsLocationsQaScorecards.php
OK	/htdocs/application/third_party/omnipay/vendor/google/apiclient-services/src/Container/Autopilot.php
OK	/htdocs/application/third_party/omnipay/vendor/google/apiclient-services/src/Container/CheckAutopilotCompatibilityResponse.php
OK	/htdocs/application/third_party/omnipay/vendor/google/apiclient-services/src/Container/ConfidentialNodes.php
OK	/htdocs/application/third_party/omnipay/vendor/google/apiclient-services/src/Container/DesiredEnterpriseConfig.php
OK	/htdocs/application/third_party/omnipay/vendor/google/apiclient-services/src/Container/GcpFilestoreCsiDriverConfig.php
OK	/htdocs/application/third_party/omnipay/vendor/google/apiclient-services/src/Container/IdentityServiceConfig.php
OK	/htdocs/application/third_party/omnipay/vendor/google/apiclient-services/src/Container/ListOperationsResponse.php
OK	/htdocs/application/third_party/omnipay/vendor/google/apiclient-services/src/Container/MaxPodsConstraint.php
OK	/htdocs/application/third_party/omnipay/vendor/google/apiclient-services/src/Container/NodeConfigDefaults.php
OK	/htdocs/application/third_party/omnipay/vendor/google/apiclient-services/src/Container/NotificationConfig.php
OK	/htdocs/application/third_party/omnipay/vendor/google/apiclient-services/src/Container/QueuedProvisioning.php
OK	/htdocs/application/third_party/omnipay/vendor/google/apiclient-services/src/Container/ResourceManagerTags.php
OK	/htdocs/application/third_party/omnipay/vendor/google/apiclient-services/src/Container/SetLabelsRequest.php
OK	/htdocs/application/third_party/omnipay/vendor/google/apiclient-services/src/Container/ShieldedNodes.php
OK	/htdocs/application/third_party/omnipay/vendor/google/apiclient-services/src/Container/UpgradeAvailableEvent.php
OK	/htdocs/application/third_party/omnipay/vendor/google/apiclient-services/src/Container/WorkloadPolicyConfig.php
OK	/htdocs/application/third_party/omnipay/vendor/google/apiclient-services/src/Container/Resource/ProjectsZonesOperations.php
OK	/htdocs/application/third_party/omnipay/vendor/google/apiclient-services/src/ContainerAnalysis/BatchCreateNotesRequest.php
OK	/htdocs/application/third_party/omnipay/vendor/google/apiclient-services/src/ContainerAnalysis/BuildSignature.php
OK	/htdocs/application/third_party/omnipay/vendor/google/apiclient-services/src/ContainerAnalysis/ComplianceVersion.php
OK	/htdocs/application/third_party/omnipay/vendor/google/apiclient-services/src/ContainerAnalysis/ContaineranalysisGoogleDevtoolsCloudbuildV1BuildFailureInfo.php
OK	/htdocs/application/third_party/omnipay/vendor/google/apiclient-services/src/ContainerAnalysis/ContaineranalysisGoogleDevtoolsCloudbuildV1FileHashes.php
OK	/htdocs/application/third_party/omnipay/vendor/google/apiclient-services/src/ContainerAnalysis/ContaineranalysisGoogleDevtoolsCloudbuildV1Source.php
OK	/htdocs/application/third_party/omnipay/vendor/google/apiclient-services/src/ContainerAnalysis/CVSSv3.php
OK	/htdocs/application/third_party/omnipay/vendor/google/apiclient-services/src/ContainerAnalysis/DiscoveryOccurrence.php
OK	/htdocs/application/third_party/omnipay/vendor/google/apiclient-services/src/ContainerAnalysis/Expr.php
OK	/htdocs/application/third_party/omnipay/vendor/google/apiclient-services/src/ContainerAnalysis/GitSourceContext.php
OK	/htdocs/application/third_party/omnipay/vendor/google/apiclient-services/src/ContainerAnalysis/GrafeasV1SlsaProvenanceZeroTwoSlsaBuilder.php
OK	/htdocs/application/third_party/omnipay/vendor/google/apiclient-services/src/ContainerAnalysis/InToto.php
OK	/htdocs/application/third_party/omnipay/vendor/google/apiclient-services/src/ContainerAnalysis/ListNotesResponse.php
OK	/htdocs/application/third_party/omnipay/vendor/google/apiclient-services/src/ContainerAnalysis/PackageIssue.php
OK	/htdocs/application/third_party/omnipay/vendor/google/apiclient-services/src/ContainerAnalysis/RelationshipNote.php
OK	/htdocs/application/third_party/omnipay/vendor/google/apiclient-services/src/ContainerAnalysis/SetIamPolicyRequest.php
OK	/htdocs/application/third_party/omnipay/vendor/google/apiclient-services/src/ContainerAnalysis/Status.php
OK	/htdocs/application/third_party/omnipay/vendor/google/apiclient-services/src/ContainerAnalysis/VulnerabilityAssessmentNote.php
OK	/htdocs/application/third_party/omnipay/vendor/google/apiclient-services/src/ContainerAnalysis/Resource/ProjectsLocationsNotesOccurrences.php
OK	/htdocs/application/third_party/omnipay/vendor/google/apiclient-services/src/Contentwarehouse/CloudAiPlatformTenantresourceInfraSpannerConfigCreateDatabaseOptions.php
OK	/htdocs/application/third_party/omnipay/vendor/google/apiclient-services/src/Contentwarehouse/GoogleCloudContentwarehouseV1AddToFolderAction.php
OK	/htdocs/application/third_party/omnipay/vendor/google/apiclient-services/src/Contentwarehouse/GoogleCloudContentwarehouseV1DateTimeArray.php
OK	/htdocs/application/third_party/omnipay/vendor/google/apiclient-services/src/Contentwarehouse/GoogleCloudContentwarehouseV1EnumValue.php
OK	/htdocs/application/third_party/omnipay/vendor/google/apiclient-services/src/Contentwarehouse/GoogleCloudContentwarehouseV1HistogramQueryResult.php
OK	/htdocs/application/third_party/omnipay/vendor/google/apiclient-services/src/Contentwarehouse/GoogleCloudContentwarehouseV1ListRuleSetsResponse.php
OK	/htdocs/application/third_party/omnipay/vendor/google/apiclient-services/src/Contentwarehouse/GoogleCloudContentwarehouseV1PropertyDefinitionSchemaSource.php
OK	/htdocs/application/third_party/omnipay/vendor/google/apiclient-services/src/Contentwarehouse/GoogleCloudContentwarehouseV1RuleEvaluatorOutput.php
OK	/htdocs/application/third_party/omnipay/vendor/google/apiclient-services/src/Contentwarehouse/GoogleCloudContentwarehouseV1SetAclResponse.php
OK	/htdocs/application/third_party/omnipay/vendor/google/apiclient-services/src/Contentwarehouse/GoogleCloudContentwarehouseV1UpdateDocumentSchemaRequest.php
OK	/htdocs/application/third_party/omnipay/vendor/google/apiclient-services/src/Contentwarehouse/GoogleCloudDocumentaiV1DocumentChunkedDocumentChunkChunkPageHeader.php
OK	/htdocs/application/third_party/omnipay/vendor/google/apiclient-services/src/Contentwarehouse/GoogleCloudDocumentaiV1DocumentEntityNormalizedValue.php
OK	/htdocs/application/third_party/omnipay/vendor/google/apiclient-services/src/Contentwarehouse/GoogleCloudDocumentaiV1DocumentPageImageQualityScoresDetectedDefect.php
OK	/htdocs/application/third_party/omnipay/vendor/google/apiclient-services/src/Contentwarehouse/GoogleCloudDocumentaiV1DocumentPageVisualElement.php
OK	/htdocs/application/third_party/omnipay/vendor/google/apiclient-services/src/Contentwarehouse/GoogleCloudDocumentaiV1Vertex.php
OK	/htdocs/application/third_party/omnipay/vendor/google/apiclient-services/src/Contentwarehouse/GoogleTypeInterval.php
OK	/htdocs/application/third_party/omnipay/vendor/google/apiclient-services/src/Contentwarehouse/Resource/ProjectsLocationsSynonymSets.php
OK	/htdocs/application/third_party/omnipay/vendor/google/apiclient-services/src/Css/HeadlineOfferSubscriptionCost.php
OK	/htdocs/application/third_party/omnipay/vendor/google/apiclient-services/src/Css/Resource/AccountsCssProducts.php
OK	/htdocs/application/third_party/omnipay/vendor/google/apiclient-services/src/CustomSearchAPI/SearchQueriesRequest.php
OK	/htdocs/application/third_party/omnipay/vendor/google/apiclient-services/src/DatabaseMigrationService/AuditConfig.php
OK	/htdocs/application/third_party/omnipay/vendor/google/apiclient-services/src/DatabaseMigrationService/ConnectionProfile.php
OK	/htdocs/application/third_party/omnipay/vendor/google/apiclient-services/src/DatabaseMigrationService/DatamigrationEmpty.php
OK	/htdocs/application/third_party/omnipay/vendor/google/apiclient-services/src/DatabaseMigrationService/EntityMove.php
OK	/htdocs/application/third_party/omnipay/vendor/google/apiclient-services/src/DatabaseMigrationService/InstanceNetworkConfig.php
OK	/htdocs/application/third_party/omnipay/vendor/google/apiclient-services/src/DatabaseMigrationService/LogMiner.php
OK	/htdocs/application/third_party/omnipay/vendor/google/apiclient-services/src/DatabaseMigrationService/MySqlConnectionProfile.php
OK	/htdocs/application/third_party/omnipay/vendor/google/apiclient-services/src/DatabaseMigrationService/PostgreSqlConnectionProfile.php
OK	/htdocs/application/third_party/omnipay/vendor/google/apiclient-services/src/DatabaseMigrationService/SchemaEntity.php
OK	/htdocs/application/third_party/omnipay/vendor/google/apiclient-services/src/DatabaseMigrationService/SourceObjectIdentifier.php
OK	/htdocs/application/third_party/omnipay/vendor/google/apiclient-services/src/DatabaseMigrationService/SslConfig.php
OK	/htdocs/application/third_party/omnipay/vendor/google/apiclient-services/src/DatabaseMigrationService/TriggerEntity.php
OK	/htdocs/application/third_party/omnipay/vendor/google/apiclient-services/src/DatabaseMigrationService/Resource/ProjectsLocations.php
OK	/htdocs/application/third_party/omnipay/vendor/google/apiclient-services/src/DataCatalog/GetPolicyOptions.php
OK	/htdocs/application/third_party/omnipay/vendor/google/apiclient-services/src/DataCatalog/GoogleCloudDatacatalogV1beta1ImportTaxonomiesRequest.php
OK	/htdocs/application/third_party/omnipay/vendor/google/apiclient-services/src/DataCatalog/GoogleCloudDatacatalogV1beta1SearchCatalogRequest.php
OK	/htdocs/application/third_party/omnipay/vendor/google/apiclient-services/src/DataCatalog/GoogleCloudDatacatalogV1beta1TagTemplateField.php
OK	/htdocs/application/third_party/omnipay/vendor/google/apiclient-services/src/DataCatalog/GoogleCloudDatacatalogV1CloudBigtableSystemSpec.php
OK	/htdocs/application/third_party/omnipay/vendor/google/apiclient-services/src/DataCatalog/GoogleCloudDatacatalogV1DataplexFilesetSpec.php
OK	/htdocs/application/third_party/omnipay/vendor/google/apiclient-services/src/DataCatalog/GoogleCloudDatacatalogV1FieldType.php
OK	/htdocs/application/third_party/omnipay/vendor/google/apiclient-services/src/DataCatalog/GoogleCloudDatacatalogV1ListEntriesResponse.php
OK	/htdocs/application/third_party/omnipay/vendor/google/apiclient-services/src/DataCatalog/GoogleCloudDatacatalogV1PhysicalSchema.php
OK	/htdocs/application/third_party/omnipay/vendor/google/apiclient-services/src/DataCatalog/GoogleCloudDatacatalogV1RenameTagTemplateFieldRequest.php
OK	/htdocs/application/third_party/omnipay/vendor/google/apiclient-services/src/DataCatalog/GoogleCloudDatacatalogV1SetConfigRequest.php
OK	/htdocs/application/third_party/omnipay/vendor/google/apiclient-services/src/DataCatalog/GoogleCloudDatacatalogV1TagTemplateField.php
OK	/htdocs/application/third_party/omnipay/vendor/google/apiclient-services/src/DataCatalog/Operation.php
OK	/htdocs/application/third_party/omnipay/vendor/google/apiclient-services/src/DataCatalog/Resource/ProjectsLocationsEntryGroups.php
OK	/htdocs/application/third_party/omnipay/vendor/google/apiclient-services/src/Dataflow/ApproximateSplitRequest.php
OK	/htdocs/application/third_party/omnipay/vendor/google/apiclient-services/src/Dataflow/ConcatPosition.php
OK	/htdocs/application/third_party/omnipay/vendor/google/apiclient-services/src/Dataflow/DataSamplingConfig.php
OK	/htdocs/application/third_party/omnipay/vendor/google/apiclient-services/src/Dataflow/ExecutionStageSummary.php
OK	/htdocs/application/third_party/omnipay/vendor/google/apiclient-services/src/Dataflow/Histogram.php
OK	/htdocs/application/third_party/omnipay/vendor/google/apiclient-services/src/Dataflow/JobExecutionStageInfo.php
OK	/htdocs/application/third_party/omnipay/vendor/google/apiclient-services/src/Dataflow/LeaseWorkItemResponse.php
OK	/htdocs/application/third_party/omnipay/vendor/google/apiclient-services/src/Dataflow/MultiOutputInfo.php
OK	/htdocs/application/third_party/omnipay/vendor/google/apiclient-services/src/Dataflow/PipelineDescription.php
OK	/htdocs/application/third_party/omnipay/vendor/google/apiclient-services/src/Dataflow/ResourceUtilizationReport.php
OK	/htdocs/application/third_party/omnipay/vendor/google/apiclient-services/src/Dataflow/SendWorkerMessagesResponse.php
OK	/htdocs/application/third_party/omnipay/vendor/google/apiclient-services/src/Dataflow/SourceGetMetadataResponse.php
OK	/htdocs/application/third_party/omnipay/vendor/google/apiclient-services/src/Dataflow/StageSummary.php
OK	/htdocs/application/third_party/omnipay/vendor/google/apiclient-services/src/Dataflow/StreamingConfigTask.php
OK	/htdocs/application/third_party/omnipay/vendor/google/apiclient-services/src/Dataflow/TemplateMetadata.php
OK	/htdocs/application/third_party/omnipay/vendor/google/apiclient-services/src/Dataflow/WorkerSettings.php
OK	/htdocs/application/third_party/omnipay/vendor/google/apiclient-services/src/Dataflow/Resource/ProjectsJobsDebug.php
OK	/htdocs/application/third_party/omnipay/vendor/google/apiclient-services/src/Dataflow/Resource/ProjectsLocationsSql.php
OK	/htdocs/application/third_party/omnipay/vendor/google/apiclient-services/src/Dataform/CommitMetadata.php
OK	/htdocs/application/third_party/omnipay/vendor/google/apiclient-services/src/Dataform/Declaration.php
OK	/htdocs/application/third_party/omnipay/vendor/google/apiclient-services/src/Dataform/GitRemoteSettings.php
OK	/htdocs/application/third_party/omnipay/vendor/google/apiclient-services/src/Dataform/ListWorkspacesResponse.php
OK	/htdocs/application/third_party/omnipay/vendor/google/apiclient-services/src/Dataform/Operations.php
OK	/htdocs/application/third_party/omnipay/vendor/google/apiclient-services/src/Dataform/ReleaseConfig.php
OK	/htdocs/application/third_party/omnipay/vendor/google/apiclient-services/src/Dataform/Target.php
OK	/htdocs/application/third_party/omnipay/vendor/google/apiclient-services/src/Dataform/Resource/Projects.php
OK	/htdocs/application/third_party/omnipay/vendor/google/apiclient-services/src/DataFusion/AssetLocation.php
OK	/htdocs/application/third_party/omnipay/vendor/google/apiclient-services/src/DataFusion/DnsPeering.php
OK	/htdocs/application/third_party/omnipay/vendor/google/apiclient-services/src/DataFusion/LocationAssignment.php
OK	/htdocs/application/third_party/omnipay/vendor/google/apiclient-services/src/DataFusion/RecurringTimeWindow.php
OK	/htdocs/application/third_party/omnipay/vendor/google/apiclient-services/src/DataFusion/ZoneConfiguration.php
OK	/htdocs/application/third_party/omnipay/vendor/google/apiclient-services/src/DataLabeling/GoogleCloudDatalabelingV1alpha1HumanAnnotationConfig.php
OK	/htdocs/application/third_party/omnipay/vendor/google/apiclient-services/src/DataLabeling/GoogleCloudDatalabelingV1alpha1LabelTextEntityExtractionOperationMetadata.php
OK	/htdocs/application/third_party/omnipay/vendor/google/apiclient-services/src/DataLabeling/GoogleCloudDatalabelingV1beta1AnnotationSpecSetConfig.php
OK	/htdocs/application/third_party/omnipay/vendor/google/apiclient-services/src/DataLabeling/GoogleCloudDatalabelingV1beta1CreateAnnotationSpecSetRequest.php
OK	/htdocs/application/third_party/omnipay/vendor/google/apiclient-services/src/DataLabeling/GoogleCloudDatalabelingV1beta1EvaluationJobConfig.php
OK	/htdocs/application/third_party/omnipay/vendor/google/apiclient-services/src/DataLabeling/GoogleCloudDatalabelingV1beta1GcsFolderDestination.php
OK	/htdocs/application/third_party/omnipay/vendor/google/apiclient-services/src/DataLabeling/GoogleCloudDatalabelingV1beta1InputConfig.php
OK	/htdocs/application/third_party/omnipay/vendor/google/apiclient-services/src/DataLabeling/GoogleCloudDatalabelingV1beta1LabelTextEntityExtractionOperationMetadata.php
OK	/htdocs/application/third_party/omnipay/vendor/google/apiclient-services/src/DataLabeling/GoogleCloudDatalabelingV1beta1ListExamplesResponse.php
OK	/htdocs/application/third_party/omnipay/vendor/google/apiclient-services/src/DataLabeling/GoogleCloudDatalabelingV1beta1OperatorMetadata.php
OK	/htdocs/application/third_party/omnipay/vendor/google/apiclient-services/src/DataLabeling/GoogleCloudDatalabelingV1beta1SearchExampleComparisonsResponse.php
OK	/htdocs/application/third_party/omnipay/vendor/google/apiclient-services/src/DataLabeling/GoogleCloudDatalabelingV1beta1VideoClassificationAnnotation.php
OK	/htdocs/application/third_party/omnipay/vendor/google/apiclient-services/src/DataLabeling/GoogleCloudDatalabelingV1p1alpha1HumanAnnotationConfig.php
OK	/htdocs/application/third_party/omnipay/vendor/google/apiclient-services/src/DataLabeling/GoogleCloudDatalabelingV1p1alpha1LabelTextEntityExtractionOperationMetadata.php
OK	/htdocs/application/third_party/omnipay/vendor/google/apiclient-services/src/DataLabeling/GoogleCloudDatalabelingV1p2alpha1ImportDataOperationMetadata.php
OK	/htdocs/application/third_party/omnipay/vendor/google/apiclient-services/src/DataLabeling/GoogleCloudDatalabelingV1p2alpha1LabelVideoClassificationOperationMetadata.php
OK	/htdocs/application/third_party/omnipay/vendor/google/apiclient-services/src/DataLabeling/Resource/ProjectsDatasetsAnnotatedDatasets.php
OK	/htdocs/application/third_party/omnipay/vendor/google/apiclient-services/src/DataLabeling/Resource/ProjectsEvaluations.php
OK	/htdocs/application/third_party/omnipay/vendor/google/apiclient-services/src/Datalineage/GoogleCloudDatacatalogLineageV1OperationMetadata.php
OK	/htdocs/application/third_party/omnipay/vendor/google/apiclient-services/src/Datalineage/GoogleProtobufEmpty.php
OK	/htdocs/application/third_party/omnipay/vendor/google/apiclient-services/src/Datapipelines/GoogleCloudDatapipelinesV1ConfiguredTransform.php
OK	/htdocs/application/third_party/omnipay/vendor/google/apiclient-services/src/Datapipelines/GoogleCloudDatapipelinesV1LaunchTemplateParameters.php
OK	/htdocs/application/third_party/omnipay/vendor/google/apiclient-services/src/Datapipelines/GoogleCloudDatapipelinesV1Row.php
OK	/htdocs/application/third_party/omnipay/vendor/google/apiclient-services/src/Datapipelines/GoogleRpcStatus.php
OK	/htdocs/application/third_party/omnipay/vendor/google/apiclient-services/src/DataPortability/InitiatePortabilityArchiveRequest.php
OK	/htdocs/application/third_party/omnipay/vendor/google/apiclient-services/src/Dataproc/AccessSessionSparkApplicationResponse.php
OK	/htdocs/application/third_party/omnipay/vendor/google/apiclient-services/src/Dataproc/AccumulableInfo.php
OK	/htdocs/application/third_party/omnipay/vendor/google/apiclient-services/src/Dataproc/AuxiliaryServicesConfig.php
OK	/htdocs/application/third_party/omnipay/vendor/google/apiclient-services/src/Dataproc/ClusterOperationMetadata.php
OK	/htdocs/application/third_party/omnipay/vendor/google/apiclient-services/src/Dataproc/DriverSchedulingConfig.php
OK	/htdocs/application/third_party/omnipay/vendor/google/apiclient-services/src/Dataproc/FallbackReason.php
OK	/htdocs/application/third_party/omnipay/vendor/google/apiclient-services/src/Dataproc/GoogleCloudDataprocV1WorkflowTemplateEncryptionConfig.php
OK	/htdocs/application/third_party/omnipay/vendor/google/apiclient-services/src/Dataproc/InstanceReference.php
OK	/htdocs/application/third_party/omnipay/vendor/google/apiclient-services/src/Dataproc/JobStatus.php
OK	/htdocs/application/third_party/omnipay/vendor/google/apiclient-services/src/Dataproc/ListSessionTemplatesResponse.php
OK	/htdocs/application/third_party/omnipay/vendor/google/apiclient-services/src/Dataproc/NodeGroupAffinity.php
OK	/htdocs/application/third_party/omnipay/vendor/google/apiclient-services/src/Dataproc/PoolData.php
OK	/htdocs/application/third_party/omnipay/vendor/google/apiclient-services/src/Dataproc/RddOperationGraph.php
OK	/htdocs/application/third_party/omnipay/vendor/google/apiclient-services/src/Dataproc/RuntimeConfig.php
OK	/htdocs/application/third_party/omnipay/vendor/google/apiclient-services/src/Dataproc/SearchSparkApplicationJobsResponse.php
OK	/htdocs/application/third_party/omnipay/vendor/google/apiclient-services/src/Dataproc/ShieldedInstanceConfig.php
OK	/htdocs/application/third_party/omnipay/vendor/google/apiclient-services/src/Dataproc/SparkConnectConfig.php
OK	/htdocs/application/third_party/omnipay/vendor/google/apiclient-services/src/Dataproc/SparkSqlJob.php
OK	/htdocs/application/third_party/omnipay/vendor/google/apiclient-services/src/Dataproc/StageShuffleReadMetrics.php
OK	/htdocs/application/third_party/omnipay/vendor/google/apiclient-services/src/Dataproc/SubmitJobRequest.php
OK	/htdocs/application/third_party/omnipay/vendor/google/apiclient-services/src/Dataproc/TaskResourceRequest.php
OK	/htdocs/application/third_party/omnipay/vendor/google/apiclient-services/src/Dataproc/WorkflowNode.php
OK	/htdocs/application/third_party/omnipay/vendor/google/apiclient-services/src/Dataproc/Resource/ProjectsLocationsBatchesSparkApplications.php
OK	/htdocs/application/third_party/omnipay/vendor/google/apiclient-services/src/Dataproc/Resource/ProjectsRegionsWorkflowTemplates.php
OK	/htdocs/application/third_party/omnipay/vendor/google/apiclient-services/src/DataprocMetastore/CancelOperationRequest.php
OK	/htdocs/application/third_party/omnipay/vendor/google/apiclient-services/src/DataprocMetastore/ExportMetadataRequest.php
OK	/htdocs/application/third_party/omnipay/vendor/google/apiclient-services/src/DataprocMetastore/GoogleCloudMetastoreV1alphaOperationMetadata.php
OK	/htdocs/application/third_party/omnipay/vendor/google/apiclient-services/src/DataprocMetastore/GoogleCloudMetastoreV1betaOperationMetadata.php
OK	/htdocs/application/third_party/omnipay/vendor/google/apiclient-services/src/DataprocMetastore/GoogleCloudMetastoreV2AuxiliaryVersionConfig.php
OK	/htdocs/application/third_party/omnipay/vendor/google/apiclient-services/src/DataprocMetastore/GoogleCloudMetastoreV2MetadataIntegration.php
OK	/htdocs/application/third_party/omnipay/vendor/google/apiclient-services/src/DataprocMetastore/Lake.php
OK	/htdocs/application/third_party/omnipay/vendor/google/apiclient-services/src/DataprocMetastore/MaintenanceWindow.php
OK	/htdocs/application/third_party/omnipay/vendor/google/apiclient-services/src/DataprocMetastore/OperationMetadata.php
OK	/htdocs/application/third_party/omnipay/vendor/google/apiclient-services/src/DataprocMetastore/SetIamPolicyRequest.php
OK	/htdocs/application/third_party/omnipay/vendor/google/apiclient-services/src/DataprocMetastore/Resource/ProjectsLocationsServicesBackups.php
OK	/htdocs/application/third_party/omnipay/vendor/google/apiclient-services/src/Datastore/Avg.php
OK	/htdocs/application/third_party/omnipay/vendor/google/apiclient-services/src/Datastore/ExplainMetrics.php
OK	/htdocs/application/third_party/omnipay/vendor/google/apiclient-services/src/Datastore/GoogleDatastoreAdminV1EntityFilter.php
OK	/htdocs/application/third_party/omnipay/vendor/google/apiclient-services/src/Datastore/GoogleDatastoreAdminV1PrepareStepDetails.php
OK	/htdocs/application/third_party/omnipay/vendor/google/apiclient-services/src/Datastore/Mutation.php
OK	/htdocs/application/third_party/omnipay/vendor/google/apiclient-services/src/Datastore/QueryPlan.php
OK	/htdocs/application/third_party/omnipay/vendor/google/apiclient-services/src/Datastore/RunQueryResponse.php
OK	/htdocs/application/third_party/omnipay/vendor/google/apiclient-services/src/Datastream/BackfillNoneStrategy.php
OK	/htdocs/application/third_party/omnipay/vendor/google/apiclient-services/src/Datastream/DiscoverConnectionProfileRequest.php
OK	/htdocs/application/third_party/omnipay/vendor/google/apiclient-services/src/Datastream/ListConnectionProfilesResponse.php
OK	/htdocs/application/third_party/omnipay/vendor/google/apiclient-services/src/Datastream/MostRecentStartPosition.php
OK	/htdocs/application/third_party/omnipay/vendor/google/apiclient-services/src/Datastream/NoConnectivitySettings.php
OK	/htdocs/application/third_party/omnipay/vendor/google/apiclient-services/src/Datastream/OracleScnPosition.php
OK	/htdocs/application/third_party/omnipay/vendor/google/apiclient-services/src/Datastream/PrivateConnection.php
OK	/htdocs/application/third_party/omnipay/vendor/google/apiclient-services/src/Datastream/SingleTargetDataset.php
OK	/htdocs/application/third_party/omnipay/vendor/google/apiclient-services/src/Datastream/SqlServerSourceConfig.php
OK	/htdocs/application/third_party/omnipay/vendor/google/apiclient-services/src/Datastream/UserCredentials.php
OK	/htdocs/application/third_party/omnipay/vendor/google/apiclient-services/src/Datastream/Resource/ProjectsLocationsStreamsObjects.php
OK	/htdocs/application/third_party/omnipay/vendor/google/apiclient-services/src/DeploymentManager/BulkInsertOperationStatus.php
OK	/htdocs/application/third_party/omnipay/vendor/google/apiclient-services/src/DeploymentManager/DeploymentUpdateLabelEntry.php
OK	/htdocs/application/third_party/omnipay/vendor/google/apiclient-services/src/DeploymentManager/OperationError.php
OK	/htdocs/application/third_party/omnipay/vendor/google/apiclient-services/src/DeploymentManager/ResourceUpdateErrorErrors.php
OK	/htdocs/application/third_party/omnipay/vendor/google/apiclient-services/src/DeploymentManager/Resource/Deployments.php
OK	/htdocs/application/third_party/omnipay/vendor/google/apiclient-services/src/DeveloperConnect/FetchGitRefsResponse.php
OK	/htdocs/application/third_party/omnipay/vendor/google/apiclient-services/src/DeveloperConnect/HttpBody.php
OK	/htdocs/application/third_party/omnipay/vendor/google/apiclient-services/src/DeveloperConnect/ProcessBitbucketCloudWebhookRequest.php
OK	/htdocs/application/third_party/omnipay/vendor/google/apiclient-services/src/DeveloperConnect/Resource/ProjectsLocationsOperations.php
OK	/htdocs/application/third_party/omnipay/vendor/google/apiclient-services/src/Dfareporting/AdBlockingConfiguration.php
OK	/htdocs/application/third_party/omnipay/vendor/google/apiclient-services/src/Dfareporting/BillingAssignmentsListResponse.php
OK	/htdocs/application/third_party/omnipay/vendor/google/apiclient-services/src/Dfareporting/CampaignSummary.php
OK	/htdocs/application/third_party/omnipay/vendor/google/apiclient-services/src/Dfareporting/CompanionClickThroughOverride.php
OK	/htdocs/application/third_party/omnipay/vendor/google/apiclient-services/src/Dfareporting/ConversionsBatchUpdateResponse.php
OK	/htdocs/application/third_party/omnipay/vendor/google/apiclient-services/src/Dfareporting/CreativeField.php
OK	/htdocs/application/third_party/omnipay/vendor/google/apiclient-services/src/Dfareporting/CrossMediaReachReportCompatibleFields.php
OK	/htdocs/application/third_party/omnipay/vendor/google/apiclient-services/src/Dfareporting/DfpSettings.php
OK	/htdocs/application/third_party/omnipay/vendor/google/apiclient-services/src/Dfareporting/EncryptionInfo.php
OK	/htdocs/application/third_party/omnipay/vendor/google/apiclient-services/src/Dfareporting/FloodlightActivityGroupsListResponse.php
OK	/htdocs/application/third_party/omnipay/vendor/google/apiclient-services/src/Dfareporting/LandingPage.php
OK	/htdocs/application/third_party/omnipay/vendor/google/apiclient-services/src/Dfareporting/MeasurementPartnerWrappingData.php
OK	/htdocs/application/third_party/omnipay/vendor/google/apiclient-services/src/Dfareporting/OmnitureSettings.php
OK	/htdocs/application/third_party/omnipay/vendor/google/apiclient-services/src/Dfareporting/PathReportCompatibleFields.php
OK	/htdocs/application/third_party/omnipay/vendor/google/apiclient-services/src/Dfareporting/PlacementStrategy.php
OK	/htdocs/application/third_party/omnipay/vendor/google/apiclient-services/src/Dfareporting/ReachReportCompatibleFields.php
OK	/htdocs/application/third_party/omnipay/vendor/google/apiclient-services/src/Dfareporting/ReportDelivery.php
OK	/htdocs/application/third_party/omnipay/vendor/google/apiclient-services/src/Dfareporting/Rule.php
OK	/htdocs/application/third_party/omnipay/vendor/google/apiclient-services/src/Dfareporting/SortedDimension.php
OK	/htdocs/application/third_party/omnipay/vendor/google/apiclient-services/src/Dfareporting/ThirdPartyAuthenticationToken.php
OK	/htdocs/application/third_party/omnipay/vendor/google/apiclient-services/src/Dfareporting/UserRole.php
OK	/htdocs/application/third_party/omnipay/vendor/google/apiclient-services/src/Dfareporting/Resource/AccountPermissionGroups.php
OK	/htdocs/application/third_party/omnipay/vendor/google/apiclient-services/src/Dfareporting/Resource/Browsers.php
OK	/htdocs/application/third_party/omnipay/vendor/google/apiclient-services/src/Dfareporting/Resource/CreativeGroups.php
OK	/htdocs/application/third_party/omnipay/vendor/google/apiclient-services/src/Dfareporting/Resource/Metros.php
OK	/htdocs/application/third_party/omnipay/vendor/google/apiclient-services/src/Dfareporting/Resource/Projects.php
OK	/htdocs/application/third_party/omnipay/vendor/google/apiclient-services/src/Dfareporting/Resource/TvCampaignDetails.php
OK	/htdocs/application/third_party/omnipay/vendor/google/apiclient-services/src/Dialogflow/GoogleCloudDialogflowCxV3AgentAnswerFeedbackSettings.php
OK	/htdocs/application/third_party/omnipay/vendor/google/apiclient-services/src/Dialogflow/GoogleCloudDialogflowCxV3BatchRunTestCasesMetadata.php
OK	/htdocs/application/third_party/omnipay/vendor/google/apiclient-services/src/Dialogflow/GoogleCloudDialogflowCxV3beta1ConversationSignals.php
OK	/htdocs/application/third_party/omnipay/vendor/google/apiclient-services/src/Dialogflow/GoogleCloudDialogflowCxV3beta1EnvironmentTestCasesConfig.php
OK	/htdocs/application/third_party/omnipay/vendor/google/apiclient-services/src/Dialogflow/GoogleCloudDialogflowCxV3beta1ExportTestCasesResponse.php
OK	/htdocs/application/third_party/omnipay/vendor/google/apiclient-services/src/Dialogflow/GoogleCloudDialogflowCxV3beta1ImportDocumentsResponse.php
OK	/htdocs/application/third_party/omnipay/vendor/google/apiclient-services/src/Dialogflow/GoogleCloudDialogflowCxV3beta1Intent.php
OK	/htdocs/application/third_party/omnipay/vendor/google/apiclient-services/src/Dialogflow/GoogleCloudDialogflowCxV3beta1ReloadDocumentOperationMetadata.php
OK	/htdocs/application/third_party/omnipay/vendor/google/apiclient-services/src/Dialogflow/GoogleCloudDialogflowCxV3beta1RunContinuousTestMetadata.php
OK	/htdocs/application/third_party/omnipay/vendor/google/apiclient-services/src/Dialogflow/GoogleCloudDialogflowCxV3beta1ToolCall.php
OK	/htdocs/application/third_party/omnipay/vendor/google/apiclient-services/src/Dialogflow/GoogleCloudDialogflowCxV3beta1WebhookRequestIntentInfoIntentParameterValue.php
OK	/htdocs/application/third_party/omnipay/vendor/google/apiclient-services/src/Dialogflow/GoogleCloudDialogflowCxV3CompareVersionsRequest.php
OK	/htdocs/application/third_party/omnipay/vendor/google/apiclient-services/src/Dialogflow/GoogleCloudDialogflowCxV3DataStoreConnectionSignalsAnswerPart.php
OK	/htdocs/application/third_party/omnipay/vendor/google/apiclient-services/src/Dialogflow/GoogleCloudDialogflowCxV3DetectIntentRequest.php
OK	/htdocs/application/third_party/omnipay/vendor/google/apiclient-services/src/Dialogflow/GoogleCloudDialogflowCxV3Experiment.php
OK	/htdocs/application/third_party/omnipay/vendor/google/apiclient-services/src/Dialogflow/GoogleCloudDialogflowCxV3ExportFlowRequest.php
OK	/htdocs/application/third_party/omnipay/vendor/google/apiclient-services/src/Dialogflow/GoogleCloudDialogflowCxV3FlowValidationResult.php
OK	/htdocs/application/third_party/omnipay/vendor/google/apiclient-services/src/Dialogflow/GoogleCloudDialogflowCxV3GenerativeSettings.php
OK	/htdocs/application/third_party/omnipay/vendor/google/apiclient-services/src/Dialogflow/GoogleCloudDialogflowCxV3ImportEntityTypesResponse.php
OK	/htdocs/application/third_party/omnipay/vendor/google/apiclient-services/src/Dialogflow/GoogleCloudDialogflowCxV3InlineSource.php
OK	/htdocs/application/third_party/omnipay/vendor/google/apiclient-services/src/Dialogflow/GoogleCloudDialogflowCxV3ListChangelogsResponse.php
OK	/htdocs/application/third_party/omnipay/vendor/google/apiclient-services/src/Dialogflow/GoogleCloudDialogflowCxV3ListTestCaseResultsResponse.php
OK	/htdocs/application/third_party/omnipay/vendor/google/apiclient-services/src/Dialogflow/GoogleCloudDialogflowCxV3Page.php
OK	/htdocs/application/third_party/omnipay/vendor/google/apiclient-services/src/Dialogflow/GoogleCloudDialogflowCxV3ResponseMessageEndInteraction.php
OK	/htdocs/application/third_party/omnipay/vendor/google/apiclient-services/src/Dialogflow/GoogleCloudDialogflowCxV3RolloutConfigRolloutStep.php
OK	/htdocs/application/third_party/omnipay/vendor/google/apiclient-services/src/Dialogflow/GoogleCloudDialogflowCxV3SecuritySettingsAudioExportSettings.php
OK	/htdocs/application/third_party/omnipay/vendor/google/apiclient-services/src/Dialogflow/GoogleCloudDialogflowCxV3TestCaseResult.php
OK	/htdocs/application/third_party/omnipay/vendor/google/apiclient-services/src/Dialogflow/GoogleCloudDialogflowCxV3TransitionRouteGroup.php
OK	/htdocs/application/third_party/omnipay/vendor/google/apiclient-services/src/Dialogflow/GoogleCloudDialogflowCxV3VersionVariantsVariant.php
OK	/htdocs/application/third_party/omnipay/vendor/google/apiclient-services/src/Dialogflow/GoogleCloudDialogflowCxV3WebhookServiceDirectoryConfig.php
OK	/htdocs/application/third_party/omnipay/vendor/google/apiclient-services/src/Dialogflow/GoogleCloudDialogflowV2beta1ConversationEvent.php
OK	/htdocs/application/third_party/omnipay/vendor/google/apiclient-services/src/Dialogflow/GoogleCloudDialogflowV2beta1InitializeEncryptionSpecMetadata.php
OK	/htdocs/application/third_party/omnipay/vendor/google/apiclient-services/src/Dialogflow/GoogleCloudDialogflowV2beta1IntentMessageCardButton.php
OK	/htdocs/application/third_party/omnipay/vendor/google/apiclient-services/src/Dialogflow/GoogleCloudDialogflowV2beta1IntentMessageRbmCardContentRbmMedia.php
OK	/htdocs/application/third_party/omnipay/vendor/google/apiclient-services/src/Dialogflow/GoogleCloudDialogflowV2beta1IntentMessageSimpleResponses.php
OK	/htdocs/application/third_party/omnipay/vendor/google/apiclient-services/src/Dialogflow/GoogleCloudDialogflowV2beta1IntentTrainingPhrase.php
OK	/htdocs/application/third_party/omnipay/vendor/google/apiclient-services/src/Dialogflow/GoogleCloudDialogflowV2beta1MessageAnnotation.php
OK	/htdocs/application/third_party/omnipay/vendor/google/apiclient-services/src/Dialogflow/GoogleCloudDialogflowV2beta1SessionEntityType.php
OK	/htdocs/application/third_party/omnipay/vendor/google/apiclient-services/src/Dialogflow/GoogleCloudDialogflowV2beta1WebhookRequest.php
OK	/htdocs/application/third_party/omnipay/vendor/google/apiclient-services/src/Dialogflow/GoogleCloudDialogflowV2EncryptionSpec.php
OK	/htdocs/application/third_party/omnipay/vendor/google/apiclient-services/src/Dialogflow/GoogleCloudDialogflowV2InitializeEncryptionSpecMetadata.php
OK	/htdocs/application/third_party/omnipay/vendor/google/apiclient-services/src/Dialogflow/GoogleCloudDialogflowV2IntentMessageCard.php
OK	/htdocs/application/third_party/omnipay/vendor/google/apiclient-services/src/Dialogflow/GoogleCloudDialogflowV2IntentMessageSelectItemInfo.php
OK	/htdocs/application/third_party/omnipay/vendor/google/apiclient-services/src/Dialogflow/GoogleCloudDialogflowV2KnowledgeAssistAnswer.php
OK	/htdocs/application/third_party/omnipay/vendor/google/apiclient-services/src/Dialogflow/GoogleCloudDialogflowV2SentimentAnalysisResult.php
OK	/htdocs/application/third_party/omnipay/vendor/google/apiclient-services/src/Dialogflow/GoogleCloudDialogflowV2UndeployConversationModelOperationMetadata.php
OK	/htdocs/application/third_party/omnipay/vendor/google/apiclient-services/src/Dialogflow/GoogleCloudLocationListLocationsResponse.php
OK	/htdocs/application/third_party/omnipay/vendor/google/apiclient-services/src/Dialogflow/Resource/ProjectsLocationsAgentsEnvironments.php
OK	/htdocs/application/third_party/omnipay/vendor/google/apiclient-services/src/Dialogflow/Resource/ProjectsLocationsAgentsSessions.php
OK	/htdocs/application/third_party/omnipay/vendor/google/apiclient-services/src/Digitalassetlinks/BulkCheckResponse.php
OK	/htdocs/application/third_party/omnipay/vendor/google/apiclient-services/src/Directory/Asp.php
OK	/htdocs/application/third_party/omnipay/vendor/google/apiclient-services/src/Directory/BatchDeletePrintServersRequest.php
OK	/htdocs/application/third_party/omnipay/vendor/google/apiclient-services/src/Directory/ChromeOsDevice.php
OK	/htdocs/application/third_party/omnipay/vendor/google/apiclient-services/src/Directory/ChromeOsDeviceRecentUsers.php
OK	/htdocs/application/third_party/omnipay/vendor/google/apiclient-services/src/Directory/DirectoryChromeosdevicesIssueCommandRequest.php
OK	/htdocs/application/third_party/omnipay/vendor/google/apiclient-services/src/Directory/Group.php
OK	/htdocs/application/third_party/omnipay/vendor/google/apiclient-services/src/Directory/MobileDevices.php
OK	/htdocs/application/third_party/omnipay/vendor/google/apiclient-services/src/Directory/RoleAssignments.php
OK	/htdocs/application/third_party/omnipay/vendor/google/apiclient-services/src/Directory/UserAddress.php
OK	/htdocs/application/third_party/omnipay/vendor/google/apiclient-services/src/Directory/UserOrganization.php
OK	/htdocs/application/third_party/omnipay/vendor/google/apiclient-services/src/Directory/Resource/Channels.php
OK	/htdocs/application/third_party/omnipay/vendor/google/apiclient-services/src/Directory/Resource/Groups.php
OK	/htdocs/application/third_party/omnipay/vendor/google/apiclient-services/src/Directory/Resource/Schemas.php
OK	/htdocs/application/third_party/omnipay/vendor/google/apiclient-services/src/DiscoveryEngine/GoogleApiDistributionExemplar.php
OK	/htdocs/application/third_party/omnipay/vendor/google/apiclient-services/src/DiscoveryEngine/GoogleCloudDiscoveryengineV1AdvancedSiteSearchConfig.php
OK	/htdocs/application/third_party/omnipay/vendor/google/apiclient-services/src/DiscoveryEngine/GoogleCloudDiscoveryengineV1alphaAnswerReferenceChunkInfo.php
OK	/htdocs/application/third_party/omnipay/vendor/google/apiclient-services/src/DiscoveryEngine/GoogleCloudDiscoveryengineV1alphaBatchCreateTargetSiteMetadata.php
OK	/htdocs/application/third_party/omnipay/vendor/google/apiclient-services/src/DiscoveryEngine/GoogleCloudDiscoveryengineV1alphaControlBoostActionInterpolationBoostSpecControlPoint.php
OK	/htdocs/application/third_party/omnipay/vendor/google/apiclient-services/src/DiscoveryEngine/GoogleCloudDiscoveryengineV1alphaCustomFineTuningSpec.php
OK	/htdocs/application/third_party/omnipay/vendor/google/apiclient-services/src/DiscoveryEngine/GoogleCloudDiscoveryengineV1alphaDeleteIdentityMappingStoreMetadata.php
OK	/htdocs/application/third_party/omnipay/vendor/google/apiclient-services/src/DiscoveryEngine/GoogleCloudDiscoveryengineV1alphaDocumentProcessingConfigChunkingConfigLayoutBasedChunkingConfig.php
OK	/htdocs/application/third_party/omnipay/vendor/google/apiclient-services/src/DiscoveryEngine/GoogleCloudDiscoveryengineV1alphaEngineMediaRecommendationEngineConfig.php
OK	/htdocs/application/third_party/omnipay/vendor/google/apiclient-services/src/DiscoveryEngine/GoogleCloudDiscoveryengineV1alphaFetchSitemapsResponse.php
OK	/htdocs/application/third_party/omnipay/vendor/google/apiclient-services/src/DiscoveryEngine/GoogleCloudDiscoveryengineV1alphaImportCompletionSuggestionsResponse.php
OK	/htdocs/application/third_party/omnipay/vendor/google/apiclient-services/src/DiscoveryEngine/GoogleCloudDiscoveryengineV1alphaLanguageInfo.php
OK	/htdocs/application/third_party/omnipay/vendor/google/apiclient-services/src/DiscoveryEngine/GoogleCloudDiscoveryengineV1alphaProject.php
OK	/htdocs/application/third_party/omnipay/vendor/google/apiclient-services/src/DiscoveryEngine/GoogleCloudDiscoveryengineV1alphaQualityMetricsTopkMetrics.php
OK	/htdocs/application/third_party/omnipay/vendor/google/apiclient-services/src/DiscoveryEngine/GoogleCloudDiscoveryengineV1alphaSearchRequestBoostSpec.php
OK	/htdocs/application/third_party/omnipay/vendor/google/apiclient-services/src/DiscoveryEngine/GoogleCloudDiscoveryengineV1alphaSearchRequestDisplaySpec.php
OK	/htdocs/application/third_party/omnipay/vendor/google/apiclient-services/src/DiscoveryEngine/GoogleCloudDiscoveryengineV1alphaServingConfigDataStore.php
OK	/htdocs/application/third_party/omnipay/vendor/google/apiclient-services/src/DiscoveryEngine/GoogleCloudDiscoveryengineV1alphaTargetSiteFailureReason.php
OK	/htdocs/application/third_party/omnipay/vendor/google/apiclient-services/src/DiscoveryEngine/GoogleCloudDiscoveryengineV1alphaWorkspaceConfig.php
OK	/htdocs/application/third_party/omnipay/vendor/google/apiclient-services/src/DiscoveryEngine/GoogleCloudDiscoveryengineV1AnswerQueryRequestEndUserSpecEndUserMetaDataChunkInfoDocumentMetadata.php
OK	/htdocs/application/third_party/omnipay/vendor/google/apiclient-services/src/DiscoveryEngine/GoogleCloudDiscoveryengineV1AnswerQueryRequestSearchSpecSearchResultListSearchResult.php
OK	/htdocs/application/third_party/omnipay/vendor/google/apiclient-services/src/DiscoveryEngine/GoogleCloudDiscoveryengineV1AnswerReferenceChunkInfoDocumentMetadata.php
OK	/htdocs/application/third_party/omnipay/vendor/google/apiclient-services/src/DiscoveryEngine/GoogleCloudDiscoveryengineV1BatchCreateTargetSitesRequest.php
OK	/htdocs/application/third_party/omnipay/vendor/google/apiclient-services/src/DiscoveryEngine/GoogleCloudDiscoveryengineV1betaAnswerQueryRequestAnswerGenerationSpecModelSpec.php
OK	/htdocs/application/third_party/omnipay/vendor/google/apiclient-services/src/DiscoveryEngine/GoogleCloudDiscoveryengineV1betaAnswerQueryRequestSearchSpecSearchResultListSearchResultUnstructuredDocumentInfo.php
OK	/htdocs/application/third_party/omnipay/vendor/google/apiclient-services/src/DiscoveryEngine/GoogleCloudDiscoveryengineV1betaAnswerStep.php
OK	/htdocs/application/third_party/omnipay/vendor/google/apiclient-services/src/DiscoveryEngine/GoogleCloudDiscoveryengineV1betaBigtableOptions.php
OK	/htdocs/application/third_party/omnipay/vendor/google/apiclient-services/src/DiscoveryEngine/GoogleCloudDiscoveryengineV1betaCompletionInfo.php
OK	/htdocs/application/third_party/omnipay/vendor/google/apiclient-services/src/DiscoveryEngine/GoogleCloudDiscoveryengineV1betaConversation.php
OK	/htdocs/application/third_party/omnipay/vendor/google/apiclient-services/src/DiscoveryEngine/GoogleCloudDiscoveryengineV1betaCreateTargetSiteRequest.php
OK	/htdocs/application/third_party/omnipay/vendor/google/apiclient-services/src/DiscoveryEngine/GoogleCloudDiscoveryengineV1betaDeleteTargetSiteMetadata.php
OK	/htdocs/application/third_party/omnipay/vendor/google/apiclient-services/src/DiscoveryEngine/GoogleCloudDiscoveryengineV1betaDocumentProcessingConfigParsingConfigDigitalParsingConfig.php
OK	/htdocs/application/third_party/omnipay/vendor/google/apiclient-services/src/DiscoveryEngine/GoogleCloudDiscoveryengineV1betaEngineCommonConfig.php
OK	/htdocs/application/third_party/omnipay/vendor/google/apiclient-services/src/DiscoveryEngine/GoogleCloudDiscoveryengineV1betaGroundingConfig.php
OK	/htdocs/application/third_party/omnipay/vendor/google/apiclient-services/src/DiscoveryEngine/GoogleCloudDiscoveryengineV1betaImportSampleQueriesMetadata.php
OK	/htdocs/application/third_party/omnipay/vendor/google/apiclient-services/src/DiscoveryEngine/GoogleCloudDiscoveryengineV1betaListConversationsResponse.php
OK	/htdocs/application/third_party/omnipay/vendor/google/apiclient-services/src/DiscoveryEngine/GoogleCloudDiscoveryengineV1betaOcrParsingConfig.php
OK	/htdocs/application/third_party/omnipay/vendor/google/apiclient-services/src/DiscoveryEngine/GoogleCloudDiscoveryengineV1betaPurgeSuggestionDenyListEntriesRequest.php
OK	/htdocs/application/third_party/omnipay/vendor/google/apiclient-services/src/DiscoveryEngine/GoogleCloudDiscoveryengineV1betaRemoveDedicatedCrawlRateMetadata.php
OK	/htdocs/application/third_party/omnipay/vendor/google/apiclient-services/src/DiscoveryEngine/GoogleCloudDiscoveryengineV1betaSearchRequestBoostSpecConditionBoostSpecBoostControlSpecControlPoint.php
OK	/htdocs/application/third_party/omnipay/vendor/google/apiclient-services/src/DiscoveryEngine/GoogleCloudDiscoveryengineV1betaSearchRequestFacetSpecFacetKey.php
OK	/htdocs/application/third_party/omnipay/vendor/google/apiclient-services/src/DiscoveryEngine/GoogleCloudDiscoveryengineV1betaSearchResponseGuidedSearchResult.php
OK	/htdocs/application/third_party/omnipay/vendor/google/apiclient-services/src/DiscoveryEngine/GoogleCloudDiscoveryengineV1betaServingConfig.php
OK	/htdocs/application/third_party/omnipay/vendor/google/apiclient-services/src/DiscoveryEngine/GoogleCloudDiscoveryengineV1betaSpannerSource.php
OK	/htdocs/application/third_party/omnipay/vendor/google/apiclient-services/src/DiscoveryEngine/GoogleCloudDiscoveryengineV1betaTuneEngineRequest.php
OK	/htdocs/application/third_party/omnipay/vendor/google/apiclient-services/src/DiscoveryEngine/GoogleCloudDiscoveryengineV1CheckGroundingRequest.php
OK	/htdocs/application/third_party/omnipay/vendor/google/apiclient-services/src/DiscoveryEngine/GoogleCloudDiscoveryengineV1CompleteQueryResponse.php
OK	/htdocs/application/third_party/omnipay/vendor/google/apiclient-services/src/DiscoveryEngine/GoogleCloudDiscoveryengineV1ControlPromoteAction.php
OK	/htdocs/application/third_party/omnipay/vendor/google/apiclient-services/src/DiscoveryEngine/GoogleCloudDiscoveryengineV1CreateTargetSiteMetadata.php
OK	/htdocs/application/third_party/omnipay/vendor/google/apiclient-services/src/DiscoveryEngine/GoogleCloudDiscoveryengineV1DeleteSitemapMetadata.php
OK	/htdocs/application/third_party/omnipay/vendor/google/apiclient-services/src/DiscoveryEngine/GoogleCloudDiscoveryengineV1DocumentProcessingConfigChunkingConfigLayoutBasedChunkingConfig.php
OK	/htdocs/application/third_party/omnipay/vendor/google/apiclient-services/src/DiscoveryEngine/GoogleCloudDiscoveryengineV1EngineCommonConfig.php
OK	/htdocs/application/third_party/omnipay/vendor/google/apiclient-services/src/DiscoveryEngine/GoogleCloudDiscoveryengineV1GenerateGroundedContentRequestDynamicRetrievalConfiguration.php
OK	/htdocs/application/third_party/omnipay/vendor/google/apiclient-services/src/DiscoveryEngine/GoogleCloudDiscoveryengineV1GenerateGroundedContentResponseCandidateGroundingMetadataDynamicRetrievalPredictorMetadata.php
OK	/htdocs/application/third_party/omnipay/vendor/google/apiclient-services/src/DiscoveryEngine/GoogleCloudDiscoveryengineV1ImportCompletionSuggestionsRequest.php
OK	/htdocs/application/third_party/omnipay/vendor/google/apiclient-services/src/DiscoveryEngine/GoogleCloudDiscoveryengineV1ImportSuggestionDenyListEntriesRequest.php
OK	/htdocs/application/third_party/omnipay/vendor/google/apiclient-services/src/DiscoveryEngine/GoogleCloudDiscoveryengineV1ListDocumentsResponse.php
OK	/htdocs/application/third_party/omnipay/vendor/google/apiclient-services/src/DiscoveryEngine/GoogleCloudDiscoveryengineV1ProjectServiceTerms.php
OK	/htdocs/application/third_party/omnipay/vendor/google/apiclient-services/src/DiscoveryEngine/GoogleCloudDiscoveryengineV1PurgeIdentityMappingsRequestInlineSource.php
OK	/htdocs/application/third_party/omnipay/vendor/google/apiclient-services/src/DiscoveryEngine/GoogleCloudDiscoveryengineV1RecrawlUrisRequest.php
OK	/htdocs/application/third_party/omnipay/vendor/google/apiclient-services/src/DiscoveryEngine/GoogleCloudDiscoveryengineV1SearchRequestContentSearchSpecChunkSpec.php
OK	/htdocs/application/third_party/omnipay/vendor/google/apiclient-services/src/DiscoveryEngine/GoogleCloudDiscoveryengineV1SearchRequestSessionSpec.php
OK	/htdocs/application/third_party/omnipay/vendor/google/apiclient-services/src/DiscoveryEngine/GoogleCloudDiscoveryengineV1SearchResponseSummaryReference.php
OK	/htdocs/application/third_party/omnipay/vendor/google/apiclient-services/src/DiscoveryEngine/GoogleCloudDiscoveryengineV1SiteSearchEngine.php
OK	/htdocs/application/third_party/omnipay/vendor/google/apiclient-services/src/DiscoveryEngine/GoogleCloudDiscoveryengineV1TransactionInfo.php
OK	/htdocs/application/third_party/omnipay/vendor/google/apiclient-services/src/DiscoveryEngine/GoogleMonitoringV3TimeSeries.php
OK	/htdocs/application/third_party/omnipay/vendor/google/apiclient-services/src/DiscoveryEngine/Resource/ProjectsLocationsCollectionsDataStores.php
OK	/htdocs/application/third_party/omnipay/vendor/google/apiclient-services/src/DiscoveryEngine/Resource/ProjectsLocationsCollectionsDataStoresSchemasOperations.php
OK	/htdocs/application/third_party/omnipay/vendor/google/apiclient-services/src/DiscoveryEngine/Resource/ProjectsLocationsCollectionsEnginesControls.php
OK	/htdocs/application/third_party/omnipay/vendor/google/apiclient-services/src/DiscoveryEngine/Resource/ProjectsLocationsDataStoresControls.php
OK	/htdocs/application/third_party/omnipay/vendor/google/apiclient-services/src/DiscoveryEngine/Resource/ProjectsLocationsDataStoresSuggestionDenyListEntries.php
OK	/htdocs/application/third_party/omnipay/vendor/google/apiclient-services/src/DisplayVideo/AdGroupAd.php
OK	/htdocs/application/third_party/omnipay/vendor/google/apiclient-services/src/DisplayVideo/AgeRangeAssignedTargetingOptionDetails.php
OK	/htdocs/application/third_party/omnipay/vendor/google/apiclient-services/src/DisplayVideo/AppCategoryTargetingOptionDetails.php
OK	/htdocs/application/third_party/omnipay/vendor/google/apiclient-services/src/DisplayVideo/AuditAdvertiserResponse.php
OK	/htdocs/application/third_party/omnipay/vendor/google/apiclient-services/src/DisplayVideo/BulkEditAssignedLocationsResponse.php
OK	/htdocs/application/third_party/omnipay/vendor/google/apiclient-services/src/DisplayVideo/BulkEditSitesResponse.php
OK	/htdocs/application/third_party/omnipay/vendor/google/apiclient-services/src/DisplayVideo/BusinessChainTargetingOptionDetails.php
OK	/htdocs/application/third_party/omnipay/vendor/google/apiclient-services/src/DisplayVideo/CmTrackingAd.php
OK	/htdocs/application/third_party/omnipay/vendor/google/apiclient-services/src/DisplayVideo/ContentInstreamPositionAssignedTargetingOptionDetails.php
OK	/htdocs/application/third_party/omnipay/vendor/google/apiclient-services/src/DisplayVideo/Creative.php
OK	/htdocs/application/third_party/omnipay/vendor/google/apiclient-services/src/DisplayVideo/CustomListGroup.php
OK	/htdocs/application/third_party/omnipay/vendor/google/apiclient-services/src/DisplayVideo/DigitalContentLabelAssignedTargetingOptionDetails.php
OK	/htdocs/application/third_party/omnipay/vendor/google/apiclient-services/src/DisplayVideo/DuplicateLineItemResponse.php
OK	/htdocs/application/third_party/omnipay/vendor/google/apiclient-services/src/DisplayVideo/ExchangeReviewStatus.php
OK	/htdocs/application/third_party/omnipay/vendor/google/apiclient-services/src/DisplayVideo/FrequencyCap.php
OK	/htdocs/application/third_party/omnipay/vendor/google/apiclient-services/src/DisplayVideo/GuaranteedOrderStatus.php
OK	/htdocs/application/third_party/omnipay/vendor/google/apiclient-services/src/DisplayVideo/InventorySourceAccessors.php
OK	/htdocs/application/third_party/omnipay/vendor/google/apiclient-services/src/DisplayVideo/Kpi.php
OK	/htdocs/application/third_party/omnipay/vendor/google/apiclient-services/src/DisplayVideo/ListAssignedInventorySourcesResponse.php
OK	/htdocs/application/third_party/omnipay/vendor/google/apiclient-services/src/DisplayVideo/ListFirstPartyAndPartnerAudiencesResponse.php
OK	/htdocs/application/third_party/omnipay/vendor/google/apiclient-services/src/DisplayVideo/ListManualTriggersResponse.php
OK	/htdocs/application/third_party/omnipay/vendor/google/apiclient-services/src/DisplayVideo/LookbackWindow.php
OK	/htdocs/application/third_party/omnipay/vendor/google/apiclient-services/src/DisplayVideo/NegativeKeywordList.php
OK	/htdocs/application/third_party/omnipay/vendor/google/apiclient-services/src/DisplayVideo/ParentalStatusAssignedTargetingOptionDetails.php
OK	/htdocs/application/third_party/omnipay/vendor/google/apiclient-services/src/DisplayVideo/PoiAssignedTargetingOptionDetails.php
OK	/htdocs/application/third_party/omnipay/vendor/google/apiclient-services/src/DisplayVideo/ReplaceNegativeKeywordsRequest.php
OK	/htdocs/application/third_party/omnipay/vendor/google/apiclient-services/src/DisplayVideo/SearchTargetingOptionsResponse.php
OK	/htdocs/application/third_party/omnipay/vendor/google/apiclient-services/src/DisplayVideo/ThirdPartyOnlyConfig.php
OK	/htdocs/application/third_party/omnipay/vendor/google/apiclient-services/src/DisplayVideo/UserRewardedContentTargetingOptionDetails.php
OK	/htdocs/application/third_party/omnipay/vendor/google/apiclient-services/src/DisplayVideo/YoutubeAndPartnersBiddingStrategy.php
OK	/htdocs/application/third_party/omnipay/vendor/google/apiclient-services/src/DisplayVideo/Resource/AdvertisersAssets.php
OK	/htdocs/application/third_party/omnipay/vendor/google/apiclient-services/src/DisplayVideo/Resource/AdvertisersLineItemsTargetingTypes.php
OK	/htdocs/application/third_party/omnipay/vendor/google/apiclient-services/src/DisplayVideo/Resource/AdvertisersYoutubeAdGroupsTargetingTypesAssignedTargetingOptions.php
OK	/htdocs/application/third_party/omnipay/vendor/google/apiclient-services/src/DisplayVideo/Resource/InventorySourceGroups.php
OK	/htdocs/application/third_party/omnipay/vendor/google/apiclient-services/src/DisplayVideo/Resource/SdfuploadtasksOperations.php
OK	/htdocs/application/third_party/omnipay/vendor/google/apiclient-services/src/DLP/GooglePrivacyDlpV2AmazonS3Bucket.php
OK	/htdocs/application/third_party/omnipay/vendor/google/apiclient-services/src/DLP/GooglePrivacyDlpV2BigQueryRegex.php
OK	/htdocs/application/third_party/omnipay/vendor/google/apiclient-services/src/DLP/GooglePrivacyDlpV2CategoricalStatsResult.php
OK	/htdocs/application/third_party/omnipay/vendor/google/apiclient-services/src/DLP/GooglePrivacyDlpV2CloudStorageResourceReference.php
OK	/htdocs/application/third_party/omnipay/vendor/google/apiclient-services/src/DLP/GooglePrivacyDlpV2CreateDlpJobRequest.php
OK	/htdocs/application/third_party/omnipay/vendor/google/apiclient-services/src/DLP/GooglePrivacyDlpV2DatabaseResourceRegexes.php
OK	/htdocs/application/third_party/omnipay/vendor/google/apiclient-services/src/DLP/GooglePrivacyDlpV2DateShiftConfig.php
OK	/htdocs/application/third_party/omnipay/vendor/google/apiclient-services/src/DLP/GooglePrivacyDlpV2DeltaPresenceEstimationResult.php
OK	/htdocs/application/third_party/omnipay/vendor/google/apiclient-services/src/DLP/GooglePrivacyDlpV2DiscoveryConfig.php
OK	/htdocs/application/third_party/omnipay/vendor/google/apiclient-services/src/DLP/GooglePrivacyDlpV2DiscoveryVertexDatasetFilter.php
OK	/htdocs/application/third_party/omnipay/vendor/google/apiclient-services/src/DLP/GooglePrivacyDlpV2FieldTransformation.php
OK	/htdocs/application/third_party/omnipay/vendor/google/apiclient-services/src/DLP/GooglePrivacyDlpV2FinishDlpJobRequest.php
OK	/htdocs/application/third_party/omnipay/vendor/google/apiclient-services/src/DLP/GooglePrivacyDlpV2ImageLocation.php
OK	/htdocs/application/third_party/omnipay/vendor/google/apiclient-services/src/DLP/GooglePrivacyDlpV2InfoTypeTransformations.php
OK	/htdocs/application/third_party/omnipay/vendor/google/apiclient-services/src/DLP/GooglePrivacyDlpV2KAnonymityConfig.php
OK	/htdocs/application/third_party/omnipay/vendor/google/apiclient-services/src/DLP/GooglePrivacyDlpV2LargeCustomDictionaryStats.php
OK	/htdocs/application/third_party/omnipay/vendor/google/apiclient-services/src/DLP/GooglePrivacyDlpV2ListFileStoreDataProfilesResponse.php
OK	/htdocs/application/third_party/omnipay/vendor/google/apiclient-services/src/DLP/GooglePrivacyDlpV2NumericalStatsResult.php
OK	/htdocs/application/third_party/omnipay/vendor/google/apiclient-services/src/DLP/GooglePrivacyDlpV2PathElement.php
OK	/htdocs/application/third_party/omnipay/vendor/google/apiclient-services/src/DLP/GooglePrivacyDlpV2PublishToStackdriver.php
OK	/htdocs/application/third_party/omnipay/vendor/google/apiclient-services/src/DLP/GooglePrivacyDlpV2RecordSuppression.php
OK	/htdocs/application/third_party/omnipay/vendor/google/apiclient-services/src/DLP/GooglePrivacyDlpV2ReplaceWithInfoTypeConfig.php
OK	/htdocs/application/third_party/omnipay/vendor/google/apiclient-services/src/DLP/GooglePrivacyDlpV2SecretsDiscoveryTarget.php
OK	/htdocs/application/third_party/omnipay/vendor/google/apiclient-services/src/DLP/GooglePrivacyDlpV2SurrogateType.php
OK	/htdocs/application/third_party/omnipay/vendor/google/apiclient-services/src/DLP/GooglePrivacyDlpV2TimespanConfig.php
OK	/htdocs/application/third_party/omnipay/vendor/google/apiclient-services/src/DLP/GooglePrivacyDlpV2Trigger.php
OK	/htdocs/application/third_party/omnipay/vendor/google/apiclient-services/src/DLP/GooglePrivacyDlpV2VertexDatasetDiscoveryTarget.php
OK	/htdocs/application/third_party/omnipay/vendor/google/apiclient-services/src/DLP/Resource/Organizations.php
OK	/htdocs/application/third_party/omnipay/vendor/google/apiclient-services/src/DLP/Resource/OrganizationsLocationsProjectDataProfiles.php
OK	/htdocs/application/third_party/omnipay/vendor/google/apiclient-services/src/DLP/Resource/ProjectsLocationsColumnDataProfiles.php
OK	/htdocs/application/third_party/omnipay/vendor/google/apiclient-services/src/DLP/Resource/ProjectsLocationsTableDataProfiles.php
OK	/htdocs/application/third_party/omnipay/vendor/google/apiclient-services/src/Dns/GoogleIamV1GetIamPolicyRequest.php
OK	/htdocs/application/third_party/omnipay/vendor/google/apiclient-services/src/Dns/ManagedZonePeeringConfig.php
OK	/htdocs/application/third_party/omnipay/vendor/google/apiclient-services/src/Dns/PoliciesListResponse.php
OK	/htdocs/application/third_party/omnipay/vendor/google/apiclient-services/src/Dns/ResourceRecordSetsDeleteResponse.php
OK	/htdocs/application/third_party/omnipay/vendor/google/apiclient-services/src/Dns/ResponsePolicyRulesPatchResponse.php
OK	/htdocs/application/third_party/omnipay/vendor/google/apiclient-services/src/Dns/Resource/ManagedZoneOperations.php
OK	/htdocs/application/third_party/omnipay/vendor/google/apiclient-services/src/Docs/BatchUpdateDocumentRequest.php
OK	/htdocs/application/third_party/omnipay/vendor/google/apiclient-services/src/Docs/CreateHeaderRequest.php
OK	/htdocs/application/third_party/omnipay/vendor/google/apiclient-services/src/Docs/DeletePositionedObjectRequest.php
OK	/htdocs/application/third_party/omnipay/vendor/google/apiclient-services/src/Docs/EmbeddedObjectBorder.php
OK	/htdocs/application/third_party/omnipay/vendor/google/apiclient-services/src/Docs/ImagePropertiesSuggestionState.php
OK	/htdocs/application/third_party/omnipay/vendor/google/apiclient-services/src/Docs/InsertTableRowRequest.php
OK	/htdocs/application/third_party/omnipay/vendor/google/apiclient-services/src/Docs/NamedStyles.php
OK	/htdocs/application/third_party/omnipay/vendor/google/apiclient-services/src/Docs/ParagraphStyleSuggestionState.php
OK	/htdocs/application/third_party/omnipay/vendor/google/apiclient-services/src/Docs/ReplaceImageRequest.php
OK	/htdocs/application/third_party/omnipay/vendor/google/apiclient-services/src/Docs/SheetsChartReference.php
OK	/htdocs/application/third_party/omnipay/vendor/google/apiclient-services/src/Docs/SuggestedPositionedObjectProperties.php
OK	/htdocs/application/third_party/omnipay/vendor/google/apiclient-services/src/Docs/TableOfContents.php
OK	/htdocs/application/third_party/omnipay/vendor/google/apiclient-services/src/Docs/UnmergeTableCellsRequest.php
OK	/htdocs/application/third_party/omnipay/vendor/google/apiclient-services/src/Document/GoogleCloudDocumentaiUiv1beta3AutoLabelDocumentsMetadataIndividualAutoLabelStatus.php
OK	/htdocs/application/third_party/omnipay/vendor/google/apiclient-services/src/Document/GoogleCloudDocumentaiUiv1beta3CreateLabelerPoolOperationMetadata.php
OK	/htdocs/application/third_party/omnipay/vendor/google/apiclient-services/src/Document/GoogleCloudDocumentaiUiv1beta3EnableProcessorMetadata.php
OK	/htdocs/application/third_party/omnipay/vendor/google/apiclient-services/src/Document/GoogleCloudDocumentaiUiv1beta3ImportDocumentsMetadataIndividualImportStatus.php
OK	/htdocs/application/third_party/omnipay/vendor/google/apiclient-services/src/Document/GoogleCloudDocumentaiUiv1beta3SampleDocumentsResponse.php
OK	/htdocs/application/third_party/omnipay/vendor/google/apiclient-services/src/Document/GoogleCloudDocumentaiV1alpha1AnalyzeHitlDataMetadata.php
OK	/htdocs/application/third_party/omnipay/vendor/google/apiclient-services/src/Document/GoogleCloudDocumentaiV1beta1DocumentChunkedDocument.php
OK	/htdocs/application/third_party/omnipay/vendor/google/apiclient-services/src/Document/GoogleCloudDocumentaiV1beta1DocumentDocumentLayoutDocumentLayoutBlockLayoutTableRow.php
OK	/htdocs/application/third_party/omnipay/vendor/google/apiclient-services/src/Document/GoogleCloudDocumentaiV1beta1DocumentPageFormField.php
OK	/htdocs/application/third_party/omnipay/vendor/google/apiclient-services/src/Document/GoogleCloudDocumentaiV1beta1DocumentPageToken.php
OK	/htdocs/application/third_party/omnipay/vendor/google/apiclient-services/src/Document/GoogleCloudDocumentaiV1beta1DocumentTextAnchorTextSegment.php
OK	/htdocs/application/third_party/omnipay/vendor/google/apiclient-services/src/Document/GoogleCloudDocumentaiV1beta2BoundingPoly.php
OK	/htdocs/application/third_party/omnipay/vendor/google/apiclient-services/src/Document/GoogleCloudDocumentaiV1beta2DocumentDocumentLayoutDocumentLayoutBlockLayoutTableBlock.php
OK	/htdocs/application/third_party/omnipay/vendor/google/apiclient-services/src/Document/GoogleCloudDocumentaiV1beta2DocumentPageDetectedBarcode.php
OK	/htdocs/application/third_party/omnipay/vendor/google/apiclient-services/src/Document/GoogleCloudDocumentaiV1beta2DocumentPageTable.php
OK	/htdocs/application/third_party/omnipay/vendor/google/apiclient-services/src/Document/GoogleCloudDocumentaiV1beta2DocumentStyle.php
OK	/htdocs/application/third_party/omnipay/vendor/google/apiclient-services/src/Document/GoogleCloudDocumentaiV1beta2Vertex.php
OK	/htdocs/application/third_party/omnipay/vendor/google/apiclient-services/src/Document/GoogleCloudDocumentaiV1beta3DatasetUnmanagedDatasetConfig.php
OK	/htdocs/application/third_party/omnipay/vendor/google/apiclient-services/src/Document/GoogleCloudDocumentaiV1beta3EvaluateProcessorVersionMetadata.php
OK	/htdocs/application/third_party/omnipay/vendor/google/apiclient-services/src/Document/GoogleCloudDocumentaiV1beta3RevisionRef.php
OK	/htdocs/application/third_party/omnipay/vendor/google/apiclient-services/src/Document/GoogleCloudDocumentaiV1DeleteProcessorVersionMetadata.php
OK	/htdocs/application/third_party/omnipay/vendor/google/apiclient-services/src/Document/GoogleCloudDocumentaiV1DocumentChunkedDocumentChunkChunkPageSpan.php
OK	/htdocs/application/third_party/omnipay/vendor/google/apiclient-services/src/Document/GoogleCloudDocumentaiV1DocumentEntityRelation.php
OK	/htdocs/application/third_party/omnipay/vendor/google/apiclient-services/src/Document/GoogleCloudDocumentaiV1DocumentPageImage.php
OK	/htdocs/application/third_party/omnipay/vendor/google/apiclient-services/src/Document/GoogleCloudDocumentaiV1DocumentPageTokenDetectedBreak.php
OK	/htdocs/application/third_party/omnipay/vendor/google/apiclient-services/src/Document/GoogleCloudDocumentaiV1DocumentShardInfo.php
OK	/htdocs/application/third_party/omnipay/vendor/google/apiclient-services/src/Document/GoogleCloudDocumentaiV1EvaluateProcessorVersionResponse.php
OK	/htdocs/application/third_party/omnipay/vendor/google/apiclient-services/src/Document/GoogleCloudDocumentaiV1HumanReviewStatus.php
OK	/htdocs/application/third_party/omnipay/vendor/google/apiclient-services/src/Document/GoogleCloudDocumentaiV1ProcessOptionsLayoutConfig.php
OK	/htdocs/application/third_party/omnipay/vendor/google/apiclient-services/src/Document/GoogleCloudDocumentaiV1ProcessResponse.php
OK	/htdocs/application/third_party/omnipay/vendor/google/apiclient-services/src/Document/GoogleCloudDocumentaiV1SetDefaultProcessorVersionResponse.php
OK	/htdocs/application/third_party/omnipay/vendor/google/apiclient-services/src/Document/GoogleCloudLocationListLocationsResponse.php
OK	/htdocs/application/third_party/omnipay/vendor/google/apiclient-services/src/Document/Resource/Operations.php
OK	/htdocs/application/third_party/omnipay/vendor/google/apiclient-services/src/Document/Resource/Uiv1beta3ProjectsLocations.php
OK	/htdocs/application/third_party/omnipay/vendor/google/apiclient-services/src/DoubleClickBidManager/ChannelGrouping.php
OK	/htdocs/application/third_party/omnipay/vendor/google/apiclient-services/src/DoubleClickBidManager/PathQueryOptionsFilter.php
OK	/htdocs/application/third_party/omnipay/vendor/google/apiclient-services/src/DoubleClickBidManager/Resource/QueriesReports.php
OK	/htdocs/application/third_party/omnipay/vendor/google/apiclient-services/src/Doubleclicksearch/ReportRequestFilters.php
OK	/htdocs/application/third_party/omnipay/vendor/google/apiclient-services/src/Drive/AboutDriveThemes.php
OK	/htdocs/application/third_party/omnipay/vendor/google/apiclient-services/src/Drive/CommentList.php
OK	/htdocs/application/third_party/omnipay/vendor/google/apiclient-services/src/Drive/DriveFileLabelInfo.php
OK	/htdocs/application/third_party/omnipay/vendor/google/apiclient-services/src/Drive/LabelModification.php
OK	/htdocs/application/third_party/omnipay/vendor/google/apiclient-services/src/Drive/ResolveAccessProposalRequest.php
OK	/htdocs/application/third_party/omnipay/vendor/google/apiclient-services/src/Drive/Resource/Accessproposals.php
OK	/htdocs/application/third_party/omnipay/vendor/google/apiclient-services/src/Drive/Resource/Revisions.php
OK	/htdocs/application/third_party/omnipay/vendor/google/apiclient-services/src/DriveActivity/Comment.php
OK	/htdocs/application/third_party/omnipay/vendor/google/apiclient-services/src/DriveActivity/DriveactivityInteger.php
OK	/htdocs/application/third_party/omnipay/vendor/google/apiclient-services/src/DriveActivity/Group.php
OK	/htdocs/application/third_party/omnipay/vendor/google/apiclient-services/src/DriveActivity/Rename.php
OK	/htdocs/application/third_party/omnipay/vendor/google/apiclient-services/src/DriveActivity/TeamDriveReference.php
OK	/htdocs/application/third_party/omnipay/vendor/google/apiclient-services/src/DriveLabels/GoogleAppsDriveLabelsV2BatchUpdateLabelPermissionsRequest.php
OK	/htdocs/application/third_party/omnipay/vendor/google/apiclient-services/src/DriveLabels/GoogleAppsDriveLabelsV2DeltaUpdateLabelRequestEnableSelectionChoiceRequest.php
OK	/htdocs/application/third_party/omnipay/vendor/google/apiclient-services/src/DriveLabels/GoogleAppsDriveLabelsV2DeltaUpdateLabelResponseDisableSelectionChoiceResponse.php
OK	/htdocs/application/third_party/omnipay/vendor/google/apiclient-services/src/DriveLabels/GoogleAppsDriveLabelsV2FieldDateOptions.php
OK	/htdocs/application/third_party/omnipay/vendor/google/apiclient-services/src/DriveLabels/GoogleAppsDriveLabelsV2FieldSelectionOptionsChoiceProperties.php
OK	/htdocs/application/third_party/omnipay/vendor/google/apiclient-services/src/DriveLabels/GoogleAppsDriveLabelsV2LabelPermission.php
OK	/htdocs/application/third_party/omnipay/vendor/google/apiclient-services/src/DriveLabels/GoogleAppsDriveLabelsV2SelectionLimits.php
OK	/htdocs/application/third_party/omnipay/vendor/google/apiclient-services/src/DriveLabels/Resource/LabelsLocks.php
OK	/htdocs/application/third_party/omnipay/vendor/google/apiclient-services/src/Essentialcontacts/Resource/Folders.php
OK	/htdocs/application/third_party/omnipay/vendor/google/apiclient-services/src/Eventarc/Destination.php
OK	/htdocs/application/third_party/omnipay/vendor/google/apiclient-services/src/Eventarc/GoogleCloudEventarcV1PipelineDestinationAuthenticationConfigOAuthToken.php
OK	/htdocs/application/third_party/omnipay/vendor/google/apiclient-services/src/Eventarc/GoogleLongrunningListOperationsResponse.php
OK	/htdocs/application/third_party/omnipay/vendor/google/apiclient-services/src/Eventarc/ListProvidersResponse.php
OK	/htdocs/application/third_party/omnipay/vendor/google/apiclient-services/src/Eventarc/StateCondition.php
OK	/htdocs/application/third_party/omnipay/vendor/google/apiclient-services/src/Eventarc/Resource/ProjectsLocationsMessageBuses.php
OK	/htdocs/application/third_party/omnipay/vendor/google/apiclient-services/src/FactCheckTools/GoogleFactcheckingFactchecktoolsV1alpha1FactCheckedClaimImageSearchResponse.php
OK	/htdocs/application/third_party/omnipay/vendor/google/apiclient-services/src/Fcmdata/GoogleFirebaseFcmDataV1beta1MessageInsightPercents.php
OK	/htdocs/application/third_party/omnipay/vendor/google/apiclient-services/src/Firebaseappcheck/GoogleFirebaseAppcheckV1BatchGetRecaptchaEnterpriseConfigsResponse.php
OK	/htdocs/application/third_party/omnipay/vendor/google/apiclient-services/src/Firebaseappcheck/GoogleFirebaseAppcheckV1betaBatchGetDeviceCheckConfigsResponse.php
OK	/htdocs/application/third_party/omnipay/vendor/google/apiclient-services/src/Firebaseappcheck/GoogleFirebaseAppcheckV1betaExchangeAppAttestAttestationResponse.php
OK	/htdocs/application/third_party/omnipay/vendor/google/apiclient-services/src/Firebaseappcheck/GoogleFirebaseAppcheckV1betaGeneratePlayIntegrityChallengeResponse.php
OK	/htdocs/application/third_party/omnipay/vendor/google/apiclient-services/src/Firebaseappcheck/GoogleFirebaseAppcheckV1DebugToken.php
OK	/htdocs/application/third_party/omnipay/vendor/google/apiclient-services/src/Firebaseappcheck/GoogleFirebaseAppcheckV1GenerateAppAttestChallengeRequest.php
OK	/htdocs/application/third_party/omnipay/vendor/google/apiclient-services/src/Firebaseappcheck/GoogleFirebaseAppcheckV1ResourcePolicy.php
OK	/htdocs/application/third_party/omnipay/vendor/google/apiclient-services/src/Firebaseappcheck/Resource/ProjectsAppsDeviceCheckConfig.php
OK	/htdocs/application/third_party/omnipay/vendor/google/apiclient-services/src/FirebaseAppDistribution/GdataDiffDownloadResponse.php
OK	/htdocs/application/third_party/omnipay/vendor/google/apiclient-services/src/FirebaseAppDistribution/GoogleFirebaseAppdistroV1BatchDeleteReleasesRequest.php
OK	/htdocs/application/third_party/omnipay/vendor/google/apiclient-services/src/FirebaseAppDistribution/GoogleFirebaseAppdistroV1ListTestersResponse.php
OK	/htdocs/application/third_party/omnipay/vendor/google/apiclient-services/src/FirebaseAppDistribution/GoogleProtobufEmpty.php
OK	/htdocs/application/third_party/omnipay/vendor/google/apiclient-services/src/FirebaseCloudMessaging/AndroidNotification.php
OK	/htdocs/application/third_party/omnipay/vendor/google/apiclient-services/src/FirebaseCloudMessaging/Resource/ProjectsMessages.php
OK	/htdocs/application/third_party/omnipay/vendor/google/apiclient-services/src/FirebaseDataConnect/GraphqlErrorExtensions.php
OK	/htdocs/application/third_party/omnipay/vendor/google/apiclient-services/src/FirebaseDataConnect/OperationMetadata.php
OK	/htdocs/application/third_party/omnipay/vendor/google/apiclient-services/src/FirebaseDataConnect/Resource/ProjectsLocationsServicesSchemas.php
OK	/htdocs/application/third_party/omnipay/vendor/google/apiclient-services/src/FirebaseDynamicLinks/DynamicLinkWarning.php
OK	/htdocs/application/third_party/omnipay/vendor/google/apiclient-services/src/FirebaseDynamicLinks/Resource/ManagedShortLinks.php
OK	/htdocs/application/third_party/omnipay/vendor/google/apiclient-services/src/FirebaseHosting/LiveMigrationStep.php
OK	/htdocs/application/third_party/omnipay/vendor/google/apiclient-services/src/FirebaseManagement/AnalyticsProperty.php
OK	/htdocs/application/third_party/omnipay/vendor/google/apiclient-services/src/FirebaseManagement/ListAvailableProjectsResponse.php
OK	/htdocs/application/third_party/omnipay/vendor/google/apiclient-services/src/FirebaseManagement/RemoveAndroidAppRequest.php
OK	/htdocs/application/third_party/omnipay/vendor/google/apiclient-services/src/FirebaseManagement/WebAppConfig.php
OK	/htdocs/application/third_party/omnipay/vendor/google/apiclient-services/src/FirebaseML/ListOperationsResponse.php
OK	/htdocs/application/third_party/omnipay/vendor/google/apiclient-services/src/FirebaseRealtimeDatabase/Resource/ProjectsLocationsInstances.php
OK	/htdocs/application/third_party/omnipay/vendor/google/apiclient-services/src/FirebaseRules/Release.php
OK	/htdocs/application/third_party/omnipay/vendor/google/apiclient-services/src/FirebaseRules/VisitedExpression.php
OK	/htdocs/application/third_party/omnipay/vendor/google/apiclient-services/src/Firebasestorage/Resource/Projects.php
OK	/htdocs/application/third_party/omnipay/vendor/google/apiclient-services/src/Firestore/BeginTransactionResponse.php
OK	/htdocs/application/third_party/omnipay/vendor/google/apiclient-services/src/Firestore/DocumentMask.php
OK	/htdocs/application/third_party/omnipay/vendor/google/apiclient-services/src/Firestore/FindNearest.php
OK	/htdocs/application/third_party/omnipay/vendor/google/apiclient-services/src/Firestore/GoogleFirestoreAdminV1Database.php
OK	/htdocs/application/third_party/omnipay/vendor/google/apiclient-services/src/Firestore/GoogleFirestoreAdminV1ImportDocumentsRequest.php
OK	/htdocs/application/third_party/omnipay/vendor/google/apiclient-services/src/Firestore/GoogleFirestoreAdminV1Progress.php
OK	/htdocs/application/third_party/omnipay/vendor/google/apiclient-services/src/Firestore/GoogleLongrunningListOperationsResponse.php
OK	/htdocs/application/third_party/omnipay/vendor/google/apiclient-services/src/Firestore/PartitionQueryRequest.php
OK	/htdocs/application/third_party/omnipay/vendor/google/apiclient-services/src/Firestore/RunQueryRequest.php
OK	/htdocs/application/third_party/omnipay/vendor/google/apiclient-services/src/Firestore/Write.php
OK	/htdocs/application/third_party/omnipay/vendor/google/apiclient-services/src/Firestore/Resource/ProjectsLocations.php
OK	/htdocs/application/third_party/omnipay/vendor/google/apiclient-services/src/Fitness/Dataset.php
OK	/htdocs/application/third_party/omnipay/vendor/google/apiclient-services/src/Fitness/Resource/Users.php
OK	/htdocs/application/third_party/omnipay/vendor/google/apiclient-services/src/Forms/CorrectAnswers.php
OK	/htdocs/application/third_party/omnipay/vendor/google/apiclient-services/src/Forms/FormResponse.php
OK	/htdocs/application/third_party/omnipay/vendor/google/apiclient-services/src/Forms/Location.php
OK	/htdocs/application/third_party/omnipay/vendor/google/apiclient-services/src/Forms/Response.php
OK	/htdocs/application/third_party/omnipay/vendor/google/apiclient-services/src/Forms/Video.php
OK	/htdocs/application/third_party/omnipay/vendor/google/apiclient-services/src/Games/AchievementRevealResponse.php
OK	/htdocs/application/third_party/omnipay/vendor/google/apiclient-services/src/Games/CategoryListResponse.php
OK	/htdocs/application/third_party/omnipay/vendor/google/apiclient-services/src/Games/GamePlayerToken.php
OK	/htdocs/application/third_party/omnipay/vendor/google/apiclient-services/src/Games/LeaderboardEntry.php
OK	/htdocs/application/third_party/omnipay/vendor/google/apiclient-services/src/Games/PlayerExperienceInfo.php
OK	/htdocs/application/third_party/omnipay/vendor/google/apiclient-services/src/Games/RecallToken.php
OK	/htdocs/application/third_party/omnipay/vendor/google/apiclient-services/src/Games/StatsResponse.php
OK	/htdocs/application/third_party/omnipay/vendor/google/apiclient-services/src/Games/Resource/Revisions.php
OK	/htdocs/application/third_party/omnipay/vendor/google/apiclient-services/src/GamesConfiguration/LeaderboardConfigurationListResponse.php
OK	/htdocs/application/third_party/omnipay/vendor/google/apiclient-services/src/GameServices/Condition.php
OK	/htdocs/application/third_party/omnipay/vendor/google/apiclient-services/src/GameServices/FleetConfig.php
OK	/htdocs/application/third_party/omnipay/vendor/google/apiclient-services/src/GameServices/ListGameServerConfigsResponse.php
OK	/htdocs/application/third_party/omnipay/vendor/google/apiclient-services/src/GameServices/PreviewDeleteGameServerClusterResponse.php
OK	/htdocs/application/third_party/omnipay/vendor/google/apiclient-services/src/GameServices/TargetDetails.php
OK	/htdocs/application/third_party/omnipay/vendor/google/apiclient-services/src/GameServices/Resource/ProjectsLocationsRealms.php
OK	/htdocs/application/third_party/omnipay/vendor/google/apiclient-services/src/GamesManagement/PlayerScoreResetAllResponse.php
OK	/htdocs/application/third_party/omnipay/vendor/google/apiclient-services/src/Genomics/CheckInRequest.php
OK	/htdocs/application/third_party/omnipay/vendor/google/apiclient-services/src/Genomics/ListOperationsResponse.php
OK	/htdocs/application/third_party/omnipay/vendor/google/apiclient-services/src/Genomics/RunPipelineResponse.php
OK	/htdocs/application/third_party/omnipay/vendor/google/apiclient-services/src/Genomics/Resource/Projects.php
OK	/htdocs/application/third_party/omnipay/vendor/google/apiclient-services/src/GKEHub/ApplianceCluster.php
OK	/htdocs/application/third_party/omnipay/vendor/google/apiclient-services/src/GKEHub/ClusterUpgradeGKEUpgradeFeatureState.php
OK	/htdocs/application/third_party/omnipay/vendor/google/apiclient-services/src/GKEHub/ConfigManagementBinauthzConfig.php
OK	/htdocs/application/third_party/omnipay/vendor/google/apiclient-services/src/GKEHub/ConfigManagementGroupVersionKind.php
OK	/htdocs/application/third_party/omnipay/vendor/google/apiclient-services/src/GKEHub/ConfigManagementPolicyControllerMigration.php
OK	/htdocs/application/third_party/omnipay/vendor/google/apiclient-services/src/GKEHub/EdgeCluster.php
OK	/htdocs/application/third_party/omnipay/vendor/google/apiclient-services/src/GKEHub/FleetObservabilityFleetObservabilityBaseFeatureState.php
OK	/htdocs/application/third_party/omnipay/vendor/google/apiclient-services/src/GKEHub/GoogleRpcStatus.php
OK	/htdocs/application/third_party/omnipay/vendor/google/apiclient-services/src/GKEHub/IdentityServiceServerConfig.php
OK	/htdocs/application/third_party/omnipay/vendor/google/apiclient-services/src/GKEHub/ListLocationsResponse.php
OK	/htdocs/application/third_party/omnipay/vendor/google/apiclient-services/src/GKEHub/Membership.php
OK	/htdocs/application/third_party/omnipay/vendor/google/apiclient-services/src/GKEHub/MultiCloudCluster.php
OK	/htdocs/application/third_party/omnipay/vendor/google/apiclient-services/src/GKEHub/PolicyControllerMembershipState.php
OK	/htdocs/application/third_party/omnipay/vendor/google/apiclient-services/src/GKEHub/PolicyControllerState.php
OK	/htdocs/application/third_party/omnipay/vendor/google/apiclient-services/src/GKEHub/SecurityPostureConfig.php
OK	/htdocs/application/third_party/omnipay/vendor/google/apiclient-services/src/GKEHub/SetIamPolicyRequest.php
OK	/htdocs/application/third_party/omnipay/vendor/google/apiclient-services/src/GKEHub/Resource/ProjectsLocationsFeatures.php
OK	/htdocs/application/third_party/omnipay/vendor/google/apiclient-services/src/GKEOnPrem/BareMetalAdminCluster.php
OK	/htdocs/application/third_party/omnipay/vendor/google/apiclient-services/src/GKEOnPrem/BareMetalAdminNetworkConfig.php
OK	/htdocs/application/third_party/omnipay/vendor/google/apiclient-services/src/GKEOnPrem/BareMetalCluster.php
OK	/htdocs/application/third_party/omnipay/vendor/google/apiclient-services/src/GKEOnPrem/BareMetalLvpConfig.php
OK	/htdocs/application/third_party/omnipay/vendor/google/apiclient-services/src/GKEOnPrem/BareMetalNodePoolConfig.php
OK	/htdocs/application/third_party/omnipay/vendor/google/apiclient-services/src/GKEOnPrem/BinaryAuthorization.php
OK	/htdocs/application/third_party/omnipay/vendor/google/apiclient-services/src/GKEOnPrem/Fleet.php
OK	/htdocs/application/third_party/omnipay/vendor/google/apiclient-services/src/GKEOnPrem/NodeTaint.php
OK	/htdocs/application/third_party/omnipay/vendor/google/apiclient-services/src/GKEOnPrem/Status.php
OK	/htdocs/application/third_party/omnipay/vendor/google/apiclient-services/src/GKEOnPrem/VmwareAdminAuthorizationConfig.php
OK	/htdocs/application/third_party/omnipay/vendor/google/apiclient-services/src/GKEOnPrem/VmwareAdminVipConfig.php
OK	/htdocs/application/third_party/omnipay/vendor/google/apiclient-services/src/GKEOnPrem/VmwareHostConfig.php
OK	/htdocs/application/third_party/omnipay/vendor/google/apiclient-services/src/GKEOnPrem/VmwareStaticIpConfig.php
OK	/htdocs/application/third_party/omnipay/vendor/google/apiclient-services/src/GKEOnPrem/Resource/ProjectsLocationsBareMetalClustersBareMetalNodePools.php
OK	/htdocs/application/third_party/omnipay/vendor/google/apiclient-services/src/Gmail/AutoForwarding.php
OK	/htdocs/application/third_party/omnipay/vendor/google/apiclient-services/src/Gmail/FilterCriteria.php
OK	/htdocs/application/third_party/omnipay/vendor/google/apiclient-services/src/Gmail/LanguageSettings.php
OK	/htdocs/application/third_party/omnipay/vendor/google/apiclient-services/src/Gmail/ListThreadsResponse.php
OK	/htdocs/application/third_party/omnipay/vendor/google/apiclient-services/src/Gmail/SignAndEncryptKeyPairs.php
OK	/htdocs/application/third_party/omnipay/vendor/google/apiclient-services/src/Gmail/Resource/UsersMessagesAttachments.php
OK	/htdocs/application/third_party/omnipay/vendor/google/apiclient-services/src/GoogleAnalyticsAdmin/GoogleAnalyticsAdminV1alphaAccessDateRange.php
OK	/htdocs/application/third_party/omnipay/vendor/google/apiclient-services/src/GoogleAnalyticsAdmin/GoogleAnalyticsAdminV1alphaAccessOrderBy.php
OK	/htdocs/application/third_party/omnipay/vendor/google/apiclient-services/src/GoogleAnalyticsAdmin/GoogleAnalyticsAdminV1alphaApproveDisplayVideo360AdvertiserLinkProposalRequest.php
OK	/htdocs/application/third_party/omnipay/vendor/google/apiclient-services/src/GoogleAnalyticsAdmin/GoogleAnalyticsAdminV1alphaAudienceDimensionOrMetricFilterStringFilter.php
OK	/htdocs/application/third_party/omnipay/vendor/google/apiclient-services/src/GoogleAnalyticsAdmin/GoogleAnalyticsAdminV1alphaBatchCreateUserLinksRequest.php
OK	/htdocs/application/third_party/omnipay/vendor/google/apiclient-services/src/GoogleAnalyticsAdmin/GoogleAnalyticsAdminV1alphaCustomDimension.php
OK	/htdocs/application/third_party/omnipay/vendor/google/apiclient-services/src/GoogleAnalyticsAdmin/GoogleAnalyticsAdminV1alphaExpandedDataSet.php
OK	/htdocs/application/third_party/omnipay/vendor/google/apiclient-services/src/GoogleAnalyticsAdmin/GoogleAnalyticsAdminV1alphaListAccountsResponse.php
OK	/htdocs/application/third_party/omnipay/vendor/google/apiclient-services/src/GoogleAnalyticsAdmin/GoogleAnalyticsAdminV1alphaListIosAppDataStreamsResponse.php
OK	/htdocs/application/third_party/omnipay/vendor/google/apiclient-services/src/GoogleAnalyticsAdmin/GoogleAnalyticsAdminV1alphaRunAccessReportRequest.php
OK	/htdocs/application/third_party/omnipay/vendor/google/apiclient-services/src/GoogleAnalyticsAdmin/GoogleAnalyticsAdminV1betaAccessDimensionValue.php
OK	/htdocs/application/third_party/omnipay/vendor/google/apiclient-services/src/GoogleAnalyticsAdmin/GoogleAnalyticsAdminV1betaAccessQuota.php
OK	/htdocs/application/third_party/omnipay/vendor/google/apiclient-services/src/GoogleAnalyticsAdmin/GoogleAnalyticsAdminV1betaChangeHistoryEvent.php
OK	/htdocs/application/third_party/omnipay/vendor/google/apiclient-services/src/GoogleAnalyticsAdmin/GoogleAnalyticsAdminV1betaGoogleAdsLink.php
OK	/htdocs/application/third_party/omnipay/vendor/google/apiclient-services/src/GoogleAnalyticsAdmin/GoogleAnalyticsAdminV1betaListMeasurementProtocolSecretsResponse.php
OK	/htdocs/application/third_party/omnipay/vendor/google/apiclient-services/src/GoogleAnalyticsAdmin/GoogleAnalyticsAdminV1betaSearchChangeHistoryEventsResponse.php
OK	/htdocs/application/third_party/omnipay/vendor/google/apiclient-services/src/GoogleAnalyticsAdmin/Resource/PropertiesDataStreams.php
OK	/htdocs/application/third_party/omnipay/vendor/google/apiclient-services/src/GoogleAnalyticsAdmin/Resource/PropertiesWebDataStreams.php
OK	/htdocs/application/third_party/omnipay/vendor/google/apiclient-services/src/Groupssettings/Groups.php
OK	/htdocs/application/third_party/omnipay/vendor/google/apiclient-services/src/HangoutsChat/Button.php
OK	/htdocs/application/third_party/omnipay/vendor/google/apiclient-services/src/HangoutsChat/CompleteImportSpaceResponse.php
OK	/htdocs/application/third_party/omnipay/vendor/google/apiclient-services/src/HangoutsChat/Emoji.php
OK	/htdocs/application/third_party/omnipay/vendor/google/apiclient-services/src/HangoutsChat/GoogleAppsCardV1CardHeader.php
OK	/htdocs/application/third_party/omnipay/vendor/google/apiclient-services/src/HangoutsChat/GoogleAppsCardV1FooterWidget.php
OK	/htdocs/application/third_party/omnipay/vendor/google/apiclient-services/src/HangoutsChat/GoogleAppsCardV1OverflowMenu.php
OK	/htdocs/application/third_party/omnipay/vendor/google/apiclient-services/src/HangoutsChat/GoogleAppsCardV1Widget.php
OK	/htdocs/application/third_party/omnipay/vendor/google/apiclient-services/src/HangoutsChat/ListSpacesResponse.php
OK	/htdocs/application/third_party/omnipay/vendor/google/apiclient-services/src/HangoutsChat/MessageBatchCreatedEventData.php
OK	/htdocs/application/third_party/omnipay/vendor/google/apiclient-services/src/HangoutsChat/ReactionBatchCreatedEventData.php
OK	/htdocs/application/third_party/omnipay/vendor/google/apiclient-services/src/HangoutsChat/SpaceBatchUpdatedEventData.php
OK	/htdocs/application/third_party/omnipay/vendor/google/apiclient-services/src/HangoutsChat/TimeInput.php
OK	/htdocs/application/third_party/omnipay/vendor/google/apiclient-services/src/HangoutsChat/Resource/RoomsConversations.php
OK	/htdocs/application/third_party/omnipay/vendor/google/apiclient-services/src/HomeGraphService/Device.php
OK	/htdocs/application/third_party/omnipay/vendor/google/apiclient-services/src/HomeGraphService/RequestSyncDevicesRequest.php
OK	/htdocs/application/third_party/omnipay/vendor/google/apiclient-services/src/Iam/AuditLogConfig.php
OK	/htdocs/application/third_party/omnipay/vendor/google/apiclient-services/src/Iam/Expr.php
OK	/htdocs/application/third_party/omnipay/vendor/google/apiclient-services/src/Iam/GoogleIamV2PolicyRule.php
OK	/htdocs/application/third_party/omnipay/vendor/google/apiclient-services/src/Iam/ListRolesResponse.php
OK	/htdocs/application/third_party/omnipay/vendor/google/apiclient-services/src/Iam/PolicyOperationMetadata.php
OK	/htdocs/application/third_party/omnipay/vendor/google/apiclient-services/src/Iam/SignBlobRequest.php
OK	/htdocs/application/third_party/omnipay/vendor/google/apiclient-services/src/Iam/UploadServiceAccountKeyRequest.php
OK	/htdocs/application/third_party/omnipay/vendor/google/apiclient-services/src/Iam/Resource/LocationsWorkforcePoolsSubjects.php
OK	/htdocs/application/third_party/omnipay/vendor/google/apiclient-services/src/Iam/Resource/ProjectsLocationsWorkloadIdentityPoolsProvidersKeys.php
OK	/htdocs/application/third_party/omnipay/vendor/google/apiclient-services/src/IAMCredentials/SignBlobRequest.php
OK	/htdocs/application/third_party/omnipay/vendor/google/apiclient-services/src/Ideahub/GoogleSearchIdeahubV1alphaTopic.php
OK	/htdocs/application/third_party/omnipay/vendor/google/apiclient-services/src/Ideahub/Resource/PlatformsProperties.php
OK	/htdocs/application/third_party/omnipay/vendor/google/apiclient-services/src/IdentityToolkit/GetOobConfirmationCodeResponse.php
OK	/htdocs/application/third_party/omnipay/vendor/google/apiclient-services/src/IdentityToolkit/IdentitytoolkitRelyingpartySetProjectConfigRequest.php
OK	/htdocs/application/third_party/omnipay/vendor/google/apiclient-services/src/IdentityToolkit/Relyingparty.php
OK	/htdocs/application/third_party/omnipay/vendor/google/apiclient-services/src/IdentityToolkit/Resource/Relyingparty.php
OK	/htdocs/application/third_party/omnipay/vendor/google/apiclient-services/src/IDS/Operation.php
OK	/htdocs/application/third_party/omnipay/vendor/google/apiclient-services/src/Indexing/UrlNotification.php
OK	/htdocs/application/third_party/omnipay/vendor/google/apiclient-services/src/Integrations/EnterpriseCrmEventbusProtoAddress.php
OK	/htdocs/application/third_party/omnipay/vendor/google/apiclient-services/src/Integrations/EnterpriseCrmEventbusProtoCloudSchedulerConfig.php
OK	/htdocs/application/third_party/omnipay/vendor/google/apiclient-services/src/Integrations/EnterpriseCrmEventbusProtoDoubleParameterArray.php
OK	/htdocs/application/third_party/omnipay/vendor/google/apiclient-services/src/Integrations/EnterpriseCrmEventbusProtoFieldMappingConfig.php
OK	/htdocs/application/third_party/omnipay/vendor/google/apiclient-services/src/Integrations/EnterpriseCrmEventbusProtoNextTeardownTask.php
OK	/htdocs/application/third_party/omnipay/vendor/google/apiclient-services/src/Integrations/EnterpriseCrmEventbusProtoParamSpecEntryValidationRuleIntRange.php
OK	/htdocs/application/third_party/omnipay/vendor/google/apiclient-services/src/Integrations/EnterpriseCrmEventbusProtoSuccessPolicy.php
OK	/htdocs/application/third_party/omnipay/vendor/google/apiclient-services/src/Integrations/EnterpriseCrmEventbusProtoTaskUiConfig.php
OK	/htdocs/application/third_party/omnipay/vendor/google/apiclient-services/src/Integrations/EnterpriseCrmFrontendsEventbusProtoDoubleParameterArray.php
OK	/htdocs/application/third_party/omnipay/vendor/google/apiclient-services/src/Integrations/EnterpriseCrmFrontendsEventbusProtoParamSpecEntry.php
OK	/htdocs/application/third_party/omnipay/vendor/google/apiclient-services/src/Integrations/EnterpriseCrmLoggingGwsFieldLimits.php
OK	/htdocs/application/third_party/omnipay/vendor/google/apiclient-services/src/Integrations/GoogleCloudConnectorsV1Connection.php
OK	/htdocs/application/third_party/omnipay/vendor/google/apiclient-services/src/Integrations/GoogleCloudConnectorsV1EventingStatus.php
OK	/htdocs/application/third_party/omnipay/vendor/google/apiclient-services/src/Integrations/GoogleCloudIntegrationsV1alphaArchiveBundleResponse.php
OK	/htdocs/application/third_party/omnipay/vendor/google/apiclient-services/src/Integrations/GoogleCloudIntegrationsV1alphaClientCertificate.php
OK	/htdocs/application/third_party/omnipay/vendor/google/apiclient-services/src/Integrations/GoogleCloudIntegrationsV1alphaCreateBundleResponse.php
OK	/htdocs/application/third_party/omnipay/vendor/google/apiclient-services/src/Integrations/GoogleCloudIntegrationsV1alphaDownloadTestCaseResponse.php
OK	/htdocs/application/third_party/omnipay/vendor/google/apiclient-services/src/Integrations/GoogleCloudIntegrationsV1alphaExecution.php
OK	/htdocs/application/third_party/omnipay/vendor/google/apiclient-services/src/Integrations/GoogleCloudIntegrationsV1alphaGetClientResponse.php
OK	/htdocs/application/third_party/omnipay/vendor/google/apiclient-services/src/Integrations/GoogleCloudIntegrationsV1alphaIntParameterArray.php
OK	/htdocs/application/third_party/omnipay/vendor/google/apiclient-services/src/Integrations/GoogleCloudIntegrationsV1alphaListIntegrationTemplateVersionsResponse.php
OK	/htdocs/application/third_party/omnipay/vendor/google/apiclient-services/src/Integrations/GoogleCloudIntegrationsV1alphaMonitorExecutionStatsRequest.php
OK	/htdocs/application/third_party/omnipay/vendor/google/apiclient-services/src/Integrations/GoogleCloudIntegrationsV1alphaOidcToken.php
OK	/htdocs/application/third_party/omnipay/vendor/google/apiclient-services/src/Integrations/GoogleCloudIntegrationsV1alphaResolveSuspensionResponse.php
OK	/htdocs/application/third_party/omnipay/vendor/google/apiclient-services/src/Integrations/GoogleCloudIntegrationsV1alphaSuccessPolicy.php
OK	/htdocs/application/third_party/omnipay/vendor/google/apiclient-services/src/Integrations/GoogleCloudIntegrationsV1alphaTemplate.php
OK	/htdocs/application/third_party/omnipay/vendor/google/apiclient-services/src/Integrations/GoogleCloudIntegrationsV1alphaUpdateBundleResponse.php
OK	/htdocs/application/third_party/omnipay/vendor/google/apiclient-services/src/Integrations/GoogleCloudIntegrationsV1alphaValidateIntegrationVersionResponse.php
OK	/htdocs/application/third_party/omnipay/vendor/google/apiclient-services/src/Integrations/Resource/ProjectsLocationsCertificates.php
OK	/htdocs/application/third_party/omnipay/vendor/google/apiclient-services/src/Integrations/Resource/ProjectsLocationsProducts.php
OK	/htdocs/application/third_party/omnipay/vendor/google/apiclient-services/src/Integrations/Resource/ProjectsLocationsProductsSfdcInstances.php
OK	/htdocs/application/third_party/omnipay/vendor/google/apiclient-services/src/Keep/KeepEmpty.php
OK	/htdocs/application/third_party/omnipay/vendor/google/apiclient-services/src/Kgsearch/SearchResponse.php
OK	/htdocs/application/third_party/omnipay/vendor/google/apiclient-services/src/Kmsinventory/GoogleCloudKmsV1KeyOperationAttestationCertificateChains.php
OK	/htdocs/application/third_party/omnipay/vendor/google/apiclient-services/src/Libraryagent/Resource/Shelves.php
OK	/htdocs/application/third_party/omnipay/vendor/google/apiclient-services/src/Localservices/GoogleAdsHomeservicesLocalservicesV1PhoneLead.php
OK	/htdocs/application/third_party/omnipay/vendor/google/apiclient-services/src/Logging/BucketOptions.php
OK	/htdocs/application/third_party/omnipay/vendor/google/apiclient-services/src/Logging/Expr.php
OK	/htdocs/application/third_party/omnipay/vendor/google/apiclient-services/src/Logging/ListLocationsResponse.php
OK	/htdocs/application/third_party/omnipay/vendor/google/apiclient-services/src/Logging/Location.php
OK	/htdocs/application/third_party/omnipay/vendor/google/apiclient-services/src/Logging/LogScope.php
OK	/htdocs/application/third_party/omnipay/vendor/google/apiclient-services/src/Logging/RecentQuery.php
OK	/htdocs/application/third_party/omnipay/vendor/google/apiclient-services/src/Logging/TailLogEntriesRequest.php
OK	/htdocs/application/third_party/omnipay/vendor/google/apiclient-services/src/Logging/Resource/BillingAccountsLocations.php
OK	/htdocs/application/third_party/omnipay/vendor/google/apiclient-services/src/Logging/Resource/Exclusions.php
OK	/htdocs/application/third_party/omnipay/vendor/google/apiclient-services/src/Logging/Resource/FoldersLogs.php
OK	/htdocs/application/third_party/omnipay/vendor/google/apiclient-services/src/Logging/Resource/OrganizationsLocationsBuckets.php
OK	/htdocs/application/third_party/omnipay/vendor/google/apiclient-services/src/Logging/Resource/ProjectsLocations.php
OK	/htdocs/application/third_party/omnipay/vendor/google/apiclient-services/src/Logging/Resource/Sinks.php
OK	/htdocs/application/third_party/omnipay/vendor/google/apiclient-services/src/Looker/ExportInstanceRequest.php
OK	/htdocs/application/third_party/omnipay/vendor/google/apiclient-services/src/Looker/LookerEmpty.php
OK	/htdocs/application/third_party/omnipay/vendor/google/apiclient-services/src/Looker/Status.php
OK	/htdocs/application/third_party/omnipay/vendor/google/apiclient-services/src/ManagedServiceforMicrosoftActiveDirectoryConsumerAPI/Binding.php
OK	/htdocs/application/third_party/omnipay/vendor/google/apiclient-services/src/ManagedServiceforMicrosoftActiveDirectoryConsumerAPI/DomainJoinMachineResponse.php
OK	/htdocs/application/third_party/omnipay/vendor/google/apiclient-services/src/ManagedServiceforMicrosoftActiveDirectoryConsumerAPI/GoogleCloudSaasacceleratorManagementProvidersV1PerSliSloEligibility.php
OK	/htdocs/application/third_party/omnipay/vendor/google/apiclient-services/src/ManagedServiceforMicrosoftActiveDirectoryConsumerAPI/Location.php
OK	/htdocs/application/third_party/omnipay/vendor/google/apiclient-services/src/ManagedServiceforMicrosoftActiveDirectoryConsumerAPI/ResetAdminPasswordResponse.php
OK	/htdocs/application/third_party/omnipay/vendor/google/apiclient-services/src/ManagedServiceforMicrosoftActiveDirectoryConsumerAPI/WeeklyCycle.php
OK	/htdocs/application/third_party/omnipay/vendor/google/apiclient-services/src/ManufacturerCenter/Count.php
OK	/htdocs/application/third_party/omnipay/vendor/google/apiclient-services/src/ManufacturerCenter/Price.php
OK	/htdocs/application/third_party/omnipay/vendor/google/apiclient-services/src/MapsPlaces/GoogleMapsPlacesV1AddressDescriptorLandmark.php
OK	/htdocs/application/third_party/omnipay/vendor/google/apiclient-services/src/MapsPlaces/GoogleMapsPlacesV1Circle.php
OK	/htdocs/application/third_party/omnipay/vendor/google/apiclient-services/src/MapsPlaces/GoogleMapsPlacesV1Int32Range.php
OK	/htdocs/application/third_party/omnipay/vendor/google/apiclient-services/src/MapsPlaces/GoogleMapsPlacesV1PlaceOpeningHoursPeriod.php
OK	/htdocs/application/third_party/omnipay/vendor/google/apiclient-services/src/MapsPlaces/GoogleMapsPlacesV1RoutingParameters.php
OK	/htdocs/application/third_party/omnipay/vendor/google/apiclient-services/src/MapsPlaces/GoogleMapsPlacesV1SearchTextResponse.php
OK	/htdocs/application/third_party/omnipay/vendor/google/apiclient-services/src/Meet/DriveDestination.php
OK	/htdocs/application/third_party/omnipay/vendor/google/apiclient-services/src/Meet/Recording.php
OK	/htdocs/application/third_party/omnipay/vendor/google/apiclient-services/src/Meet/Resource/Spaces.php
OK	/htdocs/application/third_party/omnipay/vendor/google/apiclient-services/src/Merchant/ListMerchantReviewsResponse.php
OK	/htdocs/application/third_party/omnipay/vendor/google/apiclient-services/src/Merchant/ProductChange.php
OK	/htdocs/application/third_party/omnipay/vendor/google/apiclient-services/src/Merchant/SearchResponse.php
OK	/htdocs/application/third_party/omnipay/vendor/google/apiclient-services/src/MigrationCenterAPI/AggregationResult.php
OK	/htdocs/application/third_party/omnipay/vendor/google/apiclient-services/src/MigrationCenterAPI/AwsRds.php
OK	/htdocs/application/third_party/omnipay/vendor/google/apiclient-services/src/MigrationCenterAPI/DailyResourceUsageAggregation.php
OK	/htdocs/application/third_party/omnipay/vendor/google/apiclient-services/src/MigrationCenterAPI/DatabaseInstanceNetwork.php
OK	/htdocs/application/third_party/omnipay/vendor/google/apiclient-services/src/MigrationCenterAPI/ErrorFrame.php
OK	/htdocs/application/third_party/omnipay/vendor/google/apiclient-services/src/MigrationCenterAPI/Group.php
OK	/htdocs/application/third_party/omnipay/vendor/google/apiclient-services/src/MigrationCenterAPI/ImportRowErrorArchiveErrorDetails.php
OK	/htdocs/application/third_party/omnipay/vendor/google/apiclient-services/src/MigrationCenterAPI/ListLocationsResponse.php
OK	/htdocs/application/third_party/omnipay/vendor/google/apiclient-services/src/MigrationCenterAPI/MachinePreferences.php
OK	/htdocs/application/third_party/omnipay/vendor/google/apiclient-services/src/MigrationCenterAPI/NetworkAdapterDetails.php
OK	/htdocs/application/third_party/omnipay/vendor/google/apiclient-services/src/MigrationCenterAPI/OperationMetadata.php
OK	/htdocs/application/third_party/omnipay/vendor/google/apiclient-services/src/MigrationCenterAPI/Relation.php
OK	/htdocs/application/third_party/omnipay/vendor/google/apiclient-services/src/MigrationCenterAPI/ReportSummaryGroupPreferenceSetFinding.php
OK	/htdocs/application/third_party/omnipay/vendor/google/apiclient-services/src/MigrationCenterAPI/RunningProcess.php
OK	/htdocs/application/third_party/omnipay/vendor/google/apiclient-services/src/MigrationCenterAPI/SqlServerFeature.php
OK	/htdocs/application/third_party/omnipay/vendor/google/apiclient-services/src/MigrationCenterAPI/VirtualMachineDiskDetails.php
OK	/htdocs/application/third_party/omnipay/vendor/google/apiclient-services/src/MigrationCenterAPI/Resource/ProjectsLocationsImportJobs.php
OK	/htdocs/application/third_party/omnipay/vendor/google/apiclient-services/src/Monitoring/AppEngine.php
OK	/htdocs/application/third_party/omnipay/vendor/google/apiclient-services/src/Monitoring/CollectdPayloadError.php
OK	/htdocs/application/third_party/omnipay/vendor/google/apiclient-services/src/Monitoring/Distribution.php
OK	/htdocs/application/third_party/omnipay/vendor/google/apiclient-services/src/Monitoring/GkeNamespace.php
OK	/htdocs/application/third_party/omnipay/vendor/google/apiclient-services/src/Monitoring/LatencyCriteria.php
OK	/htdocs/application/third_party/omnipay/vendor/google/apiclient-services/src/Monitoring/ListSnoozesResponse.php
OK	/htdocs/application/third_party/omnipay/vendor/google/apiclient-services/src/Monitoring/Minutes.php
OK	/htdocs/application/third_party/omnipay/vendor/google/apiclient-services/src/Monitoring/Option.php
OK	/htdocs/application/third_party/omnipay/vendor/google/apiclient-services/src/Monitoring/RowCountTest.php
OK	/htdocs/application/third_party/omnipay/vendor/google/apiclient-services/src/Monitoring/TcpCheck.php
OK	/htdocs/application/third_party/omnipay/vendor/google/apiclient-services/src/Monitoring/UptimeCheckIp.php
OK	/htdocs/application/third_party/omnipay/vendor/google/apiclient-services/src/Monitoring/Resource/ProjectsGroupsMembers.php
OK	/htdocs/application/third_party/omnipay/vendor/google/apiclient-services/src/MyBusinessAccountManagement/Account.php
OK	/htdocs/application/third_party/omnipay/vendor/google/apiclient-services/src/MyBusinessAccountManagement/TransferLocationRequest.php
OK	/htdocs/application/third_party/omnipay/vendor/google/apiclient-services/src/MyBusinessBusinessCalls/WeekDayMetrics.php
OK	/htdocs/application/third_party/omnipay/vendor/google/apiclient-services/src/MyBusinessBusinessInformation/Category.php
OK	/htdocs/application/third_party/omnipay/vendor/google/apiclient-services/src/MyBusinessBusinessInformation/ListCategoriesResponse.php
OK	/htdocs/application/third_party/omnipay/vendor/google/apiclient-services/src/MyBusinessBusinessInformation/PostalAddress.php
OK	/htdocs/application/third_party/omnipay/vendor/google/apiclient-services/src/MyBusinessBusinessInformation/SpecialHours.php
OK	/htdocs/application/third_party/omnipay/vendor/google/apiclient-services/src/MyBusinessBusinessInformation/Resource/LocationsAttributes.php
OK	/htdocs/application/third_party/omnipay/vendor/google/apiclient-services/src/MyBusinessLodging/GuestUnitType.php
OK	/htdocs/application/third_party/omnipay/vendor/google/apiclient-services/src/MyBusinessLodging/LodgingMetadata.php
OK	/htdocs/application/third_party/omnipay/vendor/google/apiclient-services/src/MyBusinessLodging/SustainabilityCertifications.php
OK	/htdocs/application/third_party/omnipay/vendor/google/apiclient-services/src/MyBusinessPlaceActions/AvailableDay.php
OK	/htdocs/application/third_party/omnipay/vendor/google/apiclient-services/src/MyBusinessPlaceActions/PlaceActionLink.php
OK	/htdocs/application/third_party/omnipay/vendor/google/apiclient-services/src/MyBusinessQA/Resource/Locations.php
OK	/htdocs/application/third_party/omnipay/vendor/google/apiclient-services/src/MyBusinessVerifications/ListVerificationsResponse.php
OK	/htdocs/application/third_party/omnipay/vendor/google/apiclient-services/src/MyBusinessVerifications/WaitForVoiceOfMerchant.php
OK	/htdocs/application/third_party/omnipay/vendor/google/apiclient-services/src/NetAppFiles/CloudAsset.php
OK	/htdocs/application/third_party/omnipay/vendor/google/apiclient-services/src/NetAppFiles/HybridReplicationParameters.php
OK	/htdocs/application/third_party/omnipay/vendor/google/apiclient-services/src/NetAppFiles/ListSnapshotsResponse.php
OK	/htdocs/application/third_party/omnipay/vendor/google/apiclient-services/src/NetAppFiles/QuotaRule.php
OK	/htdocs/application/third_party/omnipay/vendor/google/apiclient-services/src/NetAppFiles/Status.php
OK	/htdocs/application/third_party/omnipay/vendor/google/apiclient-services/src/NetAppFiles/WeeklySchedule.php
OK	/htdocs/application/third_party/omnipay/vendor/google/apiclient-services/src/NetAppFiles/Resource/ProjectsLocationsVolumesQuotaRules.php
OK	/htdocs/application/third_party/omnipay/vendor/google/apiclient-services/src/Networkconnectivity/Binding.php
OK	/htdocs/application/third_party/omnipay/vendor/google/apiclient-services/src/Networkconnectivity/GoogleRpcErrorInfo.php
OK	/htdocs/application/third_party/omnipay/vendor/google/apiclient-services/src/Networkconnectivity/LinkedVpcNetwork.php
OK	/htdocs/application/third_party/omnipay/vendor/google/apiclient-services/src/Networkconnectivity/ListServiceConnectionMapsResponse.php
OK	/htdocs/application/third_party/omnipay/vendor/google/apiclient-services/src/Networkconnectivity/Money.php
OK	/htdocs/application/third_party/omnipay/vendor/google/apiclient-services/src/Networkconnectivity/PscConnection.php
OK	/htdocs/application/third_party/omnipay/vendor/google/apiclient-services/src/Networkconnectivity/RouteTable.php
OK	/htdocs/application/third_party/omnipay/vendor/google/apiclient-services/src/Networkconnectivity/StateReason.php
OK	/htdocs/application/third_party/omnipay/vendor/google/apiclient-services/src/Networkconnectivity/Resource/ProjectsLocationsNetworkconnectivityGlobalHubsGroups.php
OK	/htdocs/application/third_party/omnipay/vendor/google/apiclient-services/src/NetworkManagement/AppEngineVersionEndpoint.php
OK	/htdocs/application/third_party/omnipay/vendor/google/apiclient-services/src/NetworkManagement/DeliverInfo.php
OK	/htdocs/application/third_party/omnipay/vendor/google/apiclient-services/src/NetworkManagement/LatencyDistribution.php
OK	/htdocs/application/third_party/omnipay/vendor/google/apiclient-services/src/NetworkManagement/NetworkmanagementEmpty.php
OK	/htdocs/application/third_party/omnipay/vendor/google/apiclient-services/src/NetworkManagement/SetIamPolicyRequest.php
OK	/htdocs/application/third_party/omnipay/vendor/google/apiclient-services/src/NetworkManagement/Resource/ProjectsLocations.php
OK	/htdocs/application/third_party/omnipay/vendor/google/apiclient-services/src/NetworkSecurity/AuthzPolicyAuthzRuleFromRequestSource.php
OK	/htdocs/application/third_party/omnipay/vendor/google/apiclient-services/src/NetworkSecurity/CancelOperationRequest.php
OK	/htdocs/application/third_party/omnipay/vendor/google/apiclient-services/src/NetworkSecurity/GatewaySecurityPolicyRule.php
OK	/htdocs/application/third_party/omnipay/vendor/google/apiclient-services/src/NetworkSecurity/HttpHeaderMatch.php
OK	/htdocs/application/third_party/omnipay/vendor/google/apiclient-services/src/NetworkSecurity/ListMirroringDeploymentGroupsResponse.php
OK	/htdocs/application/third_party/omnipay/vendor/google/apiclient-services/src/NetworkSecurity/MirroringDeploymentGroup.php
OK	/htdocs/application/third_party/omnipay/vendor/google/apiclient-services/src/NetworkSecurity/SecurityProfile.php
OK	/htdocs/application/third_party/omnipay/vendor/google/apiclient-services/src/NetworkSecurity/Resource/OrganizationsLocations.php
OK	/htdocs/application/third_party/omnipay/vendor/google/apiclient-services/src/NetworkSecurity/Resource/ProjectsLocationsFirewallEndpointAssociations.php
OK	/htdocs/application/third_party/omnipay/vendor/google/apiclient-services/src/NetworkServices/AuditLogConfig.php
OK	/htdocs/application/third_party/omnipay/vendor/google/apiclient-services/src/NetworkServices/Gateway.php
OK	/htdocs/application/third_party/omnipay/vendor/google/apiclient-services/src/NetworkServices/GrpcRouteRouteRule.php
OK	/htdocs/application/third_party/omnipay/vendor/google/apiclient-services/src/NetworkServices/HttpRouteQueryParameterMatch.php
OK	/htdocs/application/third_party/omnipay/vendor/google/apiclient-services/src/NetworkServices/ListEndpointPoliciesResponse.php
OK	/htdocs/application/third_party/omnipay/vendor/google/apiclient-services/src/NetworkServices/ListServiceLbPoliciesResponse.php
OK	/htdocs/application/third_party/omnipay/vendor/google/apiclient-services/src/NetworkServices/Policy.php
OK	/htdocs/application/third_party/omnipay/vendor/google/apiclient-services/src/NetworkServices/TcpRouteRouteRule.php
OK	/htdocs/application/third_party/omnipay/vendor/google/apiclient-services/src/NetworkServices/WasmPluginVersion.php
OK	/htdocs/application/third_party/omnipay/vendor/google/apiclient-services/src/NetworkServices/Resource/ProjectsLocationsHttpRoutes.php
OK	/htdocs/application/third_party/omnipay/vendor/google/apiclient-services/src/NetworkServices/Resource/ProjectsLocationsServiceLbPolicies.php
OK	/htdocs/application/third_party/omnipay/vendor/google/apiclient-services/src/OnDemandScanning/AnalyzePackagesMetadata.php
OK	/htdocs/application/third_party/omnipay/vendor/google/apiclient-services/src/OnDemandScanning/BuildMetadata.php
OK	/htdocs/application/third_party/omnipay/vendor/google/apiclient-services/src/OnDemandScanning/DSSEAttestationOccurrence.php
OK	/htdocs/application/third_party/omnipay/vendor/google/apiclient-services/src/OnDemandScanning/GrafeasV1SlsaProvenance02SlsaCompleteness.php
OK	/htdocs/application/third_party/omnipay/vendor/google/apiclient-services/src/OnDemandScanning/Identity.php
OK	/htdocs/application/third_party/omnipay/vendor/google/apiclient-services/src/OnDemandScanning/ListVulnerabilitiesResponseV1.php
OK	/htdocs/application/third_party/omnipay/vendor/google/apiclient-services/src/OnDemandScanning/PackageVersion.php
OK	/htdocs/application/third_party/omnipay/vendor/google/apiclient-services/src/OnDemandScanning/SBOMStatus.php
OK	/htdocs/application/third_party/omnipay/vendor/google/apiclient-services/src/OnDemandScanning/Status.php
OK	/htdocs/application/third_party/omnipay/vendor/google/apiclient-services/src/OnDemandScanning/Resource/ProjectsLocationsScans.php
OK	/htdocs/application/third_party/omnipay/vendor/google/apiclient-services/src/OracleDatabase/AutonomousDbVersion.php
OK	/htdocs/application/third_party/omnipay/vendor/google/apiclient-services/src/OracleDatabase/DbServer.php
OK	/htdocs/application/third_party/omnipay/vendor/google/apiclient-services/src/OracleDatabase/ListCloudVmClustersResponse.php
OK	/htdocs/application/third_party/omnipay/vendor/google/apiclient-services/src/OracleDatabase/OperationMetadata.php
OK	/htdocs/application/third_party/omnipay/vendor/google/apiclient-services/src/OracleDatabase/Resource/ProjectsLocationsAutonomousDbVersions.php
OK	/htdocs/application/third_party/omnipay/vendor/google/apiclient-services/src/OrgPolicyAPI/GoogleCloudOrgpolicyV2ConstraintCustomConstraintDefinition.php
OK	/htdocs/application/third_party/omnipay/vendor/google/apiclient-services/src/OrgPolicyAPI/GoogleCloudOrgpolicyV2PolicySpecPolicyRule.php
OK	/htdocs/application/third_party/omnipay/vendor/google/apiclient-services/src/OrgPolicyAPI/Resource/ProjectsConstraints.php
OK	/htdocs/application/third_party/omnipay/vendor/google/apiclient-services/src/OSConfig/GoogleCloudOsconfigV1OSPolicyAssignmentOperationMetadata.php
OK	/htdocs/application/third_party/omnipay/vendor/google/apiclient-services/src/OSConfig/InventoryZypperPatch.php
OK	/htdocs/application/third_party/omnipay/vendor/google/apiclient-services/src/OSConfig/Operation.php
OK	/htdocs/application/third_party/omnipay/vendor/google/apiclient-services/src/OSConfig/OSPolicyAssignmentReportOSPolicyComplianceOSPolicyResourceComplianceOSPolicyResourceConfigStep.php
OK	/htdocs/application/third_party/omnipay/vendor/google/apiclient-services/src/OSConfig/OSPolicyResourcePackageResourceAPT.php
OK	/htdocs/application/third_party/omnipay/vendor/google/apiclient-services/src/OSConfig/PatchConfig.php
OK	/htdocs/application/third_party/omnipay/vendor/google/apiclient-services/src/OSConfig/Status.php
OK	/htdocs/application/third_party/omnipay/vendor/google/apiclient-services/src/OSConfig/ZypperSettings.php
OK	/htdocs/application/third_party/omnipay/vendor/google/apiclient-services/src/OSConfig/Resource/ProjectsPatchDeployments.php
OK	/htdocs/application/third_party/omnipay/vendor/google/apiclient-services/src/PagespeedInsights/LighthouseCategoryV5.php
OK	/htdocs/application/third_party/omnipay/vendor/google/apiclient-services/src/Parallelstore/CancelOperationRequest.php
OK	/htdocs/application/third_party/omnipay/vendor/google/apiclient-services/src/Parallelstore/OperationMetadata.php
OK	/htdocs/application/third_party/omnipay/vendor/google/apiclient-services/src/PaymentsResellerSubscription/GoogleCloudPaymentsResellerSubscriptionV1Duration.php
OK	/htdocs/application/third_party/omnipay/vendor/google/apiclient-services/src/PaymentsResellerSubscription/GoogleCloudPaymentsResellerSubscriptionV1GenerateUserSessionResponse.php
OK	/htdocs/application/third_party/omnipay/vendor/google/apiclient-services/src/PaymentsResellerSubscription/GoogleCloudPaymentsResellerSubscriptionV1Promotion.php
OK	/htdocs/application/third_party/omnipay/vendor/google/apiclient-services/src/PaymentsResellerSubscription/GoogleCloudPaymentsResellerSubscriptionV1UndoCancelSubscriptionRequest.php
OK	/htdocs/application/third_party/omnipay/vendor/google/apiclient-services/src/PeopleService/Address.php
OK	/htdocs/application/third_party/omnipay/vendor/google/apiclient-services/src/PeopleService/ClientData.php
OK	/htdocs/application/third_party/omnipay/vendor/google/apiclient-services/src/PeopleService/EmailAddress.php
OK	/htdocs/application/third_party/omnipay/vendor/google/apiclient-services/src/PeopleService/ListDirectoryPeopleResponse.php
OK	/htdocs/application/third_party/omnipay/vendor/google/apiclient-services/src/PeopleService/PeopleEmpty.php
OK	/htdocs/application/third_party/omnipay/vendor/google/apiclient-services/src/PeopleService/SearchResponse.php
OK	/htdocs/application/third_party/omnipay/vendor/google/apiclient-services/src/PeopleService/Resource/ContactGroups.php
OK	/htdocs/application/third_party/omnipay/vendor/google/apiclient-services/src/PlayableLocations/GoogleMapsPlayablelocationsV3SampleCriterion.php
OK	/htdocs/application/third_party/omnipay/vendor/google/apiclient-services/src/Playcustomapp/Resource/Accounts.php
OK	/htdocs/application/third_party/omnipay/vendor/google/apiclient-services/src/Playdeveloperreporting/GooglePlayDeveloperReportingV1beta1ErrorIssue.php
OK	/htdocs/application/third_party/omnipay/vendor/google/apiclient-services/src/Playdeveloperreporting/GooglePlayDeveloperReportingV1beta1QueryCrashRateMetricSetRequest.php
OK	/htdocs/application/third_party/omnipay/vendor/google/apiclient-services/src/Playdeveloperreporting/GooglePlayDeveloperReportingV1beta1Release.php
OK	/htdocs/application/third_party/omnipay/vendor/google/apiclient-services/src/Playdeveloperreporting/GoogleTypeTimeZone.php
OK	/htdocs/application/third_party/omnipay/vendor/google/apiclient-services/src/Playdeveloperreporting/Resource/VitalsSlowstartrate.php
OK	/htdocs/application/third_party/omnipay/vendor/google/apiclient-services/src/PlayIntegrity/AccountRiskVerdict.php
OK	/htdocs/application/third_party/omnipay/vendor/google/apiclient-services/src/PlayIntegrity/TestingDetails.php
OK	/htdocs/application/third_party/omnipay/vendor/google/apiclient-services/src/PolicyAnalyzer/Resource/Folders.php
OK	/htdocs/application/third_party/omnipay/vendor/google/apiclient-services/src/PolicySimulator/GoogleCloudOrgpolicyV2AlternatePolicySpec.php
OK	/htdocs/application/third_party/omnipay/vendor/google/apiclient-services/src/PolicySimulator/GoogleCloudPolicysimulatorV1alphaOrgPolicyOverlayPolicyOverlay.php
OK	/htdocs/application/third_party/omnipay/vendor/google/apiclient-services/src/PolicySimulator/GoogleCloudPolicysimulatorV1betaOrgPolicyViolationsPreview.php
OK	/htdocs/application/third_party/omnipay/vendor/google/apiclient-services/src/PolicySimulator/GoogleCloudPolicysimulatorV1OrgPolicyViolation.php
OK	/htdocs/application/third_party/omnipay/vendor/google/apiclient-services/src/PolicySimulator/GoogleIamV1Binding.php
OK	/htdocs/application/third_party/omnipay/vendor/google/apiclient-services/src/PolicySimulator/Resource/FoldersLocationsReplaysOperations.php
OK	/htdocs/application/third_party/omnipay/vendor/google/apiclient-services/src/PolicySimulator/Resource/ProjectsLocations.php
OK	/htdocs/application/third_party/omnipay/vendor/google/apiclient-services/src/PolicyTroubleshooter/GoogleIamV1AuditConfig.php
OK	/htdocs/application/third_party/omnipay/vendor/google/apiclient-services/src/Pollen/LookupForecastResponse.php
OK	/htdocs/application/third_party/omnipay/vendor/google/apiclient-services/src/PolyService/ListAssetsResponse.php
OK	/htdocs/application/third_party/omnipay/vendor/google/apiclient-services/src/PolyService/Resource/UsersAssets.php
OK	/htdocs/application/third_party/omnipay/vendor/google/apiclient-services/src/PublicCertificateAuthority/Resource/Projects.php
OK	/htdocs/application/third_party/omnipay/vendor/google/apiclient-services/src/Pubsub/CloudStorage.php
OK	/htdocs/application/third_party/omnipay/vendor/google/apiclient-services/src/Pubsub/ListSchemasResponse.php
OK	/htdocs/application/third_party/omnipay/vendor/google/apiclient-services/src/Pubsub/PlatformLogsSettings.php
OK	/htdocs/application/third_party/omnipay/vendor/google/apiclient-services/src/Pubsub/RetryPolicy.php
OK	/htdocs/application/third_party/omnipay/vendor/google/apiclient-services/src/Pubsub/TextFormat.php
OK	/htdocs/application/third_party/omnipay/vendor/google/apiclient-services/src/Pubsub/Resource/ProjectsSubscriptions.php
OK	/htdocs/application/third_party/omnipay/vendor/google/apiclient-services/src/PubsubLite/ComputeTimeCursorRequest.php
OK	/htdocs/application/third_party/omnipay/vendor/google/apiclient-services/src/PubsubLite/Operation.php
OK	/htdocs/application/third_party/omnipay/vendor/google/apiclient-services/src/PubsubLite/Subscription.php
OK	/htdocs/application/third_party/omnipay/vendor/google/apiclient-services/src/PubsubLite/Resource/AdminProjectsLocationsTopicsSubscriptions.php
OK	/htdocs/application/third_party/omnipay/vendor/google/apiclient-services/src/RapidMigrationAssessment/Collector.php
OK	/htdocs/application/third_party/omnipay/vendor/google/apiclient-services/src/RapidMigrationAssessment/Status.php
OK	/htdocs/application/third_party/omnipay/vendor/google/apiclient-services/src/RealTimeBidding/AdvertiserAndBrand.php
OK	/htdocs/application/third_party/omnipay/vendor/google/apiclient-services/src/RealTimeBidding/Date.php
OK	/htdocs/application/third_party/omnipay/vendor/google/apiclient-services/src/RealTimeBidding/Image.php
OK	/htdocs/application/third_party/omnipay/vendor/google/apiclient-services/src/RealTimeBidding/PolicyCompliance.php
OK	/htdocs/application/third_party/omnipay/vendor/google/apiclient-services/src/RealTimeBidding/UrlRestriction.php
OK	/htdocs/application/third_party/omnipay/vendor/google/apiclient-services/src/RealTimeBidding/Resource/BuyersCreatives.php
OK	/htdocs/application/third_party/omnipay/vendor/google/apiclient-services/src/RecaptchaEnterprise/GoogleCloudRecaptchaenterpriseV1ChallengeMetrics.php
OK	/htdocs/application/third_party/omnipay/vendor/google/apiclient-services/src/RecaptchaEnterprise/GoogleCloudRecaptchaenterpriseV1FirewallPolicyAssessment.php
OK	/htdocs/application/third_party/omnipay/vendor/google/apiclient-services/src/RecaptchaEnterprise/GoogleCloudRecaptchaenterpriseV1ListIpOverridesResponse.php
OK	/htdocs/application/third_party/omnipay/vendor/google/apiclient-services/src/RecaptchaEnterprise/GoogleCloudRecaptchaenterpriseV1ReorderFirewallPoliciesRequest.php
OK	/htdocs/application/third_party/omnipay/vendor/google/apiclient-services/src/RecaptchaEnterprise/GoogleCloudRecaptchaenterpriseV1TransactionDataAddress.php
OK	/htdocs/application/third_party/omnipay/vendor/google/apiclient-services/src/RecaptchaEnterprise/Resource/ProjectsAssessments.php
OK	/htdocs/application/third_party/omnipay/vendor/google/apiclient-services/src/RecommendationsAI/GoogleCloudRecommendationengineV1beta1Catalog.php
OK	/htdocs/application/third_party/omnipay/vendor/google/apiclient-services/src/RecommendationsAI/GoogleCloudRecommendationengineV1beta1ImportCatalogItemsRequest.php
OK	/htdocs/application/third_party/omnipay/vendor/google/apiclient-services/src/RecommendationsAI/GoogleCloudRecommendationengineV1beta1PredictRequest.php
OK	/htdocs/application/third_party/omnipay/vendor/google/apiclient-services/src/RecommendationsAI/GoogleCloudRecommendationengineV1beta1RejoinUserEventsMetadata.php
OK	/htdocs/application/third_party/omnipay/vendor/google/apiclient-services/src/RecommendationsAI/Resource/ProjectsLocations.php
OK	/htdocs/application/third_party/omnipay/vendor/google/apiclient-services/src/Recommender/GoogleCloudRecommenderV1InsightRecommendationReference.php
OK	/htdocs/application/third_party/omnipay/vendor/google/apiclient-services/src/Recommender/GoogleCloudRecommenderV1OperationGroup.php
OK	/htdocs/application/third_party/omnipay/vendor/google/apiclient-services/src/Recommender/Resource/BillingAccounts.php
OK	/htdocs/application/third_party/omnipay/vendor/google/apiclient-services/src/Recommender/Resource/Organizations.php
OK	/htdocs/application/third_party/omnipay/vendor/google/apiclient-services/src/RemoteBuildExecution/BuildBazelRemoteExecutionV2Action.php
OK	/htdocs/application/third_party/omnipay/vendor/google/apiclient-services/src/RemoteBuildExecution/BuildBazelRemoteExecutionV2CommandEnvironmentVariable.php
OK	/htdocs/application/third_party/omnipay/vendor/google/apiclient-services/src/RemoteBuildExecution/BuildBazelRemoteExecutionV2FindMissingBlobsResponse.php
OK	/htdocs/application/third_party/omnipay/vendor/google/apiclient-services/src/RemoteBuildExecution/BuildBazelRemoteExecutionV2RequestMetadata.php
OK	/htdocs/application/third_party/omnipay/vendor/google/apiclient-services/src/RemoteBuildExecution/GoogleDevtoolsRemotebuildbotResourceUsageIOStats.php
OK	/htdocs/application/third_party/omnipay/vendor/google/apiclient-services/src/RemoteBuildExecution/GoogleDevtoolsRemotebuildexecutionAdminV1alphaInstance.php
OK	/htdocs/application/third_party/omnipay/vendor/google/apiclient-services/src/RemoteBuildExecution/GoogleDevtoolsRemoteworkersV1test2CommandOverhead.php
OK	/htdocs/application/third_party/omnipay/vendor/google/apiclient-services/src/RemoteBuildExecution/GoogleRpcStatus.php
OK	/htdocs/application/third_party/omnipay/vendor/google/apiclient-services/src/Reports/ActivityEventsParametersMultiMessageValue.php
OK	/htdocs/application/third_party/omnipay/vendor/google/apiclient-services/src/Reports/Resource/CustomerUsageReports.php
OK	/htdocs/application/third_party/omnipay/vendor/google/apiclient-services/src/Reseller/SubscriptionPlan.php
OK	/htdocs/application/third_party/omnipay/vendor/google/apiclient-services/src/ResourceSettings/GoogleCloudResourcesettingsV1ValueEnumValue.php
OK	/htdocs/application/third_party/omnipay/vendor/google/apiclient-services/src/SA360/GoogleAdsSearchads360V0CommonAssetInteractionTarget.php
OK	/htdocs/application/third_party/omnipay/vendor/google/apiclient-services/src/SA360/GoogleAdsSearchads360V0CommonKeyword.php
OK	/htdocs/application/third_party/omnipay/vendor/google/apiclient-services/src/SA360/GoogleAdsSearchads360V0CommonMobileAppAsset.php
OK	/htdocs/application/third_party/omnipay/vendor/google/apiclient-services/src/SA360/GoogleAdsSearchads360V0CommonTargetingSetting.php
OK	/htdocs/application/third_party/omnipay/vendor/google/apiclient-services/src/SA360/GoogleAdsSearchads360V0CommonUserListInfo.php
OK	/htdocs/application/third_party/omnipay/vendor/google/apiclient-services/src/SA360/GoogleAdsSearchads360V0ResourcesAccessibleBiddingStrategy.php
OK	/htdocs/application/third_party/omnipay/vendor/google/apiclient-services/src/SA360/GoogleAdsSearchads360V0ResourcesAdGroupAsset.php
OK	/htdocs/application/third_party/omnipay/vendor/google/apiclient-services/src/SA360/GoogleAdsSearchads360V0ResourcesAsset.php
OK	/htdocs/application/third_party/omnipay/vendor/google/apiclient-services/src/SA360/GoogleAdsSearchads360V0ResourcesCampaignAsset.php
OK	/htdocs/application/third_party/omnipay/vendor/google/apiclient-services/src/SA360/GoogleAdsSearchads360V0ResourcesCampaignShoppingSetting.php
OK	/htdocs/application/third_party/omnipay/vendor/google/apiclient-services/src/SA360/GoogleAdsSearchads360V0ResourcesCustomer.php
OK	/htdocs/application/third_party/omnipay/vendor/google/apiclient-services/src/SA360/GoogleAdsSearchads360V0ResourcesListingGroupFilterDimension.php
OK	/htdocs/application/third_party/omnipay/vendor/google/apiclient-services/src/SA360/GoogleAdsSearchads360V0ResourcesSearchAds360Field.php
OK	/htdocs/application/third_party/omnipay/vendor/google/apiclient-services/src/SA360/GoogleAdsSearchads360V0ServicesRawEventConversionMetricHeader.php
OK	/htdocs/application/third_party/omnipay/vendor/google/apiclient-services/src/Safebrowsing/Checksum.php
OK	/htdocs/application/third_party/omnipay/vendor/google/apiclient-services/src/Safebrowsing/GoogleSecuritySafebrowsingV4FetchThreatListUpdatesRequest.php
OK	/htdocs/application/third_party/omnipay/vendor/google/apiclient-services/src/Safebrowsing/GoogleSecuritySafebrowsingV4RiceDeltaEncoding.php
OK	/htdocs/application/third_party/omnipay/vendor/google/apiclient-services/src/Safebrowsing/GoogleSecuritySafebrowsingV5FullHashFullHashDetail.php
OK	/htdocs/application/third_party/omnipay/vendor/google/apiclient-services/src/Safebrowsing/ThreatEntrySet.php
OK	/htdocs/application/third_party/omnipay/vendor/google/apiclient-services/src/Safebrowsing/Resource/ThreatLists.php
OK	/htdocs/application/third_party/omnipay/vendor/google/apiclient-services/src/Sasportal/SasPortalDeviceConfig.php
OK	/htdocs/application/third_party/omnipay/vendor/google/apiclient-services/src/Sasportal/SasPortalListCustomersResponse.php
OK	/htdocs/application/third_party/omnipay/vendor/google/apiclient-services/src/Sasportal/SasPortalNode.php
OK	/htdocs/application/third_party/omnipay/vendor/google/apiclient-services/src/Sasportal/SasPortalStatus.php
OK	/htdocs/application/third_party/omnipay/vendor/google/apiclient-services/src/Sasportal/Resource/CustomersNodesDevices.php
OK	/htdocs/application/third_party/omnipay/vendor/google/apiclient-services/src/Sasportal/Resource/NodesNodesNodes.php
OK	/htdocs/application/third_party/omnipay/vendor/google/apiclient-services/src/SASPortalTesting/SasPortalDeviceGrant.php
OK	/htdocs/application/third_party/omnipay/vendor/google/apiclient-services/src/SASPortalTesting/SasPortalListDeploymentsResponse.php
OK	/htdocs/application/third_party/omnipay/vendor/google/apiclient-services/src/SASPortalTesting/SasPortalNrqzValidation.php
OK	/htdocs/application/third_party/omnipay/vendor/google/apiclient-services/src/SASPortalTesting/SasPortalTestPermissionsRequest.php
OK	/htdocs/application/third_party/omnipay/vendor/google/apiclient-services/src/SASPortalTesting/Resource/CustomersNodesNodes.php
OK	/htdocs/application/third_party/omnipay/vendor/google/apiclient-services/src/SASPortalTesting/Resource/Policies.php
OK	/htdocs/application/third_party/omnipay/vendor/google/apiclient-services/src/Script/GoogleAppsScriptTypeExecutionApiConfig.php
OK	/htdocs/application/third_party/omnipay/vendor/google/apiclient-services/src/Script/ListVersionsResponse.php
OK	/htdocs/application/third_party/omnipay/vendor/google/apiclient-services/src/Script/Value.php
OK	/htdocs/application/third_party/omnipay/vendor/google/apiclient-services/src/SearchConsole/BlockedResource.php
OK	/htdocs/application/third_party/omnipay/vendor/google/apiclient-services/src/SearchConsole/RichResultsIssue.php
OK	/htdocs/application/third_party/omnipay/vendor/google/apiclient-services/src/SearchConsole/Resource/Searchanalytics.php
OK	/htdocs/application/third_party/omnipay/vendor/google/apiclient-services/src/SecretManager/AutomaticStatus.php
OK	/htdocs/application/third_party/omnipay/vendor/google/apiclient-services/src/SecretManager/Policy.php
OK	/htdocs/application/third_party/omnipay/vendor/google/apiclient-services/src/SecretManager/TestIamPermissionsResponse.php
OK	/htdocs/application/third_party/omnipay/vendor/google/apiclient-services/src/SecurityCommandCenter/AdaptiveProtection.php
OK	/htdocs/application/third_party/omnipay/vendor/google/apiclient-services/src/SecurityCommandCenter/AuditConfig.php
OK	/htdocs/application/third_party/omnipay/vendor/google/apiclient-services/src/SecurityCommandCenter/BatchCreateResourceValueConfigsRequest.php
OK	/htdocs/application/third_party/omnipay/vendor/google/apiclient-services/src/SecurityCommandCenter/Contact.php
OK	/htdocs/application/third_party/omnipay/vendor/google/apiclient-services/src/SecurityCommandCenter/Denied.php
OK	/htdocs/application/third_party/omnipay/vendor/google/apiclient-services/src/SecurityCommandCenter/Finding.php
OK	/htdocs/application/third_party/omnipay/vendor/google/apiclient-services/src/SecurityCommandCenter/GoogleCloudSecuritycenterV1EffectiveSecurityHealthAnalyticsCustomModule.php
OK	/htdocs/application/third_party/omnipay/vendor/google/apiclient-services/src/SecurityCommandCenter/GoogleCloudSecuritycenterV1Property.php
OK	/htdocs/application/third_party/omnipay/vendor/google/apiclient-services/src/SecurityCommandCenter/GoogleCloudSecuritycenterV2Attack.php
OK	/htdocs/application/third_party/omnipay/vendor/google/apiclient-services/src/SecurityCommandCenter/GoogleCloudSecuritycenterV2BigQueryExport.php
OK	/htdocs/application/third_party/omnipay/vendor/google/apiclient-services/src/SecurityCommandCenter/GoogleCloudSecuritycenterV2Cve.php
OK	/htdocs/application/third_party/omnipay/vendor/google/apiclient-services/src/SecurityCommandCenter/GoogleCloudSecuritycenterV2ExfilResource.php
OK	/htdocs/application/third_party/omnipay/vendor/google/apiclient-services/src/SecurityCommandCenter/GoogleCloudSecuritycenterV2Issue.php
OK	/htdocs/application/third_party/omnipay/vendor/google/apiclient-services/src/SecurityCommandCenter/GoogleCloudSecuritycenterV2IssueSecurityContext.php
OK	/htdocs/application/third_party/omnipay/vendor/google/apiclient-services/src/SecurityCommandCenter/GoogleCloudSecuritycenterV2MuteInfo.php
OK	/htdocs/application/third_party/omnipay/vendor/google/apiclient-services/src/SecurityCommandCenter/GoogleCloudSecuritycenterV2Process.php
OK	/htdocs/application/third_party/omnipay/vendor/google/apiclient-services/src/SecurityCommandCenter/GoogleCloudSecuritycenterV2SecurityPosture.php
OK	/htdocs/application/third_party/omnipay/vendor/google/apiclient-services/src/SecurityCommandCenter/GroupFindingsResponse.php
OK	/htdocs/application/third_party/omnipay/vendor/google/apiclient-services/src/SecurityCommandCenter/ListAssetsResponse.php
OK	/htdocs/application/third_party/omnipay/vendor/google/apiclient-services/src/SecurityCommandCenter/ListNotificationConfigsResponse.php
OK	/htdocs/application/third_party/omnipay/vendor/google/apiclient-services/src/SecurityCommandCenter/Node.php
OK	/htdocs/application/third_party/omnipay/vendor/google/apiclient-services/src/SecurityCommandCenter/PolicyDriftDetails.php
OK	/htdocs/application/third_party/omnipay/vendor/google/apiclient-services/src/SecurityCommandCenter/SecurityBulletin.php
OK	/htdocs/application/third_party/omnipay/vendor/google/apiclient-services/src/SecurityCommandCenter/SetMuteRequest.php
OK	/htdocs/application/third_party/omnipay/vendor/google/apiclient-services/src/SecurityCommandCenter/TestIamPermissionsResponse.php
OK	/htdocs/application/third_party/omnipay/vendor/google/apiclient-services/src/SecurityCommandCenter/Resource/FoldersBigQueryExports.php
OK	/htdocs/application/third_party/omnipay/vendor/google/apiclient-services/src/SecurityCommandCenter/Resource/FoldersSources.php
OK	/htdocs/application/third_party/omnipay/vendor/google/apiclient-services/src/SecurityCommandCenter/Resource/OrganizationsLocationsMuteConfigs.php
OK	/htdocs/application/third_party/omnipay/vendor/google/apiclient-services/src/SecurityCommandCenter/Resource/OrganizationsSimulationsAttackPaths.php
OK	/htdocs/application/third_party/omnipay/vendor/google/apiclient-services/src/SecurityCommandCenter/Resource/ProjectsEventThreatDetectionSettingsEffectiveCustomModules.php
OK	/htdocs/application/third_party/omnipay/vendor/google/apiclient-services/src/SecurityPosture/AssetDetails.php
OK	/htdocs/application/third_party/omnipay/vendor/google/apiclient-services/src/SecurityPosture/IaC.php
OK	/htdocs/application/third_party/omnipay/vendor/google/apiclient-services/src/SecurityPosture/OrgPolicyConstraint.php
OK	/htdocs/application/third_party/omnipay/vendor/google/apiclient-services/src/SecurityPosture/ResourceTypes.php
OK	/htdocs/application/third_party/omnipay/vendor/google/apiclient-services/src/SecurityPosture/Resource/OrganizationsLocationsReports.php
OK	/htdocs/application/third_party/omnipay/vendor/google/apiclient-services/src/SemanticTile/ProviderInfo.php
OK	/htdocs/application/third_party/omnipay/vendor/google/apiclient-services/src/SemanticTile/Resource/Terraintiles.php
OK	/htdocs/application/third_party/omnipay/vendor/google/apiclient-services/src/ServerlessVPCAccess/Resource/Projects.php
OK	/htdocs/application/third_party/omnipay/vendor/google/apiclient-services/src/ServiceConsumerManagement/AuthRequirement.php
OK	/htdocs/application/third_party/omnipay/vendor/google/apiclient-services/src/ServiceConsumerManagement/CppSettings.php
OK	/htdocs/application/third_party/omnipay/vendor/google/apiclient-services/src/ServiceConsumerManagement/ExperimentalFeatures.php
OK	/htdocs/application/third_party/omnipay/vendor/google/apiclient-services/src/ServiceConsumerManagement/Logging.php
OK	/htdocs/application/third_party/omnipay/vendor/google/apiclient-services/src/ServiceConsumerManagement/MonitoringDestination.php
OK	/htdocs/application/third_party/omnipay/vendor/google/apiclient-services/src/ServiceConsumerManagement/RemoveTenantProjectRequest.php
OK	/htdocs/application/third_party/omnipay/vendor/google/apiclient-services/src/ServiceConsumerManagement/SystemParameters.php
OK	/htdocs/application/third_party/omnipay/vendor/google/apiclient-services/src/ServiceConsumerManagement/V1Beta1EnableConsumerResponse.php
OK	/htdocs/application/third_party/omnipay/vendor/google/apiclient-services/src/ServiceConsumerManagement/V1GenerateServiceAccountResponse.php
OK	/htdocs/application/third_party/omnipay/vendor/google/apiclient-services/src/ServiceControl/AuthorizationInfo.php
OK	/htdocs/application/third_party/omnipay/vendor/google/apiclient-services/src/ServiceControl/ResourceInfo.php
OK	/htdocs/application/third_party/omnipay/vendor/google/apiclient-services/src/ServiceControl/V2LogEntryOperation.php
OK	/htdocs/application/third_party/omnipay/vendor/google/apiclient-services/src/ServiceDirectory/ListNamespacesResponse.php
OK	/htdocs/application/third_party/omnipay/vendor/google/apiclient-services/src/ServiceDirectory/Resource/Projects.php
OK	/htdocs/application/third_party/omnipay/vendor/google/apiclient-services/src/ServiceManagement/AuthProvider.php
OK	/htdocs/application/third_party/omnipay/vendor/google/apiclient-services/src/ServiceManagement/ConfigRef.php
OK	/htdocs/application/third_party/omnipay/vendor/google/apiclient-services/src/ServiceManagement/DocumentationRule.php
OK	/htdocs/application/third_party/omnipay/vendor/google/apiclient-services/src/ServiceManagement/GenerateConfigReportResponse.php
OK	/htdocs/application/third_party/omnipay/vendor/google/apiclient-services/src/ServiceManagement/ListServicesResponse.php
OK	/htdocs/application/third_party/omnipay/vendor/google/apiclient-services/src/ServiceManagement/Mixin.php
OK	/htdocs/application/third_party/omnipay/vendor/google/apiclient-services/src/ServiceManagement/Policy.php
OK	/htdocs/application/third_party/omnipay/vendor/google/apiclient-services/src/ServiceManagement/SourceInfo.php
OK	/htdocs/application/third_party/omnipay/vendor/google/apiclient-services/src/ServiceManagement/UndeleteServiceResponse.php
OK	/htdocs/application/third_party/omnipay/vendor/google/apiclient-services/src/ServiceNetworking/AddDnsZoneResponse.php
OK	/htdocs/application/third_party/omnipay/vendor/google/apiclient-services/src/ServiceNetworking/BackendRule.php
OK	/htdocs/application/third_party/omnipay/vendor/google/apiclient-services/src/ServiceNetworking/ContextRule.php
OK	/htdocs/application/third_party/omnipay/vendor/google/apiclient-services/src/ServiceNetworking/DnsZonePair.php
OK	/htdocs/application/third_party/omnipay/vendor/google/apiclient-services/src/ServiceNetworking/GoogleCloudServicenetworkingV1betaConnection.php
OK	/htdocs/application/third_party/omnipay/vendor/google/apiclient-services/src/ServiceNetworking/ListOperationsResponse.php
OK	/htdocs/application/third_party/omnipay/vendor/google/apiclient-services/src/ServiceNetworking/Mixin.php
OK	/htdocs/application/third_party/omnipay/vendor/google/apiclient-services/src/ServiceNetworking/PhpSettings.php
OK	/htdocs/application/third_party/omnipay/vendor/google/apiclient-services/src/ServiceNetworking/RemoveDnsZoneRequest.php
OK	/htdocs/application/third_party/omnipay/vendor/google/apiclient-services/src/ServiceNetworking/Status.php
OK	/htdocs/application/third_party/omnipay/vendor/google/apiclient-services/src/ServiceNetworking/ValidateConsumerConfigResponse.php
OK	/htdocs/application/third_party/omnipay/vendor/google/apiclient-services/src/ServiceNetworking/Resource/ServicesProjectsServicenetworkingGlobalNetworks.php
OK	/htdocs/application/third_party/omnipay/vendor/google/apiclient-services/src/ServiceUsage/AnalyzeConsumerPolicyResponse.php
OK	/htdocs/application/third_party/omnipay/vendor/google/apiclient-services/src/ServiceUsage/BatchEnableServicesResponse.php
OK	/htdocs/application/third_party/omnipay/vendor/google/apiclient-services/src/ServiceUsage/CreateAdminQuotaPolicyMetadata.php
OK	/htdocs/application/third_party/omnipay/vendor/google/apiclient-services/src/ServiceUsage/EnableServiceRequest.php
OK	/htdocs/application/third_party/omnipay/vendor/google/apiclient-services/src/ServiceUsage/GoogleApiServiceusageV1beta1ServiceIdentity.php
OK	/htdocs/application/third_party/omnipay/vendor/google/apiclient-services/src/ServiceUsage/GoogleApiServiceusageV2betaEnableRule.php
OK	/htdocs/application/third_party/omnipay/vendor/google/apiclient-services/src/ServiceUsage/ImportConsumerOverridesMetadata.php
OK	/htdocs/application/third_party/omnipay/vendor/google/apiclient-services/src/ServiceUsage/MethodPolicy.php
OK	/htdocs/application/third_party/omnipay/vendor/google/apiclient-services/src/ServiceUsage/OperationMetadata.php
OK	/htdocs/application/third_party/omnipay/vendor/google/apiclient-services/src/ServiceUsage/SelectiveGapicGeneration.php
OK	/htdocs/application/third_party/omnipay/vendor/google/apiclient-services/src/ServiceUsage/UpdateAdminQuotaPolicyMetadata.php
OK	/htdocs/application/third_party/omnipay/vendor/google/apiclient-services/src/Sheets/AddConditionalFormatRuleRequest.php
OK	/htdocs/application/third_party/omnipay/vendor/google/apiclient-services/src/Sheets/AddSheetResponse.php
OK	/htdocs/application/third_party/omnipay/vendor/google/apiclient-services/src/Sheets/BasicChartDomain.php
OK	/htdocs/application/third_party/omnipay/vendor/google/apiclient-services/src/Sheets/BatchUpdateSpreadsheetRequest.php
OK	/htdocs/application/third_party/omnipay/vendor/google/apiclient-services/src/Sheets/Borders.php
OK	/htdocs/application/third_party/omnipay/vendor/google/apiclient-services/src/Sheets/ChartCustomNumberFormatOptions.php
OK	/htdocs/application/third_party/omnipay/vendor/google/apiclient-services/src/Sheets/ConditionalFormatRule.php
OK	/htdocs/application/third_party/omnipay/vendor/google/apiclient-services/src/Sheets/DataSourceChartProperties.php
OK	/htdocs/application/third_party/omnipay/vendor/google/apiclient-services/src/Sheets/DataSourceSheetProperties.php
OK	/htdocs/application/third_party/omnipay/vendor/google/apiclient-services/src/Sheets/DeleteDimensionGroupResponse.php
OK	/htdocs/application/third_party/omnipay/vendor/google/apiclient-services/src/Sheets/DeveloperMetadataLookup.php
OK	/htdocs/application/third_party/omnipay/vendor/google/apiclient-services/src/Sheets/ErrorValue.php
OK	/htdocs/application/third_party/omnipay/vendor/google/apiclient-services/src/Sheets/GridRange.php
OK	/htdocs/application/third_party/omnipay/vendor/google/apiclient-services/src/Sheets/LookerDataSourceSpec.php
OK	/htdocs/application/third_party/omnipay/vendor/google/apiclient-services/src/Sheets/PasteDataRequest.php
OK	/htdocs/application/third_party/omnipay/vendor/google/apiclient-services/src/Sheets/ProtectedRange.php
OK	/htdocs/application/third_party/omnipay/vendor/google/apiclient-services/src/Sheets/SearchDeveloperMetadataResponse.php
OK	/htdocs/application/third_party/omnipay/vendor/google/apiclient-services/src/Sheets/SpreadsheetTheme.php
OK	/htdocs/application/third_party/omnipay/vendor/google/apiclient-services/src/Sheets/UnmergeCellsRequest.php
OK	/htdocs/application/third_party/omnipay/vendor/google/apiclient-services/src/Sheets/UpdateDimensionPropertiesRequest.php
OK	/htdocs/application/third_party/omnipay/vendor/google/apiclient-services/src/Sheets/ValueRange.php
OK	/htdocs/application/third_party/omnipay/vendor/google/apiclient-services/src/ShoppingContent/AccountAdsLink.php
OK	/htdocs/application/third_party/omnipay/vendor/google/apiclient-services/src/ShoppingContent/AccountIssue.php
OK	/htdocs/application/third_party/omnipay/vendor/google/apiclient-services/src/ShoppingContent/AccountsCustomBatchResponseEntry.php
OK	/htdocs/application/third_party/omnipay/vendor/google/apiclient-services/src/ShoppingContent/AccountstatusesListResponse.php
OK	/htdocs/application/third_party/omnipay/vendor/google/apiclient-services/src/ShoppingContent/AccountTaxTaxRule.php
OK	/htdocs/application/third_party/omnipay/vendor/google/apiclient-services/src/ShoppingContent/AttributionSettingsConversionType.php
OK	/htdocs/application/third_party/omnipay/vendor/google/apiclient-services/src/ShoppingContent/CaptureOrderRequest.php
OK	/htdocs/application/third_party/omnipay/vendor/google/apiclient-services/src/ShoppingContent/ConversionSource.php
OK	/htdocs/application/third_party/omnipay/vendor/google/apiclient-services/src/ShoppingContent/DatafeedsCustomBatchResponse.php
OK	/htdocs/application/third_party/omnipay/vendor/google/apiclient-services/src/ShoppingContent/DatafeedTarget.php
OK	/htdocs/application/third_party/omnipay/vendor/google/apiclient-services/src/ShoppingContent/FreeListingsProgramStatusRegionStatus.php
OK	/htdocs/application/third_party/omnipay/vendor/google/apiclient-services/src/ShoppingContent/InputFieldCheckboxInput.php
OK	/htdocs/application/third_party/omnipay/vendor/google/apiclient-services/src/ShoppingContent/LabelIds.php
OK	/htdocs/application/third_party/omnipay/vendor/google/apiclient-services/src/ShoppingContent/LiasettingsGetAccessibleGmbAccountsResponse.php
OK	/htdocs/application/third_party/omnipay/vendor/google/apiclient-services/src/ShoppingContent/ListCollectionsResponse.php
OK	/htdocs/application/third_party/omnipay/vendor/google/apiclient-services/src/ShoppingContent/LocalinventoryCustomBatchRequest.php
OK	/htdocs/application/third_party/omnipay/vendor/google/apiclient-services/src/ShoppingContent/Metrics.php
OK	/htdocs/application/third_party/omnipay/vendor/google/apiclient-services/src/ShoppingContent/OrderinvoicesCreateChargeInvoiceRequest.php
OK	/htdocs/application/third_party/omnipay/vendor/google/apiclient-services/src/ShoppingContent/OrderLineItemShippingDetails.php
OK	/htdocs/application/third_party/omnipay/vendor/google/apiclient-services/src/ShoppingContent/OrderReportTransaction.php
OK	/htdocs/application/third_party/omnipay/vendor/google/apiclient-services/src/ShoppingContent/OrderreturnsRejectOperation.php
OK	/htdocs/application/third_party/omnipay/vendor/google/apiclient-services/src/ShoppingContent/OrdersCreateTestOrderResponse.php
OK	/htdocs/application/third_party/omnipay/vendor/google/apiclient-services/src/ShoppingContent/OrderShipmentScheduledDeliveryDetails.php
OK	/htdocs/application/third_party/omnipay/vendor/google/apiclient-services/src/ShoppingContent/OrdersSetLineItemMetadataRequest.php
OK	/htdocs/application/third_party/omnipay/vendor/google/apiclient-services/src/ShoppingContent/OrderTrackingSignalShipmentLineItemMapping.php
OK	/htdocs/application/third_party/omnipay/vendor/google/apiclient-services/src/ShoppingContent/PosInventory.php
OK	/htdocs/application/third_party/omnipay/vendor/google/apiclient-services/src/ShoppingContent/PriceCompetitiveness.php
OK	/htdocs/application/third_party/omnipay/vendor/google/apiclient-services/src/ShoppingContent/ProductIssueImpact.php
OK	/htdocs/application/third_party/omnipay/vendor/google/apiclient-services/src/ShoppingContent/ProductstatusesCustomBatchRequest.php
OK	/htdocs/application/third_party/omnipay/vendor/google/apiclient-services/src/ShoppingContent/ProductUnitPricingMeasure.php
OK	/htdocs/application/third_party/omnipay/vendor/google/apiclient-services/src/ShoppingContent/RateGroup.php
OK	/htdocs/application/third_party/omnipay/vendor/google/apiclient-services/src/ShoppingContent/RegionGeoTargetArea.php
OK	/htdocs/application/third_party/omnipay/vendor/google/apiclient-services/src/ShoppingContent/RepricingRuleCostOfGoodsSaleRule.php
OK	/htdocs/application/third_party/omnipay/vendor/google/apiclient-services/src/ShoppingContent/RequestReviewBuyOnGoogleProgramRequest.php
OK	/htdocs/application/third_party/omnipay/vendor/google/apiclient-services/src/ShoppingContent/ReturnpolicyCustomBatchRequestEntry.php
OK	/htdocs/application/third_party/omnipay/vendor/google/apiclient-services/src/ShoppingContent/ReturnShipment.php
OK	/htdocs/application/third_party/omnipay/vendor/google/apiclient-services/src/ShoppingContent/SettlementTransaction.php
OK	/htdocs/application/third_party/omnipay/vendor/google/apiclient-services/src/ShoppingContent/ShippingsettingsCustomBatchResponse.php
OK	/htdocs/application/third_party/omnipay/vendor/google/apiclient-services/src/ShoppingContent/TestOrderDeliveryDetails.php
OK	/htdocs/application/third_party/omnipay/vendor/google/apiclient-services/src/ShoppingContent/TriggerActionPayload.php
OK	/htdocs/application/third_party/omnipay/vendor/google/apiclient-services/src/ShoppingContent/WarehouseCutoffTime.php
OK	/htdocs/application/third_party/omnipay/vendor/google/apiclient-services/src/ShoppingContent/Resource/Collections.php
OK	/htdocs/application/third_party/omnipay/vendor/google/apiclient-services/src/ShoppingContent/Resource/Orderinvoices.php
OK	/htdocs/application/third_party/omnipay/vendor/google/apiclient-services/src/ShoppingContent/Resource/Pubsubnotificationsettings.php
OK	/htdocs/application/third_party/omnipay/vendor/google/apiclient-services/src/ShoppingContent/Resource/Settlementtransactions.php
OK	/htdocs/application/third_party/omnipay/vendor/google/apiclient-services/src/Slides/AutoText.php
OK	/htdocs/application/third_party/omnipay/vendor/google/apiclient-services/src/Slides/CreateShapeResponse.php
OK	/htdocs/application/third_party/omnipay/vendor/google/apiclient-services/src/Slides/DeleteTableColumnRequest.php
OK	/htdocs/application/third_party/omnipay/vendor/google/apiclient-services/src/Slides/InsertTableRowsRequest.php
OK	/htdocs/application/third_party/omnipay/vendor/google/apiclient-services/src/Slides/NestingLevel.php
OK	/htdocs/application/third_party/omnipay/vendor/google/apiclient-services/src/Slides/ParagraphStyle.php
OK	/htdocs/application/third_party/omnipay/vendor/google/apiclient-services/src/Slides/ReplaceImageRequest.php
OK	/htdocs/application/third_party/omnipay/vendor/google/apiclient-services/src/Slides/SlideProperties.php
OK	/htdocs/application/third_party/omnipay/vendor/google/apiclient-services/src/Slides/TableCell.php
OK	/htdocs/application/third_party/omnipay/vendor/google/apiclient-services/src/Slides/ThemeColorPair.php
OK	/htdocs/application/third_party/omnipay/vendor/google/apiclient-services/src/Slides/UpdateShapePropertiesRequest.php
OK	/htdocs/application/third_party/omnipay/vendor/google/apiclient-services/src/Slides/WordArt.php
OK	/htdocs/application/third_party/omnipay/vendor/google/apiclient-services/src/SmartDeviceManagement/GoogleHomeEnterpriseSdmV1Structure.php
OK	/htdocs/application/third_party/omnipay/vendor/google/apiclient-services/src/Solar/HttpBody.php
OK	/htdocs/application/third_party/omnipay/vendor/google/apiclient-services/src/Solar/Resource/BuildingInsights.php
OK	/htdocs/application/third_party/omnipay/vendor/google/apiclient-services/src/Spanner/BackupInstancePartition.php
OK	/htdocs/application/third_party/omnipay/vendor/google/apiclient-services/src/Spanner/CommitRequest.php
OK	/htdocs/application/third_party/omnipay/vendor/google/apiclient-services/src/Spanner/CreateInstanceConfigRequest.php
OK	/htdocs/application/third_party/omnipay/vendor/google/apiclient-services/src/Spanner/DiagnosticMessage.php
OK	/htdocs/application/third_party/omnipay/vendor/google/apiclient-services/src/Spanner/FullBackupSpec.php
OK	/htdocs/application/third_party/omnipay/vendor/google/apiclient-services/src/Spanner/InstancePartition.php
OK	/htdocs/application/third_party/omnipay/vendor/google/apiclient-services/src/Spanner/ListDatabasesResponse.php
OK	/htdocs/application/third_party/omnipay/vendor/google/apiclient-services/src/Spanner/MetricMatrixRow.php
OK	/htdocs/application/third_party/omnipay/vendor/google/apiclient-services/src/Spanner/PartitionQueryRequest.php
OK	/htdocs/application/third_party/omnipay/vendor/google/apiclient-services/src/Spanner/ReadWrite.php
OK	/htdocs/application/third_party/omnipay/vendor/google/apiclient-services/src/Spanner/RollbackRequest.php
OK	/htdocs/application/third_party/omnipay/vendor/google/apiclient-services/src/Spanner/StructType.php
OK	/htdocs/application/third_party/omnipay/vendor/google/apiclient-services/src/Spanner/UpdateInstanceConfigRequest.php
OK	/htdocs/application/third_party/omnipay/vendor/google/apiclient-services/src/Spanner/Resource/ProjectsInstanceConfigsSsdCachesOperations.php
OK	/htdocs/application/third_party/omnipay/vendor/google/apiclient-services/src/Spanner/Resource/ProjectsInstancesInstancePartitions.php
OK	/htdocs/application/third_party/omnipay/vendor/google/apiclient-services/src/Speech/ListPhraseSetResponse.php
OK	/htdocs/application/third_party/omnipay/vendor/google/apiclient-services/src/Speech/SpeakerDiarizationConfig.php
OK	/htdocs/application/third_party/omnipay/vendor/google/apiclient-services/src/Speech/Resource/Projects.php
OK	/htdocs/application/third_party/omnipay/vendor/google/apiclient-services/src/SQLAdmin/BackupContext.php
OK	/htdocs/application/third_party/omnipay/vendor/google/apiclient-services/src/SQLAdmin/DatabasesListResponse.php
OK	/htdocs/application/third_party/omnipay/vendor/google/apiclient-services/src/SQLAdmin/ExportContextSqlExportOptions.php
OK	/htdocs/application/third_party/omnipay/vendor/google/apiclient-services/src/SQLAdmin/ImportContextBakImportOptions.php
OK	/htdocs/application/third_party/omnipay/vendor/google/apiclient-services/src/SQLAdmin/InstancesExportRequest.php
OK	/htdocs/application/third_party/omnipay/vendor/google/apiclient-services/src/SQLAdmin/IpConfiguration.php
OK	/htdocs/application/third_party/omnipay/vendor/google/apiclient-services/src/SQLAdmin/OperationsListResponse.php
OK	/htdocs/application/third_party/omnipay/vendor/google/apiclient-services/src/SQLAdmin/SelectedObjects.php
OK	/htdocs/application/third_party/omnipay/vendor/google/apiclient-services/src/SQLAdmin/SqlInstancesVerifyExternalSyncSettingsRequest.php
OK	/htdocs/application/third_party/omnipay/vendor/google/apiclient-services/src/SQLAdmin/SslCertsInsertResponse.php
OK	/htdocs/application/third_party/omnipay/vendor/google/apiclient-services/src/SQLAdmin/Resource/Databases.php
OK	/htdocs/application/third_party/omnipay/vendor/google/apiclient-services/src/Storage/AnywhereCaches.php
OK	/htdocs/application/third_party/omnipay/vendor/google/apiclient-services/src/Storage/BucketIamConfigurationBucketPolicyOnly.php
OK	/htdocs/application/third_party/omnipay/vendor/google/apiclient-services/src/Storage/BucketRetentionPolicy.php
OK	/htdocs/application/third_party/omnipay/vendor/google/apiclient-services/src/Storage/ComposeRequestSourceObjectsObjectPreconditions.php
OK	/htdocs/application/third_party/omnipay/vendor/google/apiclient-services/src/Storage/ManagedFolders.php
OK	/htdocs/application/third_party/omnipay/vendor/google/apiclient-services/src/Storage/ServiceAccount.php
OK	/htdocs/application/third_party/omnipay/vendor/google/apiclient-services/src/Storage/Resource/Folders.php
OK	/htdocs/application/third_party/omnipay/vendor/google/apiclient-services/src/Storagetransfer/AwsS3Data.php
OK	/htdocs/application/third_party/omnipay/vendor/google/apiclient-services/src/Storagetransfer/GoogleServiceAccount.php
OK	/htdocs/application/third_party/omnipay/vendor/google/apiclient-services/src/Storagetransfer/ObjectConditions.php
OK	/htdocs/application/third_party/omnipay/vendor/google/apiclient-services/src/Storagetransfer/StoragetransferEmpty.php
OK	/htdocs/application/third_party/omnipay/vendor/google/apiclient-services/src/Storagetransfer/Resource/TransferJobs.php
OK	/htdocs/application/third_party/omnipay/vendor/google/apiclient-services/src/StreetViewPublish/LatLng.php
OK	/htdocs/application/third_party/omnipay/vendor/google/apiclient-services/src/StreetViewPublish/PhotoSequence.php
OK	/htdocs/application/third_party/omnipay/vendor/google/apiclient-services/src/SubscriptionLinking/DeleteReaderResponse.php
OK	/htdocs/application/third_party/omnipay/vendor/google/apiclient-services/src/TagManager/Container.php
OK	/htdocs/application/third_party/omnipay/vendor/google/apiclient-services/src/TagManager/Folder.php
OK	/htdocs/application/third_party/omnipay/vendor/google/apiclient-services/src/TagManager/ListEnvironmentsResponse.php
OK	/htdocs/application/third_party/omnipay/vendor/google/apiclient-services/src/TagManager/Parameter.php
OK	/htdocs/application/third_party/omnipay/vendor/google/apiclient-services/src/TagManager/SetupTag.php
OK	/htdocs/application/third_party/omnipay/vendor/google/apiclient-services/src/TagManager/Zone.php
OK	/htdocs/application/third_party/omnipay/vendor/google/apiclient-services/src/TagManager/Resource/AccountsContainersWorkspacesClients.php
OK	/htdocs/application/third_party/omnipay/vendor/google/apiclient-services/src/Tasks/SpaceInfo.php
OK	/htdocs/application/third_party/omnipay/vendor/google/apiclient-services/src/Testing/AndroidInstrumentationTest.php
OK	/htdocs/application/third_party/omnipay/vendor/google/apiclient-services/src/Testing/CancelTestMatrixResponse.php
OK	/htdocs/application/third_party/omnipay/vendor/google/apiclient-services/src/Testing/EnvironmentVariable.php
OK	/htdocs/application/third_party/omnipay/vendor/google/apiclient-services/src/Testing/IosRuntimeConfiguration.php
OK	/htdocs/application/third_party/omnipay/vendor/google/apiclient-services/src/Testing/NetworkConfiguration.php
OK	/htdocs/application/third_party/omnipay/vendor/google/apiclient-services/src/Testing/Service.php
OK	/htdocs/application/third_party/omnipay/vendor/google/apiclient-services/src/Testing/TestSetup.php
OK	/htdocs/application/third_party/omnipay/vendor/google/apiclient-services/src/Testing/Resource/Projects.php
OK	/htdocs/application/third_party/omnipay/vendor/google/apiclient-services/src/Texttospeech/GoogleCloudTexttospeechV1SynthesizeLongAudioMetadata.php
OK	/htdocs/application/third_party/omnipay/vendor/google/apiclient-services/src/Texttospeech/SynthesizeSpeechRequest.php
OK	/htdocs/application/third_party/omnipay/vendor/google/apiclient-services/src/Texttospeech/Resource/ProjectsLocationsVoices.php
OK	/htdocs/application/third_party/omnipay/vendor/google/apiclient-services/src/ToolResults/AvailableDeepLinks.php
OK	/htdocs/application/third_party/omnipay/vendor/google/apiclient-services/src/ToolResults/Environment.php
OK	/htdocs/application/third_party/omnipay/vendor/google/apiclient-services/src/ToolResults/InconclusiveDetail.php
OK	/htdocs/application/third_party/omnipay/vendor/google/apiclient-services/src/ToolResults/ListHistoriesResponse.php
OK	/htdocs/application/third_party/omnipay/vendor/google/apiclient-services/src/ToolResults/MultiStep.php
OK	/htdocs/application/third_party/omnipay/vendor/google/apiclient-services/src/ToolResults/PerformedMonkeyActions.php
OK	/htdocs/application/third_party/omnipay/vendor/google/apiclient-services/src/ToolResults/ShardSummary.php
OK	/htdocs/application/third_party/omnipay/vendor/google/apiclient-services/src/ToolResults/SuggestionProto.php
OK	/htdocs/application/third_party/omnipay/vendor/google/apiclient-services/src/ToolResults/ToolOutputReference.php
OK	/htdocs/application/third_party/omnipay/vendor/google/apiclient-services/src/ToolResults/Resource/ProjectsHistoriesExecutionsSteps.php
OK	/htdocs/application/third_party/omnipay/vendor/google/apiclient-services/src/TPU/CreatingData.php
OK	/htdocs/application/third_party/omnipay/vendor/google/apiclient-services/src/TPU/ListAcceleratorTypesResponse.php
OK	/htdocs/application/third_party/omnipay/vendor/google/apiclient-services/src/TPU/NodeSpec.php
OK	/htdocs/application/third_party/omnipay/vendor/google/apiclient-services/src/TPU/ServiceIdentity.php
OK	/htdocs/application/third_party/omnipay/vendor/google/apiclient-services/src/TPU/Resource/Projects.php
OK	/htdocs/application/third_party/omnipay/vendor/google/apiclient-services/src/TrafficDirectorService/ClientStatusResponse.php
OK	/htdocs/application/third_party/omnipay/vendor/google/apiclient-services/src/TrafficDirectorService/EnvoyInternalAddress.php
OK	/htdocs/application/third_party/omnipay/vendor/google/apiclient-services/src/TrafficDirectorService/PathSegment.php
OK	/htdocs/application/third_party/omnipay/vendor/google/apiclient-services/src/TrafficDirectorService/StringMatcher.php
OK	/htdocs/application/third_party/omnipay/vendor/google/apiclient-services/src/Transcoder/Audio.php
OK	/htdocs/application/third_party/omnipay/vendor/google/apiclient-services/src/Transcoder/Deinterlace.php
OK	/htdocs/application/third_party/omnipay/vendor/google/apiclient-services/src/Transcoder/H265CodecSettings.php
OK	/htdocs/application/third_party/omnipay/vendor/google/apiclient-services/src/Transcoder/MpegCommonEncryption.php
OK	/htdocs/application/third_party/omnipay/vendor/google/apiclient-services/src/Transcoder/SampleAesEncryption.php
OK	/htdocs/application/third_party/omnipay/vendor/google/apiclient-services/src/Transcoder/Vp9ColorFormatHLG.php
OK	/htdocs/application/third_party/omnipay/vendor/google/apiclient-services/src/Translate/AdaptiveMtTranslateResponse.php
OK	/htdocs/application/third_party/omnipay/vendor/google/apiclient-services/src/Translate/DetectLanguageResponse.php
OK	/htdocs/application/third_party/omnipay/vendor/google/apiclient-services/src/Translate/GlossaryConfig.php
OK	/htdocs/application/third_party/omnipay/vendor/google/apiclient-services/src/Translate/LanguageCodesSet.php
OK	/htdocs/application/third_party/omnipay/vendor/google/apiclient-services/src/Translate/Model.php
OK	/htdocs/application/third_party/omnipay/vendor/google/apiclient-services/src/Translate/TranslateDocumentRequest.php
OK	/htdocs/application/third_party/omnipay/vendor/google/apiclient-services/src/Translate/Resource/ProjectsLocationsAdaptiveMtDatasetsAdaptiveMtFiles.php
OK	/htdocs/application/third_party/omnipay/vendor/google/apiclient-services/src/TravelImpactModel/EmissionsGramsPerPax.php
OK	/htdocs/application/third_party/omnipay/vendor/google/apiclient-services/src/Vault/CalendarExportOptions.php
OK	/htdocs/application/third_party/omnipay/vendor/google/apiclient-services/src/Vault/DriveDocumentInfo.php
OK	/htdocs/application/third_party/omnipay/vendor/google/apiclient-services/src/Vault/HangoutsChatOptions.php
OK	/htdocs/application/third_party/omnipay/vendor/google/apiclient-services/src/Vault/ListHoldsResponse.php
OK	/htdocs/application/third_party/omnipay/vendor/google/apiclient-services/src/Vault/RemoveHeldAccountsRequest.php
OK	/htdocs/application/third_party/omnipay/vendor/google/apiclient-services/src/Vault/VaultEmpty.php
OK	/htdocs/application/third_party/omnipay/vendor/google/apiclient-services/src/Verifiedaccess/SignedData.php
OK	/htdocs/application/third_party/omnipay/vendor/google/apiclient-services/src/VersionHistory/Release.php
OK	/htdocs/application/third_party/omnipay/vendor/google/apiclient-services/src/Vision/AsyncAnnotateFileResponse.php
OK	/htdocs/application/third_party/omnipay/vendor/google/apiclient-services/src/Vision/CancelOperationRequest.php
OK	/htdocs/application/third_party/omnipay/vendor/google/apiclient-services/src/Vision/GcsDestination.php
OK	/htdocs/application/third_party/omnipay/vendor/google/apiclient-services/src/Vision/GoogleCloudVisionV1p1beta1EntityAnnotation.php
OK	/htdocs/application/third_party/omnipay/vendor/google/apiclient-services/src/Vision/GoogleCloudVisionV1p1beta1OutputConfig.php
OK	/htdocs/application/third_party/omnipay/vendor/google/apiclient-services/src/Vision/GoogleCloudVisionV1p1beta1Symbol.php
OK	/htdocs/application/third_party/omnipay/vendor/google/apiclient-services/src/Vision/GoogleCloudVisionV1p2beta1AnnotateFileResponse.php
OK	/htdocs/application/third_party/omnipay/vendor/google/apiclient-services/src/Vision/GoogleCloudVisionV1p2beta1FaceAnnotationLandmark.php
OK	/htdocs/application/third_party/omnipay/vendor/google/apiclient-services/src/Vision/GoogleCloudVisionV1p2beta1Paragraph.php
OK	/htdocs/application/third_party/omnipay/vendor/google/apiclient-services/src/Vision/GoogleCloudVisionV1p2beta1TextAnnotationDetectedBreak.php
OK	/htdocs/application/third_party/omnipay/vendor/google/apiclient-services/src/Vision/GoogleCloudVisionV1p3beta1AsyncAnnotateFileResponse.php
OK	/htdocs/application/third_party/omnipay/vendor/google/apiclient-services/src/Vision/GoogleCloudVisionV1p3beta1GcsDestination.php
OK	/htdocs/application/third_party/omnipay/vendor/google/apiclient-services/src/Vision/GoogleCloudVisionV1p3beta1Paragraph.php
OK	/htdocs/application/third_party/omnipay/vendor/google/apiclient-services/src/Vision/GoogleCloudVisionV1p3beta1TextAnnotation.php
OK	/htdocs/application/third_party/omnipay/vendor/google/apiclient-services/src/Vision/GoogleCloudVisionV1p4beta1AnnotateImageResponse.php
OK	/htdocs/application/third_party/omnipay/vendor/google/apiclient-services/src/Vision/GoogleCloudVisionV1p4beta1DominantColorsAnnotation.php
OK	/htdocs/application/third_party/omnipay/vendor/google/apiclient-services/src/Vision/GoogleCloudVisionV1p4beta1LocationInfo.php
OK	/htdocs/application/third_party/omnipay/vendor/google/apiclient-services/src/Vision/GoogleCloudVisionV1p4beta1ProductSearchResultsResult.php
OK	/htdocs/application/third_party/omnipay/vendor/google/apiclient-services/src/Vision/GoogleCloudVisionV1p4beta1WebDetectionWebImage.php
OK	/htdocs/application/third_party/omnipay/vendor/google/apiclient-services/src/Vision/ImportProductSetsRequest.php
OK	/htdocs/application/third_party/omnipay/vendor/google/apiclient-services/src/Vision/LocalizedObjectAnnotation.php
OK	/htdocs/application/third_party/omnipay/vendor/google/apiclient-services/src/Vision/ProductSearchResults.php
OK	/htdocs/application/third_party/omnipay/vendor/google/apiclient-services/src/Vision/TextDetectionParams.php
OK	/htdocs/application/third_party/omnipay/vendor/google/apiclient-services/src/Vision/Resource/Images.php
OK	/htdocs/application/third_party/omnipay/vendor/google/apiclient-services/src/Vision/Resource/ProjectsLocationsProductSets.php
OK	/htdocs/application/third_party/omnipay/vendor/google/apiclient-services/src/VMMigrationService/AwsSecurityGroup.php
OK	/htdocs/application/third_party/omnipay/vendor/google/apiclient-services/src/VMMigrationService/CancelCloneJobResponse.php
OK	/htdocs/application/third_party/omnipay/vendor/google/apiclient-services/src/VMMigrationService/ComputeEngineTargetDetails.php
OK	/htdocs/application/third_party/omnipay/vendor/google/apiclient-services/src/VMMigrationService/DisksMigrationDisksTargetDefaults.php
OK	/htdocs/application/third_party/omnipay/vendor/google/apiclient-services/src/VMMigrationService/ImageImportStep.php
OK	/htdocs/application/third_party/omnipay/vendor/google/apiclient-services/src/VMMigrationService/ListMigratingVmsResponse.php
OK	/htdocs/application/third_party/omnipay/vendor/google/apiclient-services/src/VMMigrationService/MigrationError.php
OK	/htdocs/application/third_party/omnipay/vendor/google/apiclient-services/src/VMMigrationService/PostProcessingStep.php
OK	/htdocs/application/third_party/omnipay/vendor/google/apiclient-services/src/VMMigrationService/ServiceAccount.php
OK	/htdocs/application/third_party/omnipay/vendor/google/apiclient-services/src/VMMigrationService/UtilizationReport.php
OK	/htdocs/application/third_party/omnipay/vendor/google/apiclient-services/src/VMMigrationService/Resource/ProjectsLocations.php
OK	/htdocs/application/third_party/omnipay/vendor/google/apiclient-services/src/VMMigrationService/Resource/ProjectsLocationsSourcesUtilizationReports.php
OK	/htdocs/application/third_party/omnipay/vendor/google/apiclient-services/src/VMwareEngine/DnsForwarding.php
OK	/htdocs/application/third_party/omnipay/vendor/google/apiclient-services/src/VMwareEngine/ListClustersResponse.php
OK	/htdocs/application/third_party/omnipay/vendor/google/apiclient-services/src/VMwareEngine/ListPeeringRoutesResponse.php
OK	/htdocs/application/third_party/omnipay/vendor/google/apiclient-services/src/VMwareEngine/NetworkConfig.php
OK	/htdocs/application/third_party/omnipay/vendor/google/apiclient-services/src/VMwareEngine/Principal.php
OK	/htdocs/application/third_party/omnipay/vendor/google/apiclient-services/src/VMwareEngine/TestIamPermissionsRequest.php
OK	/htdocs/application/third_party/omnipay/vendor/google/apiclient-services/src/VMwareEngine/Resource/Projects.php
OK	/htdocs/application/third_party/omnipay/vendor/google/apiclient-services/src/VMwareEngine/Resource/ProjectsLocationsPrivateCloudsClustersNodes.php
OK	/htdocs/application/third_party/omnipay/vendor/google/apiclient-services/src/VMwareEngine/Resource/ProjectsLocationsVmwareengineGlobalNetworkPeeringsPeeringRoutes.php
OK	/htdocs/application/third_party/omnipay/vendor/google/apiclient-services/src/Walletobjects/Blobstore2Info.php
OK	/htdocs/application/third_party/omnipay/vendor/google/apiclient-services/src/Walletobjects/ContentTypeInfo.php
OK	/htdocs/application/third_party/omnipay/vendor/google/apiclient-services/src/Walletobjects/DiscoverableProgramMerchantSignupInfo.php
OK	/htdocs/application/third_party/omnipay/vendor/google/apiclient-services/src/Walletobjects/ExpiryNotification.php
OK	/htdocs/application/third_party/omnipay/vendor/google/apiclient-services/src/Walletobjects/FrequentFlyerInfo.php
OK	/htdocs/application/third_party/omnipay/vendor/google/apiclient-services/src/Walletobjects/GiftCardObjectListResponse.php
OK	/htdocs/application/third_party/omnipay/vendor/google/apiclient-services/src/Walletobjects/LabelValue.php
OK	/htdocs/application/third_party/omnipay/vendor/google/apiclient-services/src/Walletobjects/LoyaltyPoints.php
OK	/htdocs/application/third_party/omnipay/vendor/google/apiclient-services/src/Walletobjects/OfferClass.php
OK	/htdocs/application/third_party/omnipay/vendor/google/apiclient-services/src/Walletobjects/PurchaseDetails.php
OK	/htdocs/application/third_party/omnipay/vendor/google/apiclient-services/src/Walletobjects/SignUpInfo.php
OK	/htdocs/application/third_party/omnipay/vendor/google/apiclient-services/src/Walletobjects/TransitClassListResponse.php
OK	/htdocs/application/third_party/omnipay/vendor/google/apiclient-services/src/Walletobjects/Uri.php
OK	/htdocs/application/third_party/omnipay/vendor/google/apiclient-services/src/Walletobjects/Resource/Loyaltyclass.php
OK	/htdocs/application/third_party/omnipay/vendor/google/apiclient-services/src/Webfonts/Axis.php
OK	/htdocs/application/third_party/omnipay/vendor/google/apiclient-services/src/Webmasters/WmxSitemap.php
OK	/htdocs/application/third_party/omnipay/vendor/google/apiclient-services/src/WebRisk/GoogleCloudWebriskV1SearchUrisResponse.php
OK	/htdocs/application/third_party/omnipay/vendor/google/apiclient-services/src/WebRisk/Resource/Hashes.php
OK	/htdocs/application/third_party/omnipay/vendor/google/apiclient-services/src/WorkflowExecutions/Execution.php
OK	/htdocs/application/third_party/omnipay/vendor/google/apiclient-services/src/WorkflowExecutions/Step.php
OK	/htdocs/application/third_party/omnipay/vendor/google/apiclient-services/src/Workflows/ListLocationsResponse.php
OK	/htdocs/application/third_party/omnipay/vendor/google/apiclient-services/src/Workflows/Resource/ProjectsLocations.php
OK	/htdocs/application/third_party/omnipay/vendor/google/apiclient-services/src/WorkloadManager/CloudAssetComposition.php
OK	/htdocs/application/third_party/omnipay/vendor/google/apiclient-services/src/WorkloadManager/GceInstanceFilter.php
OK	/htdocs/application/third_party/omnipay/vendor/google/apiclient-services/src/WorkloadManager/ListWorkloadProfilesResponse.php
OK	/htdocs/application/third_party/omnipay/vendor/google/apiclient-services/src/WorkloadManager/ResourceStatus.php
OK	/htdocs/application/third_party/omnipay/vendor/google/apiclient-services/src/WorkloadManager/SapDiscoveryResourceInstanceProperties.php
OK	/htdocs/application/third_party/omnipay/vendor/google/apiclient-services/src/WorkloadManager/SpannerLocation.php
OK	/htdocs/application/third_party/omnipay/vendor/google/apiclient-services/src/WorkloadManager/ViolationDetails.php
OK	/htdocs/application/third_party/omnipay/vendor/google/apiclient-services/src/WorkloadManager/Resource/ProjectsLocationsEvaluationsExecutionsResults.php
OK	/htdocs/application/third_party/omnipay/vendor/google/apiclient-services/src/WorkspaceEvents/Status.php
OK	/htdocs/application/third_party/omnipay/vendor/google/apiclient-services/src/YouTube/ActivityContentDetailsFavorite.php
OK	/htdocs/application/third_party/omnipay/vendor/google/apiclient-services/src/YouTube/CaptionSnippet.php
OK	/htdocs/application/third_party/omnipay/vendor/google/apiclient-services/src/YouTube/ChannelLocalization.php
OK	/htdocs/application/third_party/omnipay/vendor/google/apiclient-services/src/YouTube/ChannelTopicDetails.php
OK	/htdocs/application/third_party/omnipay/vendor/google/apiclient-services/src/YouTube/ContentRating.php
OK	/htdocs/application/third_party/omnipay/vendor/google/apiclient-services/src/YouTube/IngestionInfo.php
OK	/htdocs/application/third_party/omnipay/vendor/google/apiclient-services/src/YouTube/LiveBroadcastStatus.php
OK	/htdocs/application/third_party/omnipay/vendor/google/apiclient-services/src/YouTube/LiveChatMessageSnippet.php
OK	/htdocs/application/third_party/omnipay/vendor/google/apiclient-services/src/YouTube/LiveStream.php
OK	/htdocs/application/third_party/omnipay/vendor/google/apiclient-services/src/YouTube/MembershipsDuration.php
OK	/htdocs/application/third_party/omnipay/vendor/google/apiclient-services/src/YouTube/PlaylistImageSnippet.php
OK	/htdocs/application/third_party/omnipay/vendor/google/apiclient-services/src/YouTube/RelatedEntity.php
OK	/htdocs/application/third_party/omnipay/vendor/google/apiclient-services/src/YouTube/SuperChatEventSnippet.php
OK	/htdocs/application/third_party/omnipay/vendor/google/apiclient-services/src/YouTube/Video.php
OK	/htdocs/application/third_party/omnipay/vendor/google/apiclient-services/src/YouTube/VideoFileDetails.php
OK	/htdocs/application/third_party/omnipay/vendor/google/apiclient-services/src/YouTube/VideoProjectDetails.php
OK	/htdocs/application/third_party/omnipay/vendor/google/apiclient-services/src/YouTube/Resource/Activities.php
OK	/htdocs/application/third_party/omnipay/vendor/google/apiclient-services/src/YouTube/Resource/LiveChatModerators.php
OK	/htdocs/application/third_party/omnipay/vendor/google/apiclient-services/src/YouTube/Resource/Thumbnails.php
OK	/htdocs/application/third_party/omnipay/vendor/google/apiclient-services/src/YouTubeAnalytics/EmptyResponse.php
OK	/htdocs/application/third_party/omnipay/vendor/google/apiclient-services/src/YouTubeAnalytics/Resource/GroupItems.php
OK	/htdocs/application/third_party/omnipay/vendor/google/apiclient-services/src/YouTubeReporting/GdataMedia.php
OK	/htdocs/application/third_party/omnipay/vendor/google/apiclient-services/src/YouTubeReporting/Resource/ReportTypes.php
OK	/htdocs/application/third_party/omnipay/vendor/google/auth/src/CredentialsLoader.php
OK	/htdocs/application/third_party/omnipay/vendor/google/auth/src/ServiceAccountSignerTrait.php
OK	/htdocs/application/third_party/omnipay/vendor/google/auth/src/Credentials/GCECredentials.php
OK	/htdocs/application/third_party/omnipay/vendor/google/auth/src/ExecutableHandler/ExecutableResponseError.php
OK	/htdocs/application/third_party/omnipay/vendor/guzzlehttp/guzzle/CHANGELOG.md
OK	/htdocs/application/third_party/omnipay/vendor/guzzlehttp/guzzle/src/HandlerStack.php
OK	/htdocs/application/third_party/omnipay/vendor/guzzlehttp/guzzle/src/Cookie/CookieJarInterface.php
OK	/htdocs/application/third_party/omnipay/vendor/guzzlehttp/guzzle/src/Exception/TransferException.php
OK	/htdocs/application/third_party/omnipay/vendor/guzzlehttp/promises/LICENSE
OK	/htdocs/application/third_party/omnipay/vendor/guzzlehttp/promises/src/PromisorInterface.php
OK	/htdocs/application/third_party/omnipay/vendor/guzzlehttp/psr7/src/CachingStream.php
OK	/htdocs/application/third_party/omnipay/vendor/guzzlehttp/psr7/src/NoSeekStream.php
OK	/htdocs/application/third_party/omnipay/vendor/guzzlehttp/psr7/src/UriComparator.php
OK	/htdocs/application/third_party/omnipay/vendor/moneyphp/money/resources/currency.php
OK	/htdocs/application/third_party/omnipay/vendor/moneyphp/money/src/MoneyParser.php
OK	/htdocs/application/third_party/omnipay/vendor/moneyphp/money/src/Exception/InvalidArgumentException.php
OK	/htdocs/application/third_party/omnipay/vendor/moneyphp/money/src/Formatter/DecimalMoneyFormatter.php
OK	/htdocs/application/third_party/omnipay/vendor/monolog/monolog/README.md
OK	/htdocs/application/third_party/omnipay/vendor/monolog/monolog/src/Monolog/Attribute/WithMonologChannel.php
OK	/htdocs/application/third_party/omnipay/vendor/monolog/monolog/src/Monolog/Formatter/LogglyFormatter.php
OK	/htdocs/application/third_party/omnipay/vendor/monolog/monolog/src/Monolog/Handler/BrowserConsoleHandler.php
OK	/htdocs/application/third_party/omnipay/vendor/monolog/monolog/src/Monolog/Handler/FilterHandler.php
OK	/htdocs/application/third_party/omnipay/vendor/monolog/monolog/src/Monolog/Handler/IFTTTHandler.php
OK	/htdocs/application/third_party/omnipay/vendor/monolog/monolog/src/Monolog/Handler/NullHandler.php
OK	/htdocs/application/third_party/omnipay/vendor/monolog/monolog/src/Monolog/Handler/SamplingHandler.php
OK	/htdocs/application/third_party/omnipay/vendor/monolog/monolog/src/Monolog/Handler/WebRequestRecognizerTrait.php
OK	/htdocs/application/third_party/omnipay/vendor/monolog/monolog/src/Monolog/Processor/IntrospectionProcessor.php
OK	/htdocs/application/third_party/omnipay/vendor/monolog/monolog/src/Monolog/Test/TestCase.php
OK	/htdocs/application/third_party/omnipay/vendor/mpdf/mpdf/.github/FUNDING.yml
OK	/htdocs/application/third_party/omnipay/vendor/mpdf/mpdf/data/linebrdictK.dat
OK	/htdocs/application/third_party/omnipay/vendor/mpdf/mpdf/data/collations/Arabic_Algeria.php
OK	/htdocs/application/third_party/omnipay/vendor/mpdf/mpdf/data/collations/Arabic_Saudi_Arabia.php
OK	/htdocs/application/third_party/omnipay/vendor/mpdf/mpdf/data/collations/Bulgarian_Bulgaria.php
OK	/htdocs/application/third_party/omnipay/vendor/mpdf/mpdf/data/collations/English_Canada.php
OK	/htdocs/application/third_party/omnipay/vendor/mpdf/mpdf/data/collations/English_United_States.php
OK	/htdocs/application/third_party/omnipay/vendor/mpdf/mpdf/data/collations/Frisian_Netherlands.php
OK	/htdocs/application/third_party/omnipay/vendor/mpdf/mpdf/data/collations/Icelandic_Iceland.php
OK	/htdocs/application/third_party/omnipay/vendor/mpdf/mpdf/data/collations/Kyrgyz_Kyrgyzstan.php
OK	/htdocs/application/third_party/omnipay/vendor/mpdf/mpdf/data/collations/Occitan_France.php
OK	/htdocs/application/third_party/omnipay/vendor/mpdf/mpdf/data/collations/Sami_(Lule)_Norway.php
OK	/htdocs/application/third_party/omnipay/vendor/mpdf/mpdf/data/collations/Sesotho_sa_Leboa_South_Africa.php
OK	/htdocs/application/third_party/omnipay/vendor/mpdf/mpdf/data/collations/Spanish_Guatemala.php
OK	/htdocs/application/third_party/omnipay/vendor/mpdf/mpdf/data/collations/Swedish_Finland.php
OK	/htdocs/application/third_party/omnipay/vendor/mpdf/mpdf/data/collations/Vietnamese_Vietnam.php
OK	/htdocs/application/third_party/omnipay/vendor/mpdf/mpdf/data/font/chelveticai.php
OK	/htdocs/application/third_party/omnipay/vendor/mpdf/mpdf/data/patterns/fi.php
OK	/htdocs/application/third_party/omnipay/vendor/mpdf/mpdf/src/DirectWrite.php
OK	/htdocs/application/third_party/omnipay/vendor/mpdf/mpdf/src/OtlDump.php
OK	/htdocs/application/third_party/omnipay/vendor/mpdf/mpdf/src/WatermarkImage.php
OK	/htdocs/application/third_party/omnipay/vendor/mpdf/mpdf/src/Barcode/I25.php
OK	/htdocs/application/third_party/omnipay/vendor/mpdf/mpdf/src/Container/ContainerInterface.php
OK	/htdocs/application/third_party/omnipay/vendor/mpdf/mpdf/src/Exception/FontException.php
OK	/htdocs/application/third_party/omnipay/vendor/mpdf/mpdf/src/Gif/Image.php
OK	/htdocs/application/third_party/omnipay/vendor/mpdf/mpdf/src/Image/ImageTypeGuesser.php
OK	/htdocs/application/third_party/omnipay/vendor/mpdf/mpdf/src/Shaper/Myanmar.php
OK	/htdocs/application/third_party/omnipay/vendor/mpdf/mpdf/src/Tag/Big.php
OK	/htdocs/application/third_party/omnipay/vendor/mpdf/mpdf/src/Tag/Del.php
OK	/htdocs/application/third_party/omnipay/vendor/mpdf/mpdf/src/Tag/Form.php
OK	/htdocs/application/third_party/omnipay/vendor/mpdf/mpdf/src/Tag/Img.php
OK	/htdocs/application/third_party/omnipay/vendor/mpdf/mpdf/src/Tag/Nav.php
OK	/htdocs/application/third_party/omnipay/vendor/mpdf/mpdf/src/Tag/S.php
OK	/htdocs/application/third_party/omnipay/vendor/mpdf/mpdf/src/Tag/Sub.php
OK	/htdocs/application/third_party/omnipay/vendor/mpdf/mpdf/src/Tag/THead.php
OK	/htdocs/application/third_party/omnipay/vendor/mpdf/mpdf/src/Tag/VarTag.php
OK	/htdocs/application/third_party/omnipay/vendor/mpdf/mpdf/src/Writer/FormWriter.php
OK	/htdocs/application/third_party/omnipay/vendor/mpdf/mpdf/ttfonts/Aegyptus.otf
OK	/htdocs/application/third_party/omnipay/vendor/mpdf/mpdf/ttfonts/DejaVuSansCondensed-Oblique.ttf
OK	/htdocs/application/third_party/omnipay/vendor/mpdf/mpdf/ttfonts/DejaVuSerifCondensed-Italic.ttf
OK	/htdocs/application/third_party/omnipay/vendor/mpdf/mpdf/ttfonts/FreeSansBoldOblique.ttf
OK	/htdocs/application/third_party/omnipay/vendor/mpdf/mpdf/ttfonts/Jomolhari.ttf
OK	/htdocs/application/third_party/omnipay/vendor/mpdf/mpdf/ttfonts/Pothana2000.ttf
OK	/htdocs/application/third_party/omnipay/vendor/mpdf/mpdf/ttfonts/UnBatang_0613.ttf
OK	/htdocs/application/third_party/omnipay/vendor/mpdf/psr-http-message-shim/src/Stream.php
OK	/htdocs/application/third_party/omnipay/vendor/mtdowling/jmespath.php/bin/perf.php
OK	/htdocs/application/third_party/omnipay/vendor/mtdowling/jmespath.php/src/Utils.php
OK	/htdocs/application/third_party/omnipay/vendor/myclabs/deep-copy/src/DeepCopy/Filter/SetNullFilter.php
OK	/htdocs/application/third_party/omnipay/vendor/myclabs/deep-copy/src/DeepCopy/TypeFilter/TypeFilter.php
OK	/htdocs/application/third_party/omnipay/vendor/omnipay/common/.github/FUNDING.yml
OK	/htdocs/application/third_party/omnipay/vendor/omnipay/common/src/Common/ParametersTrait.php
OK	/htdocs/application/third_party/omnipay/vendor/omnipay/common/src/Common/Http/Exception/RequestException.php
OK	/htdocs/application/third_party/omnipay/vendor/omnipay/paypal/CONTRIBUTING.md
OK	/htdocs/application/third_party/omnipay/vendor/omnipay/paypal/src/ProGateway.php
OK	/htdocs/application/third_party/omnipay/vendor/omnipay/paypal/src/Message/ExpressInContextAuthorizeRequest.php
OK	/htdocs/application/third_party/omnipay/vendor/omnipay/paypal/src/Message/RestAuthorizeRequest.php
OK	/htdocs/application/third_party/omnipay/vendor/omnipay/paypal/src/Message/RestFetchTransactionRequest.php
OK	/htdocs/application/third_party/omnipay/vendor/omnipay/paypal/src/Message/RestUpdatePlanRequest.php
OK	/htdocs/application/third_party/omnipay/vendor/omnipay/paypal/tests/Message/ExpressAuthorizeResponseTest.php
OK	/htdocs/application/third_party/omnipay/vendor/omnipay/paypal/tests/Message/RefundRequestTest.php
OK	/htdocs/application/third_party/omnipay/vendor/omnipay/paypal/tests/Message/RestFetchPurchaseRequestTest.php
OK	/htdocs/application/third_party/omnipay/vendor/omnipay/paypal/tests/Mock/ExpressCompletePurchaseFailure.txt
OK	/htdocs/application/third_party/omnipay/vendor/omnipay/paypal/tests/Mock/ProPurchaseFailure.txt
OK	/htdocs/application/third_party/omnipay/vendor/omnipay/paypal/tests/Mock/RestPurchaseWithoutCardSuccess.txt
OK	/htdocs/application/third_party/omnipay/vendor/omnipay/stripe/README.md
OK	/htdocs/application/third_party/omnipay/vendor/omnipay/stripe/src/Message/CaptureRequest.php
OK	/htdocs/application/third_party/omnipay/vendor/omnipay/stripe/src/Message/DeleteCustomerRequest.php
OK	/htdocs/application/third_party/omnipay/vendor/omnipay/stripe/src/Message/FetchInvoiceRequest.php
OK	/htdocs/application/third_party/omnipay/vendor/omnipay/stripe/src/Message/Response.php
OK	/htdocs/application/third_party/omnipay/vendor/omnipay/stripe/src/Message/PaymentIntents/CancelPaymentIntentRequest.php
OK	/htdocs/application/third_party/omnipay/vendor/omnipay/stripe/src/Message/SetupIntents/Response.php
OK	/htdocs/application/third_party/omnipay/vendor/omnipay/stripe/tests/PaymentIntentsGatewayTest.php
OK	/htdocs/application/third_party/omnipay/vendor/omnipay/stripe/tests/Message/DeleteCardRequestTest.php
OK	/htdocs/application/third_party/omnipay/vendor/omnipay/stripe/tests/Message/FetchInvoiceItemsRequestTest.php
OK	/htdocs/application/third_party/omnipay/vendor/omnipay/stripe/tests/Message/PurchaseRequestTest.php
OK	/htdocs/application/third_party/omnipay/vendor/omnipay/stripe/tests/Message/PaymentIntents/CancelPaymentIntentRequestTest.php
OK	/htdocs/application/third_party/omnipay/vendor/omnipay/stripe/tests/Message/PaymentIntents/Mock/AuthorizeFailure.txt
OK	/htdocs/application/third_party/omnipay/vendor/omnipay/stripe/tests/Message/PaymentIntents/Mock/DetachPaymentMethodSuccess.txt
OK	/htdocs/application/third_party/omnipay/vendor/omnipay/stripe/tests/Message/Transfers/FetchTransferReversalRequestTest.php
OK	/htdocs/application/third_party/omnipay/vendor/omnipay/stripe/tests/Mock/CreateCouponSuccess.txt
OK	/htdocs/application/third_party/omnipay/vendor/omnipay/stripe/tests/Mock/DeleteCardSuccess.txt
OK	/htdocs/application/third_party/omnipay/vendor/omnipay/stripe/tests/Mock/FetchApplicationFeeSuccess.txt
OK	/htdocs/application/third_party/omnipay/vendor/omnipay/stripe/tests/Mock/FetchInvoiceItemsFailure.txt
OK	/htdocs/application/third_party/omnipay/vendor/omnipay/stripe/tests/Mock/FetchSubscriptionSuccess.txt
OK	/htdocs/application/third_party/omnipay/vendor/omnipay/stripe/tests/Mock/PurchaseFailureWithoutMessage.txt
OK	/htdocs/application/third_party/omnipay/vendor/omnipay/stripe/tests/Mock/UpdateSubscriptionSuccess.txt
OK	/htdocs/application/third_party/omnipay/vendor/omnipay/stripe/tests/Mock/Transfers/ListTransfersFailure.txt
OK	/htdocs/application/third_party/omnipay/vendor/paragonie/constant_time_encoding/src/EncoderInterface.php
OK	/htdocs/application/third_party/omnipay/vendor/paragonie/random_compat/other/build_phar.php
OK	/htdocs/application/third_party/omnipay/vendor/php-http/discovery/src/Psr17Factory.php
OK	/htdocs/application/third_party/omnipay/vendor/php-http/discovery/src/Exception/StrategyUnavailableException.php
OK	/htdocs/application/third_party/omnipay/vendor/php-http/guzzle7-adapter/README.md
OK	/htdocs/application/third_party/omnipay/vendor/php-http/httplug/src/HttpClient.php
OK	/htdocs/application/third_party/omnipay/vendor/php-http/message/LICENSE
OK	/htdocs/application/third_party/omnipay/vendor/php-http/message/src/Authentication/BasicAuth.php
OK	/htdocs/application/third_party/omnipay/vendor/php-http/message/src/Decorator/StreamDecorator.php
OK	/htdocs/application/third_party/omnipay/vendor/php-http/message/src/Formatter/CurlCommandFormatter.php
OK	/htdocs/application/third_party/omnipay/vendor/php-http/message/src/StreamFactory/SlimStreamFactory.php
OK	/htdocs/application/third_party/omnipay/vendor/php-http/message-factory/src/ResponseFactory.php
OK	/htdocs/application/third_party/omnipay/vendor/phpseclib/phpseclib/BACKERS.md
OK	/htdocs/application/third_party/omnipay/vendor/phpseclib/phpseclib/phpseclib/Crypt/DSA.php
OK	/htdocs/application/third_party/omnipay/vendor/phpseclib/phpseclib/phpseclib/Crypt/Common/AsymmetricKey.php
OK	/htdocs/application/third_party/omnipay/vendor/phpseclib/phpseclib/phpseclib/Crypt/Common/Formats/Signature/Raw.php
OK	/htdocs/application/third_party/omnipay/vendor/phpseclib/phpseclib/phpseclib/Crypt/DSA/Formats/Keys/PKCS1.php
OK	/htdocs/application/third_party/omnipay/vendor/phpseclib/phpseclib/phpseclib/Crypt/EC/BaseCurves/Binary.php
OK	/htdocs/application/third_party/omnipay/vendor/phpseclib/phpseclib/phpseclib/Crypt/EC/Curves/brainpoolP256t1.php
OK	/htdocs/application/third_party/omnipay/vendor/phpseclib/phpseclib/phpseclib/Crypt/EC/Curves/nistb409.php
OK	/htdocs/application/third_party/omnipay/vendor/phpseclib/phpseclib/phpseclib/Crypt/EC/Curves/prime192v2.php
OK	/htdocs/application/third_party/omnipay/vendor/phpseclib/phpseclib/phpseclib/Crypt/EC/Curves/secp160r2.php
OK	/htdocs/application/third_party/omnipay/vendor/phpseclib/phpseclib/phpseclib/Crypt/EC/Curves/sect131r2.php
OK	/htdocs/application/third_party/omnipay/vendor/phpseclib/phpseclib/phpseclib/Crypt/EC/Curves/sect409r1.php
OK	/htdocs/application/third_party/omnipay/vendor/phpseclib/phpseclib/phpseclib/Crypt/EC/Formats/Keys/XML.php
OK	/htdocs/application/third_party/omnipay/vendor/phpseclib/phpseclib/phpseclib/Crypt/RSA/Formats/Keys/PSS.php
OK	/htdocs/application/third_party/omnipay/vendor/phpseclib/phpseclib/phpseclib/Exception/NoKeyLoadedException.php
OK	/htdocs/application/third_party/omnipay/vendor/phpseclib/phpseclib/phpseclib/File/ASN1/Maps/AccessDescription.php
OK	/htdocs/application/third_party/omnipay/vendor/phpseclib/phpseclib/phpseclib/File/ASN1/Maps/BasicConstraints.php
OK	/htdocs/application/third_party/omnipay/vendor/phpseclib/phpseclib/phpseclib/File/ASN1/Maps/Characteristic_two.php
OK	/htdocs/application/third_party/omnipay/vendor/phpseclib/phpseclib/phpseclib/File/ASN1/Maps/DistributionPointName.php
OK	/htdocs/application/third_party/omnipay/vendor/phpseclib/phpseclib/phpseclib/File/ASN1/Maps/Extension.php
OK	/htdocs/application/third_party/omnipay/vendor/phpseclib/phpseclib/phpseclib/File/ASN1/Maps/HoldInstructionCode.php
OK	/htdocs/application/third_party/omnipay/vendor/phpseclib/phpseclib/phpseclib/File/ASN1/Maps/netscape_comment.php
OK	/htdocs/application/third_party/omnipay/vendor/phpseclib/phpseclib/phpseclib/File/ASN1/Maps/PBKDF2params.php
OK	/htdocs/application/third_party/omnipay/vendor/phpseclib/phpseclib/phpseclib/File/ASN1/Maps/PrivateKey.php
OK	/htdocs/application/third_party/omnipay/vendor/phpseclib/phpseclib/phpseclib/File/ASN1/Maps/RSAPublicKey.php
OK	/htdocs/application/third_party/omnipay/vendor/phpseclib/phpseclib/phpseclib/File/ASN1/Maps/Trinomial.php
OK	/htdocs/application/third_party/omnipay/vendor/phpseclib/phpseclib/phpseclib/Math/BigInteger/Engines/PHP32.php
OK	/htdocs/application/third_party/omnipay/vendor/phpseclib/phpseclib/phpseclib/Math/BigInteger/Engines/PHP/OpenSSL.php
OK	/htdocs/application/third_party/omnipay/vendor/phpseclib/phpseclib/phpseclib/Net/SSH2.php
OK	/htdocs/application/third_party/omnipay/vendor/psr/cache/src/InvalidArgumentException.php
OK	/htdocs/application/third_party/omnipay/vendor/psr/http-factory/src/RequestFactoryInterface.php
OK	/htdocs/application/third_party/omnipay/vendor/psr/http-message/src/MessageInterface.php
OK	/htdocs/application/third_party/omnipay/vendor/psr/log/src/LoggerAwareInterface.php
OK	/htdocs/application/third_party/omnipay/vendor/setasign/fpdi/README.md
OK	/htdocs/application/third_party/omnipay/vendor/setasign/fpdi/src/Math/Vector.php
OK	/htdocs/application/third_party/omnipay/vendor/setasign/fpdi/src/PdfParser/Filter/Ascii85Exception.php
OK	/htdocs/application/third_party/omnipay/vendor/setasign/fpdi/src/PdfParser/Type/PdfIndirectObject.php
OK	/htdocs/application/third_party/omnipay/vendor/setasign/fpdi/src/PdfReader/PdfReader.php
OK	/htdocs/application/third_party/omnipay/vendor/sonata-project/google-authenticator/sample/tmpl/login-error.php
OK	/htdocs/application/third_party/omnipay/vendor/stripe/stripe-php/composer.json
OK	/htdocs/application/third_party/omnipay/vendor/stripe/stripe-php/lib/ApiResource.php
OK	/htdocs/application/third_party/omnipay/vendor/stripe/stripe-php/lib/Card.php
OK	/htdocs/application/third_party/omnipay/vendor/stripe/stripe-php/lib/CustomerCashBalanceTransaction.php
OK	/htdocs/application/third_party/omnipay/vendor/stripe/stripe-php/lib/InvoiceItem.php
OK	/htdocs/application/third_party/omnipay/vendor/stripe/stripe-php/lib/PaymentLink.php
OK	/htdocs/application/third_party/omnipay/vendor/stripe/stripe-php/lib/Quote.php
OK	/htdocs/application/third_party/omnipay/vendor/stripe/stripe-php/lib/ShippingRate.php
OK	/htdocs/application/third_party/omnipay/vendor/stripe/stripe-php/lib/SubscriptionSchedule.php
OK	/htdocs/application/third_party/omnipay/vendor/stripe/stripe-php/lib/WebhookEndpoint.php
OK	/htdocs/application/third_party/omnipay/vendor/stripe/stripe-php/lib/Billing/Alert.php
OK	/htdocs/application/third_party/omnipay/vendor/stripe/stripe-php/lib/Checkout/Session.php
OK	/htdocs/application/third_party/omnipay/vendor/stripe/stripe-php/lib/Exception/ExceptionInterface.php
OK	/htdocs/application/third_party/omnipay/vendor/stripe/stripe-php/lib/Exception/OAuth/InvalidRequestException.php
OK	/htdocs/application/third_party/omnipay/vendor/stripe/stripe-php/lib/FinancialConnections/Transaction.php
OK	/htdocs/application/third_party/omnipay/vendor/stripe/stripe-php/lib/Issuing/Cardholder.php
OK	/htdocs/application/third_party/omnipay/vendor/stripe/stripe-php/lib/Reporting/ReportRun.php
OK	/htdocs/application/third_party/omnipay/vendor/stripe/stripe-php/lib/Service/ChargeService.php
OK	/htdocs/application/third_party/omnipay/vendor/stripe/stripe-php/lib/Service/FileLinkService.php
OK	/htdocs/application/third_party/omnipay/vendor/stripe/stripe-php/lib/Service/PaymentMethodDomainService.php
OK	/htdocs/application/third_party/omnipay/vendor/stripe/stripe-php/lib/Service/ShippingRateService.php
OK	/htdocs/application/third_party/omnipay/vendor/stripe/stripe-php/lib/Service/Apps/AppsServiceFactory.php
OK	/htdocs/application/third_party/omnipay/vendor/stripe/stripe-php/lib/Service/Capital/FinancingSummaryService.php
OK	/htdocs/application/third_party/omnipay/vendor/stripe/stripe-php/lib/Service/FinancialConnections/FinancialConnectionsServiceFactory.php
OK	/htdocs/application/third_party/omnipay/vendor/stripe/stripe-php/lib/Service/Issuing/AuthorizationService.php
OK	/htdocs/application/third_party/omnipay/vendor/stripe/stripe-php/lib/Service/Radar/RadarServiceFactory.php
OK	/htdocs/application/third_party/omnipay/vendor/stripe/stripe-php/lib/Service/Tax/SettingsService.php
OK	/htdocs/application/third_party/omnipay/vendor/stripe/stripe-php/lib/Service/TestHelpers/TestClockService.php
OK	/htdocs/application/third_party/omnipay/vendor/stripe/stripe-php/lib/Service/TestHelpers/Treasury/ReceivedCreditService.php
OK	/htdocs/application/third_party/omnipay/vendor/stripe/stripe-php/lib/Service/Treasury/TransactionService.php
OK	/htdocs/application/third_party/omnipay/vendor/stripe/stripe-php/lib/Terminal/ConnectionToken.php
OK	/htdocs/application/third_party/omnipay/vendor/stripe/stripe-php/lib/Treasury/ReceivedCredit.php
OK	/htdocs/application/third_party/omnipay/vendor/stripe/stripe-php/lib/Util/Util.php
OK	/htdocs/application/third_party/omnipay/vendor/symfony/http-foundation/Cookie.php
OK	/htdocs/application/third_party/omnipay/vendor/symfony/http-foundation/Request.php
OK	/htdocs/application/third_party/omnipay/vendor/symfony/http-foundation/Exception/ConflictingHeadersException.php
OK	/htdocs/application/third_party/omnipay/vendor/symfony/http-foundation/File/Exception/FileException.php
OK	/htdocs/application/third_party/omnipay/vendor/symfony/http-foundation/RequestMatcher/AttributesRequestMatcher.php
OK	/htdocs/application/third_party/omnipay/vendor/symfony/http-foundation/Session/SessionBagProxy.php
OK	/htdocs/application/third_party/omnipay/vendor/symfony/http-foundation/Session/Storage/MockFileSessionStorage.php
OK	/htdocs/application/third_party/omnipay/vendor/symfony/http-foundation/Session/Storage/Handler/MigratingSessionHandler.php
OK	/htdocs/application/third_party/omnipay/vendor/symfony/http-foundation/Test/Constraint/ResponseFormatSame.php
OK	/htdocs/application/third_party/omnipay/vendor/symfony/polyfill-mbstring/LICENSE
OK	/htdocs/application/third_party/omnipay/vendor/symfony/polyfill-php83/README.md
OK	/htdocs/application/third_party/pesapal/Aouth.php
OK	/htdocs/application/views/ufpassword.php
OK	/htdocs/application/views/admin/staff_timeline.php
OK	/htdocs/application/views/admin/admitcard/editadmitcard.php
OK	/htdocs/application/views/admin/book/getall.php
OK	/htdocs/application/views/admin/certificate/printcertificate.php
OK	/htdocs/application/views/admin/chat/dashbord.php
OK	/htdocs/application/views/admin/contenttype/index.php
OK	/htdocs/application/views/admin/examgroup/addmark.php
OK	/htdocs/application/views/admin/examgroup/_partialexamSubjects.php
OK	/htdocs/application/views/admin/exam_schedule/examCreate.php
OK	/htdocs/application/views/admin/feediscount/assign.php
OK	/htdocs/application/views/admin/feetype/feetypeList.php
OK	/htdocs/application/views/admin/front/media/getMedia.php
OK	/htdocs/application/views/admin/front/pages/index.php
OK	/htdocs/application/views/admin/frontoffice/enquiryview.php
OK	/htdocs/application/views/admin/frontoffice/referenceview.php
OK	/htdocs/application/views/admin/grade/editgrade.php
OK	/htdocs/application/views/admin/incomehead/incomeheadEdit.php
OK	/htdocs/application/views/admin/itemstore/itemstoreEdit.php
OK	/htdocs/application/views/admin/lessonplan/copylesson.php
OK	/htdocs/application/views/admin/librarian/_teacher.php
OK	/htdocs/application/views/admin/mailsms/schedule/sms/edit_sms_group.php
OK	/htdocs/application/views/admin/marksheet/_view.php
OK	/htdocs/application/views/admin/offlinepayment/index.php
OK	/htdocs/application/views/admin/onlineexam/_print.php
OK	/htdocs/application/views/admin/payroll/stafflist.php
OK	/htdocs/application/views/admin/question/_editform.php
OK	/htdocs/application/views/admin/roomtype/edit.php
OK	/htdocs/application/views/admin/staff/leaverequest.php
OK	/htdocs/application/views/admin/staffidcard/staffidcardedit.php
OK	/htdocs/application/views/admin/subjectattendence/_attendencereport.php
OK	/htdocs/application/views/admin/teacher/teacherCreate.php
OK	/htdocs/application/views/admin/timetable/timetableShow.php
OK	/htdocs/application/views/admin/transport/feemaster.php
OK	/htdocs/application/views/attendencereports/attendance.php
OK	/htdocs/application/views/category/categoryCreate.php
OK	/htdocs/application/views/errors/index.html
OK	/htdocs/application/views/errors/html/error_php.php
OK	/htdocs/application/views/financereports/finance.php
OK	/htdocs/application/views/financereports/_finance.php
OK	/htdocs/application/views/homework/homework_marksreport.php
OK	/htdocs/application/views/layout/theme.php
OK	/htdocs/application/views/onlineadmission/flutterwave/index.php
OK	/htdocs/application/views/onlineadmission/payhere/pay.php
OK	/htdocs/application/views/onlineadmission/twocheckout/index.php
OK	/htdocs/application/views/print/print_transport_fee_pdf.php
OK	/htdocs/application/views/reports/bookinventory.php
OK	/htdocs/application/views/reports/library.php
OK	/htdocs/application/views/reports/pdfStudentListByClass.php
OK	/htdocs/application/views/reports/syllabus.php
OK	/htdocs/application/views/reports/_online_examinations.php
OK	/htdocs/application/views/setting/chatsetting.php
OK	/htdocs/application/views/setting/studentguardianpanel.php
OK	/htdocs/application/views/student/profilesetting.php
OK	/htdocs/application/views/studentfee/searchpayment.php
OK	/htdocs/application/views/themes/bold_blue/social_media.php
OK	/htdocs/application/views/themes/darkgray/header.php
OK	/htdocs/application/views/themes/darkgray/pages/read.php
OK	/htdocs/application/views/themes/default/pages/examresult.php
OK	/htdocs/application/views/themes/material_pink/pages/admission.php
OK	/htdocs/application/views/themes/shadow_white/home.php
OK	/htdocs/application/views/themes/yellow/base_layout.php
OK	/htdocs/application/views/themes/yellow/pages/online_admission_review.php
OK	/htdocs/application/views/user/paymentprocessing.php
OK	/htdocs/application/views/user/chat/_partialChatRecord.php
OK	/htdocs/application/views/user/gateway/cashfree/index.php
OK	/htdocs/application/views/user/gateway/mollie/index.php
OK	/htdocs/application/views/user/gateway/pesapal/pay.php
OK	/htdocs/application/views/user/homework/homeworklist.php
OK	/htdocs/application/views/user/onlineexam/_print.php
OK	/htdocs/application/views/user/syllabus/syllabus.php
DONE	2993	0
