OK	/htdocs/application/config/app-config.php
OK	/htdocs/application/config/front_office.php
OK	/htdocs/application/config/saas-config.php
OK	/htdocs/application/controllers/Cron.php
OK	/htdocs/application/controllers/Schsettings.php
OK	/htdocs/application/controllers/admin/Admin.php
OK	/htdocs/application/controllers/admin/Chat.php
OK	/htdocs/application/controllers/admin/Exam.php
OK	/htdocs/application/controllers/admin/Feetype.php
OK	/htdocs/application/controllers/admin/Issueitem.php
OK	/htdocs/application/controllers/admin/Marksdivision.php
OK	/htdocs/application/controllers/admin/Print_headerfooter.php
OK	/htdocs/application/controllers/admin/Staffattendance.php
OK	/htdocs/application/controllers/admin/Timetable.php
OK	/htdocs/application/controllers/admin/front/Banner.php
OK	/htdocs/application/controllers/gateway_ins/Twocheckout.php
OK	/htdocs/application/controllers/onlineadmission/Mollie.php
OK	/htdocs/application/controllers/onlineadmission/Sslcommerz.php
OK	/htdocs/application/controllers/user/Exam.php
OK	/htdocs/application/controllers/user/Syllabus.php
OK	/htdocs/application/controllers/user/gateway/Instamojo.php
OK	/htdocs/application/controllers/user/gateway/Paystack.php
OK	/htdocs/application/core/MY_Controller.php
OK	/htdocs/application/helpers/ss_secret_helper.php
OK	/htdocs/application/language/Amharic/form_validation_lang.php
OK	/htdocs/application/language/Bengali/form_validation_lang.php
OK	/htdocs/application/language/Chinese/form_validation_lang.php
OK	/htdocs/application/language/Dutch/form_validation_lang.php
OK	/htdocs/application/language/Finnish/form_validation_lang.php
OK	/htdocs/application/language/German/form_validation_lang.php
OK	/htdocs/application/language/Hebrew/form_validation_lang.php
OK	/htdocs/application/language/Indonesian/form_validation_lang.php
OK	/htdocs/application/language/Javanese/form_validation_lang.php
OK	/htdocs/application/language/Lao/form_validation_lang.php
OK	/htdocs/application/language/Macedonian/form_validation_lang.php
OK	/htdocs/application/language/Maltese/form_validation_lang.php
OK	/htdocs/application/language/Nepali/form_validation_lang.php
OK	/htdocs/application/language/Portuguese/form_validation_lang.php
OK	/htdocs/application/language/Scottish/form_validation_lang.php
OK	/htdocs/application/language/Spanish/form_validation_lang.php
OK	/htdocs/application/language/Tagalog/form_validation_lang.php
OK	/htdocs/application/language/Turkish/form_validation_lang.php
OK	/htdocs/application/language/Welsh/form_validation_lang.php
OK	/htdocs/application/libraries/Auth.php
OK	/htdocs/application/libraries/Db_manager.php
OK	/htdocs/application/libraries/Midtrans_lib.php
OK	/htdocs/application/libraries/Pesapal_lib.php
OK	/htdocs/application/libraries/Ss_theme.php
OK	/htdocs/application/libraries/PHPMailer/class.phpmaileroauth.php
OK	/htdocs/application/libraries/PHPMailer/language/phpmailer.lang-am.php
OK	/htdocs/application/libraries/PHPMailer/language/phpmailer.lang-es.php
OK	/htdocs/application/libraries/PHPMailer/language/phpmailer.lang-ja.php
OK	/htdocs/application/libraries/PHPMailer/language/phpmailer.lang-ru.php
OK	/htdocs/application/libraries/Zend/Loader.php
OK	/htdocs/application/libraries/Zend/Barcode/Object/Exception.php
OK	/htdocs/application/libraries/Zend/Barcode/Renderer/Pdf.php
OK	/htdocs/application/libraries/Zend/Validate/Digits.php
OK	/htdocs/application/libraries/Zend/Validate/Ip.php
OK	/htdocs/application/libraries/Zend/Validate/Barcode/Code39ext.php
OK	/htdocs/application/libraries/Zend/Validate/Barcode/Gtin14.php
OK	/htdocs/application/libraries/Zend/Validate/Db/Abstract.php
OK	/htdocs/application/libraries/Zend/Validate/File/IsCompressed.php
OK	/htdocs/application/libraries/Zend/Validate/Hostname/Jp.php
OK	/htdocs/application/models/Attendencetype_model.php
OK	/htdocs/application/models/Classsection_model.php
OK	/htdocs/application/models/Contenttype_model.php
OK	/htdocs/application/models/Examresult_model.php
OK	/htdocs/application/models/Feereminder_model.php
OK	/htdocs/application/models/Homework_model.php
OK	/htdocs/application/models/Item_model.php
OK	/htdocs/application/models/Messages_model.php
OK	/htdocs/application/models/Pickuppoint_model.php
OK	/htdocs/application/models/Setting_model.php
OK	/htdocs/application/models/StudentAttendaceSetting_model.php
OK	/htdocs/application/models/Subject_model.php
OK	/htdocs/application/models/Vehicle_model.php
OK	/htdocs/application/third_party/billplz/billplz/billplz-api/src/WPConnect.php
OK	/htdocs/application/third_party/billplz/firebase/php-jwt/README.md
OK	/htdocs/application/third_party/billplz/guzzlehttp/guzzle/src/Client.php
OK	/htdocs/application/third_party/billplz/guzzlehttp/guzzle/src/RetryMiddleware.php
OK	/htdocs/application/third_party/billplz/guzzlehttp/guzzle/src/Exception/InvalidArgumentException.php
OK	/htdocs/application/third_party/billplz/guzzlehttp/guzzle/src/Handler/StreamHandler.php
OK	/htdocs/application/third_party/billplz/guzzlehttp/promises/src/functions_include.php
OK	/htdocs/application/third_party/billplz/guzzlehttp/psr7/src/AppendStream.php
OK	/htdocs/application/third_party/billplz/guzzlehttp/psr7/src/NoSeekStream.php
OK	/htdocs/application/third_party/billplz/guzzlehttp/psr7/src/UriResolver.php
OK	/htdocs/application/third_party/billplz/monolog/monolog/src/Monolog/Utils.php
OK	/htdocs/application/third_party/billplz/monolog/monolog/src/Monolog/Formatter/LogmaticFormatter.php
OK	/htdocs/application/third_party/billplz/monolog/monolog/src/Monolog/Handler/ChromePHPHandler.php
OK	/htdocs/application/third_party/billplz/monolog/monolog/src/Monolog/Handler/FirePHPHandler.php
OK	/htdocs/application/third_party/billplz/monolog/monolog/src/Monolog/Handler/LogEntriesHandler.php
OK	/htdocs/application/third_party/billplz/monolog/monolog/src/Monolog/Handler/PHPConsoleHandler.php
OK	/htdocs/application/third_party/billplz/monolog/monolog/src/Monolog/Handler/SlackWebhookHandler.php
OK	/htdocs/application/third_party/billplz/monolog/monolog/src/Monolog/Handler/Curl/Util.php
OK	/htdocs/application/third_party/billplz/monolog/monolog/src/Monolog/Processor/MercurialProcessor.php
OK	/htdocs/application/third_party/billplz/psr/cache/src/CacheException.php
OK	/htdocs/application/third_party/billplz/psr/http-message/CHANGELOG.md
OK	/htdocs/application/third_party/billplz/psr/log/LICENSE
OK	/htdocs/application/third_party/billplz/psr/log/Psr/Log/Test/TestLogger.php
OK	/htdocs/application/third_party/billplz/rize/uri-template/src/Rize/UriTemplate/UriTemplate.php
OK	/htdocs/application/third_party/billplz/rize/uri-template/test/fixtures/spec-examples-by-section.json
OK	/htdocs/application/third_party/firebase/php-jwt/src/Key.php
OK	/htdocs/application/third_party/jwt/composer/LICENSE
OK	/htdocs/application/third_party/midtrans/midtrans-php/.gitignore
OK	/htdocs/application/third_party/midtrans/midtrans-php/examples/snap/checkout-process-simple-version.php
OK	/htdocs/application/third_party/midtrans/midtrans-php/Midtrans/Transaction.php
OK	/htdocs/application/third_party/midtrans/midtrans-php/tests/integration/VtNotificationIntegrationTest.php
OK	/htdocs/application/third_party/omnipay/vendor/aws/aws-crt-php/README.md
OK	/htdocs/application/third_party/omnipay/vendor/aws/aws-crt-php/src/AWS/CRT/Auth/SigningConfigAWS.php
OK	/htdocs/application/third_party/omnipay/vendor/aws/aws-sdk-php/composer.json
OK	/htdocs/application/third_party/omnipay/vendor/aws/aws-sdk-php/src/CommandInterface.php
OK	/htdocs/application/third_party/omnipay/vendor/aws/aws-sdk-php/src/IdempotencyTokenMiddleware.php
OK	/htdocs/application/third_party/omnipay/vendor/aws/aws-sdk-php/src/PsrCacheAdapter.php
OK	/htdocs/application/third_party/omnipay/vendor/aws/aws-sdk-php/src/UserAgentMiddleware.php
OK	/htdocs/application/third_party/omnipay/vendor/aws/aws-sdk-php/src/Amplify/Exception/AmplifyException.php
OK	/htdocs/application/third_party/omnipay/vendor/aws/aws-sdk-php/src/Api/Service.php
OK	/htdocs/application/third_party/omnipay/vendor/aws/aws-sdk-php/src/Api/Parser/AbstractParser.php
OK	/htdocs/application/third_party/omnipay/vendor/aws/aws-sdk-php/src/Api/Parser/RestXmlParser.php
OK	/htdocs/application/third_party/omnipay/vendor/aws/aws-sdk-php/src/ApiGateway/ApiGatewayClient.php
OK	/htdocs/application/third_party/omnipay/vendor/aws/aws-sdk-php/src/Appflow/AppflowClient.php
OK	/htdocs/application/third_party/omnipay/vendor/aws/aws-sdk-php/src/ApplicationSignals/ApplicationSignalsClient.php
OK	/htdocs/application/third_party/omnipay/vendor/aws/aws-sdk-php/src/AppTest/AppTestClient.php
OK	/htdocs/application/third_party/omnipay/vendor/aws/aws-sdk-php/src/Arn/S3/AccessPointArn.php
OK	/htdocs/application/third_party/omnipay/vendor/aws/aws-sdk-php/src/AugmentedAIRuntime/AugmentedAIRuntimeClient.php
OK	/htdocs/application/third_party/omnipay/vendor/aws/aws-sdk-php/src/Backup/BackupClient.php
OK	/htdocs/application/third_party/omnipay/vendor/aws/aws-sdk-php/src/Bedrock/BedrockClient.php
OK	/htdocs/application/third_party/omnipay/vendor/aws/aws-sdk-php/src/Billing/BillingClient.php
OK	/htdocs/application/third_party/omnipay/vendor/aws/aws-sdk-php/src/ChimeSDKIdentity/ChimeSDKIdentityClient.php
OK	/htdocs/application/third_party/omnipay/vendor/aws/aws-sdk-php/src/CleanRoomsML/CleanRoomsMLClient.php
OK	/htdocs/application/third_party/omnipay/vendor/aws/aws-sdk-php/src/CloudControlApi/CloudControlApiClient.php
OK	/htdocs/application/third_party/omnipay/vendor/aws/aws-sdk-php/src/CloudFrontKeyValueStore/Exception/CloudFrontKeyValueStoreException.php
OK	/htdocs/application/third_party/omnipay/vendor/aws/aws-sdk-php/src/CloudTrail/LogRecordIterator.php
OK	/htdocs/application/third_party/omnipay/vendor/aws/aws-sdk-php/src/CloudWatchRUM/CloudWatchRUMClient.php
OK	/htdocs/application/third_party/omnipay/vendor/aws/aws-sdk-php/src/CodeDeploy/CodeDeployClient.php
OK	/htdocs/application/third_party/omnipay/vendor/aws/aws-sdk-php/src/CodeStarNotifications/CodeStarNotificationsClient.php
OK	/htdocs/application/third_party/omnipay/vendor/aws/aws-sdk-php/src/ComprehendMedical/Exception/ComprehendMedicalException.php
OK	/htdocs/application/third_party/omnipay/vendor/aws/aws-sdk-php/src/ConnectCases/ConnectCasesClient.php
OK	/htdocs/application/third_party/omnipay/vendor/aws/aws-sdk-php/src/CostandUsageReportService/CostandUsageReportServiceClient.php
OK	/htdocs/application/third_party/omnipay/vendor/aws/aws-sdk-php/src/Credentials/CredentialsUtils.php
OK	/htdocs/application/third_party/omnipay/vendor/aws/aws-sdk-php/src/Crypto/DecryptionTraitV2.php
OK	/htdocs/application/third_party/omnipay/vendor/aws/aws-sdk-php/src/Crypto/Cipher/CipherBuilderTrait.php
OK	/htdocs/application/third_party/omnipay/vendor/aws/aws-sdk-php/src/data/grandfathered-services.json.php
OK	/htdocs/application/third_party/omnipay/vendor/aws/aws-sdk-php/src/data/acm/2015-12-08/endpoint-rule-set-1.json.php
OK	/htdocs/application/third_party/omnipay/vendor/aws/aws-sdk-php/src/data/amplify/2017-07-25/api-2.json.php
OK	/htdocs/application/third_party/omnipay/vendor/aws/aws-sdk-php/src/data/apigateway/2015-07-09/endpoint-rule-set-1.json.php
OK	/htdocs/application/third_party/omnipay/vendor/aws/aws-sdk-php/src/data/appconfigdata/2021-11-11/api-2.json.php
OK	/htdocs/application/third_party/omnipay/vendor/aws/aws-sdk-php/src/data/appintegrations/2020-07-29/endpoint-rule-set-1.json.php
OK	/htdocs/application/third_party/omnipay/vendor/aws/aws-sdk-php/src/data/applicationcostprofiler/2020-09-10/api-2.json.php
OK	/htdocs/application/third_party/omnipay/vendor/aws/aws-sdk-php/src/data/appstream/2016-12-01/api-2.json.php
OK	/htdocs/application/third_party/omnipay/vendor/aws/aws-sdk-php/src/data/apptest/2022-12-06/waiters-2.json.php
OK	/htdocs/application/third_party/omnipay/vendor/aws/aws-sdk-php/src/data/athena/2017-05-18/smoke.json.php
OK	/htdocs/application/third_party/omnipay/vendor/aws/aws-sdk-php/src/data/b2bi/2022-06-23/api-2.json.php
OK	/htdocs/application/third_party/omnipay/vendor/aws/aws-sdk-php/src/data/backupsearch/2018-05-10/smoke.json.php
OK	/htdocs/application/third_party/omnipay/vendor/aws/aws-sdk-php/src/data/bcm-pricing-calculator/2024-06-19/smoke.json.php
OK	/htdocs/application/third_party/omnipay/vendor/aws/aws-sdk-php/src/data/bedrock-agent-runtime/2023-07-26/paginators-1.json.php
OK	/htdocs/application/third_party/omnipay/vendor/aws/aws-sdk-php/src/data/billing/2023-09-07/api-2.json.php
OK	/htdocs/application/third_party/omnipay/vendor/aws/aws-sdk-php/src/data/braket/2019-09-01/paginators-1.json.php
OK	/htdocs/application/third_party/omnipay/vendor/aws/aws-sdk-php/src/data/chime/2018-05-01/paginators-1.json.php
OK	/htdocs/application/third_party/omnipay/vendor/aws/aws-sdk-php/src/data/chime-sdk-messaging/2021-05-15/paginators-1.json.php
OK	/htdocs/application/third_party/omnipay/vendor/aws/aws-sdk-php/src/data/cleanroomsml/2023-09-06/smoke.json.php
OK	/htdocs/application/third_party/omnipay/vendor/aws/aws-sdk-php/src/data/clouddirectory/2016-05-10/paginators-1.json.php
OK	/htdocs/application/third_party/omnipay/vendor/aws/aws-sdk-php/src/data/cloudfront/2015-07-27/waiters-2.json.php
OK	/htdocs/application/third_party/omnipay/vendor/aws/aws-sdk-php/src/data/cloudfront/2016-08-20/waiters-2.json.php
OK	/htdocs/application/third_party/omnipay/vendor/aws/aws-sdk-php/src/data/cloudfront/2016-11-25/endpoint-rule-set-1.json.php
OK	/htdocs/application/third_party/omnipay/vendor/aws/aws-sdk-php/src/data/cloudfront/2017-10-30/smoke.json.php
OK	/htdocs/application/third_party/omnipay/vendor/aws/aws-sdk-php/src/data/cloudfront/2018-11-05/smoke.json.php
OK	/htdocs/application/third_party/omnipay/vendor/aws/aws-sdk-php/src/data/cloudfront/2020-05-31/smoke.json.php
OK	/htdocs/application/third_party/omnipay/vendor/aws/aws-sdk-php/src/data/cloudhsmv2/2017-04-28/smoke.json.php
OK	/htdocs/application/third_party/omnipay/vendor/aws/aws-sdk-php/src/data/cloudtrail-data/2021-08-11/endpoint-rule-set-1.json.php
OK	/htdocs/application/third_party/omnipay/vendor/aws/aws-sdk-php/src/data/codecatalyst/2022-09-28/smoke.json.php
OK	/htdocs/application/third_party/omnipay/vendor/aws/aws-sdk-php/src/data/codedeploy/2014-10-06/smoke.json.php
OK	/htdocs/application/third_party/omnipay/vendor/aws/aws-sdk-php/src/data/codeguruprofiler/2019-07-18/paginators-1.json.php
OK	/htdocs/application/third_party/omnipay/vendor/aws/aws-sdk-php/src/data/cognito-identity/2014-06-30/endpoint-rule-set-1.json.php
OK	/htdocs/application/third_party/omnipay/vendor/aws/aws-sdk-php/src/data/comprehend/2017-11-27/endpoint-rule-set-1.json.php
OK	/htdocs/application/third_party/omnipay/vendor/aws/aws-sdk-php/src/data/connect/2017-08-08/api-2.json.php
OK	/htdocs/application/third_party/omnipay/vendor/aws/aws-sdk-php/src/data/connectcases/2022-10-03/api-2.json.php
OK	/htdocs/application/third_party/omnipay/vendor/aws/aws-sdk-php/src/data/controltower/2018-05-10/endpoint-rule-set-1.json.php
OK	/htdocs/application/third_party/omnipay/vendor/aws/aws-sdk-php/src/data/customer-profiles/2020-08-15/endpoint-rule-set-1.json.php
OK	/htdocs/application/third_party/omnipay/vendor/aws/aws-sdk-php/src/data/dataexchange/2017-07-25/smoke.json.php
OK	/htdocs/application/third_party/omnipay/vendor/aws/aws-sdk-php/src/data/dax/2017-04-19/endpoint-rule-set-1.json.php
OK	/htdocs/application/third_party/omnipay/vendor/aws/aws-sdk-php/src/data/devicefarm/2015-06-23/smoke.json.php
OK	/htdocs/application/third_party/omnipay/vendor/aws/aws-sdk-php/src/data/discovery/2015-11-01/endpoint-rule-set-1.json.php
OK	/htdocs/application/third_party/omnipay/vendor/aws/aws-sdk-php/src/data/docdb/2014-10-31/endpoint-rule-set-1.json.php
OK	/htdocs/application/third_party/omnipay/vendor/aws/aws-sdk-php/src/data/ds/2015-04-16/paginators-1.json.php
OK	/htdocs/application/third_party/omnipay/vendor/aws/aws-sdk-php/src/data/dynamodb/2012-08-10/api-2.json.php
OK	/htdocs/application/third_party/omnipay/vendor/aws/aws-sdk-php/src/data/ec2/2015-10-01/waiters-1.json.php
OK	/htdocs/application/third_party/omnipay/vendor/aws/aws-sdk-php/src/data/ec2/2016-11-15/endpoint-rule-set-1.json.php
OK	/htdocs/application/third_party/omnipay/vendor/aws/aws-sdk-php/src/data/ecr/2015-09-21/waiters-2.json.php
OK	/htdocs/application/third_party/omnipay/vendor/aws/aws-sdk-php/src/data/eks/2017-11-01/waiters-2.json.php
OK	/htdocs/application/third_party/omnipay/vendor/aws/aws-sdk-php/src/data/elasticbeanstalk/2010-12-01/endpoint-rule-set-1.json.php
OK	/htdocs/application/third_party/omnipay/vendor/aws/aws-sdk-php/src/data/elasticloadbalancing/2012-06-01/waiters-2.json.php
OK	/htdocs/application/third_party/omnipay/vendor/aws/aws-sdk-php/src/data/elastictranscoder/2012-09-25/endpoint-rule-set-1.json.php
OK	/htdocs/application/third_party/omnipay/vendor/aws/aws-sdk-php/src/data/emr-containers/2020-10-01/endpoint-rule-set-1.json.php
OK	/htdocs/application/third_party/omnipay/vendor/aws/aws-sdk-php/src/data/es/2015-01-01/endpoint-rule-set-1.json.php
OK	/htdocs/application/third_party/omnipay/vendor/aws/aws-sdk-php/src/data/evidently/2021-02-01/endpoint-rule-set-1.json.php
OK	/htdocs/application/third_party/omnipay/vendor/aws/aws-sdk-php/src/data/fis/2020-12-01/api-2.json.php
OK	/htdocs/application/third_party/omnipay/vendor/aws/aws-sdk-php/src/data/frauddetector/2019-11-15/api-2.json.php
OK	/htdocs/application/third_party/omnipay/vendor/aws/aws-sdk-php/src/data/gamelift/2015-10-01/smoke.json.php
OK	/htdocs/application/third_party/omnipay/vendor/aws/aws-sdk-php/src/data/glacier/2012-06-01/paginators-1.json.php
OK	/htdocs/application/third_party/omnipay/vendor/aws/aws-sdk-php/src/data/grafana/2020-08-18/defaults-1.json.php
OK	/htdocs/application/third_party/omnipay/vendor/aws/aws-sdk-php/src/data/guardduty/2017-11-28/api-2.json.php
OK	/htdocs/application/third_party/omnipay/vendor/aws/aws-sdk-php/src/data/iam/2010-05-08/smoke.json.php
OK	/htdocs/application/third_party/omnipay/vendor/aws/aws-sdk-php/src/data/inspector/2016-02-16/endpoint-rule-set-1.json.php
OK	/htdocs/application/third_party/omnipay/vendor/aws/aws-sdk-php/src/data/internetmonitor/2021-06-03/smoke.json.php
OK	/htdocs/application/third_party/omnipay/vendor/aws/aws-sdk-php/src/data/iot-jobs-data/2017-09-29/endpoint-rule-set-1.json.php
OK	/htdocs/application/third_party/omnipay/vendor/aws/aws-sdk-php/src/data/iotevents-data/2018-10-23/endpoint-rule-set-1.json.php
OK	/htdocs/application/third_party/omnipay/vendor/aws/aws-sdk-php/src/data/iotsecuretunneling/2018-10-05/paginators-1.json.php
OK	/htdocs/application/third_party/omnipay/vendor/aws/aws-sdk-php/src/data/iottwinmaker/2021-11-29/waiters-2.json.php
OK	/htdocs/application/third_party/omnipay/vendor/aws/aws-sdk-php/src/data/ivschat/2020-07-14/api-2.json.php
OK	/htdocs/application/third_party/omnipay/vendor/aws/aws-sdk-php/src/data/kafkaconnect/2021-09-14/waiters-2.json.php
OK	/htdocs/application/third_party/omnipay/vendor/aws/aws-sdk-php/src/data/kinesis/2013-12-02/api-2.json.php
OK	/htdocs/application/third_party/omnipay/vendor/aws/aws-sdk-php/src/data/kinesis-video-signaling/2019-12-04/endpoint-rule-set-1.json.php
OK	/htdocs/application/third_party/omnipay/vendor/aws/aws-sdk-php/src/data/kinesisvideo/2017-09-30/endpoint-rule-set-1.json.php
OK	/htdocs/application/third_party/omnipay/vendor/aws/aws-sdk-php/src/data/lambda/2015-03-31/smoke.json.php
OK	/htdocs/application/third_party/omnipay/vendor/aws/aws-sdk-php/src/data/license-manager-linux-subscriptions/2018-05-10/endpoint-rule-set-1.json.php
OK	/htdocs/application/third_party/omnipay/vendor/aws/aws-sdk-php/src/data/logs/2014-03-28/api-2.json.php
OK	/htdocs/application/third_party/omnipay/vendor/aws/aws-sdk-php/src/data/lookoutvision/2020-11-20/paginators-1.json.php
OK	/htdocs/application/third_party/omnipay/vendor/aws/aws-sdk-php/src/data/mailmanager/2023-10-17/api-2.json.php
OK	/htdocs/application/third_party/omnipay/vendor/aws/aws-sdk-php/src/data/marketplace-agreement/2020-03-01/endpoint-rule-set-1.json.php
OK	/htdocs/application/third_party/omnipay/vendor/aws/aws-sdk-php/src/data/marketplace-reporting/2018-05-10/waiters-2.json.php
OK	/htdocs/application/third_party/omnipay/vendor/aws/aws-sdk-php/src/data/medialive/2017-10-14/api-2.json.php
OK	/htdocs/application/third_party/omnipay/vendor/aws/aws-sdk-php/src/data/mediapackagev2/2022-12-25/paginators-1.json.php
OK	/htdocs/application/third_party/omnipay/vendor/aws/aws-sdk-php/src/data/medical-imaging/2023-07-19/api-2.json.php
OK	/htdocs/application/third_party/omnipay/vendor/aws/aws-sdk-php/src/data/mgh/2017-05-31/endpoint-rule-set-1.json.php
OK	/htdocs/application/third_party/omnipay/vendor/aws/aws-sdk-php/src/data/migrationhuborchestrator/2021-08-28/endpoint-rule-set-1.json.php
OK	/htdocs/application/third_party/omnipay/vendor/aws/aws-sdk-php/src/data/monitoring/2010-08-01/endpoint-rule-set-1.json.php
OK	/htdocs/application/third_party/omnipay/vendor/aws/aws-sdk-php/src/data/mwaa/2020-07-01/endpoint-rule-set-1.json.php
OK	/htdocs/application/third_party/omnipay/vendor/aws/aws-sdk-php/src/data/neptunedata/2023-08-01/endpoint-rule-set-1.json.php
OK	/htdocs/application/third_party/omnipay/vendor/aws/aws-sdk-php/src/data/networkmanager/2019-07-05/paginators-1.json.php
OK	/htdocs/application/third_party/omnipay/vendor/aws/aws-sdk-php/src/data/notificationscontacts/2018-05-10/endpoint-rule-set-1.json.php
OK	/htdocs/application/third_party/omnipay/vendor/aws/aws-sdk-php/src/data/omics/2022-11-28/api-2.json.php
OK	/htdocs/application/third_party/omnipay/vendor/aws/aws-sdk-php/src/data/opensearchserverless/2021-11-01/paginators-1.json.php
OK	/htdocs/application/third_party/omnipay/vendor/aws/aws-sdk-php/src/data/organizations/2016-11-28/api-2.json.php
OK	/htdocs/application/third_party/omnipay/vendor/aws/aws-sdk-php/src/data/partnercentral-selling/2022-07-26/api-2.json.php
OK	/htdocs/application/third_party/omnipay/vendor/aws/aws-sdk-php/src/data/payment-cryptography-data/2022-02-03/waiters-2.json.php
OK	/htdocs/application/third_party/omnipay/vendor/aws/aws-sdk-php/src/data/pcs/2023-02-10/smoke.json.php
OK	/htdocs/application/third_party/omnipay/vendor/aws/aws-sdk-php/src/data/pi/2018-02-27/endpoint-rule-set-1.json.php
OK	/htdocs/application/third_party/omnipay/vendor/aws/aws-sdk-php/src/data/pipes/2015-10-07/api-2.json.php
OK	/htdocs/application/third_party/omnipay/vendor/aws/aws-sdk-php/src/data/pricing/2017-10-15/smoke.json.php
OK	/htdocs/application/third_party/omnipay/vendor/aws/aws-sdk-php/src/data/qapps/2023-11-27/paginators-1.json.php
OK	/htdocs/application/third_party/omnipay/vendor/aws/aws-sdk-php/src/data/qldb/2019-01-02/endpoint-rule-set-1.json.php
OK	/htdocs/application/third_party/omnipay/vendor/aws/aws-sdk-php/src/data/rbin/2021-06-15/endpoint-rule-set-1.json.php
OK	/htdocs/application/third_party/omnipay/vendor/aws/aws-sdk-php/src/data/rds-data/2018-08-01/api-2.json.php
OK	/htdocs/application/third_party/omnipay/vendor/aws/aws-sdk-php/src/data/redshift-serverless/2021-04-21/api-2.json.php
OK	/htdocs/application/third_party/omnipay/vendor/aws/aws-sdk-php/src/data/resiliencehub/2020-04-30/endpoint-rule-set-1.json.php
OK	/htdocs/application/third_party/omnipay/vendor/aws/aws-sdk-php/src/data/robomaker/2018-06-29/endpoint-rule-set-1.json.php
OK	/htdocs/application/third_party/omnipay/vendor/aws/aws-sdk-php/src/data/route53-recovery-cluster/2019-12-02/paginators-1.json.php
OK	/htdocs/application/third_party/omnipay/vendor/aws/aws-sdk-php/src/data/route53profiles/2018-05-10/api-2.json.php
OK	/htdocs/application/third_party/omnipay/vendor/aws/aws-sdk-php/src/data/runtime.lex/2016-11-28/paginators-1.json.php
OK	/htdocs/application/third_party/omnipay/vendor/aws/aws-sdk-php/src/data/s3/2006-03-01/waiters-2.json.php
OK	/htdocs/application/third_party/omnipay/vendor/aws/aws-sdk-php/src/data/sagemaker/2017-07-24/api-2.json.php
OK	/htdocs/application/third_party/omnipay/vendor/aws/aws-sdk-php/src/data/sagemaker-featurestore-runtime/2020-07-01/paginators-1.json.php
OK	/htdocs/application/third_party/omnipay/vendor/aws/aws-sdk-php/src/data/scheduler/2021-06-30/paginators-1.json.php
OK	/htdocs/application/third_party/omnipay/vendor/aws/aws-sdk-php/src/data/security-ir/2018-05-10/smoke.json.php
OK	/htdocs/application/third_party/omnipay/vendor/aws/aws-sdk-php/src/data/service-quotas/2019-06-24/endpoint-rule-set-1.json.php
OK	/htdocs/application/third_party/omnipay/vendor/aws/aws-sdk-php/src/data/sesv2/2019-09-27/api-2.json.php
OK	/htdocs/application/third_party/omnipay/vendor/aws/aws-sdk-php/src/data/simspaceweaver/2022-10-28/endpoint-rule-set-1.json.php
OK	/htdocs/application/third_party/omnipay/vendor/aws/aws-sdk-php/src/data/snowball/2016-06-30/endpoint-rule-set-1.json.php
OK	/htdocs/application/third_party/omnipay/vendor/aws/aws-sdk-php/src/data/sqs/2012-11-05/paginators-1.json.php
OK	/htdocs/application/third_party/omnipay/vendor/aws/aws-sdk-php/src/data/ssm-incidents/2018-05-10/endpoint-rule-set-1.json.php
OK	/htdocs/application/third_party/omnipay/vendor/aws/aws-sdk-php/src/data/sso-admin/2020-07-20/api-2.json.php
OK	/htdocs/application/third_party/omnipay/vendor/aws/aws-sdk-php/src/data/storagegateway/2013-06-30/paginators-1.json.php
OK	/htdocs/application/third_party/omnipay/vendor/aws/aws-sdk-php/src/data/support/2013-04-15/endpoint-rule-set-1.json.php
OK	/htdocs/application/third_party/omnipay/vendor/aws/aws-sdk-php/src/data/synthetics/2017-10-11/paginators-1.json.php
OK	/htdocs/application/third_party/omnipay/vendor/aws/aws-sdk-php/src/data/timestream-query/2018-11-01/paginators-1.json.php
OK	/htdocs/application/third_party/omnipay/vendor/aws/aws-sdk-php/src/data/transfer/2018-11-05/endpoint-rule-set-1.json.php
OK	/htdocs/application/third_party/omnipay/vendor/aws/aws-sdk-php/src/data/verifiedpermissions/2021-12-01/smoke.json.php
OK	/htdocs/application/third_party/omnipay/vendor/aws/aws-sdk-php/src/data/waf-regional/2016-11-28/api-2.json.php
OK	/htdocs/application/third_party/omnipay/vendor/aws/aws-sdk-php/src/data/wisdom/2020-10-19/endpoint-rule-set-1.json.php
OK	/htdocs/application/third_party/omnipay/vendor/aws/aws-sdk-php/src/data/workspaces/2015-04-08/endpoint-rule-set-1.json.php
OK	/htdocs/application/third_party/omnipay/vendor/aws/aws-sdk-php/src/DatabaseMigrationService/DatabaseMigrationServiceClient.php
OK	/htdocs/application/third_party/omnipay/vendor/aws/aws-sdk-php/src/Deadline/DeadlineClient.php
OK	/htdocs/application/third_party/omnipay/vendor/aws/aws-sdk-php/src/DirectConnect/DirectConnectClient.php
OK	/htdocs/application/third_party/omnipay/vendor/aws/aws-sdk-php/src/drs/drsClient.php
OK	/htdocs/application/third_party/omnipay/vendor/aws/aws-sdk-php/src/DynamoDb/SessionHandler.php
OK	/htdocs/application/third_party/omnipay/vendor/aws/aws-sdk-php/src/EC2InstanceConnect/Exception/EC2InstanceConnectException.php
OK	/htdocs/application/third_party/omnipay/vendor/aws/aws-sdk-php/src/EKSAuth/Exception/EKSAuthException.php
OK	/htdocs/application/third_party/omnipay/vendor/aws/aws-sdk-php/src/ElasticTranscoder/Exception/ElasticTranscoderException.php
OK	/htdocs/application/third_party/omnipay/vendor/aws/aws-sdk-php/src/Endpoint/UseDualstackEndpoint/Configuration.php
OK	/htdocs/application/third_party/omnipay/vendor/aws/aws-sdk-php/src/EndpointDiscovery/EndpointList.php
OK	/htdocs/application/third_party/omnipay/vendor/aws/aws-sdk-php/src/EndpointV2/Ruleset/RulesetEndpoint.php
OK	/htdocs/application/third_party/omnipay/vendor/aws/aws-sdk-php/src/Exception/CryptoException.php
OK	/htdocs/application/third_party/omnipay/vendor/aws/aws-sdk-php/src/finspace/Exception/finspaceException.php
OK	/htdocs/application/third_party/omnipay/vendor/aws/aws-sdk-php/src/ForecastService/Exception/ForecastServiceException.php
OK	/htdocs/application/third_party/omnipay/vendor/aws/aws-sdk-php/src/GeoPlaces/Exception/GeoPlacesException.php
OK	/htdocs/application/third_party/omnipay/vendor/aws/aws-sdk-php/src/GlueDataBrew/Exception/GlueDataBrewException.php
OK	/htdocs/application/third_party/omnipay/vendor/aws/aws-sdk-php/src/Handler/GuzzleV6/GuzzleHandler.php
OK	/htdocs/application/third_party/omnipay/vendor/aws/aws-sdk-php/src/IdentityStore/IdentityStoreClient.php
OK	/htdocs/application/third_party/omnipay/vendor/aws/aws-sdk-php/src/InternetMonitor/InternetMonitorClient.php
OK	/htdocs/application/third_party/omnipay/vendor/aws/aws-sdk-php/src/IoTEvents/IoTEventsClient.php
OK	/htdocs/application/third_party/omnipay/vendor/aws/aws-sdk-php/src/IoTSiteWise/IoTSiteWiseClient.php
OK	/htdocs/application/third_party/omnipay/vendor/aws/aws-sdk-php/src/IVSRealTime/IVSRealTimeClient.php
OK	/htdocs/application/third_party/omnipay/vendor/aws/aws-sdk-php/src/Kinesis/KinesisClient.php
OK	/htdocs/application/third_party/omnipay/vendor/aws/aws-sdk-php/src/KinesisVideoSignalingChannels/KinesisVideoSignalingChannelsClient.php
OK	/htdocs/application/third_party/omnipay/vendor/aws/aws-sdk-php/src/LexModelBuildingService/LexModelBuildingServiceClient.php
OK	/htdocs/application/third_party/omnipay/vendor/aws/aws-sdk-php/src/LicenseManagerUserSubscriptions/LicenseManagerUserSubscriptionsClient.php
OK	/htdocs/application/third_party/omnipay/vendor/aws/aws-sdk-php/src/MachineLearning/MachineLearningClient.php
OK	/htdocs/application/third_party/omnipay/vendor/aws/aws-sdk-php/src/ManagedGrafana/ManagedGrafanaClient.php
OK	/htdocs/application/third_party/omnipay/vendor/aws/aws-sdk-php/src/MarketplaceMetering/MarketplaceMeteringClient.php
OK	/htdocs/application/third_party/omnipay/vendor/aws/aws-sdk-php/src/MediaPackageV2/MediaPackageV2Client.php
OK	/htdocs/application/third_party/omnipay/vendor/aws/aws-sdk-php/src/MemoryDB/MemoryDBClient.php
OK	/htdocs/application/third_party/omnipay/vendor/aws/aws-sdk-php/src/MigrationHubStrategyRecommendations/MigrationHubStrategyRecommendationsClient.php
OK	/htdocs/application/third_party/omnipay/vendor/aws/aws-sdk-php/src/Neptune/Exception/NeptuneException.php
OK	/htdocs/application/third_party/omnipay/vendor/aws/aws-sdk-php/src/NetworkMonitor/Exception/NetworkMonitorException.php
OK	/htdocs/application/third_party/omnipay/vendor/aws/aws-sdk-php/src/OpenSearchServerless/Exception/OpenSearchServerlessException.php
OK	/htdocs/application/third_party/omnipay/vendor/aws/aws-sdk-php/src/Outposts/Exception/OutpostsException.php
OK	/htdocs/application/third_party/omnipay/vendor/aws/aws-sdk-php/src/PcaConnectorScep/Exception/PcaConnectorScepException.php
OK	/htdocs/application/third_party/omnipay/vendor/aws/aws-sdk-php/src/Pinpoint/Exception/PinpointException.php
OK	/htdocs/application/third_party/omnipay/vendor/aws/aws-sdk-php/src/Pricing/Exception/PricingException.php
OK	/htdocs/application/third_party/omnipay/vendor/aws/aws-sdk-php/src/QConnect/Exception/QConnectException.php
OK	/htdocs/application/third_party/omnipay/vendor/aws/aws-sdk-php/src/RDSDataService/RDSDataServiceClient.php
OK	/htdocs/application/third_party/omnipay/vendor/aws/aws-sdk-php/src/Repostspace/RepostspaceClient.php
OK	/htdocs/application/third_party/omnipay/vendor/aws/aws-sdk-php/src/Retry/ConfigurationProvider.php
OK	/htdocs/application/third_party/omnipay/vendor/aws/aws-sdk-php/src/Route53Domains/Exception/Route53DomainsException.php
OK	/htdocs/application/third_party/omnipay/vendor/aws/aws-sdk-php/src/S3/ApplyChecksumMiddleware.php
OK	/htdocs/application/third_party/omnipay/vendor/aws/aws-sdk-php/src/S3/ObjectUploader.php
OK	/htdocs/application/third_party/omnipay/vendor/aws/aws-sdk-php/src/S3/SSECMiddleware.php
OK	/htdocs/application/third_party/omnipay/vendor/aws/aws-sdk-php/src/S3/Crypto/UserAgentTrait.php
OK	/htdocs/application/third_party/omnipay/vendor/aws/aws-sdk-php/src/S3/RegionalEndpoint/Exception/ConfigurationException.php
OK	/htdocs/application/third_party/omnipay/vendor/aws/aws-sdk-php/src/SageMaker/SageMakerClient.php
OK	/htdocs/application/third_party/omnipay/vendor/aws/aws-sdk-php/src/SavingsPlans/SavingsPlansClient.php
OK	/htdocs/application/third_party/omnipay/vendor/aws/aws-sdk-php/src/SecurityIR/Exception/SecurityIRException.php
OK	/htdocs/application/third_party/omnipay/vendor/aws/aws-sdk-php/src/Ses/Exception/SesException.php
OK	/htdocs/application/third_party/omnipay/vendor/aws/aws-sdk-php/src/Signature/SignatureTrait.php
OK	/htdocs/application/third_party/omnipay/vendor/aws/aws-sdk-php/src/Sns/SnsClient.php
OK	/htdocs/application/third_party/omnipay/vendor/aws/aws-sdk-php/src/SSMQuickSetup/SSMQuickSetupClient.php
OK	/htdocs/application/third_party/omnipay/vendor/aws/aws-sdk-php/src/Sts/StsClient.php
OK	/htdocs/application/third_party/omnipay/vendor/aws/aws-sdk-php/src/Swf/SwfClient.php
OK	/htdocs/application/third_party/omnipay/vendor/aws/aws-sdk-php/src/TimestreamWrite/TimestreamWriteClient.php
OK	/htdocs/application/third_party/omnipay/vendor/aws/aws-sdk-php/src/Token/TokenProvider.php
OK	/htdocs/application/third_party/omnipay/vendor/aws/aws-sdk-php/src/VoiceID/Exception/VoiceIDException.php
OK	/htdocs/application/third_party/omnipay/vendor/aws/aws-sdk-php/src/WorkDocs/Exception/WorkDocsException.php
OK	/htdocs/application/third_party/omnipay/vendor/aws/aws-sdk-php/src/XRay/Exception/XRayException.php
OK	/htdocs/application/third_party/omnipay/vendor/chillerlan/php-qrcode/src/Common/BitBuffer.php
OK	/htdocs/application/third_party/omnipay/vendor/chillerlan/php-qrcode/src/Data/AlphaNum.php
OK	/htdocs/application/third_party/omnipay/vendor/chillerlan/php-qrcode/src/Decoder/Binarizer.php
OK	/htdocs/application/third_party/omnipay/vendor/chillerlan/php-qrcode/src/Detector/PerspectiveTransform.php
OK	/htdocs/application/third_party/omnipay/vendor/chillerlan/php-qrcode/src/Output/QRImage.php
OK	/htdocs/application/third_party/omnipay/vendor/chillerlan/php-settings-container/README.md
OK	/htdocs/application/third_party/omnipay/vendor/composer/autoload_classmap.php
OK	/htdocs/application/third_party/omnipay/vendor/firebase/php-jwt/CHANGELOG.md
OK	/htdocs/application/third_party/omnipay/vendor/google/apiclient/CHANGELOG.md
OK	/htdocs/application/third_party/omnipay/vendor/google/apiclient/src/AccessToken/Verify.php
OK	/htdocs/application/third_party/omnipay/vendor/google/apiclient/src/Task/Retryable.php
OK	/htdocs/application/third_party/omnipay/vendor/google/apiclient-services/src/ACMEDNS.php
OK	/htdocs/application/third_party/omnipay/vendor/google/apiclient-services/src/AirQuality.php
OK	/htdocs/application/third_party/omnipay/vendor/google/apiclient-services/src/ApigeeRegistry.php
OK	/htdocs/application/third_party/omnipay/vendor/google/apiclient-services/src/Baremetalsolution.php
OK	/htdocs/application/third_party/omnipay/vendor/google/apiclient-services/src/Blogger.php
OK	/htdocs/application/third_party/omnipay/vendor/google/apiclient-services/src/Classroom.php
OK	/htdocs/application/third_party/omnipay/vendor/google/apiclient-services/src/CloudDeploy.php
OK	/htdocs/application/third_party/omnipay/vendor/google/apiclient-services/src/CloudMemorystoreforMemcached.php
OK	/htdocs/application/third_party/omnipay/vendor/google/apiclient-services/src/CloudShell.php
OK	/htdocs/application/third_party/omnipay/vendor/google/apiclient-services/src/Container.php
OK	/htdocs/application/third_party/omnipay/vendor/google/apiclient-services/src/Datapipelines.php
OK	/htdocs/application/third_party/omnipay/vendor/google/apiclient-services/src/Directory.php
OK	/htdocs/application/third_party/omnipay/vendor/google/apiclient-services/src/DriveLabels.php
OK	/htdocs/application/third_party/omnipay/vendor/google/apiclient-services/src/FirebaseML.php
OK	/htdocs/application/third_party/omnipay/vendor/google/apiclient-services/src/GKEHub.php
OK	/htdocs/application/third_party/omnipay/vendor/google/apiclient-services/src/IdentityToolkit.php
OK	/htdocs/application/third_party/omnipay/vendor/google/apiclient-services/src/ManagedServiceforMicrosoftActiveDirectoryConsumerAPI.php
OK	/htdocs/application/third_party/omnipay/vendor/google/apiclient-services/src/MyBusinessPlaceActions.php
OK	/htdocs/application/third_party/omnipay/vendor/google/apiclient-services/src/OSConfig.php
OK	/htdocs/application/third_party/omnipay/vendor/google/apiclient-services/src/PolicyTroubleshooter.php
OK	/htdocs/application/third_party/omnipay/vendor/google/apiclient-services/src/RemoteBuildExecution.php
OK	/htdocs/application/third_party/omnipay/vendor/google/apiclient-services/src/SecurityPosture.php
OK	/htdocs/application/third_party/omnipay/vendor/google/apiclient-services/src/Slides.php
OK	/htdocs/application/third_party/omnipay/vendor/google/apiclient-services/src/Testing.php
OK	/htdocs/application/third_party/omnipay/vendor/google/apiclient-services/src/VMMigrationService.php
OK	/htdocs/application/third_party/omnipay/vendor/google/apiclient-services/src/YouTubeReporting.php
OK	/htdocs/application/third_party/omnipay/vendor/google/apiclient-services/src/AccessApproval/AccessApprovalSettings.php
OK	/htdocs/application/third_party/omnipay/vendor/google/apiclient-services/src/AccessApproval/ResourceProperties.php
OK	/htdocs/application/third_party/omnipay/vendor/google/apiclient-services/src/AccessContextManager/AccessScope.php
OK	/htdocs/application/third_party/omnipay/vendor/google/apiclient-services/src/AccessContextManager/CommitServicePerimetersResponse.php
OK	/htdocs/application/third_party/omnipay/vendor/google/apiclient-services/src/AccessContextManager/GetPolicyOptions.php
OK	/htdocs/application/third_party/omnipay/vendor/google/apiclient-services/src/AccessContextManager/MethodSelector.php
OK	/htdocs/application/third_party/omnipay/vendor/google/apiclient-services/src/AccessContextManager/SessionSettings.php
OK	/htdocs/application/third_party/omnipay/vendor/google/apiclient-services/src/AccessContextManager/Resource/AccessPoliciesServicePerimeters.php
OK	/htdocs/application/third_party/omnipay/vendor/google/apiclient-services/src/AddressValidation/GoogleMapsAddressvalidationV1AddressMetadata.php
OK	/htdocs/application/third_party/omnipay/vendor/google/apiclient-services/src/AddressValidation/GoogleMapsAddressvalidationV1Verdict.php
OK	/htdocs/application/third_party/omnipay/vendor/google/apiclient-services/src/AdExchangeBuyer/BillingInfoList.php
OK	/htdocs/application/third_party/omnipay/vendor/google/apiclient-services/src/AdExchangeBuyer/CreativeFilteringReasons.php
OK	/htdocs/application/third_party/omnipay/vendor/google/apiclient-services/src/AdExchangeBuyer/DealTerms.php
OK	/htdocs/application/third_party/omnipay/vendor/google/apiclient-services/src/AdExchangeBuyer/EditAllOrderDealsRequest.php
OK	/htdocs/application/third_party/omnipay/vendor/google/apiclient-services/src/AdExchangeBuyer/PerformanceReport.php
OK	/htdocs/application/third_party/omnipay/vendor/google/apiclient-services/src/AdExchangeBuyer/Proposal.php
OK	/htdocs/application/third_party/omnipay/vendor/google/apiclient-services/src/AdExchangeBuyer/TargetingValueSize.php
OK	/htdocs/application/third_party/omnipay/vendor/google/apiclient-services/src/AdExchangeBuyer/Resource/Proposals.php
OK	/htdocs/application/third_party/omnipay/vendor/google/apiclient-services/src/AdExchangeBuyerII/BidResponseWithoutBidsStatusRow.php
OK	/htdocs/application/third_party/omnipay/vendor/google/apiclient-services/src/AdExchangeBuyerII/CreativeRestrictions.php
OK	/htdocs/application/third_party/omnipay/vendor/google/apiclient-services/src/AdExchangeBuyerII/DeliveryControl.php
OK	/htdocs/application/third_party/omnipay/vendor/google/apiclient-services/src/AdExchangeBuyerII/ListBidMetricsResponse.php
OK	/htdocs/application/third_party/omnipay/vendor/google/apiclient-services/src/AdExchangeBuyerII/ListFilterSetsResponse.php
OK	/htdocs/application/third_party/omnipay/vendor/google/apiclient-services/src/AdExchangeBuyerII/NativeContent.php
OK	/htdocs/application/third_party/omnipay/vendor/google/apiclient-services/src/AdExchangeBuyerII/PrivateData.php
OK	/htdocs/application/third_party/omnipay/vendor/google/apiclient-services/src/AdExchangeBuyerII/Seller.php
OK	/htdocs/application/third_party/omnipay/vendor/google/apiclient-services/src/AdExchangeBuyerII/VideoTargeting.php
OK	/htdocs/application/third_party/omnipay/vendor/google/apiclient-services/src/AdExchangeBuyerII/Resource/Bidders.php
OK	/htdocs/application/third_party/omnipay/vendor/google/apiclient-services/src/AdExchangeBuyerII/Resource/BiddersAccountsFilterSetsNonBillableWinningBids.php
OK	/htdocs/application/third_party/omnipay/vendor/google/apiclient-services/src/AdExchangeBuyerII/Resource/Buyers.php
OK	/htdocs/application/third_party/omnipay/vendor/google/apiclient-services/src/AdExperienceReport/PlatformSummary.php
OK	/htdocs/application/third_party/omnipay/vendor/google/apiclient-services/src/AdMob/GenerateMediationReportResponse.php
OK	/htdocs/application/third_party/omnipay/vendor/google/apiclient-services/src/AdMob/NetworkReportSpecSortCondition.php
OK	/htdocs/application/third_party/omnipay/vendor/google/apiclient-services/src/AdMob/Resource/AccountsMediationReport.php
OK	/htdocs/application/third_party/omnipay/vendor/google/apiclient-services/src/Adsense/CustomChannel.php
OK	/htdocs/application/third_party/omnipay/vendor/google/apiclient-services/src/Adsense/ListPaymentsResponse.php
OK	/htdocs/application/third_party/omnipay/vendor/google/apiclient-services/src/Adsense/TimeZone.php
OK	/htdocs/application/third_party/omnipay/vendor/google/apiclient-services/src/Adsense/Resource/AccountsSites.php
OK	/htdocs/application/third_party/omnipay/vendor/google/apiclient-services/src/AdSenseHost/AdUnitMobileContentAdsSettings.php
OK	/htdocs/application/third_party/omnipay/vendor/google/apiclient-services/src/AdSenseHost/Resource/AccountsReports.php
OK	/htdocs/application/third_party/omnipay/vendor/google/apiclient-services/src/AdSensePlatform/EventInfo.php
OK	/htdocs/application/third_party/omnipay/vendor/google/apiclient-services/src/Advisorynotifications/GoogleCloudAdvisorynotificationsV1Csv.php
OK	/htdocs/application/third_party/omnipay/vendor/google/apiclient-services/src/Advisorynotifications/Resource/OrganizationsLocationsNotifications.php
OK	/htdocs/application/third_party/omnipay/vendor/google/apiclient-services/src/Aiplatform/CloudAiLargeModelsVisionRaiInfoDetectedLabels.php
OK	/htdocs/application/third_party/omnipay/vendor/google/apiclient-services/src/Aiplatform/GoogleCloudAiplatformV1AddExecutionEventsRequest.php
OK	/htdocs/application/third_party/omnipay/vendor/google/apiclient-services/src/Aiplatform/GoogleCloudAiplatformV1AugmentPromptRequestModel.php
OK	/htdocs/application/third_party/omnipay/vendor/google/apiclient-services/src/Aiplatform/GoogleCloudAiplatformV1BatchCreateTensorboardTimeSeriesRequest.php
OK	/htdocs/application/third_party/omnipay/vendor/google/apiclient-services/src/Aiplatform/GoogleCloudAiplatformV1BatchPredictionJob.php
OK	/htdocs/application/third_party/omnipay/vendor/google/apiclient-services/src/Aiplatform/GoogleCloudAiplatformV1BigQuerySource.php
OK	/htdocs/application/third_party/omnipay/vendor/google/apiclient-services/src/Aiplatform/GoogleCloudAiplatformV1CancelBatchPredictionJobRequest.php
OK	/htdocs/application/third_party/omnipay/vendor/google/apiclient-services/src/Aiplatform/GoogleCloudAiplatformV1Citation.php
OK	/htdocs/application/third_party/omnipay/vendor/google/apiclient-services/src/Aiplatform/GoogleCloudAiplatformV1CometSpec.php
OK	/htdocs/application/third_party/omnipay/vendor/google/apiclient-services/src/Aiplatform/GoogleCloudAiplatformV1CorpusStatus.php
OK	/htdocs/application/third_party/omnipay/vendor/google/apiclient-services/src/Aiplatform/GoogleCloudAiplatformV1CreateFeatureGroupOperationMetadata.php
OK	/htdocs/application/third_party/omnipay/vendor/google/apiclient-services/src/Aiplatform/GoogleCloudAiplatformV1CreatePersistentResourceOperationMetadata.php
OK	/htdocs/application/third_party/omnipay/vendor/google/apiclient-services/src/Aiplatform/GoogleCloudAiplatformV1DataItemView.php
OK	/htdocs/application/third_party/omnipay/vendor/google/apiclient-services/src/Aiplatform/GoogleCloudAiplatformV1DeleteFeatureValuesResponse.php
OK	/htdocs/application/third_party/omnipay/vendor/google/apiclient-services/src/Aiplatform/GoogleCloudAiplatformV1DeployIndexOperationMetadata.php
OK	/htdocs/application/third_party/omnipay/vendor/google/apiclient-services/src/Aiplatform/GoogleCloudAiplatformV1DirectUploadSource.php
OK	/htdocs/application/third_party/omnipay/vendor/google/apiclient-services/src/Aiplatform/GoogleCloudAiplatformV1EvaluatedAnnotation.php
OK	/htdocs/application/third_party/omnipay/vendor/google/apiclient-services/src/Aiplatform/GoogleCloudAiplatformV1Examples.php
OK	/htdocs/application/third_party/omnipay/vendor/google/apiclient-services/src/Aiplatform/GoogleCloudAiplatformV1ExplanationMetadataInputMetadataVisualization.php
OK	/htdocs/application/third_party/omnipay/vendor/google/apiclient-services/src/Aiplatform/GoogleCloudAiplatformV1ExportFeatureValuesRequest.php
OK	/htdocs/application/third_party/omnipay/vendor/google/apiclient-services/src/Aiplatform/GoogleCloudAiplatformV1ExportTensorboardTimeSeriesDataResponse.php
OK	/htdocs/application/third_party/omnipay/vendor/google/apiclient-services/src/Aiplatform/GoogleCloudAiplatformV1FeatureOnlineStoreBigtableAutoScaling.php
OK	/htdocs/application/third_party/omnipay/vendor/google/apiclient-services/src/Aiplatform/GoogleCloudAiplatformV1FeatureValue.php
OK	/htdocs/application/third_party/omnipay/vendor/google/apiclient-services/src/Aiplatform/GoogleCloudAiplatformV1FeatureViewIndexConfigTreeAHConfig.php
OK	/htdocs/application/third_party/omnipay/vendor/google/apiclient-services/src/Aiplatform/GoogleCloudAiplatformV1FileStatus.php
OK	/htdocs/application/third_party/omnipay/vendor/google/apiclient-services/src/Aiplatform/GoogleCloudAiplatformV1FractionSplit.php
OK	/htdocs/application/third_party/omnipay/vendor/google/apiclient-services/src/Aiplatform/GoogleCloudAiplatformV1GenAiAdvancedFeaturesConfigRagConfig.php
OK	/htdocs/application/third_party/omnipay/vendor/google/apiclient-services/src/Aiplatform/GoogleCloudAiplatformV1GoogleDriveSourceResourceId.php
OK	/htdocs/application/third_party/omnipay/vendor/google/apiclient-services/src/Aiplatform/GoogleCloudAiplatformV1GroundingSupport.php
OK	/htdocs/application/third_party/omnipay/vendor/google/apiclient-services/src/Aiplatform/GoogleCloudAiplatformV1ImportRagFilesConfig.php
OK	/htdocs/application/third_party/omnipay/vendor/google/apiclient-services/src/Aiplatform/GoogleCloudAiplatformV1Int64Array.php
OK	/htdocs/application/third_party/omnipay/vendor/google/apiclient-services/src/Aiplatform/GoogleCloudAiplatformV1ListDataItemsResponse.php
OK	/htdocs/application/third_party/omnipay/vendor/google/apiclient-services/src/Aiplatform/GoogleCloudAiplatformV1ListFeatureViewsResponse.php
OK	/htdocs/application/third_party/omnipay/vendor/google/apiclient-services/src/Aiplatform/GoogleCloudAiplatformV1ListModelVersionsResponse.php
OK	/htdocs/application/third_party/omnipay/vendor/google/apiclient-services/src/Aiplatform/GoogleCloudAiplatformV1ListReasoningEnginesResponse.php
OK	/htdocs/application/third_party/omnipay/vendor/google/apiclient-services/src/Aiplatform/GoogleCloudAiplatformV1LogprobsResult.php
OK	/htdocs/application/third_party/omnipay/vendor/google/apiclient-services/src/Aiplatform/GoogleCloudAiplatformV1MetadataStoreMetadataStoreState.php
OK	/htdocs/application/third_party/omnipay/vendor/google/apiclient-services/src/Aiplatform/GoogleCloudAiplatformV1MigrateResourceRequest.php
OK	/htdocs/application/third_party/omnipay/vendor/google/apiclient-services/src/Aiplatform/GoogleCloudAiplatformV1ModelDeploymentMonitoringBigQueryTable.php
OK	/htdocs/application/third_party/omnipay/vendor/google/apiclient-services/src/Aiplatform/GoogleCloudAiplatformV1ModelEvaluationSliceSliceSliceSpecValue.php
OK	/htdocs/application/third_party/omnipay/vendor/google/apiclient-services/src/Aiplatform/GoogleCloudAiplatformV1ModelMonitoringStatsAnomalies.php
OK	/htdocs/application/third_party/omnipay/vendor/google/apiclient-services/src/Aiplatform/GoogleCloudAiplatformV1NasJobOutputMultiTrialJobOutput.php
OK	/htdocs/application/third_party/omnipay/vendor/google/apiclient-services/src/Aiplatform/GoogleCloudAiplatformV1NearestNeighborQueryStringFilter.php
OK	/htdocs/application/third_party/omnipay/vendor/google/apiclient-services/src/Aiplatform/GoogleCloudAiplatformV1NotebookExecutionJobDataformRepositorySource.php
OK	/htdocs/application/third_party/omnipay/vendor/google/apiclient-services/src/Aiplatform/GoogleCloudAiplatformV1PairwiseMetricInstance.php
OK	/htdocs/application/third_party/omnipay/vendor/google/apiclient-services/src/Aiplatform/GoogleCloudAiplatformV1PauseModelDeploymentMonitoringJobRequest.php
OK	/htdocs/application/third_party/omnipay/vendor/google/apiclient-services/src/Aiplatform/GoogleCloudAiplatformV1PipelineTaskExecutorDetailContainerDetail.php
OK	/htdocs/application/third_party/omnipay/vendor/google/apiclient-services/src/Aiplatform/GoogleCloudAiplatformV1PredictRequest.php
OK	/htdocs/application/third_party/omnipay/vendor/google/apiclient-services/src/Aiplatform/GoogleCloudAiplatformV1ProbeTcpSocketAction.php
OK	/htdocs/application/third_party/omnipay/vendor/google/apiclient-services/src/Aiplatform/GoogleCloudAiplatformV1PublisherModelCallToActionRegionalResourceReferences.php
OK	/htdocs/application/third_party/omnipay/vendor/google/apiclient-services/src/Aiplatform/GoogleCloudAiplatformV1PurgeExecutionsResponse.php
OK	/htdocs/application/third_party/omnipay/vendor/google/apiclient-services/src/Aiplatform/GoogleCloudAiplatformV1QuestionAnsweringHelpfulnessSpec.php
OK	/htdocs/application/third_party/omnipay/vendor/google/apiclient-services/src/Aiplatform/GoogleCloudAiplatformV1RagEmbeddingModelConfig.php
OK	/htdocs/application/third_party/omnipay/vendor/google/apiclient-services/src/Aiplatform/GoogleCloudAiplatformV1RagVectorDbConfigVertexVectorSearch.php
OK	/htdocs/application/third_party/omnipay/vendor/google/apiclient-services/src/Aiplatform/GoogleCloudAiplatformV1ReadIndexDatapointsResponse.php
OK	/htdocs/application/third_party/omnipay/vendor/google/apiclient-services/src/Aiplatform/GoogleCloudAiplatformV1RebootPersistentResourceRequest.php
OK	/htdocs/application/third_party/omnipay/vendor/google/apiclient-services/src/Aiplatform/GoogleCloudAiplatformV1RestoreDatasetVersionOperationMetadata.php
OK	/htdocs/application/third_party/omnipay/vendor/google/apiclient-services/src/Aiplatform/GoogleCloudAiplatformV1RougeMetricValue.php
OK	/htdocs/application/third_party/omnipay/vendor/google/apiclient-services/src/Aiplatform/GoogleCloudAiplatformV1SamplingStrategyRandomSampleConfig.php
OK	/htdocs/application/third_party/omnipay/vendor/google/apiclient-services/src/Aiplatform/GoogleCloudAiplatformV1SchemaImageSegmentationAnnotation.php
OK	/htdocs/application/third_party/omnipay/vendor/google/apiclient-services/src/Aiplatform/GoogleCloudAiplatformV1SchemaModelevaluationMetricsGeneralTextGenerationEvaluationMetrics.php
OK	/htdocs/application/third_party/omnipay/vendor/google/apiclient-services/src/Aiplatform/GoogleCloudAiplatformV1SchemaModelevaluationMetricsTrackMetricsConfidenceMetrics.php
OK	/htdocs/application/third_party/omnipay/vendor/google/apiclient-services/src/Aiplatform/GoogleCloudAiplatformV1SchemaPredictInstanceVideoClassificationPredictionInstance.php
OK	/htdocs/application/third_party/omnipay/vendor/google/apiclient-services/src/Aiplatform/GoogleCloudAiplatformV1SchemaPredictPredictionClassificationPredictionResult.php
OK	/htdocs/application/third_party/omnipay/vendor/google/apiclient-services/src/Aiplatform/GoogleCloudAiplatformV1SchemaPredictPredictionVideoObjectTrackingPredictionResultFrame.php
OK	/htdocs/application/third_party/omnipay/vendor/google/apiclient-services/src/Aiplatform/GoogleCloudAiplatformV1SchemaPromptSpecTranslationGcsInputSource.php
OK	/htdocs/application/third_party/omnipay/vendor/google/apiclient-services/src/Aiplatform/GoogleCloudAiplatformV1SchemaTextPromptDatasetMetadata.php
OK	/htdocs/application/third_party/omnipay/vendor/google/apiclient-services/src/Aiplatform/GoogleCloudAiplatformV1SchemaTrainingjobDefinitionAutoMlForecastingInputsTransformation.php
OK	/htdocs/application/third_party/omnipay/vendor/google/apiclient-services/src/Aiplatform/GoogleCloudAiplatformV1SchemaTrainingjobDefinitionAutoMlImageObjectDetectionMetadata.php
OK	/htdocs/application/third_party/omnipay/vendor/google/apiclient-services/src/Aiplatform/GoogleCloudAiplatformV1SchemaTrainingjobDefinitionAutoMlTablesInputsTransformationNumericTransformation.php
OK	/htdocs/application/third_party/omnipay/vendor/google/apiclient-services/src/Aiplatform/GoogleCloudAiplatformV1SchemaTrainingjobDefinitionAutoMlVideoActionRecognitionInputs.php
OK	/htdocs/application/third_party/omnipay/vendor/google/apiclient-services/src/Aiplatform/GoogleCloudAiplatformV1SchemaTrainingjobDefinitionSeq2SeqPlusForecasting.php
OK	/htdocs/application/third_party/omnipay/vendor/google/apiclient-services/src/Aiplatform/GoogleCloudAiplatformV1SchemaTrainingjobDefinitionTftForecastingInputsGranularity.php
OK	/htdocs/application/third_party/omnipay/vendor/google/apiclient-services/src/Aiplatform/GoogleCloudAiplatformV1SchemaVideoDataItem.php
OK	/htdocs/application/third_party/omnipay/vendor/google/apiclient-services/src/Aiplatform/GoogleCloudAiplatformV1SearchModelDeploymentMonitoringStatsAnomaliesResponse.php
OK	/htdocs/application/third_party/omnipay/vendor/google/apiclient-services/src/Aiplatform/GoogleCloudAiplatformV1SpecialistPool.php
OK	/htdocs/application/third_party/omnipay/vendor/google/apiclient-services/src/Aiplatform/GoogleCloudAiplatformV1StreamingReadFeatureValuesRequest.php
OK	/htdocs/application/third_party/omnipay/vendor/google/apiclient-services/src/Aiplatform/GoogleCloudAiplatformV1StudySpecMetricSpecSafetyMetricConfig.php
OK	/htdocs/application/third_party/omnipay/vendor/google/apiclient-services/src/Aiplatform/GoogleCloudAiplatformV1SuggestTrialsMetadata.php
OK	/htdocs/application/third_party/omnipay/vendor/google/apiclient-services/src/Aiplatform/GoogleCloudAiplatformV1SummarizationVerbosityInstance.php
OK	/htdocs/application/third_party/omnipay/vendor/google/apiclient-services/src/Aiplatform/GoogleCloudAiplatformV1TensorboardBlob.php
OK	/htdocs/application/third_party/omnipay/vendor/google/apiclient-services/src/Aiplatform/GoogleCloudAiplatformV1TokensInfo.php
OK	/htdocs/application/third_party/omnipay/vendor/google/apiclient-services/src/Aiplatform/GoogleCloudAiplatformV1ToolNameMatchInstance.php
OK	/htdocs/application/third_party/omnipay/vendor/google/apiclient-services/src/Aiplatform/GoogleCloudAiplatformV1ToolParameterKVMatchResults.php
OK	/htdocs/application/third_party/omnipay/vendor/google/apiclient-services/src/Aiplatform/GoogleCloudAiplatformV1TrajectoryExactMatchMetricValue.php
OK	/htdocs/application/third_party/omnipay/vendor/google/apiclient-services/src/Aiplatform/GoogleCloudAiplatformV1TrajectoryPrecisionSpec.php
OK	/htdocs/application/third_party/omnipay/vendor/google/apiclient-services/src/Aiplatform/GoogleCloudAiplatformV1TrialContext.php
OK	/htdocs/application/third_party/omnipay/vendor/google/apiclient-services/src/Aiplatform/GoogleCloudAiplatformV1UnmanagedContainerModel.php
OK	/htdocs/application/third_party/omnipay/vendor/google/apiclient-services/src/Aiplatform/GoogleCloudAiplatformV1UpdateModelDeploymentMonitoringJobOperationMetadata.php
OK	/htdocs/application/third_party/omnipay/vendor/google/apiclient-services/src/Aiplatform/GoogleCloudAiplatformV1UpsertDatapointsRequest.php
OK	/htdocs/application/third_party/omnipay/vendor/google/apiclient-services/src/Aiplatform/GoogleCloudAiplatformV1WriteFeatureValuesResponse.php
OK	/htdocs/application/third_party/omnipay/vendor/google/apiclient-services/src/Aiplatform/GoogleLongrunningListOperationsResponse.php
OK	/htdocs/application/third_party/omnipay/vendor/google/apiclient-services/src/Aiplatform/IntelligenceCloudAutomlXpsReportingMetrics.php
OK	/htdocs/application/third_party/omnipay/vendor/google/apiclient-services/src/Aiplatform/Resource/ProjectsLocationsDataLabelingJobsOperations.php
OK	/htdocs/application/third_party/omnipay/vendor/google/apiclient-services/src/Aiplatform/Resource/ProjectsLocationsDeploymentResourcePools.php
OK	/htdocs/application/third_party/omnipay/vendor/google/apiclient-services/src/Aiplatform/Resource/ProjectsLocationsFeatureOnlineStoresFeatureViewsOperations.php
OK	/htdocs/application/third_party/omnipay/vendor/google/apiclient-services/src/Aiplatform/Resource/ProjectsLocationsIndexes.php
OK	/htdocs/application/third_party/omnipay/vendor/google/apiclient-services/src/Aiplatform/Resource/ProjectsLocationsMigratableResourcesOperations.php
OK	/htdocs/application/third_party/omnipay/vendor/google/apiclient-services/src/Aiplatform/Resource/ProjectsLocationsNotebookRuntimes.php
OK	/htdocs/application/third_party/omnipay/vendor/google/apiclient-services/src/Aiplatform/Resource/ProjectsLocationsRagCorporaOperations.php
OK	/htdocs/application/third_party/omnipay/vendor/google/apiclient-services/src/Aiplatform/Resource/ProjectsLocationsStudiesTrialsOperations.php
OK	/htdocs/application/third_party/omnipay/vendor/google/apiclient-services/src/Aiplatform/Resource/ProjectsLocationsTuningJobsOperations.php
OK	/htdocs/application/third_party/omnipay/vendor/google/apiclient-services/src/AIPlatformNotebooks/DataDisk.php
OK	/htdocs/application/third_party/omnipay/vendor/google/apiclient-services/src/AIPlatformNotebooks/Expr.php
OK	/htdocs/application/third_party/omnipay/vendor/google/apiclient-services/src/AIPlatformNotebooks/ListLocationsResponse.php
OK	/htdocs/application/third_party/omnipay/vendor/google/apiclient-services/src/AIPlatformNotebooks/RefreshRuntimeTokenInternalRequest.php
OK	/htdocs/application/third_party/omnipay/vendor/google/apiclient-services/src/AIPlatformNotebooks/RollbackInstanceRequest.php
OK	/htdocs/application/third_party/omnipay/vendor/google/apiclient-services/src/AIPlatformNotebooks/SetInstanceAcceleratorRequest.php
OK	/htdocs/application/third_party/omnipay/vendor/google/apiclient-services/src/AIPlatformNotebooks/TestIamPermissionsRequest.php
OK	/htdocs/application/third_party/omnipay/vendor/google/apiclient-services/src/AIPlatformNotebooks/VertexAIParameters.php
OK	/htdocs/application/third_party/omnipay/vendor/google/apiclient-services/src/AirQuality/AdditionalInfo.php
OK	/htdocs/application/third_party/omnipay/vendor/google/apiclient-services/src/AirQuality/LookupCurrentConditionsResponse.php
OK	/htdocs/application/third_party/omnipay/vendor/google/apiclient-services/src/AlertCenter/AccessApproval.php
OK	/htdocs/application/third_party/omnipay/vendor/google/apiclient-services/src/AlertCenter/AppSettingsChanged.php
OK	/htdocs/application/third_party/omnipay/vendor/google/apiclient-services/src/AlertCenter/DeviceCompromisedSecurityDetail.php
OK	/htdocs/application/third_party/omnipay/vendor/google/apiclient-services/src/AlertCenter/MailPhishing.php
OK	/htdocs/application/third_party/omnipay/vendor/google/apiclient-services/src/AlertCenter/ResourceInfo.php
OK	/htdocs/application/third_party/omnipay/vendor/google/apiclient-services/src/AlertCenter/SuspiciousActivity.php
OK	/htdocs/application/third_party/omnipay/vendor/google/apiclient-services/src/AlertCenter/Resource/AlertsFeedback.php
OK	/htdocs/application/third_party/omnipay/vendor/google/apiclient-services/src/Analytics/AdWordsAccount.php
OK	/htdocs/application/third_party/omnipay/vendor/google/apiclient-services/src/Analytics/CustomMetricParentLink.php
OK	/htdocs/application/third_party/omnipay/vendor/google/apiclient-services/src/Analytics/ExperimentVariations.php
OK	/htdocs/application/third_party/omnipay/vendor/google/apiclient-services/src/Analytics/GaDataDataTable.php
OK	/htdocs/application/third_party/omnipay/vendor/google/apiclient-services/src/Analytics/GoalUrlDestinationDetailsSteps.php
OK	/htdocs/application/third_party/omnipay/vendor/google/apiclient-services/src/Analytics/McfDataRowsConversionPathValue.php
OK	/htdocs/application/third_party/omnipay/vendor/google/apiclient-services/src/Analytics/RealtimeDataProfileInfo.php
OK	/htdocs/application/third_party/omnipay/vendor/google/apiclient-services/src/Analytics/UnsampledReports.php
OK	/htdocs/application/third_party/omnipay/vendor/google/apiclient-services/src/Analytics/WebPropertySummary.php
OK	/htdocs/application/third_party/omnipay/vendor/google/apiclient-services/src/Analytics/Resource/ManagementCustomMetrics.php
OK	/htdocs/application/third_party/omnipay/vendor/google/apiclient-services/src/Analytics/Resource/ManagementWebPropertyAdWordsLinks.php
OK	/htdocs/application/third_party/omnipay/vendor/google/apiclient-services/src/AnalyticsData/BatchRunReportsRequest.php
OK	/htdocs/application/third_party/omnipay/vendor/google/apiclient-services/src/AnalyticsData/ConcatenateExpression.php
OK	/htdocs/application/third_party/omnipay/vendor/google/apiclient-services/src/AnalyticsData/FilterExpressionList.php
OK	/htdocs/application/third_party/omnipay/vendor/google/apiclient-services/src/AnalyticsData/NumericValue.php
OK	/htdocs/application/third_party/omnipay/vendor/google/apiclient-services/src/AnalyticsData/ResponseMetaData.php
OK	/htdocs/application/third_party/omnipay/vendor/google/apiclient-services/src/AnalyticsData/V1betaAudienceDimension.php
OK	/htdocs/application/third_party/omnipay/vendor/google/apiclient-services/src/AnalyticsHub/Binding.php
OK	/htdocs/application/third_party/omnipay/vendor/google/apiclient-services/src/AnalyticsHub/GetIamPolicyRequest.php
OK	/htdocs/application/third_party/omnipay/vendor/google/apiclient-services/src/AnalyticsHub/ListLocationsResponse.php
OK	/htdocs/application/third_party/omnipay/vendor/google/apiclient-services/src/AnalyticsHub/PubSubTopicSource.php
OK	/htdocs/application/third_party/omnipay/vendor/google/apiclient-services/src/AnalyticsHub/SharingEnvironmentConfig.php
OK	/htdocs/application/third_party/omnipay/vendor/google/apiclient-services/src/AnalyticsHub/Resource/OrganizationsLocationsDataExchanges.php
OK	/htdocs/application/third_party/omnipay/vendor/google/apiclient-services/src/AnalyticsReporting/DateRangeValues.php
OK	/htdocs/application/third_party/omnipay/vendor/google/apiclient-services/src/AnalyticsReporting/MetricFilter.php
OK	/htdocs/application/third_party/omnipay/vendor/google/apiclient-services/src/AnalyticsReporting/Report.php
OK	/htdocs/application/third_party/omnipay/vendor/google/apiclient-services/src/AnalyticsReporting/SegmentFilterClause.php
OK	/htdocs/application/third_party/omnipay/vendor/google/apiclient-services/src/AndroidEnterprise/AdministratorWebTokenSpec.php
OK	/htdocs/application/third_party/omnipay/vendor/google/apiclient-services/src/AndroidEnterprise/AppState.php
OK	/htdocs/application/third_party/omnipay/vendor/google/apiclient-services/src/AndroidEnterprise/DeviceState.php
OK	/htdocs/application/third_party/omnipay/vendor/google/apiclient-services/src/AndroidEnterprise/GroupLicenseUsersListResponse.php
OK	/htdocs/application/third_party/omnipay/vendor/google/apiclient-services/src/AndroidEnterprise/ManagedProperty.php
OK	/htdocs/application/third_party/omnipay/vendor/google/apiclient-services/src/AndroidEnterprise/ProductPermission.php
OK	/htdocs/application/third_party/omnipay/vendor/google/apiclient-services/src/AndroidEnterprise/SignupInfo.php
OK	/htdocs/application/third_party/omnipay/vendor/google/apiclient-services/src/AndroidEnterprise/WebAppIcon.php
OK	/htdocs/application/third_party/omnipay/vendor/google/apiclient-services/src/AndroidEnterprise/Resource/Permissions.php
OK	/htdocs/application/third_party/omnipay/vendor/google/apiclient-services/src/AndroidManagement/ApiLevelCondition.php
OK	/htdocs/application/third_party/omnipay/vendor/google/apiclient-services/src/AndroidManagement/BlockAction.php
OK	/htdocs/application/third_party/omnipay/vendor/google/apiclient-services/src/AndroidManagement/ContentProviderEndpoint.php
OK	/htdocs/application/third_party/omnipay/vendor/google/apiclient-services/src/AndroidManagement/EnrollmentCompleteEvent.php
OK	/htdocs/application/third_party/omnipay/vendor/google/apiclient-services/src/AndroidManagement/IssueCommandResponse.php
OK	/htdocs/application/third_party/omnipay/vendor/google/apiclient-services/src/AndroidManagement/ListEnrollmentTokensResponse.php
OK	/htdocs/application/third_party/omnipay/vendor/google/apiclient-services/src/AndroidManagement/ManagedConfigurationTemplate.php
OK	/htdocs/application/third_party/omnipay/vendor/google/apiclient-services/src/AndroidManagement/OncWifiContext.php
OK	/htdocs/application/third_party/omnipay/vendor/google/apiclient-services/src/AndroidManagement/Policy.php
OK	/htdocs/application/third_party/omnipay/vendor/google/apiclient-services/src/AndroidManagement/SignupUrl.php
OK	/htdocs/application/third_party/omnipay/vendor/google/apiclient-services/src/AndroidManagement/TelephonyInfo.php
OK	/htdocs/application/third_party/omnipay/vendor/google/apiclient-services/src/AndroidManagement/WifiSsidPolicy.php
OK	/htdocs/application/third_party/omnipay/vendor/google/apiclient-services/src/AndroidManagement/Resource/ProvisioningInfo.php
OK	/htdocs/application/third_party/omnipay/vendor/google/apiclient-services/src/AndroidProvisioningPartner/CustomerListDevicesResponse.php
OK	/htdocs/application/third_party/omnipay/vendor/google/apiclient-services/src/AndroidProvisioningPartner/FindDevicesByDeviceIdentifierRequest.php
OK	/htdocs/application/third_party/omnipay/vendor/google/apiclient-services/src/AndroidProvisioningPartner/PartnerClaim.php
OK	/htdocs/application/third_party/omnipay/vendor/google/apiclient-services/src/AndroidProvisioningPartner/Resource/CustomersDpcs.php
OK	/htdocs/application/third_party/omnipay/vendor/google/apiclient-services/src/AndroidPublisher/AddTargetingRequest.php
OK	/htdocs/application/third_party/omnipay/vendor/google/apiclient-services/src/AndroidPublisher/AppDetails.php
OK	/htdocs/application/third_party/omnipay/vendor/google/apiclient-services/src/AndroidPublisher/BatchGetSubscriptionOffersResponse.php
OK	/htdocs/application/third_party/omnipay/vendor/google/apiclient-services/src/AndroidPublisher/Bundle.php
OK	/htdocs/application/third_party/omnipay/vendor/google/apiclient-services/src/AndroidPublisher/CreateDraftAppRecoveryRequest.php
OK	/htdocs/application/third_party/omnipay/vendor/google/apiclient-services/src/AndroidPublisher/DeviceGroup.php
OK	/htdocs/application/third_party/omnipay/vendor/google/apiclient-services/src/AndroidPublisher/ExternallyHostedApk.php
OK	/htdocs/application/third_party/omnipay/vendor/google/apiclient-services/src/AndroidPublisher/GeneratedStandaloneApk.php
OK	/htdocs/application/third_party/omnipay/vendor/google/apiclient-services/src/AndroidPublisher/InappproductsBatchUpdateRequest.php
OK	/htdocs/application/third_party/omnipay/vendor/google/apiclient-services/src/AndroidPublisher/Listing.php
OK	/htdocs/application/third_party/omnipay/vendor/google/apiclient-services/src/AndroidPublisher/MultiAbi.php
OK	/htdocs/application/third_party/omnipay/vendor/google/apiclient-services/src/AndroidPublisher/PageInfo.php
OK	/htdocs/application/third_party/omnipay/vendor/google/apiclient-services/src/AndroidPublisher/RegionalPriceMigrationConfig.php
OK	/htdocs/application/third_party/omnipay/vendor/google/apiclient-services/src/AndroidPublisher/Review.php
OK	/htdocs/application/third_party/omnipay/vendor/google/apiclient-services/src/AndroidPublisher/ScreenDensity.php
OK	/htdocs/application/third_party/omnipay/vendor/google/apiclient-services/src/AndroidPublisher/SubscriptionItemPriceChangeDetails.php
OK	/htdocs/application/third_party/omnipay/vendor/google/apiclient-services/src/AndroidPublisher/SubscriptionTaxAndComplianceSettings.php
OK	/htdocs/application/third_party/omnipay/vendor/google/apiclient-services/src/AndroidPublisher/Testers.php
OK	/htdocs/application/third_party/omnipay/vendor/google/apiclient-services/src/AndroidPublisher/UNDEFINEDPackageNameRevocationContextProratedRefund.php
OK	/htdocs/application/third_party/omnipay/vendor/google/apiclient-services/src/AndroidPublisher/VanityCode.php
OK	/htdocs/application/third_party/omnipay/vendor/google/apiclient-services/src/AndroidPublisher/Resource/EditsCountryavailability.php
OK	/htdocs/application/third_party/omnipay/vendor/google/apiclient-services/src/AndroidPublisher/Resource/Internalappsharingartifacts.php
OK	/htdocs/application/third_party/omnipay/vendor/google/apiclient-services/src/AndroidPublisher/Resource/Systemapks.php
OK	/htdocs/application/third_party/omnipay/vendor/google/apiclient-services/src/Apigateway/ApigatewayEmpty.php
OK	/htdocs/application/third_party/omnipay/vendor/google/apiclient-services/src/Apigateway/ApigatewayPolicy.php
OK	/htdocs/application/third_party/omnipay/vendor/google/apiclient-services/src/Apigee/EdgeConfigstoreBundleBadBundleViolation.php
OK	/htdocs/application/third_party/omnipay/vendor/google/apiclient-services/src/Apigee/GoogleCloudApigeeV1AliasRevisionConfig.php
OK	/htdocs/application/third_party/omnipay/vendor/google/apiclient-services/src/Apigee/GoogleCloudApigeeV1ApiProductRef.php
OK	/htdocs/application/third_party/omnipay/vendor/google/apiclient-services/src/Apigee/GoogleCloudApigeeV1AsyncQueryResult.php
OK	/htdocs/application/third_party/omnipay/vendor/google/apiclient-services/src/Apigee/GoogleCloudApigeeV1CanaryEvaluationMetricLabels.php
OK	/htdocs/application/third_party/omnipay/vendor/google/apiclient-services/src/Apigee/GoogleCloudApigeeV1CustomReport.php
OK	/htdocs/application/third_party/omnipay/vendor/google/apiclient-services/src/Apigee/GoogleCloudApigeeV1Deployment.php
OK	/htdocs/application/third_party/omnipay/vendor/google/apiclient-services/src/Apigee/GoogleCloudApigeeV1DeveloperMonetizationConfig.php
OK	/htdocs/application/third_party/omnipay/vendor/google/apiclient-services/src/Apigee/GoogleCloudApigeeV1EnvironmentConfig.php
OK	/htdocs/application/third_party/omnipay/vendor/google/apiclient-services/src/Apigee/GoogleCloudApigeeV1GenerateDownloadUrlResponse.php
OK	/htdocs/application/third_party/omnipay/vendor/google/apiclient-services/src/Apigee/GoogleCloudApigeeV1IngressConfig.php
OK	/htdocs/application/third_party/omnipay/vendor/google/apiclient-services/src/Apigee/GoogleCloudApigeeV1ListApiCategoriesResponse.php
OK	/htdocs/application/third_party/omnipay/vendor/google/apiclient-services/src/Apigee/GoogleCloudApigeeV1ListDatastoresResponse.php
OK	/htdocs/application/third_party/omnipay/vendor/google/apiclient-services/src/Apigee/GoogleCloudApigeeV1ListInstancesResponse.php
OK	/htdocs/application/third_party/omnipay/vendor/google/apiclient-services/src/Apigee/GoogleCloudApigeeV1ListSharedFlowsResponse.php
OK	/htdocs/application/third_party/omnipay/vendor/google/apiclient-services/src/Apigee/GoogleCloudApigeeV1OperationMetadata.php
OK	/htdocs/application/third_party/omnipay/vendor/google/apiclient-services/src/Apigee/GoogleCloudApigeeV1ProfileConfigCategory.php
OK	/htdocs/application/third_party/omnipay/vendor/google/apiclient-services/src/Apigee/GoogleCloudApigeeV1QueryTabularStatsResponse.php
OK	/htdocs/application/third_party/omnipay/vendor/google/apiclient-services/src/Apigee/GoogleCloudApigeeV1ResourceConfig.php
OK	/htdocs/application/third_party/omnipay/vendor/google/apiclient-services/src/Apigee/GoogleCloudApigeeV1RuntimeTraceConfig.php
OK	/htdocs/application/third_party/omnipay/vendor/google/apiclient-services/src/Apigee/GoogleCloudApigeeV1SecurityActionAllow.php
OK	/htdocs/application/third_party/omnipay/vendor/google/apiclient-services/src/Apigee/GoogleCloudApigeeV1SecurityIncident.php
OK	/htdocs/application/third_party/omnipay/vendor/google/apiclient-services/src/Apigee/GoogleCloudApigeeV1SecurityReportResultView.php
OK	/htdocs/application/third_party/omnipay/vendor/google/apiclient-services/src/Apigee/GoogleCloudApigeeV1SyncAuthorization.php
OK	/htdocs/application/third_party/omnipay/vendor/google/apiclient-services/src/Apigee/GoogleCloudApigeeV1UpdateSecurityIncidentRequest.php
OK	/htdocs/application/third_party/omnipay/vendor/google/apiclient-services/src/Apigee/GoogleRpcPreconditionFailureViolation.php
OK	/htdocs/application/third_party/omnipay/vendor/google/apiclient-services/src/Apigee/Resource/OrganizationsApiproductsRateplans.php
OK	/htdocs/application/third_party/omnipay/vendor/google/apiclient-services/src/Apigee/Resource/OrganizationsApps.php
OK	/htdocs/application/third_party/omnipay/vendor/google/apiclient-services/src/Apigee/Resource/OrganizationsEndpointAttachments.php
OK	/htdocs/application/third_party/omnipay/vendor/google/apiclient-services/src/Apigee/Resource/OrganizationsEnvironmentsApisRevisionsDebugsessionsData.php
OK	/htdocs/application/third_party/omnipay/vendor/google/apiclient-services/src/Apigee/Resource/OrganizationsEnvironmentsReferences.php
OK	/htdocs/application/third_party/omnipay/vendor/google/apiclient-services/src/Apigee/Resource/OrganizationsEnvironmentsTraceConfigOverrides.php
OK	/htdocs/application/third_party/omnipay/vendor/google/apiclient-services/src/Apigee/Resource/OrganizationsReports.php
OK	/htdocs/application/third_party/omnipay/vendor/google/apiclient-services/src/Apigee/Resource/Projects.php
OK	/htdocs/application/third_party/omnipay/vendor/google/apiclient-services/src/ApigeeRegistry/HttpBody.php
OK	/htdocs/application/third_party/omnipay/vendor/google/apiclient-services/src/ApigeeRegistry/Operation.php
OK	/htdocs/application/third_party/omnipay/vendor/google/apiclient-services/src/ApigeeRegistry/Resource/ProjectsLocations.php
OK	/htdocs/application/third_party/omnipay/vendor/google/apiclient-services/src/ApigeeRegistry/Resource/ProjectsLocationsOperations.php
OK	/htdocs/application/third_party/omnipay/vendor/google/apiclient-services/src/ApiKeysService/V2ListKeysResponse.php
OK	/htdocs/application/third_party/omnipay/vendor/google/apiclient-services/src/APIManagement/ApiOperation.php
OK	/htdocs/application/third_party/omnipay/vendor/google/apiclient-services/src/APIManagement/HttpOperationHttpResponse.php
OK	/htdocs/application/third_party/omnipay/vendor/google/apiclient-services/src/APIManagement/ObservationSource.php
OK	/htdocs/application/third_party/omnipay/vendor/google/apiclient-services/src/Appengine/ApiConfigHandler.php
OK	/htdocs/application/third_party/omnipay/vendor/google/apiclient-services/src/Appengine/ContainerInfo.php
OK	/htdocs/application/third_party/omnipay/vendor/google/apiclient-services/src/Appengine/Entrypoint.php
OK	/htdocs/application/third_party/omnipay/vendor/google/apiclient-services/src/Appengine/Instance.php
OK	/htdocs/application/third_party/omnipay/vendor/google/apiclient-services/src/Appengine/LivenessCheck.php
OK	/htdocs/application/third_party/omnipay/vendor/google/apiclient-services/src/Appengine/ProjectEvent.php
OK	/htdocs/application/third_party/omnipay/vendor/google/apiclient-services/src/Appengine/Service.php
OK	/htdocs/application/third_party/omnipay/vendor/google/apiclient-services/src/Appengine/Resource/Apps.php
OK	/htdocs/application/third_party/omnipay/vendor/google/apiclient-services/src/Appengine/Resource/ProjectsLocations.php
OK	/htdocs/application/third_party/omnipay/vendor/google/apiclient-services/src/AppHub/BlobstoreLocation.php
OK	/htdocs/application/third_party/omnipay/vendor/google/apiclient-services/src/AppHub/Environment.php
OK	/htdocs/application/third_party/omnipay/vendor/google/apiclient-services/src/AppHub/ListServicesResponse.php
OK	/htdocs/application/third_party/omnipay/vendor/google/apiclient-services/src/AppHub/ReconciliationOperationMetadata.php
OK	/htdocs/application/third_party/omnipay/vendor/google/apiclient-services/src/AppHub/TestIamPermissionsRequest.php
OK	/htdocs/application/third_party/omnipay/vendor/google/apiclient-services/src/AppHub/Resource/ProjectsLocationsDiscoveredWorkloads.php
OK	/htdocs/application/third_party/omnipay/vendor/google/apiclient-services/src/Area120Tables/LabeledItem.php
OK	/htdocs/application/third_party/omnipay/vendor/google/apiclient-services/src/Area120Tables/Resource/TablesRows.php
OK	/htdocs/application/third_party/omnipay/vendor/google/apiclient-services/src/AreaInsights/Region.php
OK	/htdocs/application/third_party/omnipay/vendor/google/apiclient-services/src/ArtifactRegistry/CleanupPolicyCondition.php
OK	/htdocs/application/third_party/omnipay/vendor/google/apiclient-services/src/ArtifactRegistry/GoogleDevtoolsArtifactregistryV1RemoteRepositoryConfigAptRepositoryCustomRepository.php
OK	/htdocs/application/third_party/omnipay/vendor/google/apiclient-services/src/ArtifactRegistry/ImportAptArtifactsMetadata.php
OK	/htdocs/application/third_party/omnipay/vendor/google/apiclient-services/src/ArtifactRegistry/ImportYumArtifactsResponse.php
OK	/htdocs/application/third_party/omnipay/vendor/google/apiclient-services/src/ArtifactRegistry/ListRulesResponse.php
OK	/htdocs/application/third_party/omnipay/vendor/google/apiclient-services/src/ArtifactRegistry/Policy.php
OK	/htdocs/application/third_party/omnipay/vendor/google/apiclient-services/src/ArtifactRegistry/TestIamPermissionsResponse.php
OK	/htdocs/application/third_party/omnipay/vendor/google/apiclient-services/src/ArtifactRegistry/UploadGoModuleRequest.php
OK	/htdocs/application/third_party/omnipay/vendor/google/apiclient-services/src/ArtifactRegistry/UpstreamCredentials.php
OK	/htdocs/application/third_party/omnipay/vendor/google/apiclient-services/src/ArtifactRegistry/Resource/ProjectsLocations.php
OK	/htdocs/application/third_party/omnipay/vendor/google/apiclient-services/src/ArtifactRegistry/Resource/ProjectsLocationsRepositoriesNpmPackages.php
OK	/htdocs/application/third_party/omnipay/vendor/google/apiclient-services/src/Assuredworkloads/GoogleCloudAssuredworkloadsV1beta1Workload.php
OK	/htdocs/application/third_party/omnipay/vendor/google/apiclient-services/src/Assuredworkloads/GoogleCloudAssuredworkloadsV1ListWorkloadsResponse.php
OK	/htdocs/application/third_party/omnipay/vendor/google/apiclient-services/src/Assuredworkloads/GoogleCloudAssuredworkloadsV1ViolationRemediationInstructionsGcloud.php
OK	/htdocs/application/third_party/omnipay/vendor/google/apiclient-services/src/Assuredworkloads/GoogleCloudAssuredworkloadsVersioningV1mainWorkloadCJISSettings.php
OK	/htdocs/application/third_party/omnipay/vendor/google/apiclient-services/src/Assuredworkloads/GoogleRpcStatus.php
OK	/htdocs/application/third_party/omnipay/vendor/google/apiclient-services/src/AuthorizedBuyersMarketplace/AuctionPackage.php
OK	/htdocs/application/third_party/omnipay/vendor/google/apiclient-services/src/AuthorizedBuyersMarketplace/DeactivateClientRequest.php
OK	/htdocs/application/third_party/omnipay/vendor/google/apiclient-services/src/AuthorizedBuyersMarketplace/ListClientUsersResponse.php
OK	/htdocs/application/third_party/omnipay/vendor/google/apiclient-services/src/AuthorizedBuyersMarketplace/PlacementTargeting.php
OK	/htdocs/application/third_party/omnipay/vendor/google/apiclient-services/src/AuthorizedBuyersMarketplace/SetReadyToServeRequest.php
OK	/htdocs/application/third_party/omnipay/vendor/google/apiclient-services/src/AuthorizedBuyersMarketplace/Resource/BiddersAuctionPackages.php
OK	/htdocs/application/third_party/omnipay/vendor/google/apiclient-services/src/Backupdr/AccessConfig.php
OK	/htdocs/application/third_party/omnipay/vendor/google/apiclient-services/src/Backupdr/BackupConfigDetails.php
OK	/htdocs/application/third_party/omnipay/vendor/google/apiclient-services/src/Backupdr/BackupWindow.php
OK	/htdocs/application/third_party/omnipay/vendor/google/apiclient-services/src/Backupdr/DataSource.php
OK	/htdocs/application/third_party/omnipay/vendor/google/apiclient-services/src/Backupdr/GcpBackupConfig.php
OK	/htdocs/application/third_party/omnipay/vendor/google/apiclient-services/src/Backupdr/ListBackupsResponse.php
OK	/htdocs/application/third_party/omnipay/vendor/google/apiclient-services/src/Backupdr/Metadata.php
OK	/htdocs/application/third_party/omnipay/vendor/google/apiclient-services/src/Backupdr/RequirementOverride.php
OK	/htdocs/application/third_party/omnipay/vendor/google/apiclient-services/src/Backupdr/SpannerLocation.php
OK	/htdocs/application/third_party/omnipay/vendor/google/apiclient-services/src/Backupdr/ZoneConfiguration.php
OK	/htdocs/application/third_party/omnipay/vendor/google/apiclient-services/src/BackupforGKE/AuditConfig.php
OK	/htdocs/application/third_party/omnipay/vendor/google/apiclient-services/src/BackupforGKE/Expr.php
OK	/htdocs/application/third_party/omnipay/vendor/google/apiclient-services/src/BackupforGKE/ListLocationsResponse.php
OK	/htdocs/application/third_party/omnipay/vendor/google/apiclient-services/src/BackupforGKE/ResourceSelector.php
OK	/htdocs/application/third_party/omnipay/vendor/google/apiclient-services/src/BackupforGKE/TimeOfDay.php
OK	/htdocs/application/third_party/omnipay/vendor/google/apiclient-services/src/BackupforGKE/Resource/ProjectsLocationsOperations.php
OK	/htdocs/application/third_party/omnipay/vendor/google/apiclient-services/src/Baremetalsolution/EnableHyperthreadingRequest.php
OK	/htdocs/application/third_party/omnipay/vendor/google/apiclient-services/src/Baremetalsolution/IntakeVlanAttachment.php
OK	/htdocs/application/third_party/omnipay/vendor/google/apiclient-services/src/Baremetalsolution/ListVolumeSnapshotsResponse.php
OK	/htdocs/application/third_party/omnipay/vendor/google/apiclient-services/src/Baremetalsolution/NetworkMountPoint.php
OK	/htdocs/application/third_party/omnipay/vendor/google/apiclient-services/src/Baremetalsolution/RenameInstanceRequest.php
OK	/htdocs/application/third_party/omnipay/vendor/google/apiclient-services/src/Baremetalsolution/SnapshotSchedulePolicy.php
OK	/htdocs/application/third_party/omnipay/vendor/google/apiclient-services/src/Baremetalsolution/VlanAttachment.php
OK	/htdocs/application/third_party/omnipay/vendor/google/apiclient-services/src/Baremetalsolution/Resource/ProjectsLocationsOperations.php
OK	/htdocs/application/third_party/omnipay/vendor/google/apiclient-services/src/Batch/AgentEnvironment.php
OK	/htdocs/application/third_party/omnipay/vendor/google/apiclient-services/src/Batch/AllocationPolicy.php
OK	/htdocs/application/third_party/omnipay/vendor/google/apiclient-services/src/Batch/Disk.php
OK	/htdocs/application/third_party/omnipay/vendor/google/apiclient-services/src/Batch/ListJobsResponse.php
OK	/htdocs/application/third_party/omnipay/vendor/google/apiclient-services/src/Batch/OperationMetadata.php
OK	/htdocs/application/third_party/omnipay/vendor/google/apiclient-services/src/Batch/TaskExecution.php
OK	/htdocs/application/third_party/omnipay/vendor/google/apiclient-services/src/Batch/Resource/ProjectsLocationsJobsTaskGroupsTasks.php
OK	/htdocs/application/third_party/omnipay/vendor/google/apiclient-services/src/BeyondCorp/ClientGateway.php
OK	/htdocs/application/third_party/omnipay/vendor/google/apiclient-services/src/BeyondCorp/ConnectorInstanceConfig.php
OK	/htdocs/application/third_party/omnipay/vendor/google/apiclient-services/src/BeyondCorp/GoogleCloudBeyondcorpAppconnectionsV1alphaResolveAppConnectionsResponseAppConnectionDetails.php
OK	/htdocs/application/third_party/omnipay/vendor/google/apiclient-services/src/BeyondCorp/GoogleCloudBeyondcorpAppconnectorsV1alphaAppConnectorPrincipalInfoServiceAccount.php
OK	/htdocs/application/third_party/omnipay/vendor/google/apiclient-services/src/BeyondCorp/GoogleCloudBeyondcorpAppconnectorsV1AppConnectorOperationMetadata.php
OK	/htdocs/application/third_party/omnipay/vendor/google/apiclient-services/src/BeyondCorp/GoogleCloudBeyondcorpAppgatewaysV1alphaAppGatewayOperationMetadata.php
OK	/htdocs/application/third_party/omnipay/vendor/google/apiclient-services/src/BeyondCorp/GoogleCloudBeyondcorpSecuritygatewaysV1Application.php
OK	/htdocs/application/third_party/omnipay/vendor/google/apiclient-services/src/BeyondCorp/GoogleCloudLocationLocation.php
OK	/htdocs/application/third_party/omnipay/vendor/google/apiclient-services/src/BeyondCorp/GoogleTypeExpr.php
OK	/htdocs/application/third_party/omnipay/vendor/google/apiclient-services/src/BeyondCorp/ReportStatusRequest.php
OK	/htdocs/application/third_party/omnipay/vendor/google/apiclient-services/src/BeyondCorp/Resource/OrganizationsLocationsBeyondcorpGlobalPartnerTenantsBrowserDlpRules.php
OK	/htdocs/application/third_party/omnipay/vendor/google/apiclient-services/src/BeyondCorp/Resource/ProjectsLocationsBeyondcorpGlobalSecurityGatewaysApplications.php
OK	/htdocs/application/third_party/omnipay/vendor/google/apiclient-services/src/BigLakeService/Catalog.php
OK	/htdocs/application/third_party/omnipay/vendor/google/apiclient-services/src/BigLakeService/Resource/ProjectsLocations.php
OK	/htdocs/application/third_party/omnipay/vendor/google/apiclient-services/src/Bigquery/ArimaResult.php
OK	/htdocs/application/third_party/omnipay/vendor/google/apiclient-services/src/Bigquery/BigtableOptions.php
OK	/htdocs/application/third_party/omnipay/vendor/google/apiclient-services/src/Bigquery/Clustering.php
OK	/htdocs/application/third_party/omnipay/vendor/google/apiclient-services/src/Bigquery/DatasetList.php
OK	/htdocs/application/third_party/omnipay/vendor/google/apiclient-services/src/Bigquery/EncryptionConfiguration.php
OK	/htdocs/application/third_party/omnipay/vendor/google/apiclient-services/src/Bigquery/ExternalDatasetReference.php
OK	/htdocs/application/third_party/omnipay/vendor/google/apiclient-services/src/Bigquery/HivePartitioningOptions.php
OK	/htdocs/application/third_party/omnipay/vendor/google/apiclient-services/src/Bigquery/Job.php
OK	/htdocs/application/third_party/omnipay/vendor/google/apiclient-services/src/Bigquery/JobStatistics2.php
OK	/htdocs/application/third_party/omnipay/vendor/google/apiclient-services/src/Bigquery/ListRoutinesResponse.php
OK	/htdocs/application/third_party/omnipay/vendor/google/apiclient-services/src/Bigquery/ModelDefinitionModelOptions.php
OK	/htdocs/application/third_party/omnipay/vendor/google/apiclient-services/src/Bigquery/ProjectList.php
OK	/htdocs/application/third_party/omnipay/vendor/google/apiclient-services/src/Bigquery/RangePartitioning.php
OK	/htdocs/application/third_party/omnipay/vendor/google/apiclient-services/src/Bigquery/RowAccessPolicyReference.php
OK	/htdocs/application/third_party/omnipay/vendor/google/apiclient-services/src/Bigquery/SparkOptions.php
OK	/htdocs/application/third_party/omnipay/vendor/google/apiclient-services/src/Bigquery/StringHparamSearchSpace.php
OK	/htdocs/application/third_party/omnipay/vendor/google/apiclient-services/src/Bigquery/TableDataInsertAllResponseInsertErrors.php
OK	/htdocs/application/third_party/omnipay/vendor/google/apiclient-services/src/Bigquery/TableRow.php
OK	/htdocs/application/third_party/omnipay/vendor/google/apiclient-services/src/Bigquery/ViewDefinition.php
OK	/htdocs/application/third_party/omnipay/vendor/google/apiclient-services/src/BigQueryConnectionService/AwsProperties.php
OK	/htdocs/application/third_party/omnipay/vendor/google/apiclient-services/src/BigQueryConnectionService/ConnectorConfigurationAuthentication.php
OK	/htdocs/application/third_party/omnipay/vendor/google/apiclient-services/src/BigQueryConnectionService/SalesforceDataCloudProperties.php
OK	/htdocs/application/third_party/omnipay/vendor/google/apiclient-services/src/BigQueryDataPolicyService/Binding.php
OK	/htdocs/application/third_party/omnipay/vendor/google/apiclient-services/src/BigQueryDataPolicyService/Resource/Projects.php
OK	/htdocs/application/third_party/omnipay/vendor/google/apiclient-services/src/BigQueryDataTransfer/ListDataSourcesResponse.php
OK	/htdocs/application/third_party/omnipay/vendor/google/apiclient-services/src/BigQueryDataTransfer/StartManualTransferRunsResponse.php
OK	/htdocs/application/third_party/omnipay/vendor/google/apiclient-services/src/BigQueryDataTransfer/Resource/ProjectsLocationsDataSources.php
OK	/htdocs/application/third_party/omnipay/vendor/google/apiclient-services/src/BigQueryReservation/FailoverReservationRequest.php
OK	/htdocs/application/third_party/omnipay/vendor/google/apiclient-services/src/BigQueryReservation/Status.php
OK	/htdocs/application/third_party/omnipay/vendor/google/apiclient-services/src/BigtableAdmin/AutoscalingLimits.php
OK	/htdocs/application/third_party/omnipay/vendor/google/apiclient-services/src/BigtableAdmin/ClusterState.php
OK	/htdocs/application/third_party/omnipay/vendor/google/apiclient-services/src/BigtableAdmin/CreateTableRequest.php
OK	/htdocs/application/third_party/omnipay/vendor/google/apiclient-services/src/BigtableAdmin/GetIamPolicyRequest.php
OK	/htdocs/application/third_party/omnipay/vendor/google/apiclient-services/src/BigtableAdmin/GoogleBigtableAdminV2TypeBytesEncoding.php
OK	/htdocs/application/third_party/omnipay/vendor/google/apiclient-services/src/BigtableAdmin/GoogleBigtableAdminV2TypeStringEncodingUtf8Raw.php
OK	/htdocs/application/third_party/omnipay/vendor/google/apiclient-services/src/BigtableAdmin/ListInstancesResponse.php
OK	/htdocs/application/third_party/omnipay/vendor/google/apiclient-services/src/BigtableAdmin/PartialUpdateClusterRequest.php
OK	/htdocs/application/third_party/omnipay/vendor/google/apiclient-services/src/BigtableAdmin/Status.php
OK	/htdocs/application/third_party/omnipay/vendor/google/apiclient-services/src/BigtableAdmin/UpdateAuthorizedViewRequest.php
OK	/htdocs/application/third_party/omnipay/vendor/google/apiclient-services/src/BigtableAdmin/Resource/ProjectsInstancesClustersHotTablets.php
OK	/htdocs/application/third_party/omnipay/vendor/google/apiclient-services/src/BinaryAuthorization/AttestorPublicKey.php
OK	/htdocs/application/third_party/omnipay/vendor/google/apiclient-services/src/BinaryAuthorization/GkePolicy.php
OK	/htdocs/application/third_party/omnipay/vendor/google/apiclient-services/src/BinaryAuthorization/Policy.php
OK	/htdocs/application/third_party/omnipay/vendor/google/apiclient-services/src/BinaryAuthorization/TrustedDirectoryCheck.php
OK	/htdocs/application/third_party/omnipay/vendor/google/apiclient-services/src/BinaryAuthorization/Resource/ProjectsPolicy.php
OK	/htdocs/application/third_party/omnipay/vendor/google/apiclient-services/src/BlockchainNodeEngine/ListOperationsResponse.php
OK	/htdocs/application/third_party/omnipay/vendor/google/apiclient-services/src/Blogger/Blog.php
OK	/htdocs/application/third_party/omnipay/vendor/google/apiclient-services/src/Blogger/CommentList.php
OK	/htdocs/application/third_party/omnipay/vendor/google/apiclient-services/src/Blogger/PostBlog.php
OK	/htdocs/application/third_party/omnipay/vendor/google/apiclient-services/src/Blogger/Resource/BlogUserInfos.php
OK	/htdocs/application/third_party/omnipay/vendor/google/apiclient-services/src/Books/Annotationsdata.php
OK	/htdocs/application/third_party/omnipay/vendor/google/apiclient-services/src/Books/DictionaryAnnotationdata.php
OK	/htdocs/application/third_party/omnipay/vendor/google/apiclient-services/src/Books/DictlayerdataDictWordsSensesDefinitions.php
OK	/htdocs/application/third_party/omnipay/vendor/google/apiclient-services/src/Books/FamilyInfo.php
OK	/htdocs/application/third_party/omnipay/vendor/google/apiclient-services/src/Books/MetadataItems.php
OK	/htdocs/application/third_party/omnipay/vendor/google/apiclient-services/src/Books/SeriesSeries.php
OK	/htdocs/application/third_party/omnipay/vendor/google/apiclient-services/src/Books/Volume.php
OK	/htdocs/application/third_party/omnipay/vendor/google/apiclient-services/src/Books/VolumeSaleInfo.php
OK	/htdocs/application/third_party/omnipay/vendor/google/apiclient-services/src/Books/VolumeUserInfoCopy.php
OK	/htdocs/application/third_party/omnipay/vendor/google/apiclient-services/src/Books/Resource/Cloudloading.php
OK	/htdocs/application/third_party/omnipay/vendor/google/apiclient-services/src/Books/Resource/Notification.php
OK	/htdocs/application/third_party/omnipay/vendor/google/apiclient-services/src/BusinessProfilePerformance/DailySubEntityType.php
OK	/htdocs/application/third_party/omnipay/vendor/google/apiclient-services/src/BusinessProfilePerformance/Resource/LocationsSearchkeywords.php
OK	/htdocs/application/third_party/omnipay/vendor/google/apiclient-services/src/Calendar/ColorDefinition.php
OK	/htdocs/application/third_party/omnipay/vendor/google/apiclient-services/src/Calendar/Event.php
OK	/htdocs/application/third_party/omnipay/vendor/google/apiclient-services/src/Calendar/EventReminders.php
OK	/htdocs/application/third_party/omnipay/vendor/google/apiclient-services/src/Calendar/Settings.php
OK	/htdocs/application/third_party/omnipay/vendor/google/apiclient-services/src/CCAIPlatform/BasicAuthConfig.php
OK	/htdocs/application/third_party/omnipay/vendor/google/apiclient-services/src/CCAIPlatform/ListOperationsResponse.php
OK	/htdocs/application/third_party/omnipay/vendor/google/apiclient-services/src/CCAIPlatform/TimeOfDay.php
OK	/htdocs/application/third_party/omnipay/vendor/google/apiclient-services/src/CertificateAuthorityService/Binding.php
OK	/htdocs/application/third_party/omnipay/vendor/google/apiclient-services/src/CertificateAuthorityService/CertificateIdentityConstraints.php
OK	/htdocs/application/third_party/omnipay/vendor/google/apiclient-services/src/CertificateAuthorityService/IssuancePolicy.php
OK	/htdocs/application/third_party/omnipay/vendor/google/apiclient-services/src/CertificateAuthorityService/Location.php
OK	/htdocs/application/third_party/omnipay/vendor/google/apiclient-services/src/CertificateAuthorityService/RevokedCertificate.php
OK	/htdocs/application/third_party/omnipay/vendor/google/apiclient-services/src/CertificateAuthorityService/UndeleteCertificateAuthorityRequest.php
OK	/htdocs/application/third_party/omnipay/vendor/google/apiclient-services/src/CertificateAuthorityService/Resource/ProjectsLocationsOperations.php
OK	/htdocs/application/third_party/omnipay/vendor/google/apiclient-services/src/CertificateManager/DnsResourceRecord.php
OK	/htdocs/application/third_party/omnipay/vendor/google/apiclient-services/src/CertificateManager/Location.php
OK	/htdocs/application/third_party/omnipay/vendor/google/apiclient-services/src/CertificateManager/Resource/Projects.php
OK	/htdocs/application/third_party/omnipay/vendor/google/apiclient-services/src/ChecksService/ChecksEmpty.php
OK	/htdocs/application/third_party/omnipay/vendor/google/apiclient-services/src/ChecksService/GoogleChecksAisafetyV1alphaTextInput.php
OK	/htdocs/application/third_party/omnipay/vendor/google/apiclient-services/src/ChecksService/GoogleChecksReportV1alphaCheckPermissionEvidence.php
OK	/htdocs/application/third_party/omnipay/vendor/google/apiclient-services/src/ChecksService/GoogleChecksReportV1alphaDataMonitoringPermissionResult.php
OK	/htdocs/application/third_party/omnipay/vendor/google/apiclient-services/src/ChecksService/GoogleChecksReportV1alphaPolicyFragment.php
OK	/htdocs/application/third_party/omnipay/vendor/google/apiclient-services/src/ChecksService/GoogleChecksRepoScanV1alphaSource.php
OK	/htdocs/application/third_party/omnipay/vendor/google/apiclient-services/src/ChecksService/Resource/Accounts.php
OK	/htdocs/application/third_party/omnipay/vendor/google/apiclient-services/src/ChecksService/Resource/ProjectsPrivacypolicy.php
OK	/htdocs/application/third_party/omnipay/vendor/google/apiclient-services/src/ChromeManagement/GoogleChromeManagementV1BrowserVersion.php
OK	/htdocs/application/third_party/omnipay/vendor/google/apiclient-services/src/ChromeManagement/GoogleChromeManagementV1CountChromeVersionsResponse.php
OK	/htdocs/application/third_party/omnipay/vendor/google/apiclient-services/src/ChromeManagement/GoogleChromeManagementV1DiskInfo.php
OK	/htdocs/application/third_party/omnipay/vendor/google/apiclient-services/src/ChromeManagement/GoogleChromeManagementV1InstalledApp.php
OK	/htdocs/application/third_party/omnipay/vendor/google/apiclient-services/src/ChromeManagement/GoogleChromeManagementV1NetworkStatusReport.php
OK	/htdocs/application/third_party/omnipay/vendor/google/apiclient-services/src/ChromeManagement/GoogleChromeManagementV1TelemetryAppInstallEvent.php
OK	/htdocs/application/third_party/omnipay/vendor/google/apiclient-services/src/ChromeManagement/GoogleChromeManagementV1TelemetryNotificationFilter.php
OK	/htdocs/application/third_party/omnipay/vendor/google/apiclient-services/src/ChromeManagement/GoogleChromeManagementVersionsV1alpha1CertificateProvisioningProcess.php
OK	/htdocs/application/third_party/omnipay/vendor/google/apiclient-services/src/ChromeManagement/GoogleChromeManagementVersionsV1DeviceInfo.php
OK	/htdocs/application/third_party/omnipay/vendor/google/apiclient-services/src/ChromeManagement/GoogleRpcStatus.php
OK	/htdocs/application/third_party/omnipay/vendor/google/apiclient-services/src/ChromeManagement/Resource/CustomersTelemetryNotificationConfigs.php
OK	/htdocs/application/third_party/omnipay/vendor/google/apiclient-services/src/ChromePolicy/GoogleChromePolicyV1DeleteGroupPolicyRequest.php
OK	/htdocs/application/third_party/omnipay/vendor/google/apiclient-services/src/ChromePolicy/GoogleChromePolicyV1PolicySchemaFieldKnownValueDescription.php
OK	/htdocs/application/third_party/omnipay/vendor/google/apiclient-services/src/ChromePolicy/GoogleChromePolicyV1UpdateGroupPriorityOrderingRequest.php
OK	/htdocs/application/third_party/omnipay/vendor/google/apiclient-services/src/ChromePolicy/GoogleChromePolicyVersionsV1DefineNetworkResponse.php
OK	/htdocs/application/third_party/omnipay/vendor/google/apiclient-services/src/ChromePolicy/GoogleChromePolicyVersionsV1PolicyModificationError.php
OK	/htdocs/application/third_party/omnipay/vendor/google/apiclient-services/src/ChromePolicy/GoogleChromePolicyVersionsV1RemoveCertificateRequest.php
OK	/htdocs/application/third_party/omnipay/vendor/google/apiclient-services/src/ChromePolicy/GoogleTypeDate.php
OK	/htdocs/application/third_party/omnipay/vendor/google/apiclient-services/src/ChromePolicy/Resource/CustomersPolicySchemas.php
OK	/htdocs/application/third_party/omnipay/vendor/google/apiclient-services/src/ChromeUXReport/QueryHistoryRequest.php
OK	/htdocs/application/third_party/omnipay/vendor/google/apiclient-services/src/CivicInfo/Channel.php
OK	/htdocs/application/third_party/omnipay/vendor/google/apiclient-services/src/CivicInfo/MessageSet.php
OK	/htdocs/application/third_party/omnipay/vendor/google/apiclient-services/src/CivicInfo/Resource/Representatives.php
OK	/htdocs/application/third_party/omnipay/vendor/google/apiclient-services/src/Classroom/CourseAlias.php
OK	/htdocs/application/third_party/omnipay/vendor/google/apiclient-services/src/Classroom/Feed.php
OK	/htdocs/application/third_party/omnipay/vendor/google/apiclient-services/src/Classroom/ListAddOnAttachmentsResponse.php
OK	/htdocs/application/third_party/omnipay/vendor/google/apiclient-services/src/Classroom/ListTeachersResponse.php
OK	/htdocs/application/third_party/omnipay/vendor/google/apiclient-services/src/Classroom/ReturnStudentSubmissionRequest.php
OK	/htdocs/application/third_party/omnipay/vendor/google/apiclient-services/src/Classroom/TimeOfDay.php
OK	/htdocs/application/third_party/omnipay/vendor/google/apiclient-services/src/Classroom/Resource/CoursesCourseWorkMaterials.php
OK	/htdocs/application/third_party/omnipay/vendor/google/apiclient-services/src/Classroom/Resource/UserProfiles.php
OK	/htdocs/application/third_party/omnipay/vendor/google/apiclient-services/src/CloudAlloyDBAdmin/Cluster.php
OK	/htdocs/application/third_party/omnipay/vendor/google/apiclient-services/src/CloudAlloyDBAdmin/FailoverInstanceRequest.php
OK	/htdocs/application/third_party/omnipay/vendor/google/apiclient-services/src/CloudAlloyDBAdmin/InstanceUpgradeDetails.php
OK	/htdocs/application/third_party/omnipay/vendor/google/apiclient-services/src/CloudAlloyDBAdmin/MigrationSource.php
OK	/htdocs/application/third_party/omnipay/vendor/google/apiclient-services/src/CloudAlloyDBAdmin/QueryInsightsInstanceConfig.php
OK	/htdocs/application/third_party/omnipay/vendor/google/apiclient-services/src/CloudAlloyDBAdmin/StorageDatabasecenterPartnerapiV1mainBackupRun.php
OK	/htdocs/application/third_party/omnipay/vendor/google/apiclient-services/src/CloudAlloyDBAdmin/StorageDatabasecenterPartnerapiV1mainObservabilityMetricData.php
OK	/htdocs/application/third_party/omnipay/vendor/google/apiclient-services/src/CloudAlloyDBAdmin/UpgradeClusterRequest.php
OK	/htdocs/application/third_party/omnipay/vendor/google/apiclient-services/src/CloudAlloyDBAdmin/Resource/ProjectsLocationsSupportedDatabaseFlags.php
OK	/htdocs/application/third_party/omnipay/vendor/google/apiclient-services/src/CloudAsset/Asset.php
OK	/htdocs/application/third_party/omnipay/vendor/google/apiclient-services/src/CloudAsset/ConditionContext.php
OK	/htdocs/application/third_party/omnipay/vendor/google/apiclient-services/src/CloudAsset/GcsDestination.php
OK	/htdocs/application/third_party/omnipay/vendor/google/apiclient-services/src/CloudAsset/GoogleCloudAssetV1DeniedAccessDenyDetail.php
OK	/htdocs/application/third_party/omnipay/vendor/google/apiclient-services/src/CloudAsset/GoogleCloudAssetV1p7beta1RelationshipAttributes.php
OK	/htdocs/application/third_party/omnipay/vendor/google/apiclient-services/src/CloudAsset/GoogleIdentityAccesscontextmanagerV1AccessPolicy.php
OK	/htdocs/application/third_party/omnipay/vendor/google/apiclient-services/src/CloudAsset/GoogleIdentityAccesscontextmanagerV1IngressSource.php
OK	/htdocs/application/third_party/omnipay/vendor/google/apiclient-services/src/CloudAsset/IamPolicyAnalysisResult.php
OK	/htdocs/application/third_party/omnipay/vendor/google/apiclient-services/src/CloudAsset/Operation.php
OK	/htdocs/application/third_party/omnipay/vendor/google/apiclient-services/src/CloudAsset/QueryAssetsResponse.php
OK	/htdocs/application/third_party/omnipay/vendor/google/apiclient-services/src/CloudAsset/SearchAllIamPoliciesResponse.php
OK	/htdocs/application/third_party/omnipay/vendor/google/apiclient-services/src/CloudAsset/WindowsApplication.php
OK	/htdocs/application/third_party/omnipay/vendor/google/apiclient-services/src/Cloudbilling/AuditConfig.php
OK	/htdocs/application/third_party/omnipay/vendor/google/apiclient-services/src/Cloudbilling/MoveBillingAccountRequest.php
OK	/htdocs/application/third_party/omnipay/vendor/google/apiclient-services/src/Cloudbilling/Resource/BillingAccountsProjects.php
OK	/htdocs/application/third_party/omnipay/vendor/google/apiclient-services/src/CloudBillingBudget/GoogleCloudBillingBudgetsV1ListBudgetsResponse.php
OK	/htdocs/application/third_party/omnipay/vendor/google/apiclient-services/src/CloudBuild/ApproveBuildRequest.php
OK	/htdocs/application/third_party/omnipay/vendor/google/apiclient-services/src/CloudBuild/BatchCreateRepositoriesRequest.php
OK	/htdocs/application/third_party/omnipay/vendor/google/apiclient-services/src/CloudBuild/BuildApproval.php
OK	/htdocs/application/third_party/omnipay/vendor/google/apiclient-services/src/CloudBuild/Connection.php
OK	/htdocs/application/third_party/omnipay/vendor/google/apiclient-services/src/CloudBuild/EmbeddedTask.php
OK	/htdocs/application/third_party/omnipay/vendor/google/apiclient-services/src/CloudBuild/FileHashes.php
OK	/htdocs/application/third_party/omnipay/vendor/google/apiclient-services/src/CloudBuild/GitLabSecrets.php
OK	/htdocs/application/third_party/omnipay/vendor/google/apiclient-services/src/CloudBuild/HybridPoolConfig.php
OK	/htdocs/application/third_party/omnipay/vendor/google/apiclient-services/src/CloudBuild/ListLocationsResponse.php
OK	/htdocs/application/third_party/omnipay/vendor/google/apiclient-services/src/CloudBuild/NpmPackage.php
OK	/htdocs/application/third_party/omnipay/vendor/google/apiclient-services/src/CloudBuild/PipelineTask.php
OK	/htdocs/application/third_party/omnipay/vendor/google/apiclient-services/src/CloudBuild/PythonPackage.php
OK	/htdocs/application/third_party/omnipay/vendor/google/apiclient-services/src/CloudBuild/Secret.php
OK	/htdocs/application/third_party/omnipay/vendor/google/apiclient-services/src/CloudBuild/Source.php
OK	/htdocs/application/third_party/omnipay/vendor/google/apiclient-services/src/CloudBuild/TestIamPermissionsResponse.php
OK	/htdocs/application/third_party/omnipay/vendor/google/apiclient-services/src/CloudBuild/VolumeClaim.php
OK	/htdocs/application/third_party/omnipay/vendor/google/apiclient-services/src/CloudBuild/Resource/GithubDotComWebhook.php
OK	/htdocs/application/third_party/omnipay/vendor/google/apiclient-services/src/CloudBuild/Resource/ProjectsLocationsConnectionsRepositories.php
OK	/htdocs/application/third_party/omnipay/vendor/google/apiclient-services/src/Cloudchannel/GoogleCloudChannelV1alpha1AssociationInfo.php
OK	/htdocs/application/third_party/omnipay/vendor/google/apiclient-services/src/Cloudchannel/GoogleCloudChannelV1alpha1ProvisionedService.php
OK	/htdocs/application/third_party/omnipay/vendor/google/apiclient-services/src/Cloudchannel/GoogleCloudChannelV1BillableSku.php
OK	/htdocs/application/third_party/omnipay/vendor/google/apiclient-services/src/Cloudchannel/GoogleCloudChannelV1CloudIdentityInfo.php
OK	/htdocs/application/third_party/omnipay/vendor/google/apiclient-services/src/Cloudchannel/GoogleCloudChannelV1EduData.php
OK	/htdocs/application/third_party/omnipay/vendor/google/apiclient-services/src/Cloudchannel/GoogleCloudChannelV1ListEntitlementsResponse.php
OK	/htdocs/application/third_party/omnipay/vendor/google/apiclient-services/src/Cloudchannel/GoogleCloudChannelV1ListTransferableSkusRequest.php
OK	/htdocs/application/third_party/omnipay/vendor/google/apiclient-services/src/Cloudchannel/GoogleCloudChannelV1PriceByResource.php
OK	/htdocs/application/third_party/omnipay/vendor/google/apiclient-services/src/Cloudchannel/GoogleCloudChannelV1Report.php
OK	/htdocs/application/third_party/omnipay/vendor/google/apiclient-services/src/Cloudchannel/GoogleCloudChannelV1RunReportJobResponse.php
OK	/htdocs/application/third_party/omnipay/vendor/google/apiclient-services/src/Cloudchannel/GoogleCloudChannelV1TransferEntitlementsResponse.php
OK	/htdocs/application/third_party/omnipay/vendor/google/apiclient-services/src/Cloudchannel/GoogleTypeDate.php
OK	/htdocs/application/third_party/omnipay/vendor/google/apiclient-services/src/Cloudchannel/Resource/AccountsCustomersEntitlements.php
OK	/htdocs/application/third_party/omnipay/vendor/google/apiclient-services/src/CloudCommercePartnerProcurementService/ApproveAccountRequest.php
OK	/htdocs/application/third_party/omnipay/vendor/google/apiclient-services/src/CloudCommercePartnerProcurementService/SuspendEntitlementRequest.php
OK	/htdocs/application/third_party/omnipay/vendor/google/apiclient-services/src/CloudComposer/ComposerWorkloadStatus.php
OK	/htdocs/application/third_party/omnipay/vendor/google/apiclient-services/src/CloudComposer/ExitInfo.php
OK	/htdocs/application/third_party/omnipay/vendor/google/apiclient-services/src/CloudComposer/LoadSnapshotResponse.php
OK	/htdocs/application/third_party/omnipay/vendor/google/apiclient-services/src/CloudComposer/SaveSnapshotRequest.php
OK	/htdocs/application/third_party/omnipay/vendor/google/apiclient-services/src/CloudComposer/UserWorkloadsSecret.php
OK	/htdocs/application/third_party/omnipay/vendor/google/apiclient-services/src/CloudComposer/Resource/ProjectsLocationsImageVersions.php
OK	/htdocs/application/third_party/omnipay/vendor/google/apiclient-services/src/CloudControlsPartnerService/EkmMetadata.php
OK	/htdocs/application/third_party/omnipay/vendor/google/apiclient-services/src/CloudControlsPartnerService/Violation.php
OK	/htdocs/application/third_party/omnipay/vendor/google/apiclient-services/src/CloudDataplex/CloudReliabilityZicyWs3DataplaneProtosAssetLocationIsolationExpectationsRequirementOverride.php
OK	/htdocs/application/third_party/omnipay/vendor/google/apiclient-services/src/CloudDataplex/CloudReliabilityZicyWs3DataplaneProtosZoneConfiguration.php
OK	/htdocs/application/third_party/omnipay/vendor/google/apiclient-services/src/CloudDataplex/GoogleCloudDataplexV1AspectSource.php
OK	/htdocs/application/third_party/omnipay/vendor/google/apiclient-services/src/CloudDataplex/GoogleCloudDataplexV1AssetDiscoveryStatusStats.php
OK	/htdocs/application/third_party/omnipay/vendor/google/apiclient-services/src/CloudDataplex/GoogleCloudDataplexV1DataAttributeBinding.php
OK	/htdocs/application/third_party/omnipay/vendor/google/apiclient-services/src/CloudDataplex/GoogleCloudDataplexV1DataProfileResult.php
OK	/htdocs/application/third_party/omnipay/vendor/google/apiclient-services/src/CloudDataplex/GoogleCloudDataplexV1DataProfileSpecPostScanActionsBigQueryExport.php
OK	/htdocs/application/third_party/omnipay/vendor/google/apiclient-services/src/CloudDataplex/GoogleCloudDataplexV1DataQualityRuleResult.php
OK	/htdocs/application/third_party/omnipay/vendor/google/apiclient-services/src/CloudDataplex/GoogleCloudDataplexV1DataQualitySpecPostScanActionsJobFailureTrigger.php
OK	/htdocs/application/third_party/omnipay/vendor/google/apiclient-services/src/CloudDataplex/GoogleCloudDataplexV1DataScanExecutionSpec.php
OK	/htdocs/application/third_party/omnipay/vendor/google/apiclient-services/src/CloudDataplex/GoogleCloudDataplexV1EntityCompatibilityStatus.php
OK	/htdocs/application/third_party/omnipay/vendor/google/apiclient-services/src/CloudDataplex/GoogleCloudDataplexV1EnvironmentInfrastructureSpecComputeResources.php
OK	/htdocs/application/third_party/omnipay/vendor/google/apiclient-services/src/CloudDataplex/GoogleCloudDataplexV1LakeMetastore.php
OK	/htdocs/application/third_party/omnipay/vendor/google/apiclient-services/src/CloudDataplex/GoogleCloudDataplexV1ListEntriesResponse.php
OK	/htdocs/application/third_party/omnipay/vendor/google/apiclient-services/src/CloudDataplex/GoogleCloudDataplexV1MetadataJobEvent.php
OK	/htdocs/application/third_party/omnipay/vendor/google/apiclient-services/src/CloudDataplex/GoogleCloudDataplexV1RunTaskResponse.php
OK	/htdocs/application/third_party/omnipay/vendor/google/apiclient-services/src/CloudDataplex/GoogleCloudDataplexV1StorageAccess.php
OK	/htdocs/application/third_party/omnipay/vendor/google/apiclient-services/src/CloudDataplex/GoogleCloudDataplexV1TaskNotebookTaskConfig.php
OK	/htdocs/application/third_party/omnipay/vendor/google/apiclient-services/src/CloudDataplex/GoogleCloudLocationLocation.php
OK	/htdocs/application/third_party/omnipay/vendor/google/apiclient-services/src/CloudDataplex/GoogleTypeExpr.php
OK	/htdocs/application/third_party/omnipay/vendor/google/apiclient-services/src/CloudDataplex/Resource/ProjectsLocationsDataTaxonomiesAttributes.php
OK	/htdocs/application/third_party/omnipay/vendor/google/apiclient-services/src/CloudDataplex/Resource/ProjectsLocationsLakesContentitems.php
OK	/htdocs/application/third_party/omnipay/vendor/google/apiclient-services/src/CloudDataplex/Resource/ProjectsLocationsOperations.php
OK	/htdocs/application/third_party/omnipay/vendor/google/apiclient-services/src/CloudDebugger/GitSourceContext.php
OK	/htdocs/application/third_party/omnipay/vendor/google/apiclient-services/src/CloudDebugger/StatusMessage.php
OK	/htdocs/application/third_party/omnipay/vendor/google/apiclient-services/src/CloudDeploy/AdvanceChildRolloutJob.php
OK	/htdocs/application/third_party/omnipay/vendor/google/apiclient-services/src/CloudDeploy/Automation.php
OK	/htdocs/application/third_party/omnipay/vendor/google/apiclient-services/src/CloudDeploy/CancelAutomationRunRequest.php
OK	/htdocs/application/third_party/omnipay/vendor/google/apiclient-services/src/CloudDeploy/CreateChildRolloutJob.php
OK	/htdocs/application/third_party/omnipay/vendor/google/apiclient-services/src/CloudDeploy/DeliveryPipelineAttribute.php
OK	/htdocs/application/third_party/omnipay/vendor/google/apiclient-services/src/CloudDeploy/ExecutionConfig.php
OK	/htdocs/application/third_party/omnipay/vendor/google/apiclient-services/src/CloudDeploy/ListCustomTargetTypesResponse.php
OK	/htdocs/application/third_party/omnipay/vendor/google/apiclient-services/src/CloudDeploy/OneTimeWindow.php
OK	/htdocs/application/third_party/omnipay/vendor/google/apiclient-services/src/CloudDeploy/Postdeploy.php
OK	/htdocs/application/third_party/omnipay/vendor/google/apiclient-services/src/CloudDeploy/ReleaseReadyCondition.php
OK	/htdocs/application/third_party/omnipay/vendor/google/apiclient-services/src/CloudDeploy/RetryPhase.php
OK	/htdocs/application/third_party/omnipay/vendor/google/apiclient-services/src/CloudDeploy/SerialPipeline.php
OK	/htdocs/application/third_party/omnipay/vendor/google/apiclient-services/src/CloudDeploy/Strategy.php
OK	/htdocs/application/third_party/omnipay/vendor/google/apiclient-services/src/CloudDeploy/TestIamPermissionsResponse.php
OK	/htdocs/application/third_party/omnipay/vendor/google/apiclient-services/src/CloudDeploy/Resource/ProjectsLocationsDeliveryPipelines.php
OK	/htdocs/application/third_party/omnipay/vendor/google/apiclient-services/src/CloudDomains/Binding.php
OK	/htdocs/application/third_party/omnipay/vendor/google/apiclient-services/src/CloudDomains/ExportRegistrationRequest.php
OK	/htdocs/application/third_party/omnipay/vendor/google/apiclient-services/src/CloudDomains/LoadBalancerTarget.php
OK	/htdocs/application/third_party/omnipay/vendor/google/apiclient-services/src/CloudDomains/RenewDomainRequest.php
OK	/htdocs/application/third_party/omnipay/vendor/google/apiclient-services/src/CloudDomains/TestIamPermissionsRequest.php
OK	/htdocs/application/third_party/omnipay/vendor/google/apiclient-services/src/Clouderrorreporting/ErrorEvent.php
OK	/htdocs/application/third_party/omnipay/vendor/google/apiclient-services/src/Clouderrorreporting/TrackingIssue.php
OK	/htdocs/application/third_party/omnipay/vendor/google/apiclient-services/src/CloudFilestore/Date.php
OK	/htdocs/application/third_party/omnipay/vendor/google/apiclient-services/src/CloudFilestore/GoogleCloudSaasacceleratorManagementProvidersV1SloEligibility.php
OK	/htdocs/application/third_party/omnipay/vendor/google/apiclient-services/src/CloudFilestore/MaintenancePolicy.php
OK	/htdocs/application/third_party/omnipay/vendor/google/apiclient-services/src/CloudFilestore/RevertInstanceRequest.php
OK	/htdocs/application/third_party/omnipay/vendor/google/apiclient-services/src/CloudFilestore/Resource/ProjectsLocationsOperations.php
OK	/htdocs/application/third_party/omnipay/vendor/google/apiclient-services/src/CloudFunctions/Date.php
OK	/htdocs/application/third_party/omnipay/vendor/google/apiclient-services/src/CloudFunctions/GoogleCloudFunctionsV2alphaStage.php
OK	/htdocs/application/third_party/omnipay/vendor/google/apiclient-services/src/CloudFunctions/ListLocationsResponse.php
OK	/htdocs/application/third_party/omnipay/vendor/google/apiclient-services/src/CloudFunctions/RollbackFunctionUpgradeTrafficRequest.php
OK	/htdocs/application/third_party/omnipay/vendor/google/apiclient-services/src/CloudFunctions/Status.php
OK	/htdocs/application/third_party/omnipay/vendor/google/apiclient-services/src/CloudHealthcare/ActivateConsentRequest.php
OK	/htdocs/application/third_party/omnipay/vendor/google/apiclient-services/src/CloudHealthcare/AttributeDefinition.php
OK	/htdocs/application/third_party/omnipay/vendor/google/apiclient-services/src/CloudHealthcare/ConsentAccessorScope.php
OK	/htdocs/application/third_party/omnipay/vendor/google/apiclient-services/src/CloudHealthcare/DeidentifiedStoreDestination.php
OK	/htdocs/application/third_party/omnipay/vendor/google/apiclient-services/src/CloudHealthcare/EntityMention.php
OK	/htdocs/application/third_party/omnipay/vendor/google/apiclient-services/src/CloudHealthcare/ExportResourcesResponse.php
OK	/htdocs/application/third_party/omnipay/vendor/google/apiclient-services/src/CloudHealthcare/GcsSource.php
OK	/htdocs/application/third_party/omnipay/vendor/google/apiclient-services/src/CloudHealthcare/GroupOrSegment.php
OK	/htdocs/application/third_party/omnipay/vendor/google/apiclient-services/src/CloudHealthcare/ImportDicomDataResponse.php
OK	/htdocs/application/third_party/omnipay/vendor/google/apiclient-services/src/CloudHealthcare/ListConsentRevisionsResponse.php
OK	/htdocs/application/third_party/omnipay/vendor/google/apiclient-services/src/CloudHealthcare/Message.php
OK	/htdocs/application/third_party/omnipay/vendor/google/apiclient-services/src/CloudHealthcare/QueryAccessibleDataResponse.php
OK	/htdocs/application/third_party/omnipay/vendor/google/apiclient-services/src/CloudHealthcare/RollbackHl7V2MessagesResponse.php
OK	/htdocs/application/third_party/omnipay/vendor/google/apiclient-services/src/CloudHealthcare/Signature.php
OK	/htdocs/application/third_party/omnipay/vendor/google/apiclient-services/src/CloudHealthcare/TimeRange.php
OK	/htdocs/application/third_party/omnipay/vendor/google/apiclient-services/src/CloudHealthcare/Resource/ProjectsLocationsDatasetsConsentStoresUserDataMappings.php
OK	/htdocs/application/third_party/omnipay/vendor/google/apiclient-services/src/CloudHealthcare/Resource/ProjectsLocationsDatasetsFhirStoresFhir.php
OK	/htdocs/application/third_party/omnipay/vendor/google/apiclient-services/src/CloudIAP/Binding.php
OK	/htdocs/application/third_party/omnipay/vendor/google/apiclient-services/src/CloudIAP/ListBrandsResponse.php
OK	/htdocs/application/third_party/omnipay/vendor/google/apiclient-services/src/CloudIAP/TagsFullState.php
OK	/htdocs/application/third_party/omnipay/vendor/google/apiclient-services/src/CloudIAP/Resource/ProjectsIapTunnelLocations.php
OK	/htdocs/application/third_party/omnipay/vendor/google/apiclient-services/src/CloudIdentity/DeleteIdpCredentialOperationMetadata.php
OK	/htdocs/application/third_party/omnipay/vendor/google/apiclient-services/src/CloudIdentity/GoogleAppsCloudidentityDevicesV1AndroidAttributes.php
OK	/htdocs/application/third_party/omnipay/vendor/google/apiclient-services/src/CloudIdentity/GoogleAppsCloudidentityDevicesV1CancelWipeDeviceUserMetadata.php
OK	/htdocs/application/third_party/omnipay/vendor/google/apiclient-services/src/CloudIdentity/GoogleAppsCloudidentityDevicesV1EndpointVerificationSpecificAttributes.php
OK	/htdocs/application/third_party/omnipay/vendor/google/apiclient-services/src/CloudIdentity/GoogleAppsCloudidentityDevicesV1WipeDeviceUserMetadata.php
OK	/htdocs/application/third_party/omnipay/vendor/google/apiclient-services/src/CloudIdentity/ListInboundSsoAssignmentsResponse.php
OK	/htdocs/application/third_party/omnipay/vendor/google/apiclient-services/src/CloudIdentity/MembershipRoleRestrictionEvaluation.php
OK	/htdocs/application/third_party/omnipay/vendor/google/apiclient-services/src/CloudIdentity/SearchDirectGroupsResponse.php
OK	/htdocs/application/third_party/omnipay/vendor/google/apiclient-services/src/CloudIdentity/UpdateInboundSsoAssignmentOperationMetadata.php
OK	/htdocs/application/third_party/omnipay/vendor/google/apiclient-services/src/CloudIdentity/Resource/InboundSamlSsoProfilesIdpCredentials.php
OK	/htdocs/application/third_party/omnipay/vendor/google/apiclient-services/src/CloudIot/EventNotificationConfig.php
OK	/htdocs/application/third_party/omnipay/vendor/google/apiclient-services/src/CloudIot/Policy.php
OK	/htdocs/application/third_party/omnipay/vendor/google/apiclient-services/src/CloudIot/UnbindDeviceFromGatewayResponse.php
OK	/htdocs/application/third_party/omnipay/vendor/google/apiclient-services/src/CloudKMS/AsymmetricSignRequest.php
OK	/htdocs/application/third_party/omnipay/vendor/google/apiclient-services/src/CloudKMS/DecryptRequest.php
OK	/htdocs/application/third_party/omnipay/vendor/google/apiclient-services/src/CloudKMS/ImportCryptoKeyVersionRequest.php
OK	/htdocs/application/third_party/omnipay/vendor/google/apiclient-services/src/CloudKMS/ListLocationsResponse.php
OK	/htdocs/application/third_party/omnipay/vendor/google/apiclient-services/src/CloudKMS/RawEncryptRequest.php
OK	/htdocs/application/third_party/omnipay/vendor/google/apiclient-services/src/CloudKMS/Resource/Folders.php
OK	/htdocs/application/third_party/omnipay/vendor/google/apiclient-services/src/CloudLifeSciences/Action.php
OK	/htdocs/application/third_party/omnipay/vendor/google/apiclient-services/src/CloudLifeSciences/ListOperationsResponse.php
OK	/htdocs/application/third_party/omnipay/vendor/google/apiclient-services/src/CloudLifeSciences/RunPipelineRequest.php
OK	/htdocs/application/third_party/omnipay/vendor/google/apiclient-services/src/CloudLifeSciences/Resource/ProjectsLocationsOperations.php
OK	/htdocs/application/third_party/omnipay/vendor/google/apiclient-services/src/CloudMachineLearningEngine/GoogleCloudMlV1CheckTrialEarlyStoppingStateMetatdata.php
OK	/htdocs/application/third_party/omnipay/vendor/google/apiclient-services/src/CloudMachineLearningEngine/GoogleCloudMlV1GetConfigResponse.php
OK	/htdocs/application/third_party/omnipay/vendor/google/apiclient-services/src/CloudMachineLearningEngine/GoogleCloudMlV1ListTrialsResponse.php
OK	/htdocs/application/third_party/omnipay/vendor/google/apiclient-services/src/CloudMachineLearningEngine/GoogleCloudMlV1PredictRequest.php
OK	/htdocs/application/third_party/omnipay/vendor/google/apiclient-services/src/CloudMachineLearningEngine/GoogleCloudMlV1StudyConfigParameterSpecCategoricalValueSpec.php
OK	/htdocs/application/third_party/omnipay/vendor/google/apiclient-services/src/CloudMachineLearningEngine/GoogleCloudMlV1Trial.php
OK	/htdocs/application/third_party/omnipay/vendor/google/apiclient-services/src/CloudMachineLearningEngine/GoogleLongrunningOperation.php
OK	/htdocs/application/third_party/omnipay/vendor/google/apiclient-services/src/CloudMachineLearningEngine/Resource/ProjectsOperations.php
OK	/htdocs/application/third_party/omnipay/vendor/google/apiclient-services/src/CloudMemorystoreforMemcached/GoogleCloudMemcacheV1LocationMetadata.php
OK	/htdocs/application/third_party/omnipay/vendor/google/apiclient-services/src/CloudMemorystoreforMemcached/GoogleCloudSaasacceleratorManagementProvidersV1SloEligibility.php
OK	/htdocs/application/third_party/omnipay/vendor/google/apiclient-services/src/CloudMemorystoreforMemcached/LocationMetadata.php
OK	/htdocs/application/third_party/omnipay/vendor/google/apiclient-services/src/CloudMemorystoreforMemcached/RequirementOverride.php
OK	/htdocs/application/third_party/omnipay/vendor/google/apiclient-services/src/CloudMemorystoreforMemcached/ZoneMetadata.php
OK	/htdocs/application/third_party/omnipay/vendor/google/apiclient-services/src/CloudNaturalLanguage/AnalyzeSyntaxResponse.php
OK	/htdocs/application/third_party/omnipay/vendor/google/apiclient-services/src/CloudNaturalLanguage/Document.php
OK	/htdocs/application/third_party/omnipay/vendor/google/apiclient-services/src/CloudNaturalLanguage/Status.php
OK	/htdocs/application/third_party/omnipay/vendor/google/apiclient-services/src/CloudNaturalLanguage/XPSClassificationEvaluationMetrics.php
OK	/htdocs/application/third_party/omnipay/vendor/google/apiclient-services/src/CloudNaturalLanguage/XPSDataErrors.php
OK	/htdocs/application/third_party/omnipay/vendor/google/apiclient-services/src/CloudNaturalLanguage/XPSImageClassificationTrainResponse.php
OK	/htdocs/application/third_party/omnipay/vendor/google/apiclient-services/src/CloudNaturalLanguage/XPSMetricEntryLabel.php
OK	/htdocs/application/third_party/omnipay/vendor/google/apiclient-services/src/CloudNaturalLanguage/XPSSpeechEvaluationMetrics.php
OK	/htdocs/application/third_party/omnipay/vendor/google/apiclient-services/src/CloudNaturalLanguage/XPSTablesConfidenceMetricsEntry.php
OK	/htdocs/application/third_party/omnipay/vendor/google/apiclient-services/src/CloudNaturalLanguage/XPSTextComponentModel.php
OK	/htdocs/application/third_party/omnipay/vendor/google/apiclient-services/src/CloudNaturalLanguage/XPSTrainingObjectivePoint.php
OK	/htdocs/application/third_party/omnipay/vendor/google/apiclient-services/src/CloudNaturalLanguage/XPSVideoExportModelSpec.php
OK	/htdocs/application/third_party/omnipay/vendor/google/apiclient-services/src/CloudOSLogin/LoginProfile.php
OK	/htdocs/application/third_party/omnipay/vendor/google/apiclient-services/src/CloudProfiler/Resource/Projects.php
OK	/htdocs/application/third_party/omnipay/vendor/google/apiclient-services/src/CloudRedis/BlobstoreLocation.php
OK	/htdocs/application/third_party/omnipay/vendor/google/apiclient-services/src/CloudRedis/Compliance.php
OK	/htdocs/application/third_party/omnipay/vendor/google/apiclient-services/src/CloudRedis/EncryptionInfo.php
OK	/htdocs/application/third_party/omnipay/vendor/google/apiclient-services/src/CloudRedis/GoogleCloudRedisV1LocationMetadata.php
OK	/htdocs/application/third_party/omnipay/vendor/google/apiclient-services/src/CloudRedis/ListInstancesResponse.php
OK	/htdocs/application/third_party/omnipay/vendor/google/apiclient-services/src/CloudRedis/NodeInfo.php
OK	/htdocs/application/third_party/omnipay/vendor/google/apiclient-services/src/CloudRedis/PscConnection.php
OK	/htdocs/application/third_party/omnipay/vendor/google/apiclient-services/src/CloudRedis/StateInfo.php
OK	/htdocs/application/third_party/omnipay/vendor/google/apiclient-services/src/CloudRedis/ZoneDistributionConfig.php
OK	/htdocs/application/third_party/omnipay/vendor/google/apiclient-services/src/CloudResourceManager/CloudresourcemanagerGoogleCloudResourcemanagerV2alpha1FolderOperation.php
OK	/htdocs/application/third_party/omnipay/vendor/google/apiclient-services/src/CloudResourceManager/DeleteTagValueMetadata.php
OK	/htdocs/application/third_party/omnipay/vendor/google/apiclient-services/src/CloudResourceManager/ListProjectsResponse.php
OK	/htdocs/application/third_party/omnipay/vendor/google/apiclient-services/src/CloudResourceManager/Project.php
OK	/htdocs/application/third_party/omnipay/vendor/google/apiclient-services/src/CloudResourceManager/TestIamPermissionsResponse.php
OK	/htdocs/application/third_party/omnipay/vendor/google/apiclient-services/src/CloudResourceManager/Resource/Liens.php
OK	/htdocs/application/third_party/omnipay/vendor/google/apiclient-services/src/CloudRetail/GoogleCloudRetailLoggingImportErrorContext.php
OK	/htdocs/application/third_party/omnipay/vendor/google/apiclient-services/src/CloudRetail/GoogleCloudRetailV2alphaAddFulfillmentPlacesResponse.php
OK	/htdocs/application/third_party/omnipay/vendor/google/apiclient-services/src/CloudRetail/GoogleCloudRetailV2alphaExportUserEventsResponse.php
OK	/htdocs/application/third_party/omnipay/vendor/google/apiclient-services/src/CloudRetail/GoogleCloudRetailV2alphaModelModelFeaturesConfigLlmEmbeddingConfig.php
OK	/htdocs/application/third_party/omnipay/vendor/google/apiclient-services/src/CloudRetail/GoogleCloudRetailV2alphaRemoveFulfillmentPlacesMetadata.php
OK	/htdocs/application/third_party/omnipay/vendor/google/apiclient-services/src/CloudRetail/GoogleCloudRetailV2AttributesConfig.php
OK	/htdocs/application/third_party/omnipay/vendor/google/apiclient-services/src/CloudRetail/GoogleCloudRetailV2betaExportErrorsConfig.php
OK	/htdocs/application/third_party/omnipay/vendor/google/apiclient-services/src/CloudRetail/GoogleCloudRetailV2betaModel.php
OK	/htdocs/application/third_party/omnipay/vendor/google/apiclient-services/src/CloudRetail/GoogleCloudRetailV2betaRemoveFulfillmentPlacesResponse.php
OK	/htdocs/application/third_party/omnipay/vendor/google/apiclient-services/src/CloudRetail/GoogleCloudRetailV2CatalogAttributeFacetConfig.php
OK	/htdocs/application/third_party/omnipay/vendor/google/apiclient-services/src/CloudRetail/GoogleCloudRetailV2CompletionDataInputConfig.php
OK	/htdocs/application/third_party/omnipay/vendor/google/apiclient-services/src/CloudRetail/GoogleCloudRetailV2ExportErrorsConfig.php
OK	/htdocs/application/third_party/omnipay/vendor/google/apiclient-services/src/CloudRetail/GoogleCloudRetailV2ImportMetadata.php
OK	/htdocs/application/third_party/omnipay/vendor/google/apiclient-services/src/CloudRetail/GoogleCloudRetailV2LocalInventory.php
OK	/htdocs/application/third_party/omnipay/vendor/google/apiclient-services/src/CloudRetail/GoogleCloudRetailV2PredictRequest.php
OK	/htdocs/application/third_party/omnipay/vendor/google/apiclient-services/src/CloudRetail/GoogleCloudRetailV2Promotion.php
OK	/htdocs/application/third_party/omnipay/vendor/google/apiclient-services/src/CloudRetail/GoogleCloudRetailV2RemoveCatalogAttributeRequest.php
OK	/htdocs/application/third_party/omnipay/vendor/google/apiclient-services/src/CloudRetail/GoogleCloudRetailV2RuleDoNotAssociateAction.php
OK	/htdocs/application/third_party/omnipay/vendor/google/apiclient-services/src/CloudRetail/GoogleCloudRetailV2SearchRequestBoostSpec.php
OK	/htdocs/application/third_party/omnipay/vendor/google/apiclient-services/src/CloudRetail/GoogleCloudRetailV2SearchResponse.php
OK	/htdocs/application/third_party/omnipay/vendor/google/apiclient-services/src/CloudRetail/GoogleCloudRetailV2SetInventoryRequest.php
OK	/htdocs/application/third_party/omnipay/vendor/google/apiclient-services/src/CloudRetail/GoogleLongrunningListOperationsResponse.php
OK	/htdocs/application/third_party/omnipay/vendor/google/apiclient-services/src/CloudRetail/Resource/ProjectsLocationsCatalogsCompletionData.php
OK	/htdocs/application/third_party/omnipay/vendor/google/apiclient-services/src/CloudRun/AuditConfig.php
OK	/htdocs/application/third_party/omnipay/vendor/google/apiclient-services/src/CloudRun/DomainMapping.php
OK	/htdocs/application/third_party/omnipay/vendor/google/apiclient-services/src/CloudRun/GoogleCloudRunOpV2ContainerPort.php
OK	/htdocs/application/third_party/omnipay/vendor/google/apiclient-services/src/CloudRun/GoogleCloudRunOpV2TrafficTarget.php
OK	/htdocs/application/third_party/omnipay/vendor/google/apiclient-services/src/CloudRun/GoogleCloudRunV2CloudSqlInstance.php
OK	/htdocs/application/third_party/omnipay/vendor/google/apiclient-services/src/CloudRun/GoogleCloudRunV2ExecutionTemplate.php
OK	/htdocs/application/third_party/omnipay/vendor/google/apiclient-services/src/CloudRun/GoogleCloudRunV2ListExecutionsResponse.php
OK	/htdocs/application/third_party/omnipay/vendor/google/apiclient-services/src/CloudRun/GoogleCloudRunV2ResourceRequirements.php
OK	/htdocs/application/third_party/omnipay/vendor/google/apiclient-services/src/CloudRun/GoogleCloudRunV2SubmitBuildRequest.php
OK	/htdocs/application/third_party/omnipay/vendor/google/apiclient-services/src/CloudRun/GoogleCloudRunV2WorkerPool.php
OK	/htdocs/application/third_party/omnipay/vendor/google/apiclient-services/src/CloudRun/GoogleDevtoolsCloudbuildV1BuiltImage.php
OK	/htdocs/application/third_party/omnipay/vendor/google/apiclient-services/src/CloudRun/GoogleDevtoolsCloudbuildV1Hash.php
OK	/htdocs/application/third_party/omnipay/vendor/google/apiclient-services/src/CloudRun/GoogleDevtoolsCloudbuildV1Source.php
OK	/htdocs/application/third_party/omnipay/vendor/google/apiclient-services/src/CloudRun/GoogleIamV1AuditLogConfig.php
OK	/htdocs/application/third_party/omnipay/vendor/google/apiclient-services/src/CloudRun/GoogleTypeExpr.php
OK	/htdocs/application/third_party/omnipay/vendor/google/apiclient-services/src/CloudRun/LocalObjectReference.php
OK	/htdocs/application/third_party/omnipay/vendor/google/apiclient-services/src/CloudRun/RevisionTemplate.php
OK	/htdocs/application/third_party/omnipay/vendor/google/apiclient-services/src/CloudRun/SetIamPolicyRequest.php
OK	/htdocs/application/third_party/omnipay/vendor/google/apiclient-services/src/CloudRun/Resource/NamespacesAuthorizeddomains.php
OK	/htdocs/application/third_party/omnipay/vendor/google/apiclient-services/src/CloudRun/Resource/ProjectsLocationsConfigurations.php
OK	/htdocs/application/third_party/omnipay/vendor/google/apiclient-services/src/CloudRuntimeConfig/CancelOperationRequest.php
OK	/htdocs/application/third_party/omnipay/vendor/google/apiclient-services/src/CloudScheduler/ListJobsResponse.php
OK	/htdocs/application/third_party/omnipay/vendor/google/apiclient-services/src/CloudScheduler/RetryConfig.php
OK	/htdocs/application/third_party/omnipay/vendor/google/apiclient-services/src/CloudSearch/Action.php
OK	/htdocs/application/third_party/omnipay/vendor/google/apiclient-services/src/CloudSearch/AppsDynamiteAttachment.php
OK	/htdocs/application/third_party/omnipay/vendor/google/apiclient-services/src/CloudSearch/AppsDynamiteContentReport.php
OK	/htdocs/application/third_party/omnipay/vendor/google/apiclient-services/src/CloudSearch/AppsDynamiteFrontendBotInfoSupportUrls.php
OK	/htdocs/application/third_party/omnipay/vendor/google/apiclient-services/src/CloudSearch/AppsDynamiteMembershipChangedMetadata.php
OK	/htdocs/application/third_party/omnipay/vendor/google/apiclient-services/src/CloudSearch/AppsDynamiteReadReceiptsSettingsUpdatedMetadata.php
OK	/htdocs/application/third_party/omnipay/vendor/google/apiclient-services/src/CloudSearch/AppsDynamiteSharedAssistantDebugContext.php
OK	/htdocs/application/third_party/omnipay/vendor/google/apiclient-services/src/CloudSearch/AppsDynamiteSharedButtonList.php
OK	/htdocs/application/third_party/omnipay/vendor/google/apiclient-services/src/CloudSearch/AppsDynamiteSharedChatItem.php
OK	/htdocs/application/third_party/omnipay/vendor/google/apiclient-services/src/CloudSearch/AppsDynamiteSharedDateTimePicker.php
OK	/htdocs/application/third_party/omnipay/vendor/google/apiclient-services/src/CloudSearch/AppsDynamiteSharedGroupVisibility.php
OK	/htdocs/application/third_party/omnipay/vendor/google/apiclient-services/src/CloudSearch/AppsDynamiteSharedOnClick.php
OK	/htdocs/application/third_party/omnipay/vendor/google/apiclient-services/src/CloudSearch/AppsDynamiteSharedSegmentedMembershipCount.php
OK	/htdocs/application/third_party/omnipay/vendor/google/apiclient-services/src/CloudSearch/AppsDynamiteSharedTasksAnnotationDataTaskProperties.php
OK	/htdocs/application/third_party/omnipay/vendor/google/apiclient-services/src/CloudSearch/AppsDynamiteSpaceId.php
OK	/htdocs/application/third_party/omnipay/vendor/google/apiclient-services/src/CloudSearch/AppsDynamiteStorageColumnsColumnWidgets.php
OK	/htdocs/application/third_party/omnipay/vendor/google/apiclient-services/src/CloudSearch/AppsDynamiteStorageOnClick.php
OK	/htdocs/application/third_party/omnipay/vendor/google/apiclient-services/src/CloudSearch/AppsDynamiteTombstoneMetadata.php
OK	/htdocs/application/third_party/omnipay/vendor/google/apiclient-services/src/CloudSearch/AppsExtensionsMarkupCalendarClientActionMarkupAddAttachmentsActionMarkup.php
OK	/htdocs/application/third_party/omnipay/vendor/google/apiclient-services/src/CloudSearch/Attributes.php
OK	/htdocs/application/third_party/omnipay/vendor/google/apiclient-services/src/CloudSearch/BorderStyle.php
OK	/htdocs/application/third_party/omnipay/vendor/google/apiclient-services/src/CloudSearch/CapTokenHolderProto.php
OK	/htdocs/application/third_party/omnipay/vendor/google/apiclient-services/src/CloudSearch/ChatConserverDynamitePlaceholderMetadataDeleteMetadata.php
OK	/htdocs/application/third_party/omnipay/vendor/google/apiclient-services/src/CloudSearch/CoActivity.php
OK	/htdocs/application/third_party/omnipay/vendor/google/apiclient-services/src/CloudSearch/ContextAttribute.php
OK	/htdocs/application/third_party/omnipay/vendor/google/apiclient-services/src/CloudSearch/CustomFunctionReturnValueMarkup.php
OK	/htdocs/application/third_party/omnipay/vendor/google/apiclient-services/src/CloudSearch/DeepLinkData.php
OK	/htdocs/application/third_party/omnipay/vendor/google/apiclient-services/src/CloudSearch/DoublePropertyOptions.php
OK	/htdocs/application/third_party/omnipay/vendor/google/apiclient-services/src/CloudSearch/EditorClientActionMarkup.php
OK	/htdocs/application/third_party/omnipay/vendor/google/apiclient-services/src/CloudSearch/EnterpriseTopazSidekickAnswerAnswerListLabeledAnswer.php
OK	/htdocs/application/third_party/omnipay/vendor/google/apiclient-services/src/CloudSearch/EnterpriseTopazSidekickDocumentGroup.php
OK	/htdocs/application/third_party/omnipay/vendor/google/apiclient-services/src/CloudSearch/EnterpriseTopazSidekickPeopleAnswerDisambiguationInfo.php
OK	/htdocs/application/third_party/omnipay/vendor/google/apiclient-services/src/CloudSearch/EnterpriseTopazSidekickScheduledMeeting.php
OK	/htdocs/application/third_party/omnipay/vendor/google/apiclient-services/src/CloudSearch/FacetOptions.php
OK	/htdocs/application/third_party/omnipay/vendor/google/apiclient-services/src/CloudSearch/FormatMetadata.php
OK	/htdocs/application/third_party/omnipay/vendor/google/apiclient-services/src/CloudSearch/GetCustomerSearchApplicationStatsResponse.php
OK	/htdocs/application/third_party/omnipay/vendor/google/apiclient-services/src/CloudSearch/GoogleChatV1ContextualAddOnMarkupCardCardHeader.php
OK	/htdocs/application/third_party/omnipay/vendor/google/apiclient-services/src/CloudSearch/GoogleChatV1WidgetMarkupTextParagraph.php
OK	/htdocs/application/third_party/omnipay/vendor/google/apiclient-services/src/CloudSearch/HangoutVideoEventMetadata.php
OK	/htdocs/application/third_party/omnipay/vendor/google/apiclient-services/src/CloudSearch/ImageButton.php
OK	/htdocs/application/third_party/omnipay/vendor/google/apiclient-services/src/CloudSearch/IndexItemRequest.php
OK	/htdocs/application/third_party/omnipay/vendor/google/apiclient-services/src/CloudSearch/InviteeInfo.php
OK	/htdocs/application/third_party/omnipay/vendor/google/apiclient-services/src/CloudSearch/LabelAdded.php
OK	/htdocs/application/third_party/omnipay/vendor/google/apiclient-services/src/CloudSearch/LinkData.php
OK	/htdocs/application/third_party/omnipay/vendor/google/apiclient-services/src/CloudSearch/MdbGroupProto.php
OK	/htdocs/application/third_party/omnipay/vendor/google/apiclient-services/src/CloudSearch/MessageAttributes.php
OK	/htdocs/application/third_party/omnipay/vendor/google/apiclient-services/src/CloudSearch/Name.php
OK	/htdocs/application/third_party/omnipay/vendor/google/apiclient-services/src/CloudSearch/OsVersion.php
OK	/htdocs/application/third_party/omnipay/vendor/google/apiclient-services/src/CloudSearch/Photo.php
OK	/htdocs/application/third_party/omnipay/vendor/google/apiclient-services/src/CloudSearch/PrincipalProto.php
OK	/htdocs/application/third_party/omnipay/vendor/google/apiclient-services/src/CloudSearch/QueryInterpretationOptions.php
OK	/htdocs/application/third_party/omnipay/vendor/google/apiclient-services/src/CloudSearch/RecordingEvent.php
OK	/htdocs/application/third_party/omnipay/vendor/google/apiclient-services/src/CloudSearch/RequiredMessageFeaturesMetadata.php
OK	/htdocs/application/third_party/omnipay/vendor/google/apiclient-services/src/CloudSearch/RewrittenQuery.php
OK	/htdocs/application/third_party/omnipay/vendor/google/apiclient-services/src/CloudSearch/SearchApplicationSessionStats.php
OK	/htdocs/application/third_party/omnipay/vendor/google/apiclient-services/src/CloudSearch/SelectionItem.php
OK	/htdocs/application/third_party/omnipay/vendor/google/apiclient-services/src/CloudSearch/SocialCommonAttachmentAttachment.php
OK	/htdocs/application/third_party/omnipay/vendor/google/apiclient-services/src/CloudSearch/SquareProto.php
OK	/htdocs/application/third_party/omnipay/vendor/google/apiclient-services/src/CloudSearch/SwitchWidget.php
OK	/htdocs/application/third_party/omnipay/vendor/google/apiclient-services/src/CloudSearch/ThreadUpdate.php
OK	/htdocs/application/third_party/omnipay/vendor/google/apiclient-services/src/CloudSearch/TransientData.php
OK	/htdocs/application/third_party/omnipay/vendor/google/apiclient-services/src/CloudSearch/UpdateCcRecipients.php
OK	/htdocs/application/third_party/omnipay/vendor/google/apiclient-services/src/CloudSearch/UserId.php
OK	/htdocs/application/third_party/omnipay/vendor/google/apiclient-services/src/CloudSearch/WidgetMarkup.php
OK	/htdocs/application/third_party/omnipay/vendor/google/apiclient-services/src/CloudSearch/Resource/DebugDatasourcesItems.php
OK	/htdocs/application/third_party/omnipay/vendor/google/apiclient-services/src/CloudSearch/Resource/QuerySources.php
OK	/htdocs/application/third_party/omnipay/vendor/google/apiclient-services/src/CloudSearch/Resource/StatsUserSearchapplications.php
OK	/htdocs/application/third_party/omnipay/vendor/google/apiclient-services/src/CloudSecurityToken/GoogleIdentityStsV1IntrospectTokenRequest.php
OK	/htdocs/application/third_party/omnipay/vendor/google/apiclient-services/src/CloudShell/CloudshellEmpty.php
OK	/htdocs/application/third_party/omnipay/vendor/google/apiclient-services/src/CloudShell/Status.php
OK	/htdocs/application/third_party/omnipay/vendor/google/apiclient-services/src/CloudSourceRepositories/ProjectConfig.php
OK	/htdocs/application/third_party/omnipay/vendor/google/apiclient-services/src/CloudSourceRepositories/Resource/Projects.php
OK	/htdocs/application/third_party/omnipay/vendor/google/apiclient-services/src/CloudSupport/DiffChecksumsResponse.php
OK	/htdocs/application/third_party/omnipay/vendor/google/apiclient-services/src/CloudSupport/ObjectId.php
OK	/htdocs/application/third_party/omnipay/vendor/google/apiclient-services/src/CloudSupport/Resource/Media.php
OK	/htdocs/application/third_party/omnipay/vendor/google/apiclient-services/src/CloudTalentSolution/BatchOperationMetadata.php
OK	/htdocs/application/third_party/omnipay/vendor/google/apiclient-services/src/CloudTalentSolution/CompleteQueryResponse.php
OK	/htdocs/application/third_party/omnipay/vendor/google/apiclient-services/src/CloudTalentSolution/JobsEmpty.php
OK	/htdocs/application/third_party/omnipay/vendor/google/apiclient-services/src/CloudTalentSolution/PostalAddress.php
OK	/htdocs/application/third_party/omnipay/vendor/google/apiclient-services/src/CloudTalentSolution/Resource/ProjectsOperations.php
OK	/htdocs/application/third_party/omnipay/vendor/google/apiclient-services/src/CloudTasks/CmekConfig.php
OK	/htdocs/application/third_party/omnipay/vendor/google/apiclient-services/src/CloudTasks/ListTasksResponse.php
OK	/htdocs/application/third_party/omnipay/vendor/google/apiclient-services/src/CloudTasks/RetryConfig.php
OK	/htdocs/application/third_party/omnipay/vendor/google/apiclient-services/src/CloudTasks/Resource/ProjectsLocationsQueuesTasks.php
OK	/htdocs/application/third_party/omnipay/vendor/google/apiclient-services/src/CloudTrace/StackFrames.php
OK	/htdocs/application/third_party/omnipay/vendor/google/apiclient-services/src/CloudVideoIntelligence/GoogleCloudVideointelligenceV1beta2AnnotateVideoProgress.php
OK	/htdocs/application/third_party/omnipay/vendor/google/apiclient-services/src/CloudVideoIntelligence/GoogleCloudVideointelligenceV1beta2LabelFrame.php
OK	/htdocs/application/third_party/omnipay/vendor/google/apiclient-services/src/CloudVideoIntelligence/GoogleCloudVideointelligenceV1beta2TextFrame.php
OK	/htdocs/application/third_party/omnipay/vendor/google/apiclient-services/src/CloudVideoIntelligence/GoogleCloudVideointelligenceV1ExplicitContentDetectionConfig.php
OK	/htdocs/application/third_party/omnipay/vendor/google/apiclient-services/src/CloudVideoIntelligence/GoogleCloudVideointelligenceV1NormalizedBoundingBox.php
OK	/htdocs/application/third_party/omnipay/vendor/google/apiclient-services/src/CloudVideoIntelligence/GoogleCloudVideointelligenceV1p1beta1ExplicitContentFrame.php
OK	/htdocs/application/third_party/omnipay/vendor/google/apiclient-services/src/CloudVideoIntelligence/GoogleCloudVideointelligenceV1p1beta1ObjectTrackingAnnotation.php
OK	/htdocs/application/third_party/omnipay/vendor/google/apiclient-services/src/CloudVideoIntelligence/GoogleCloudVideointelligenceV1p1beta1VideoSegment.php
OK	/htdocs/application/third_party/omnipay/vendor/google/apiclient-services/src/CloudVideoIntelligence/GoogleCloudVideointelligenceV1p2beta1FaceSegment.php
OK	/htdocs/application/third_party/omnipay/vendor/google/apiclient-services/src/CloudVideoIntelligence/GoogleCloudVideointelligenceV1p2beta1SpeechTranscription.php
OK	/htdocs/application/third_party/omnipay/vendor/google/apiclient-services/src/CloudVideoIntelligence/GoogleCloudVideointelligenceV1p3beta1Celebrity.php
OK	/htdocs/application/third_party/omnipay/vendor/google/apiclient-services/src/CloudVideoIntelligence/GoogleCloudVideointelligenceV1p3beta1LabelAnnotation.php
OK	/htdocs/application/third_party/omnipay/vendor/google/apiclient-services/src/CloudVideoIntelligence/GoogleCloudVideointelligenceV1p3beta1SpeechTranscription.php
OK	/htdocs/application/third_party/omnipay/vendor/google/apiclient-services/src/CloudVideoIntelligence/GoogleCloudVideointelligenceV1PersonDetectionAnnotation.php
OK	/htdocs/application/third_party/omnipay/vendor/google/apiclient-services/src/CloudVideoIntelligence/GoogleCloudVideointelligenceV1Track.php
OK	/htdocs/application/third_party/omnipay/vendor/google/apiclient-services/src/CloudVideoIntelligence/Resource/OperationsProjects.php
OK	/htdocs/application/third_party/omnipay/vendor/google/apiclient-services/src/CloudWorkstations/CancelOperationRequest.php
OK	/htdocs/application/third_party/omnipay/vendor/google/apiclient-services/src/CloudWorkstations/GenerateAccessTokenRequest.php
OK	/htdocs/application/third_party/omnipay/vendor/google/apiclient-services/src/CloudWorkstations/Operation.php
OK	/htdocs/application/third_party/omnipay/vendor/google/apiclient-services/src/CloudWorkstations/TestIamPermissionsRequest.php
OK	/htdocs/application/third_party/omnipay/vendor/google/apiclient-services/src/Compute/AcceleratorConfig.php
OK	/htdocs/application/third_party/omnipay/vendor/google/apiclient-services/src/Compute/Address.php
OK	/htdocs/application/third_party/omnipay/vendor/google/apiclient-services/src/Compute/AllocationAggregateReservation.php
OK	/htdocs/application/third_party/omnipay/vendor/google/apiclient-services/src/Compute/AuthorizationLoggingOptions.php
OK	/htdocs/application/third_party/omnipay/vendor/google/apiclient-services/src/Compute/AutoscalingPolicy.php
OK	/htdocs/application/third_party/omnipay/vendor/google/apiclient-services/src/Compute/BackendBucketCdnPolicyNegativeCachingPolicy.php
OK	/htdocs/application/third_party/omnipay/vendor/google/apiclient-services/src/Compute/BackendServiceConnectionTrackingPolicy.php
OK	/htdocs/application/third_party/omnipay/vendor/google/apiclient-services/src/Compute/BackendServiceLocalityLoadBalancingPolicyConfigCustomPolicy.php
OK	/htdocs/application/third_party/omnipay/vendor/google/apiclient-services/src/Compute/BgpRouteAsPath.php
OK	/htdocs/application/third_party/omnipay/vendor/google/apiclient-services/src/Compute/CommitmentAggregatedListWarning.php
OK	/htdocs/application/third_party/omnipay/vendor/google/apiclient-services/src/Compute/ConsistentHashLoadBalancerSettings.php
OK	/htdocs/application/third_party/omnipay/vendor/google/apiclient-services/src/Compute/DiskAsyncReplication.php
OK	/htdocs/application/third_party/omnipay/vendor/google/apiclient-services/src/Compute/DisksResizeRequest.php
OK	/htdocs/application/third_party/omnipay/vendor/google/apiclient-services/src/Compute/DiskTypeListWarningData.php
OK	/htdocs/application/third_party/omnipay/vendor/google/apiclient-services/src/Compute/ExchangedPeeringRoutesListWarningData.php
OK	/htdocs/application/third_party/omnipay/vendor/google/apiclient-services/src/Compute/FirewallListWarning.php
OK	/htdocs/application/third_party/omnipay/vendor/google/apiclient-services/src/Compute/FirewallPolicyRule.php
OK	/htdocs/application/third_party/omnipay/vendor/google/apiclient-services/src/Compute/ForwardingRuleReference.php
OK	/htdocs/application/third_party/omnipay/vendor/google/apiclient-services/src/Compute/FutureReservationSpecificSKUProperties.php
OK	/htdocs/application/third_party/omnipay/vendor/google/apiclient-services/src/Compute/GlobalNetworkEndpointGroupsDetachEndpointsRequest.php
OK	/htdocs/application/third_party/omnipay/vendor/google/apiclient-services/src/Compute/HealthCheckListWarningData.php
OK	/htdocs/application/third_party/omnipay/vendor/google/apiclient-services/src/Compute/HealthChecksScopedListWarning.php
OK	/htdocs/application/third_party/omnipay/vendor/google/apiclient-services/src/Compute/HttpHeaderMatch.php
OK	/htdocs/application/third_party/omnipay/vendor/google/apiclient-services/src/Compute/HttpsHealthCheck.php
OK	/htdocs/application/third_party/omnipay/vendor/google/apiclient-services/src/Compute/InstanceAggregatedList.php
OK	/htdocs/application/third_party/omnipay/vendor/google/apiclient-services/src/Compute/InstanceGroupManager.php
OK	/htdocs/application/third_party/omnipay/vendor/google/apiclient-services/src/Compute/InstanceGroupManagerListWarningData.php
OK	/htdocs/application/third_party/omnipay/vendor/google/apiclient-services/src/Compute/InstanceGroupManagerResizeRequestStatusLastAttemptErrorErrorsErrorDetails.php
OK	/htdocs/application/third_party/omnipay/vendor/google/apiclient-services/src/Compute/InstanceGroupManagersRecreateInstancesRequest.php
OK	/htdocs/application/third_party/omnipay/vendor/google/apiclient-services/src/Compute/InstanceGroupManagerStatusAllInstancesConfig.php
OK	/htdocs/application/third_party/omnipay/vendor/google/apiclient-services/src/Compute/InstanceGroupsRemoveInstancesRequest.php
OK	/htdocs/application/third_party/omnipay/vendor/google/apiclient-services/src/Compute/InstanceManagedByIgmErrorInstanceActionDetails.php
OK	/htdocs/application/third_party/omnipay/vendor/google/apiclient-services/src/Compute/InstancesGetEffectiveFirewallsResponseEffectiveFirewallPolicy.php
OK	/htdocs/application/third_party/omnipay/vendor/google/apiclient-services/src/Compute/InstancesStartWithEncryptionKeyRequest.php
OK	/htdocs/application/third_party/omnipay/vendor/google/apiclient-services/src/Compute/InstantSnapshot.php
OK	/htdocs/application/third_party/omnipay/vendor/google/apiclient-services/src/Compute/Interconnect.php
OK	/htdocs/application/third_party/omnipay/vendor/google/apiclient-services/src/Compute/InterconnectAttachmentsScopedList.php
OK	/htdocs/application/third_party/omnipay/vendor/google/apiclient-services/src/Compute/InterconnectListWarningData.php
OK	/htdocs/application/third_party/omnipay/vendor/google/apiclient-services/src/Compute/InterconnectRemoteLocationConstraints.php
OK	/htdocs/application/third_party/omnipay/vendor/google/apiclient-services/src/Compute/LicenseResourceRequirements.php
OK	/htdocs/application/third_party/omnipay/vendor/google/apiclient-services/src/Compute/LogConfigCounterOptionsCustomField.php
OK	/htdocs/application/third_party/omnipay/vendor/google/apiclient-services/src/Compute/MachineTypeListWarning.php
OK	/htdocs/application/third_party/omnipay/vendor/google/apiclient-services/src/Compute/ManagedInstancePropertiesFromFlexibilityPolicy.php
OK	/htdocs/application/third_party/omnipay/vendor/google/apiclient-services/src/Compute/NetworkAttachmentAggregatedList.php
OK	/htdocs/application/third_party/omnipay/vendor/google/apiclient-services/src/Compute/NetworkEdgeSecurityServiceAggregatedListWarning.php
OK	/htdocs/application/third_party/omnipay/vendor/google/apiclient-services/src/Compute/NetworkEndpointGroupCloudRun.php
OK	/htdocs/application/third_party/omnipay/vendor/google/apiclient-services/src/Compute/NetworkEndpointGroupsScopedListWarning.php
OK	/htdocs/application/third_party/omnipay/vendor/google/apiclient-services/src/Compute/NetworkProfile.php
OK	/htdocs/application/third_party/omnipay/vendor/google/apiclient-services/src/Compute/NodeGroup.php
OK	/htdocs/application/third_party/omnipay/vendor/google/apiclient-services/src/Compute/NodeGroupsListNodes.php
OK	/htdocs/application/third_party/omnipay/vendor/google/apiclient-services/src/Compute/NodeTemplateAggregatedListWarningData.php
OK	/htdocs/application/third_party/omnipay/vendor/google/apiclient-services/src/Compute/NodeTypeList.php
OK	/htdocs/application/third_party/omnipay/vendor/google/apiclient-services/src/Compute/OperationAggregatedList.php
OK	/htdocs/application/third_party/omnipay/vendor/google/apiclient-services/src/Compute/OperationWarnings.php
OK	/htdocs/application/third_party/omnipay/vendor/google/apiclient-services/src/Compute/PacketMirroringListWarningData.php
OK	/htdocs/application/third_party/omnipay/vendor/google/apiclient-services/src/Compute/PreconfiguredWafSet.php
OK	/htdocs/application/third_party/omnipay/vendor/google/apiclient-services/src/Compute/PublicAdvertisedPrefix.php
OK	/htdocs/application/third_party/omnipay/vendor/google/apiclient-services/src/Compute/PublicDelegatedPrefixList.php
OK	/htdocs/application/third_party/omnipay/vendor/google/apiclient-services/src/Compute/RegionDisksAddResourcePoliciesRequest.php
OK	/htdocs/application/third_party/omnipay/vendor/google/apiclient-services/src/Compute/RegionInstanceGroupManagerListWarning.php
OK	/htdocs/application/third_party/omnipay/vendor/google/apiclient-services/src/Compute/RegionInstanceGroupManagersRecreateRequest.php
OK	/htdocs/application/third_party/omnipay/vendor/google/apiclient-services/src/Compute/RegionInstanceGroupsSetNamedPortsRequest.php
OK	/htdocs/application/third_party/omnipay/vendor/google/apiclient-services/src/Compute/RegionTargetHttpsProxiesSetSslCertificatesRequest.php
OK	/htdocs/application/third_party/omnipay/vendor/google/apiclient-services/src/Compute/ReservationsScopedList.php
OK	/htdocs/application/third_party/omnipay/vendor/google/apiclient-services/src/Compute/ResourcePolicyDailyCycle.php
OK	/htdocs/application/third_party/omnipay/vendor/google/apiclient-services/src/Compute/ResourcePolicySnapshotSchedulePolicyRetentionPolicy.php
OK	/htdocs/application/third_party/omnipay/vendor/google/apiclient-services/src/Compute/RoutePolicy.php
OK	/htdocs/application/third_party/omnipay/vendor/google/apiclient-services/src/Compute/RouterList.php
OK	/htdocs/application/third_party/omnipay/vendor/google/apiclient-services/src/Compute/RoutersListBgpRoutesWarningData.php
OK	/htdocs/application/third_party/omnipay/vendor/google/apiclient-services/src/Compute/RouterStatusResponse.php
OK	/htdocs/application/third_party/omnipay/vendor/google/apiclient-services/src/Compute/SecurityPoliciesAggregatedListWarning.php
OK	/htdocs/application/third_party/omnipay/vendor/google/apiclient-services/src/Compute/SecurityPolicyAdvancedOptionsConfig.php
OK	/htdocs/application/third_party/omnipay/vendor/google/apiclient-services/src/Compute/SecurityPolicyRuleMatcherConfig.php
OK	/htdocs/application/third_party/omnipay/vendor/google/apiclient-services/src/Compute/SecurityPolicyUserDefinedField.php
OK	/htdocs/application/third_party/omnipay/vendor/google/apiclient-services/src/Compute/ServiceAttachmentListWarning.php
OK	/htdocs/application/third_party/omnipay/vendor/google/apiclient-services/src/Compute/ShieldedInstanceIntegrityPolicy.php
OK	/htdocs/application/third_party/omnipay/vendor/google/apiclient-services/src/Compute/SslCertificate.php
OK	/htdocs/application/third_party/omnipay/vendor/google/apiclient-services/src/Compute/SSLHealthCheck.php
OK	/htdocs/application/third_party/omnipay/vendor/google/apiclient-services/src/Compute/SslPolicyReference.php
OK	/htdocs/application/third_party/omnipay/vendor/google/apiclient-services/src/Compute/StoragePoolDisk.php
OK	/htdocs/application/third_party/omnipay/vendor/google/apiclient-services/src/Compute/StoragePoolTypeAggregatedList.php
OK	/htdocs/application/third_party/omnipay/vendor/google/apiclient-services/src/Compute/SubnetworkAggregatedListWarningData.php
OK	/htdocs/application/third_party/omnipay/vendor/google/apiclient-services/src/Compute/Tags.php
OK	/htdocs/application/third_party/omnipay/vendor/google/apiclient-services/src/Compute/TargetHttpProxyListWarningData.php
OK	/htdocs/application/third_party/omnipay/vendor/google/apiclient-services/src/Compute/TargetHttpsProxyListWarning.php
OK	/htdocs/application/third_party/omnipay/vendor/google/apiclient-services/src/Compute/TargetPool.php
OK	/htdocs/application/third_party/omnipay/vendor/google/apiclient-services/src/Compute/TargetPoolsScopedList.php
OK	/htdocs/application/third_party/omnipay/vendor/google/apiclient-services/src/Compute/TargetTcpProxiesScopedList.php
OK	/htdocs/application/third_party/omnipay/vendor/google/apiclient-services/src/Compute/TargetVpnGateway.php
OK	/htdocs/application/third_party/omnipay/vendor/google/apiclient-services/src/Compute/TestPermissionsRequest.php
OK	/htdocs/application/third_party/omnipay/vendor/google/apiclient-services/src/Compute/UrlMapsScopedList.php
OK	/htdocs/application/third_party/omnipay/vendor/google/apiclient-services/src/Compute/UsableSubnetworksAggregatedListWarningData.php
OK	/htdocs/application/third_party/omnipay/vendor/google/apiclient-services/src/Compute/VpnGatewayAggregatedListWarningData.php
OK	/htdocs/application/third_party/omnipay/vendor/google/apiclient-services/src/Compute/VpnGatewayVpnGatewayInterface.php
OK	/htdocs/application/third_party/omnipay/vendor/google/apiclient-services/src/Compute/WafExpressionSetExpression.php
OK	/htdocs/application/third_party/omnipay/vendor/google/apiclient-services/src/Compute/Resource/AcceleratorTypes.php
OK	/htdocs/application/third_party/omnipay/vendor/google/apiclient-services/src/Compute/Resource/GlobalAddresses.php
OK	/htdocs/application/third_party/omnipay/vendor/google/apiclient-services/src/Compute/Resource/InstanceGroupManagers.php
OK	/htdocs/application/third_party/omnipay/vendor/google/apiclient-services/src/Compute/Resource/MachineImages.php
OK	/htdocs/application/third_party/omnipay/vendor/google/apiclient-services/src/Compute/Resource/Projects.php
OK	/htdocs/application/third_party/omnipay/vendor/google/apiclient-services/src/Compute/Resource/RegionInstances.php
OK	/htdocs/application/third_party/omnipay/vendor/google/apiclient-services/src/Compute/Resource/RegionTargetHttpsProxies.php
OK	/htdocs/application/third_party/omnipay/vendor/google/apiclient-services/src/Compute/Resource/SslCertificates.php
OK	/htdocs/application/third_party/omnipay/vendor/google/apiclient-services/src/Compute/Resource/TargetVpnGateways.php
OK	/htdocs/application/third_party/omnipay/vendor/google/apiclient-services/src/Config/ConfigResource.php
OK	/htdocs/application/third_party/omnipay/vendor/google/apiclient-services/src/Config/ListLocationsResponse.php
OK	/htdocs/application/third_party/omnipay/vendor/google/apiclient-services/src/Config/Preview.php
OK	/htdocs/application/third_party/omnipay/vendor/google/apiclient-services/src/Config/TerraformOutput.php
OK	/htdocs/application/third_party/omnipay/vendor/google/apiclient-services/src/Config/Resource/ProjectsLocationsPreviews.php
OK	/htdocs/application/third_party/omnipay/vendor/google/apiclient-services/src/Connectors/CancelOperationRequest.php
OK	/htdocs/application/third_party/omnipay/vendor/google/apiclient-services/src/Connectors/DailyCycle.php
OK	/htdocs/application/third_party/omnipay/vendor/google/apiclient-services/src/Connectors/ExecuteSqlQueryRequest.php
OK	/htdocs/application/third_party/omnipay/vendor/google/apiclient-services/src/Connectors/ListConnectorsResponse.php
OK	/htdocs/application/third_party/omnipay/vendor/google/apiclient-services/src/Connectors/MaintenancePolicy.php
OK	/htdocs/application/third_party/omnipay/vendor/google/apiclient-services/src/Connectors/Principal.php
OK	/htdocs/application/third_party/omnipay/vendor/google/apiclient-services/src/Connectors/RuntimeConfig.php
OK	/htdocs/application/third_party/omnipay/vendor/google/apiclient-services/src/Connectors/TestIamPermissionsResponse.php
OK	/htdocs/application/third_party/omnipay/vendor/google/apiclient-services/src/Connectors/Resource/ProjectsLocationsConnectionsEntityTypesEntitieswithacls.php
OK	/htdocs/application/third_party/omnipay/vendor/google/apiclient-services/src/Contactcenterinsights/GoogleCloudContactcenterinsightsV1AgentCoachingSuggestionAgentCoachingSuggestionEval.php
OK	/htdocs/application/third_party/omnipay/vendor/google/apiclient-services/src/Contactcenterinsights/GoogleCloudContactcenterinsightsV1alpha1AnnotationBoundary.php
OK	/htdocs/application/third_party/omnipay/vendor/google/apiclient-services/src/Contactcenterinsights/GoogleCloudContactcenterinsightsV1alpha1BulkDeleteConversationsResponse.php
OK	/htdocs/application/third_party/omnipay/vendor/google/apiclient-services/src/Contactcenterinsights/GoogleCloudContactcenterinsightsV1alpha1ConversationTranscriptTranscriptSegment.php
OK	/htdocs/application/third_party/omnipay/vendor/google/apiclient-services/src/Contactcenterinsights/GoogleCloudContactcenterinsightsV1alpha1DeployIssueModelResponse.php
OK	/htdocs/application/third_party/omnipay/vendor/google/apiclient-services/src/Contactcenterinsights/GoogleCloudContactcenterinsightsV1alpha1ExportInsightsDataMetadata.php
OK	/htdocs/application/third_party/omnipay/vendor/google/apiclient-services/src/Contactcenterinsights/GoogleCloudContactcenterinsightsV1alpha1GeneratorSuggestion.php
OK	/htdocs/application/third_party/omnipay/vendor/google/apiclient-services/src/Contactcenterinsights/GoogleCloudContactcenterinsightsV1alpha1ImportIssueModelRequestGcsSource.php
OK	/htdocs/application/third_party/omnipay/vendor/google/apiclient-services/src/Contactcenterinsights/GoogleCloudContactcenterinsightsV1alpha1Intent.php
OK	/htdocs/application/third_party/omnipay/vendor/google/apiclient-services/src/Contactcenterinsights/GoogleCloudContactcenterinsightsV1alpha1ListFeedbackLabelsResponse.php
OK	/htdocs/application/third_party/omnipay/vendor/google/apiclient-services/src/Contactcenterinsights/GoogleCloudContactcenterinsightsV1alpha1QueryMetricsResponseSliceDataPointConversationMeasure.php
OK	/htdocs/application/third_party/omnipay/vendor/google/apiclient-services/src/Contactcenterinsights/GoogleCloudContactcenterinsightsV1alpha1SpeechConfig.php
OK	/htdocs/application/third_party/omnipay/vendor/google/apiclient-services/src/Contactcenterinsights/GoogleCloudContactcenterinsightsV1AnnotationBoundary.php
OK	/htdocs/application/third_party/omnipay/vendor/google/apiclient-services/src/Contactcenterinsights/GoogleCloudContactcenterinsightsV1BulkDeleteConversationsResponse.php
OK	/htdocs/application/third_party/omnipay/vendor/google/apiclient-services/src/Contactcenterinsights/GoogleCloudContactcenterinsightsV1CallAnnotation.php
OK	/htdocs/application/third_party/omnipay/vendor/google/apiclient-services/src/Contactcenterinsights/GoogleCloudContactcenterinsightsV1ConversationTranscriptTranscriptSegmentDialogflowSegmentMetadata.php
OK	/htdocs/application/third_party/omnipay/vendor/google/apiclient-services/src/Contactcenterinsights/GoogleCloudContactcenterinsightsV1DeployQaScorecardRevisionRequest.php
OK	/htdocs/application/third_party/omnipay/vendor/google/apiclient-services/src/Contactcenterinsights/GoogleCloudContactcenterinsightsV1ExactMatchConfig.php
OK	/htdocs/application/third_party/omnipay/vendor/google/apiclient-services/src/Contactcenterinsights/GoogleCloudContactcenterinsightsV1GcsSource.php
OK	/htdocs/application/third_party/omnipay/vendor/google/apiclient-services/src/Contactcenterinsights/GoogleCloudContactcenterinsightsV1ImportIssueModelRequest.php
OK	/htdocs/application/third_party/omnipay/vendor/google/apiclient-services/src/Contactcenterinsights/GoogleCloudContactcenterinsightsV1InitializeEncryptionSpecResponse.php
OK	/htdocs/application/third_party/omnipay/vendor/google/apiclient-services/src/Contactcenterinsights/GoogleCloudContactcenterinsightsV1ListAllFeedbackLabelsResponse.php
OK	/htdocs/application/third_party/omnipay/vendor/google/apiclient-services/src/Contactcenterinsights/GoogleCloudContactcenterinsightsV1ListViewsResponse.php
OK	/htdocs/application/third_party/omnipay/vendor/google/apiclient-services/src/Contactcenterinsights/GoogleCloudContactcenterinsightsV1QaQuestionTag.php
OK	/htdocs/application/third_party/omnipay/vendor/google/apiclient-services/src/Contactcenterinsights/GoogleCloudContactcenterinsightsV1QueryMetricsResponseSliceDataPointConversationMeasure.php
OK	/htdocs/application/third_party/omnipay/vendor/google/apiclient-services/src/Contactcenterinsights/GoogleCloudContactcenterinsightsV1SmartComposeSuggestionData.php
OK	/htdocs/application/third_party/omnipay/vendor/google/apiclient-services/src/Contactcenterinsights/GoogleCloudContactcenterinsightsV1View.php
OK	/htdocs/application/third_party/omnipay/vendor/google/apiclient-services/src/Contactcenterinsights/GoogleTypeExpr.php
OK	/htdocs/application/third_party/omnipay/vendor/google/apiclient-services/src/Contactcenterinsights/Resource/ProjectsLocationsAuthorizedViewSetsAuthorizedViewsConversations.php
OK	/htdocs/application/third_party/omnipay/vendor/google/apiclient-services/src/Contactcenterinsights/Resource/ProjectsLocationsQaQuestionTags.php
OK	/htdocs/application/third_party/omnipay/vendor/google/apiclient-services/src/Container/AuthenticatorGroupsConfig.php
OK	/htdocs/application/third_party/omnipay/vendor/google/apiclient-services/src/Container/CertificateAuthorityDomainConfig.php
OK	/htdocs/application/third_party/omnipay/vendor/google/apiclient-services/src/Container/ComplianceStandard.php
OK	/htdocs/application/third_party/omnipay/vendor/google/apiclient-services/src/Container/DefaultSnatStatus.php
OK	/htdocs/application/third_party/omnipay/vendor/google/apiclient-services/src/Container/GcfsConfig.php
OK	/htdocs/application/third_party/omnipay/vendor/google/apiclient-services/src/Container/HugepagesConfig.php
OK	/htdocs/application/third_party/omnipay/vendor/google/apiclient-services/src/Container/ListNodePoolsResponse.php
OK	/htdocs/application/third_party/omnipay/vendor/google/apiclient-services/src/Container/MasterAuthorizedNetworksConfig.php
OK	/htdocs/application/third_party/omnipay/vendor/google/apiclient-services/src/Container/NodeConfig.php
OK	/htdocs/application/third_party/omnipay/vendor/google/apiclient-services/src/Container/NodeTaints.php
OK	/htdocs/application/third_party/omnipay/vendor/google/apiclient-services/src/Container/PubSub.php
OK	/htdocs/application/third_party/omnipay/vendor/google/apiclient-services/src/Container/ResourceLimit.php
OK	/htdocs/application/third_party/omnipay/vendor/google/apiclient-services/src/Container/SetAddonsConfigRequest.php
OK	/htdocs/application/third_party/omnipay/vendor/google/apiclient-services/src/Container/ShieldedInstanceConfig.php
OK	/htdocs/application/third_party/omnipay/vendor/google/apiclient-services/src/Container/UpdateNodePoolRequest.php
OK	/htdocs/application/third_party/omnipay/vendor/google/apiclient-services/src/Container/WorkloadMetadataConfig.php
OK	/htdocs/application/third_party/omnipay/vendor/google/apiclient-services/src/Container/Resource/ProjectsZonesClustersNodePools.php
OK	/htdocs/application/third_party/omnipay/vendor/google/apiclient-services/src/ContainerAnalysis/Basis.php
OK	/htdocs/application/third_party/omnipay/vendor/google/apiclient-services/src/ContainerAnalysis/BuildProvenance.php
OK	/htdocs/application/third_party/omnipay/vendor/google/apiclient-services/src/ContainerAnalysis/ComplianceOccurrence.php
OK	/htdocs/application/third_party/omnipay/vendor/google/apiclient-services/src/ContainerAnalysis/ContaineranalysisGoogleDevtoolsCloudbuildV1BuildApproval.php
OK	/htdocs/application/third_party/omnipay/vendor/google/apiclient-services/src/ContainerAnalysis/ContaineranalysisGoogleDevtoolsCloudbuildV1DeveloperConnectConfig.php
OK	/htdocs/application/third_party/omnipay/vendor/google/apiclient-services/src/ContainerAnalysis/ContaineranalysisGoogleDevtoolsCloudbuildV1Secrets.php
OK	/htdocs/application/third_party/omnipay/vendor/google/apiclient-services/src/ContainerAnalysis/CVSS.php
OK	/htdocs/application/third_party/omnipay/vendor/google/apiclient-services/src/ContainerAnalysis/DiscoveryNote.php
OK	/htdocs/application/third_party/omnipay/vendor/google/apiclient-services/src/ContainerAnalysis/ExportSBOMResponse.php
OK	/htdocs/application/third_party/omnipay/vendor/google/apiclient-services/src/ContainerAnalysis/GetPolicyOptions.php
OK	/htdocs/application/third_party/omnipay/vendor/google/apiclient-services/src/ContainerAnalysis/GrafeasV1FileLocation.php
OK	/htdocs/application/third_party/omnipay/vendor/google/apiclient-services/src/ContainerAnalysis/Installation.php
OK	/htdocs/application/third_party/omnipay/vendor/google/apiclient-services/src/ContainerAnalysis/ListNoteOccurrencesResponse.php
OK	/htdocs/application/third_party/omnipay/vendor/google/apiclient-services/src/ContainerAnalysis/Package.php
OK	/htdocs/application/third_party/omnipay/vendor/google/apiclient-services/src/ContainerAnalysis/RelatedUrl.php
OK	/htdocs/application/third_party/omnipay/vendor/google/apiclient-services/src/ContainerAnalysis/ScanConfig.php
OK	/htdocs/application/third_party/omnipay/vendor/google/apiclient-services/src/ContainerAnalysis/SourceContext.php
OK	/htdocs/application/third_party/omnipay/vendor/google/apiclient-services/src/ContainerAnalysis/Vulnerability.php
OK	/htdocs/application/third_party/omnipay/vendor/google/apiclient-services/src/ContainerAnalysis/Resource/ProjectsLocationsNotes.php
OK	/htdocs/application/third_party/omnipay/vendor/google/apiclient-services/src/Contentwarehouse/CloudAiPlatformTenantresourceInfraSpannerConfig.php
OK	/htdocs/application/third_party/omnipay/vendor/google/apiclient-services/src/Contentwarehouse/GoogleCloudContentwarehouseV1ActionOutput.php
OK	/htdocs/application/third_party/omnipay/vendor/google/apiclient-services/src/Contentwarehouse/GoogleCloudContentwarehouseV1DataValidationAction.php
OK	/htdocs/application/third_party/omnipay/vendor/google/apiclient-services/src/Contentwarehouse/GoogleCloudContentwarehouseV1EnumTypeOptions.php
OK	/htdocs/application/third_party/omnipay/vendor/google/apiclient-services/src/Contentwarehouse/GoogleCloudContentwarehouseV1HistogramQueryPropertyNameFilter.php
OK	/htdocs/application/third_party/omnipay/vendor/google/apiclient-services/src/Contentwarehouse/GoogleCloudContentwarehouseV1ListLinkedTargetsResponse.php
OK	/htdocs/application/third_party/omnipay/vendor/google/apiclient-services/src/Contentwarehouse/GoogleCloudContentwarehouseV1PropertyDefinition.php
OK	/htdocs/application/third_party/omnipay/vendor/google/apiclient-services/src/Contentwarehouse/GoogleCloudContentwarehouseV1RuleEngineOutput.php
OK	/htdocs/application/third_party/omnipay/vendor/google/apiclient-services/src/Contentwarehouse/GoogleCloudContentwarehouseV1SetAclRequest.php
OK	/htdocs/application/third_party/omnipay/vendor/google/apiclient-services/src/Contentwarehouse/GoogleCloudContentwarehouseV1UpdateDocumentResponse.php
OK	/htdocs/application/third_party/omnipay/vendor/google/apiclient-services/src/Contentwarehouse/GoogleCloudDocumentaiV1DocumentChunkedDocumentChunkChunkPageFooter.php
OK	/htdocs/application/third_party/omnipay/vendor/google/apiclient-services/src/Contentwarehouse/GoogleCloudDocumentaiV1DocumentEntity.php
OK	/htdocs/application/third_party/omnipay/vendor/google/apiclient-services/src/Contentwarehouse/GoogleCloudDocumentaiV1DocumentPageImageQualityScores.php
OK	/htdocs/application/third_party/omnipay/vendor/google/apiclient-services/src/Contentwarehouse/GoogleCloudDocumentaiV1DocumentPageTokenStyleInfo.php
OK	/htdocs/application/third_party/omnipay/vendor/google/apiclient-services/src/Contentwarehouse/GoogleCloudDocumentaiV1NormalizedVertex.php
OK	/htdocs/application/third_party/omnipay/vendor/google/apiclient-services/src/Contentwarehouse/GoogleTypeExpr.php
OK	/htdocs/application/third_party/omnipay/vendor/google/apiclient-services/src/Contentwarehouse/Resource/ProjectsLocationsRuleSets.php
OK	/htdocs/application/third_party/omnipay/vendor/google/apiclient-services/src/Css/HeadlineOfferInstallment.php
OK	/htdocs/application/third_party/omnipay/vendor/google/apiclient-services/src/Css/Resource/AccountsCssProductInputs.php
OK	/htdocs/application/third_party/omnipay/vendor/google/apiclient-services/src/CustomSearchAPI/SearchQueriesPreviousPage.php
OK	/htdocs/application/third_party/omnipay/vendor/google/apiclient-services/src/DatabaseMigrationService/AssignSpecificValue.php
OK	/htdocs/application/third_party/omnipay/vendor/google/apiclient-services/src/DatabaseMigrationService/ConditionalColumnSetValue.php
OK	/htdocs/application/third_party/omnipay/vendor/google/apiclient-services/src/DatabaseMigrationService/DataCacheConfig.php
OK	/htdocs/application/third_party/omnipay/vendor/google/apiclient-services/src/DatabaseMigrationService/EntityMappingLogEntry.php
OK	/htdocs/application/third_party/omnipay/vendor/google/apiclient-services/src/DatabaseMigrationService/IndexEntity.php
OK	/htdocs/application/third_party/omnipay/vendor/google/apiclient-services/src/DatabaseMigrationService/LogFileDirectories.php
OK	/htdocs/application/third_party/omnipay/vendor/google/apiclient-services/src/DatabaseMigrationService/MultiEntityRename.php
OK	/htdocs/application/third_party/omnipay/vendor/google/apiclient-services/src/DatabaseMigrationService/PostgresDestinationConfig.php
OK	/htdocs/application/third_party/omnipay/vendor/google/apiclient-services/src/DatabaseMigrationService/RulesFile.php
OK	/htdocs/application/third_party/omnipay/vendor/google/apiclient-services/src/DatabaseMigrationService/SourceObjectConfig.php
OK	/htdocs/application/third_party/omnipay/vendor/google/apiclient-services/src/DatabaseMigrationService/SshScript.php
OK	/htdocs/application/third_party/omnipay/vendor/google/apiclient-services/src/DatabaseMigrationService/TestIamPermissionsResponse.php
OK	/htdocs/application/third_party/omnipay/vendor/google/apiclient-services/src/DatabaseMigrationService/Resource/Projects.php
OK	/htdocs/application/third_party/omnipay/vendor/google/apiclient-services/src/DataCatalog/GetIamPolicyRequest.php
OK	/htdocs/application/third_party/omnipay/vendor/google/apiclient-services/src/DataCatalog/GoogleCloudDatacatalogV1beta1GcsFileSpec.php
OK	/htdocs/application/third_party/omnipay/vendor/google/apiclient-services/src/DataCatalog/GoogleCloudDatacatalogV1beta1Schema.php
OK	/htdocs/application/third_party/omnipay/vendor/google/apiclient-services/src/DataCatalog/GoogleCloudDatacatalogV1beta1TagTemplate.php
OK	/htdocs/application/third_party/omnipay/vendor/google/apiclient-services/src/DataCatalog/GoogleCloudDatacatalogV1CloudBigtableInstanceSpecCloudBigtableClusterSpec.php
OK	/htdocs/application/third_party/omnipay/vendor/google/apiclient-services/src/DataCatalog/GoogleCloudDatacatalogV1DataplexExternalTable.php
OK	/htdocs/application/third_party/omnipay/vendor/google/apiclient-services/src/DataCatalog/GoogleCloudDatacatalogV1FeatureOnlineStoreSpec.php
OK	/htdocs/application/third_party/omnipay/vendor/google/apiclient-services/src/DataCatalog/GoogleCloudDatacatalogV1InlineSource.php
OK	/htdocs/application/third_party/omnipay/vendor/google/apiclient-services/src/DataCatalog/GoogleCloudDatacatalogV1PersonalDetails.php
OK	/htdocs/application/third_party/omnipay/vendor/google/apiclient-services/src/DataCatalog/GoogleCloudDatacatalogV1RenameTagTemplateFieldEnumValueRequest.php
OK	/htdocs/application/third_party/omnipay/vendor/google/apiclient-services/src/DataCatalog/GoogleCloudDatacatalogV1ServiceSpec.php
OK	/htdocs/application/third_party/omnipay/vendor/google/apiclient-services/src/DataCatalog/GoogleCloudDatacatalogV1TagTemplate.php
OK	/htdocs/application/third_party/omnipay/vendor/google/apiclient-services/src/DataCatalog/ListOperationsResponse.php
OK	/htdocs/application/third_party/omnipay/vendor/google/apiclient-services/src/DataCatalog/Resource/ProjectsLocations.php
OK	/htdocs/application/third_party/omnipay/vendor/google/apiclient-services/src/Dataflow/ApproximateReportedProgress.php
OK	/htdocs/application/third_party/omnipay/vendor/google/apiclient-services/src/Dataflow/ComputationTopology.php
OK	/htdocs/application/third_party/omnipay/vendor/google/apiclient-services/src/Dataflow/DataflowHistogramValue.php
OK	/htdocs/application/third_party/omnipay/vendor/google/apiclient-services/src/Dataflow/ExecutionStageState.php
OK	/htdocs/application/third_party/omnipay/vendor/google/apiclient-services/src/Dataflow/GPUUtilization.php
OK	/htdocs/application/third_party/omnipay/vendor/google/apiclient-services/src/Dataflow/JobExecutionInfo.php
OK	/htdocs/application/third_party/omnipay/vendor/google/apiclient-services/src/Dataflow/LeaseWorkItemRequest.php
OK	/htdocs/application/third_party/omnipay/vendor/google/apiclient-services/src/Dataflow/MountedDataDisk.php
OK	/htdocs/application/third_party/omnipay/vendor/google/apiclient-services/src/Dataflow/PerWorkerMetrics.php
OK	/htdocs/application/third_party/omnipay/vendor/google/apiclient-services/src/Dataflow/ReportWorkItemStatusResponse.php
OK	/htdocs/application/third_party/omnipay/vendor/google/apiclient-services/src/Dataflow/SendWorkerMessagesRequest.php
OK	/htdocs/application/third_party/omnipay/vendor/google/apiclient-services/src/Dataflow/SourceGetMetadataRequest.php
OK	/htdocs/application/third_party/omnipay/vendor/google/apiclient-services/src/Dataflow/StageSource.php
OK	/htdocs/application/third_party/omnipay/vendor/google/apiclient-services/src/Dataflow/StreamingComputationTask.php
OK	/htdocs/application/third_party/omnipay/vendor/google/apiclient-services/src/Dataflow/TaskRunnerSettings.php
OK	/htdocs/application/third_party/omnipay/vendor/google/apiclient-services/src/Dataflow/WorkerPool.php
OK	/htdocs/application/third_party/omnipay/vendor/google/apiclient-services/src/Dataflow/Resource/ProjectsJobs.php
OK	/htdocs/application/third_party/omnipay/vendor/google/apiclient-services/src/Dataflow/Resource/ProjectsLocationsSnapshots.php
OK	/htdocs/application/third_party/omnipay/vendor/google/apiclient-services/src/Dataform/CommitLogEntry.php
OK	/htdocs/application/third_party/omnipay/vendor/google/apiclient-services/src/Dataform/DataPreparation.php
OK	/htdocs/application/third_party/omnipay/vendor/google/apiclient-services/src/Dataform/FileSearchResult.php
OK	/htdocs/application/third_party/omnipay/vendor/google/apiclient-services/src/Dataform/ListWorkflowInvocationsResponse.php
OK	/htdocs/application/third_party/omnipay/vendor/google/apiclient-services/src/Dataform/OperationMetadata.php
OK	/htdocs/application/third_party/omnipay/vendor/google/apiclient-services/src/Dataform/RelationDescriptor.php
OK	/htdocs/application/third_party/omnipay/vendor/google/apiclient-services/src/Dataform/Status.php
OK	/htdocs/application/third_party/omnipay/vendor/google/apiclient-services/src/Dataform/WriteFileResponse.php
OK	/htdocs/application/third_party/omnipay/vendor/google/apiclient-services/src/DataFusion/Accelerator.php
OK	/htdocs/application/third_party/omnipay/vendor/google/apiclient-services/src/DataFusion/DirectLocationAssignment.php
OK	/htdocs/application/third_party/omnipay/vendor/google/apiclient-services/src/DataFusion/Location.php
OK	/htdocs/application/third_party/omnipay/vendor/google/apiclient-services/src/DataFusion/PrivateServiceConnectConfig.php
OK	/htdocs/application/third_party/omnipay/vendor/google/apiclient-services/src/DataFusion/Version.php
OK	/htdocs/application/third_party/omnipay/vendor/google/apiclient-services/src/DataLabeling/GoogleCloudDatalabelingV1alpha1GcsFolderDestination.php
OK	/htdocs/application/third_party/omnipay/vendor/google/apiclient-services/src/DataLabeling/GoogleCloudDatalabelingV1alpha1LabelTextClassificationOperationMetadata.php
OK	/htdocs/application/third_party/omnipay/vendor/google/apiclient-services/src/DataLabeling/GoogleCloudDatalabelingV1beta1AnnotationSpecSet.php
OK	/htdocs/application/third_party/omnipay/vendor/google/apiclient-services/src/DataLabeling/GoogleCloudDatalabelingV1beta1ConfusionMatrixEntry.php
OK	/htdocs/application/third_party/omnipay/vendor/google/apiclient-services/src/DataLabeling/GoogleCloudDatalabelingV1beta1EvaluationJobAlertConfig.php
OK	/htdocs/application/third_party/omnipay/vendor/google/apiclient-services/src/DataLabeling/GoogleCloudDatalabelingV1beta1GcsDestination.php
OK	/htdocs/application/third_party/omnipay/vendor/google/apiclient-services/src/DataLabeling/GoogleCloudDatalabelingV1beta1ImportDataRequest.php
OK	/htdocs/application/third_party/omnipay/vendor/google/apiclient-services/src/DataLabeling/GoogleCloudDatalabelingV1beta1LabelTextClassificationOperationMetadata.php
OK	/htdocs/application/third_party/omnipay/vendor/google/apiclient-services/src/DataLabeling/GoogleCloudDatalabelingV1beta1ListEvaluationJobsResponse.php
OK	/htdocs/application/third_party/omnipay/vendor/google/apiclient-services/src/DataLabeling/GoogleCloudDatalabelingV1beta1OperatorFeedbackMetadata.php
OK	/htdocs/application/third_party/omnipay/vendor/google/apiclient-services/src/DataLabeling/GoogleCloudDatalabelingV1beta1SearchExampleComparisonsRequest.php
OK	/htdocs/application/third_party/omnipay/vendor/google/apiclient-services/src/DataLabeling/GoogleCloudDatalabelingV1beta1Vertex.php
OK	/htdocs/application/third_party/omnipay/vendor/google/apiclient-services/src/DataLabeling/GoogleCloudDatalabelingV1p1alpha1GenerateAnalysisReportOperationMetadata.php
OK	/htdocs/application/third_party/omnipay/vendor/google/apiclient-services/src/DataLabeling/GoogleCloudDatalabelingV1p1alpha1LabelTextClassificationOperationMetadata.php
OK	/htdocs/application/third_party/omnipay/vendor/google/apiclient-services/src/DataLabeling/GoogleCloudDatalabelingV1p2alpha1HumanAnnotationConfig.php
OK	/htdocs/application/third_party/omnipay/vendor/google/apiclient-services/src/DataLabeling/GoogleCloudDatalabelingV1p2alpha1LabelTextEntityExtractionOperationMetadata.php
OK	/htdocs/application/third_party/omnipay/vendor/google/apiclient-services/src/DataLabeling/Resource/ProjectsDatasets.php
OK	/htdocs/application/third_party/omnipay/vendor/google/apiclient-services/src/DataLabeling/Resource/ProjectsEvaluationJobs.php
OK	/htdocs/application/third_party/omnipay/vendor/google/apiclient-services/src/Datalineage/GoogleCloudDatacatalogLineageV1ListRunsResponse.php
OK	/htdocs/application/third_party/omnipay/vendor/google/apiclient-services/src/Datalineage/GoogleLongrunningOperation.php
OK	/htdocs/application/third_party/omnipay/vendor/google/apiclient-services/src/Datapipelines/GoogleCloudDatapipelinesV1ComputeSchemaRequest.php
OK	/htdocs/application/third_party/omnipay/vendor/google/apiclient-services/src/Datapipelines/GoogleCloudDatapipelinesV1LaunchFlexTemplateRequest.php
OK	/htdocs/application/third_party/omnipay/vendor/google/apiclient-services/src/Datapipelines/GoogleCloudDatapipelinesV1RawSchemaInfo.php
OK	/htdocs/application/third_party/omnipay/vendor/google/apiclient-services/src/Datapipelines/GoogleProtobufEmpty.php
OK	/htdocs/application/third_party/omnipay/vendor/google/apiclient-services/src/DataPortability/DataportabilityEmpty.php
OK	/htdocs/application/third_party/omnipay/vendor/google/apiclient-services/src/Dataproc/AccessSessionSparkApplicationJobResponse.php
OK	/htdocs/application/third_party/omnipay/vendor/google/apiclient-services/src/Dataproc/AccessSparkApplicationStageRddOperationGraphResponse.php
OK	/htdocs/application/third_party/omnipay/vendor/google/apiclient-services/src/Dataproc/AuxiliaryNodeGroup.php
OK	/htdocs/application/third_party/omnipay/vendor/google/apiclient-services/src/Dataproc/ClusterOperation.php
OK	/htdocs/application/third_party/omnipay/vendor/google/apiclient-services/src/Dataproc/DiskConfig.php
OK	/htdocs/application/third_party/omnipay/vendor/google/apiclient-services/src/Dataproc/Expr.php
OK	/htdocs/application/third_party/omnipay/vendor/google/apiclient-services/src/Dataproc/GkeNodePoolTarget.php
OK	/htdocs/application/third_party/omnipay/vendor/google/apiclient-services/src/Dataproc/InstanceGroupConfig.php
OK	/htdocs/application/third_party/omnipay/vendor/google/apiclient-services/src/Dataproc/JobsSummary.php
OK	/htdocs/application/third_party/omnipay/vendor/google/apiclient-services/src/Dataproc/ListSessionsResponse.php
OK	/htdocs/application/third_party/omnipay/vendor/google/apiclient-services/src/Dataproc/NodeGroup.php
OK	/htdocs/application/third_party/omnipay/vendor/google/apiclient-services/src/Dataproc/Policy.php
OK	/htdocs/application/third_party/omnipay/vendor/google/apiclient-services/src/Dataproc/RddOperationEdge.php
OK	/htdocs/application/third_party/omnipay/vendor/google/apiclient-services/src/Dataproc/ResourceProfileInfo.php
OK	/htdocs/application/third_party/omnipay/vendor/google/apiclient-services/src/Dataproc/SearchSparkApplicationExecutorStageSummaryResponse.php
OK	/htdocs/application/third_party/omnipay/vendor/google/apiclient-services/src/Dataproc/SetIamPolicyRequest.php
OK	/htdocs/application/third_party/omnipay/vendor/google/apiclient-services/src/Dataproc/SparkBatch.php
OK	/htdocs/application/third_party/omnipay/vendor/google/apiclient-services/src/Dataproc/SparkSqlBatch.php
OK	/htdocs/application/third_party/omnipay/vendor/google/apiclient-services/src/Dataproc/StageShufflePushReadMetrics.php
OK	/htdocs/application/third_party/omnipay/vendor/google/apiclient-services/src/Dataproc/StreamingQueryProgress.php
OK	/htdocs/application/third_party/omnipay/vendor/google/apiclient-services/src/Dataproc/TaskQuantileMetrics.php
OK	/htdocs/application/third_party/omnipay/vendor/google/apiclient-services/src/Dataproc/WorkflowMetadata.php
OK	/htdocs/application/third_party/omnipay/vendor/google/apiclient-services/src/Dataproc/Resource/ProjectsLocationsBatches.php
OK	/htdocs/application/third_party/omnipay/vendor/google/apiclient-services/src/Dataproc/Resource/ProjectsRegionsOperations.php
OK	/htdocs/application/third_party/omnipay/vendor/google/apiclient-services/src/DataprocMetastore/CancelMigrationRequest.php
OK	/htdocs/application/third_party/omnipay/vendor/google/apiclient-services/src/DataprocMetastore/ErrorDetails.php
OK	/htdocs/application/third_party/omnipay/vendor/google/apiclient-services/src/DataprocMetastore/GoogleCloudMetastoreV1alphaMultiRegionMetadata.php
OK	/htdocs/application/third_party/omnipay/vendor/google/apiclient-services/src/DataprocMetastore/GoogleCloudMetastoreV1betaMultiRegionMetadata.php
OK	/htdocs/application/third_party/omnipay/vendor/google/apiclient-services/src/DataprocMetastore/GoogleCloudMetastoreV2AlterTablePropertiesRequest.php
OK	/htdocs/application/third_party/omnipay/vendor/google/apiclient-services/src/DataprocMetastore/GoogleCloudMetastoreV2ListServicesResponse.php
OK	/htdocs/application/third_party/omnipay/vendor/google/apiclient-services/src/DataprocMetastore/KerberosConfig.php
OK	/htdocs/application/third_party/omnipay/vendor/google/apiclient-services/src/DataprocMetastore/LocationMetadata.php
OK	/htdocs/application/third_party/omnipay/vendor/google/apiclient-services/src/DataprocMetastore/Operation.php
OK	/htdocs/application/third_party/omnipay/vendor/google/apiclient-services/src/DataprocMetastore/Service.php
OK	/htdocs/application/third_party/omnipay/vendor/google/apiclient-services/src/DataprocMetastore/Resource/ProjectsLocationsServices.php
OK	/htdocs/application/third_party/omnipay/vendor/google/apiclient-services/src/Datastore/ArrayValue.php
OK	/htdocs/application/third_party/omnipay/vendor/google/apiclient-services/src/Datastore/ExecutionStats.php
OK	/htdocs/application/third_party/omnipay/vendor/google/apiclient-services/src/Datastore/GoogleDatastoreAdminV1DatastoreFirestoreMigrationMetadata.php
OK	/htdocs/application/third_party/omnipay/vendor/google/apiclient-services/src/Datastore/GoogleDatastoreAdminV1MigrationStateEvent.php
OK	/htdocs/application/third_party/omnipay/vendor/google/apiclient-services/src/Datastore/LookupResponse.php
OK	/htdocs/application/third_party/omnipay/vendor/google/apiclient-services/src/Datastore/Query.php
OK	/htdocs/application/third_party/omnipay/vendor/google/apiclient-services/src/Datastore/RunQueryRequest.php
OK	/htdocs/application/third_party/omnipay/vendor/google/apiclient-services/src/Datastream/BackfillJob.php
OK	/htdocs/application/third_party/omnipay/vendor/google/apiclient-services/src/Datastream/DestinationConfig.php
OK	/htdocs/application/third_party/omnipay/vendor/google/apiclient-services/src/Datastream/JsonFileFormat.php
OK	/htdocs/application/third_party/omnipay/vendor/google/apiclient-services/src/Datastream/Merge.php
OK	/htdocs/application/third_party/omnipay/vendor/google/apiclient-services/src/Datastream/NextAvailableStartPosition.php
OK	/htdocs/application/third_party/omnipay/vendor/google/apiclient-services/src/Datastream/OracleSchema.php
OK	/htdocs/application/third_party/omnipay/vendor/google/apiclient-services/src/Datastream/PostgresqlTable.php
OK	/htdocs/application/third_party/omnipay/vendor/google/apiclient-services/src/Datastream/ServerVerification.php
OK	/htdocs/application/third_party/omnipay/vendor/google/apiclient-services/src/Datastream/SqlServerSchema.php
OK	/htdocs/application/third_party/omnipay/vendor/google/apiclient-services/src/Datastream/StreamObject.php
OK	/htdocs/application/third_party/omnipay/vendor/google/apiclient-services/src/Datastream/Resource/ProjectsLocationsStreams.php
OK	/htdocs/application/third_party/omnipay/vendor/google/apiclient-services/src/DeploymentManager/Binding.php
OK	/htdocs/application/third_party/omnipay/vendor/google/apiclient-services/src/DeploymentManager/DeploymentUpdate.php
OK	/htdocs/application/third_party/omnipay/vendor/google/apiclient-services/src/DeploymentManager/Operation.php
OK	/htdocs/application/third_party/omnipay/vendor/google/apiclient-services/src/DeploymentManager/ResourceUpdateError.php
OK	/htdocs/application/third_party/omnipay/vendor/google/apiclient-services/src/DeploymentManager/TypesListResponse.php
OK	/htdocs/application/third_party/omnipay/vendor/google/apiclient-services/src/DeveloperConnect/FetchGitHubInstallationsResponse.php
OK	/htdocs/application/third_party/omnipay/vendor/google/apiclient-services/src/DeveloperConnect/GitRepositoryLink.php
OK	/htdocs/application/third_party/omnipay/vendor/google/apiclient-services/src/DeveloperConnect/OperationMetadata.php
OK	/htdocs/application/third_party/omnipay/vendor/google/apiclient-services/src/DeveloperConnect/Resource/ProjectsLocationsConnectionsGitRepositoryLinks.php
OK	/htdocs/application/third_party/omnipay/vendor/google/apiclient-services/src/Dfareporting/Ad.php
OK	/htdocs/application/third_party/omnipay/vendor/google/apiclient-services/src/Dfareporting/BillingAssignment.php
OK	/htdocs/application/third_party/omnipay/vendor/google/apiclient-services/src/Dfareporting/CampaignsListResponse.php
OK	/htdocs/application/third_party/omnipay/vendor/google/apiclient-services/src/Dfareporting/ClickThroughUrlSuffixProperties.php
OK	/htdocs/application/third_party/omnipay/vendor/google/apiclient-services/src/Dfareporting/ConversionsBatchUpdateRequest.php
OK	/htdocs/application/third_party/omnipay/vendor/google/apiclient-services/src/Dfareporting/CreativeCustomEvent.php
OK	/htdocs/application/third_party/omnipay/vendor/google/apiclient-services/src/Dfareporting/CrossDimensionReachReportCompatibleFields.php
OK	/htdocs/application/third_party/omnipay/vendor/google/apiclient-services/src/Dfareporting/DfareportingFileUrls.php
OK	/htdocs/application/third_party/omnipay/vendor/google/apiclient-services/src/Dfareporting/DynamicTargetingKeysListResponse.php
OK	/htdocs/application/third_party/omnipay/vendor/google/apiclient-services/src/Dfareporting/FloodlightActivityGroup.php
OK	/htdocs/application/third_party/omnipay/vendor/google/apiclient-services/src/Dfareporting/KeyValueTargetingExpression.php
OK	/htdocs/application/third_party/omnipay/vendor/google/apiclient-services/src/Dfareporting/MeasurementPartnerCampaignLink.php
OK	/htdocs/application/third_party/omnipay/vendor/google/apiclient-services/src/Dfareporting/OffsetPosition.php
OK	/htdocs/application/third_party/omnipay/vendor/google/apiclient-services/src/Dfareporting/PathFilter.php
OK	/htdocs/application/third_party/omnipay/vendor/google/apiclient-services/src/Dfareporting/PlacementStrategiesListResponse.php
OK	/htdocs/application/third_party/omnipay/vendor/google/apiclient-services/src/Dfareporting/ProjectsListResponse.php
OK	/htdocs/application/third_party/omnipay/vendor/google/apiclient-services/src/Dfareporting/ReportCrossMediaReachCriteria.php
OK	/htdocs/application/third_party/omnipay/vendor/google/apiclient-services/src/Dfareporting/RichMediaExitOverride.php
OK	/htdocs/application/third_party/omnipay/vendor/google/apiclient-services/src/Dfareporting/SkippableSetting.php
OK	/htdocs/application/third_party/omnipay/vendor/google/apiclient-services/src/Dfareporting/TechnologyTargeting.php
OK	/htdocs/application/third_party/omnipay/vendor/google/apiclient-services/src/Dfareporting/UserProfileList.php
OK	/htdocs/application/third_party/omnipay/vendor/google/apiclient-services/src/Dfareporting/Resource/AccountActiveAdSummaries.php
OK	/htdocs/application/third_party/omnipay/vendor/google/apiclient-services/src/Dfareporting/Resource/BillingRates.php
OK	/htdocs/application/third_party/omnipay/vendor/google/apiclient-services/src/Dfareporting/Resource/CreativeFieldValues.php
OK	/htdocs/application/third_party/omnipay/vendor/google/apiclient-services/src/Dfareporting/Resource/Languages.php
OK	/htdocs/application/third_party/omnipay/vendor/google/apiclient-services/src/Dfareporting/Resource/PostalCodes.php
OK	/htdocs/application/third_party/omnipay/vendor/google/apiclient-services/src/Dfareporting/Resource/TargetingTemplates.php
OK	/htdocs/application/third_party/omnipay/vendor/google/apiclient-services/src/Dialogflow/GoogleCloudDialogflowCxV3Agent.php
OK	/htdocs/application/third_party/omnipay/vendor/google/apiclient-services/src/Dialogflow/GoogleCloudDialogflowCxV3BatchDeleteTestCasesRequest.php
OK	/htdocs/application/third_party/omnipay/vendor/google/apiclient-services/src/Dialogflow/GoogleCloudDialogflowCxV3beta1ContinuousTestResult.php
OK	/htdocs/application/third_party/omnipay/vendor/google/apiclient-services/src/Dialogflow/GoogleCloudDialogflowCxV3beta1Environment.php
OK	/htdocs/application/third_party/omnipay/vendor/google/apiclient-services/src/Dialogflow/GoogleCloudDialogflowCxV3beta1ExportTestCasesMetadata.php
OK	/htdocs/application/third_party/omnipay/vendor/google/apiclient-services/src/Dialogflow/GoogleCloudDialogflowCxV3beta1ImportDocumentsOperationMetadata.php
OK	/htdocs/application/third_party/omnipay/vendor/google/apiclient-services/src/Dialogflow/GoogleCloudDialogflowCxV3beta1InputAudioConfig.php
OK	/htdocs/application/third_party/omnipay/vendor/google/apiclient-services/src/Dialogflow/GoogleCloudDialogflowCxV3beta1QueryInput.php
OK	/htdocs/application/third_party/omnipay/vendor/google/apiclient-services/src/Dialogflow/GoogleCloudDialogflowCxV3beta1ResponseMessageText.php
OK	/htdocs/application/third_party/omnipay/vendor/google/apiclient-services/src/Dialogflow/GoogleCloudDialogflowCxV3beta1TextInput.php
OK	/htdocs/application/third_party/omnipay/vendor/google/apiclient-services/src/Dialogflow/GoogleCloudDialogflowCxV3beta1WebhookRequestIntentInfo.php
OK	/htdocs/application/third_party/omnipay/vendor/google/apiclient-services/src/Dialogflow/GoogleCloudDialogflowCxV3Changelog.php
OK	/htdocs/application/third_party/omnipay/vendor/google/apiclient-services/src/Dialogflow/GoogleCloudDialogflowCxV3DataStoreConnectionSignalsAnswerGenerationModelCallSignals.php
OK	/htdocs/application/third_party/omnipay/vendor/google/apiclient-services/src/Dialogflow/GoogleCloudDialogflowCxV3DeploymentResult.php
OK	/htdocs/application/third_party/omnipay/vendor/google/apiclient-services/src/Dialogflow/GoogleCloudDialogflowCxV3EventInput.php
OK	/htdocs/application/third_party/omnipay/vendor/google/apiclient-services/src/Dialogflow/GoogleCloudDialogflowCxV3ExportEntityTypesResponse.php
OK	/htdocs/application/third_party/omnipay/vendor/google/apiclient-services/src/Dialogflow/GoogleCloudDialogflowCxV3FlowMultiLanguageSettings.php
OK	/htdocs/application/third_party/omnipay/vendor/google/apiclient-services/src/Dialogflow/GoogleCloudDialogflowCxV3GcsDestination.php
OK	/htdocs/application/third_party/omnipay/vendor/google/apiclient-services/src/Dialogflow/GoogleCloudDialogflowCxV3ImportEntityTypesRequest.php
OK	/htdocs/application/third_party/omnipay/vendor/google/apiclient-services/src/Dialogflow/GoogleCloudDialogflowCxV3InlineDestination.php
OK	/htdocs/application/third_party/omnipay/vendor/google/apiclient-services/src/Dialogflow/GoogleCloudDialogflowCxV3ListAgentsResponse.php
OK	/htdocs/application/third_party/omnipay/vendor/google/apiclient-services/src/Dialogflow/GoogleCloudDialogflowCxV3ListSessionEntityTypesResponse.php
OK	/htdocs/application/third_party/omnipay/vendor/google/apiclient-services/src/Dialogflow/GoogleCloudDialogflowCxV3OutputAudioConfig.php
OK	/htdocs/application/third_party/omnipay/vendor/google/apiclient-services/src/Dialogflow/GoogleCloudDialogflowCxV3ResponseMessageConversationSuccess.php
OK	/htdocs/application/third_party/omnipay/vendor/google/apiclient-services/src/Dialogflow/GoogleCloudDialogflowCxV3RolloutConfig.php
OK	/htdocs/application/third_party/omnipay/vendor/google/apiclient-services/src/Dialogflow/GoogleCloudDialogflowCxV3SecuritySettings.php
OK	/htdocs/application/third_party/omnipay/vendor/google/apiclient-services/src/Dialogflow/GoogleCloudDialogflowCxV3TestCaseError.php
OK	/htdocs/application/third_party/omnipay/vendor/google/apiclient-services/src/Dialogflow/GoogleCloudDialogflowCxV3TransitionRoute.php
OK	/htdocs/application/third_party/omnipay/vendor/google/apiclient-services/src/Dialogflow/GoogleCloudDialogflowCxV3VersionVariants.php
OK	/htdocs/application/third_party/omnipay/vendor/google/apiclient-services/src/Dialogflow/GoogleCloudDialogflowCxV3WebhookResponseFulfillmentResponse.php
OK	/htdocs/application/third_party/omnipay/vendor/google/apiclient-services/src/Dialogflow/GoogleCloudDialogflowV2beta1Context.php
OK	/htdocs/application/third_party/omnipay/vendor/google/apiclient-services/src/Dialogflow/GoogleCloudDialogflowV2beta1ImportDocumentsResponse.php
OK	/htdocs/application/third_party/omnipay/vendor/google/apiclient-services/src/Dialogflow/GoogleCloudDialogflowV2beta1IntentMessageCard.php
OK	/htdocs/application/third_party/omnipay/vendor/google/apiclient-services/src/Dialogflow/GoogleCloudDialogflowV2beta1IntentMessageRbmCardContent.php
OK	/htdocs/application/third_party/omnipay/vendor/google/apiclient-services/src/Dialogflow/GoogleCloudDialogflowV2beta1IntentMessageSimpleResponse.php
OK	/htdocs/application/third_party/omnipay/vendor/google/apiclient-services/src/Dialogflow/GoogleCloudDialogflowV2beta1IntentSuggestion.php
OK	/htdocs/application/third_party/omnipay/vendor/google/apiclient-services/src/Dialogflow/GoogleCloudDialogflowV2beta1Message.php
OK	/htdocs/application/third_party/omnipay/vendor/google/apiclient-services/src/Dialogflow/GoogleCloudDialogflowV2beta1SentimentAnalysisResult.php
OK	/htdocs/application/third_party/omnipay/vendor/google/apiclient-services/src/Dialogflow/GoogleCloudDialogflowV2beta1TelephonyDtmfEvents.php
OK	/htdocs/application/third_party/omnipay/vendor/google/apiclient-services/src/Dialogflow/GoogleCloudDialogflowV2DeployConversationModelOperationMetadata.php
OK	/htdocs/application/third_party/omnipay/vendor/google/apiclient-services/src/Dialogflow/GoogleCloudDialogflowV2ImportDocumentsResponse.php
OK	/htdocs/application/third_party/omnipay/vendor/google/apiclient-services/src/Dialogflow/GoogleCloudDialogflowV2IntentMessageBrowseCarouselCardBrowseCarouselCardItemOpenUrlAction.php
OK	/htdocs/application/third_party/omnipay/vendor/google/apiclient-services/src/Dialogflow/GoogleCloudDialogflowV2IntentMessageQuickReplies.php
OK	/htdocs/application/third_party/omnipay/vendor/google/apiclient-services/src/Dialogflow/GoogleCloudDialogflowV2IntentTrainingPhrasePart.php
OK	/htdocs/application/third_party/omnipay/vendor/google/apiclient-services/src/Dialogflow/GoogleCloudDialogflowV2Sentiment.php
OK	/htdocs/application/third_party/omnipay/vendor/google/apiclient-services/src/Dialogflow/GoogleCloudDialogflowV2SuggestSmartRepliesResponse.php
OK	/htdocs/application/third_party/omnipay/vendor/google/apiclient-services/src/Dialogflow/GoogleCloudDialogflowV3alpha1UpdateDocumentOperationMetadata.php
OK	/htdocs/application/third_party/omnipay/vendor/google/apiclient-services/src/Dialogflow/Resource/ProjectsLocationsAgentsEntityTypes.php
OK	/htdocs/application/third_party/omnipay/vendor/google/apiclient-services/src/Dialogflow/Resource/ProjectsLocationsAgentsIntents.php
OK	/htdocs/application/third_party/omnipay/vendor/google/apiclient-services/src/Digitalassetlinks/BulkCheckRequest.php
OK	/htdocs/application/third_party/omnipay/vendor/google/apiclient-services/src/Directory/Aliases.php
OK	/htdocs/application/third_party/omnipay/vendor/google/apiclient-services/src/Directory/BatchDeletePrintersResponse.php
OK	/htdocs/application/third_party/omnipay/vendor/google/apiclient-services/src/Directory/Channel.php
OK	/htdocs/application/third_party/omnipay/vendor/google/apiclient-services/src/Directory/ChromeOsDeviceLastKnownNetwork.php
OK	/htdocs/application/third_party/omnipay/vendor/google/apiclient-services/src/Directory/DirectoryChromeosdevicesCommandResult.php
OK	/htdocs/application/third_party/omnipay/vendor/google/apiclient-services/src/Directory/Features.php
OK	/htdocs/application/third_party/omnipay/vendor/google/apiclient-services/src/Directory/MobileDeviceApplications.php
OK	/htdocs/application/third_party/omnipay/vendor/google/apiclient-services/src/Directory/RoleAssignment.php
OK	/htdocs/application/third_party/omnipay/vendor/google/apiclient-services/src/Directory/UserAbout.php
OK	/htdocs/application/third_party/omnipay/vendor/google/apiclient-services/src/Directory/UserName.php
OK	/htdocs/application/third_party/omnipay/vendor/google/apiclient-services/src/Directory/Resource/Asps.php
OK	/htdocs/application/third_party/omnipay/vendor/google/apiclient-services/src/Directory/Resource/Domains.php
OK	/htdocs/application/third_party/omnipay/vendor/google/apiclient-services/src/Directory/Resource/Roles.php
OK	/htdocs/application/third_party/omnipay/vendor/google/apiclient-services/src/DiscoveryEngine/GoogleApiDistributionBucketOptionsLinear.php
OK	/htdocs/application/third_party/omnipay/vendor/google/apiclient-services/src/DiscoveryEngine/GoogleCloudDiscoveryengineLoggingSourceLocation.php
OK	/htdocs/application/third_party/omnipay/vendor/google/apiclient-services/src/DiscoveryEngine/GoogleCloudDiscoveryengineV1alphaAnswerReference.php
OK	/htdocs/application/third_party/omnipay/vendor/google/apiclient-services/src/DiscoveryEngine/GoogleCloudDiscoveryengineV1alphaAnswerStepActionSearchAction.php
OK	/htdocs/application/third_party/omnipay/vendor/google/apiclient-services/src/DiscoveryEngine/GoogleCloudDiscoveryengineV1alphaControlBoostActionInterpolationBoostSpec.php
OK	/htdocs/application/third_party/omnipay/vendor/google/apiclient-services/src/DiscoveryEngine/GoogleCloudDiscoveryengineV1alphaCreateTargetSiteMetadata.php
OK	/htdocs/application/third_party/omnipay/vendor/google/apiclient-services/src/DiscoveryEngine/GoogleCloudDiscoveryengineV1alphaDeleteEngineMetadata.php
OK	/htdocs/application/third_party/omnipay/vendor/google/apiclient-services/src/DiscoveryEngine/GoogleCloudDiscoveryengineV1alphaDocumentProcessingConfigChunkingConfig.php
OK	/htdocs/application/third_party/omnipay/vendor/google/apiclient-services/src/DiscoveryEngine/GoogleCloudDiscoveryengineV1alphaEngineCommonConfig.php
OK	/htdocs/application/third_party/omnipay/vendor/google/apiclient-services/src/DiscoveryEngine/GoogleCloudDiscoveryengineV1alphaExportUserEventsResponse.php
OK	/htdocs/application/third_party/omnipay/vendor/google/apiclient-services/src/DiscoveryEngine/GoogleCloudDiscoveryengineV1alphaImportCompletionSuggestionsMetadata.php
OK	/htdocs/application/third_party/omnipay/vendor/google/apiclient-services/src/DiscoveryEngine/GoogleCloudDiscoveryengineV1alphaInterval.php
OK	/htdocs/application/third_party/omnipay/vendor/google/apiclient-services/src/DiscoveryEngine/GoogleCloudDiscoveryengineV1alphaOutputResultBigQueryOutputResult.php
OK	/htdocs/application/third_party/omnipay/vendor/google/apiclient-services/src/DiscoveryEngine/GoogleCloudDiscoveryengineV1alphaQualityMetrics.php
OK	/htdocs/application/third_party/omnipay/vendor/google/apiclient-services/src/DiscoveryEngine/GoogleCloudDiscoveryengineV1alphaSearchRequest.php
OK	/htdocs/application/third_party/omnipay/vendor/google/apiclient-services/src/DiscoveryEngine/GoogleCloudDiscoveryengineV1alphaSearchRequestDataStoreSpec.php
OK	/htdocs/application/third_party/omnipay/vendor/google/apiclient-services/src/DiscoveryEngine/GoogleCloudDiscoveryengineV1alphaSearchRequestSpellCorrectionSpec.php
OK	/htdocs/application/third_party/omnipay/vendor/google/apiclient-services/src/DiscoveryEngine/GoogleCloudDiscoveryengineV1alphaTargetSite.php
OK	/htdocs/application/third_party/omnipay/vendor/google/apiclient-services/src/DiscoveryEngine/GoogleCloudDiscoveryengineV1alphaUserInfo.php
OK	/htdocs/application/third_party/omnipay/vendor/google/apiclient-services/src/DiscoveryEngine/GoogleCloudDiscoveryengineV1AnswerQueryRequestEndUserSpecEndUserMetaDataChunkInfo.php
OK	/htdocs/application/third_party/omnipay/vendor/google/apiclient-services/src/DiscoveryEngine/GoogleCloudDiscoveryengineV1AnswerQueryRequestSearchSpecSearchResultList.php
OK	/htdocs/application/third_party/omnipay/vendor/google/apiclient-services/src/DiscoveryEngine/GoogleCloudDiscoveryengineV1AnswerReferenceChunkInfo.php
OK	/htdocs/application/third_party/omnipay/vendor/google/apiclient-services/src/DiscoveryEngine/GoogleCloudDiscoveryengineV1BatchCreateTargetSiteMetadata.php
OK	/htdocs/application/third_party/omnipay/vendor/google/apiclient-services/src/DiscoveryEngine/GoogleCloudDiscoveryengineV1betaAnswerQueryRequestAnswerGenerationSpec.php
OK	/htdocs/application/third_party/omnipay/vendor/google/apiclient-services/src/DiscoveryEngine/GoogleCloudDiscoveryengineV1betaAnswerQueryRequestSearchSpecSearchResultListSearchResultChunkInfo.php
OK	/htdocs/application/third_party/omnipay/vendor/google/apiclient-services/src/DiscoveryEngine/GoogleCloudDiscoveryengineV1betaAnswerReferenceUnstructuredDocumentInfoChunkContent.php
OK	/htdocs/application/third_party/omnipay/vendor/google/apiclient-services/src/DiscoveryEngine/GoogleCloudDiscoveryengineV1betaBigQuerySource.php
OK	/htdocs/application/third_party/omnipay/vendor/google/apiclient-services/src/DiscoveryEngine/GoogleCloudDiscoveryengineV1betaCompleteQueryResponseQuerySuggestion.php
OK	/htdocs/application/third_party/omnipay/vendor/google/apiclient-services/src/DiscoveryEngine/GoogleCloudDiscoveryengineV1betaControlSynonymsAction.php
OK	/htdocs/application/third_party/omnipay/vendor/google/apiclient-services/src/DiscoveryEngine/GoogleCloudDiscoveryengineV1betaCreateTargetSiteMetadata.php
OK	/htdocs/application/third_party/omnipay/vendor/google/apiclient-services/src/DiscoveryEngine/GoogleCloudDiscoveryengineV1betaDeleteSitemapMetadata.php
OK	/htdocs/application/third_party/omnipay/vendor/google/apiclient-services/src/DiscoveryEngine/GoogleCloudDiscoveryengineV1betaDocumentProcessingConfigParsingConfig.php
OK	/htdocs/application/third_party/omnipay/vendor/google/apiclient-services/src/DiscoveryEngine/GoogleCloudDiscoveryengineV1betaEngineChatEngineMetadata.php
OK	/htdocs/application/third_party/omnipay/vendor/google/apiclient-services/src/DiscoveryEngine/GoogleCloudDiscoveryengineV1betaGcsSource.php
OK	/htdocs/application/third_party/omnipay/vendor/google/apiclient-services/src/DiscoveryEngine/GoogleCloudDiscoveryengineV1betaImportIdentityMappingsResponse.php
OK	/htdocs/application/third_party/omnipay/vendor/google/apiclient-services/src/DiscoveryEngine/GoogleCloudDiscoveryengineV1betaLanguageInfo.php
OK	/htdocs/application/third_party/omnipay/vendor/google/apiclient-services/src/DiscoveryEngine/GoogleCloudDiscoveryengineV1betaObtainCrawlRateResponse.php
OK	/htdocs/application/third_party/omnipay/vendor/google/apiclient-services/src/DiscoveryEngine/GoogleCloudDiscoveryengineV1betaPurgeSuggestionDenyListEntriesMetadata.php
OK	/htdocs/application/third_party/omnipay/vendor/google/apiclient-services/src/DiscoveryEngine/GoogleCloudDiscoveryengineV1betaRecrawlUrisRequest.php
OK	/htdocs/application/third_party/omnipay/vendor/google/apiclient-services/src/DiscoveryEngine/GoogleCloudDiscoveryengineV1betaSearchRequestBoostSpecConditionBoostSpecBoostControlSpec.php
OK	/htdocs/application/third_party/omnipay/vendor/google/apiclient-services/src/DiscoveryEngine/GoogleCloudDiscoveryengineV1betaSearchRequestFacetSpec.php
OK	/htdocs/application/third_party/omnipay/vendor/google/apiclient-services/src/DiscoveryEngine/GoogleCloudDiscoveryengineV1betaSearchResponseGeoSearchDebugInfo.php
OK	/htdocs/application/third_party/omnipay/vendor/google/apiclient-services/src/DiscoveryEngine/GoogleCloudDiscoveryengineV1betaSearchResponseSummarySummaryWithMetadata.php
OK	/htdocs/application/third_party/omnipay/vendor/google/apiclient-services/src/DiscoveryEngine/GoogleCloudDiscoveryengineV1betaSiteVerificationInfo.php
OK	/htdocs/application/third_party/omnipay/vendor/google/apiclient-services/src/DiscoveryEngine/GoogleCloudDiscoveryengineV1betaTuneEngineMetadata.php
OK	/htdocs/application/third_party/omnipay/vendor/google/apiclient-services/src/DiscoveryEngine/GoogleCloudDiscoveryengineV1BigtableSource.php
OK	/htdocs/application/third_party/omnipay/vendor/google/apiclient-services/src/DiscoveryEngine/GoogleCloudDiscoveryengineV1CmekConfig.php
OK	/htdocs/application/third_party/omnipay/vendor/google/apiclient-services/src/DiscoveryEngine/GoogleCloudDiscoveryengineV1ControlFilterAction.php
OK	/htdocs/application/third_party/omnipay/vendor/google/apiclient-services/src/DiscoveryEngine/GoogleCloudDiscoveryengineV1CreateSitemapMetadata.php
OK	/htdocs/application/third_party/omnipay/vendor/google/apiclient-services/src/DiscoveryEngine/GoogleCloudDiscoveryengineV1DeleteSchemaMetadata.php
OK	/htdocs/application/third_party/omnipay/vendor/google/apiclient-services/src/DiscoveryEngine/GoogleCloudDiscoveryengineV1DocumentProcessingConfigChunkingConfig.php
OK	/htdocs/application/third_party/omnipay/vendor/google/apiclient-services/src/DiscoveryEngine/GoogleCloudDiscoveryengineV1EngineChatEngineMetadata.php
OK	/htdocs/application/third_party/omnipay/vendor/google/apiclient-services/src/DiscoveryEngine/GoogleCloudDiscoveryengineV1GenerateGroundedContentRequest.php
OK	/htdocs/application/third_party/omnipay/vendor/google/apiclient-services/src/DiscoveryEngine/GoogleCloudDiscoveryengineV1GenerateGroundedContentResponseCandidateGroundingMetadataDynamicRetrievalMetadata.php
OK	/htdocs/application/third_party/omnipay/vendor/google/apiclient-services/src/DiscoveryEngine/GoogleCloudDiscoveryengineV1ImportCompletionSuggestionsMetadata.php
OK	/htdocs/application/third_party/omnipay/vendor/google/apiclient-services/src/DiscoveryEngine/GoogleCloudDiscoveryengineV1ImportSuggestionDenyListEntriesMetadata.php
OK	/htdocs/application/third_party/omnipay/vendor/google/apiclient-services/src/DiscoveryEngine/GoogleCloudDiscoveryengineV1ListDataStoresResponse.php
OK	/htdocs/application/third_party/omnipay/vendor/google/apiclient-services/src/DiscoveryEngine/GoogleCloudDiscoveryengineV1Project.php
OK	/htdocs/application/third_party/omnipay/vendor/google/apiclient-services/src/DiscoveryEngine/GoogleCloudDiscoveryengineV1PurgeIdentityMappingsRequest.php
OK	/htdocs/application/third_party/omnipay/vendor/google/apiclient-services/src/DiscoveryEngine/GoogleCloudDiscoveryengineV1RecommendResponseRecommendationResult.php
OK	/htdocs/application/third_party/omnipay/vendor/google/apiclient-services/src/DiscoveryEngine/GoogleCloudDiscoveryengineV1SearchRequestContentSearchSpec.php
OK	/htdocs/application/third_party/omnipay/vendor/google/apiclient-services/src/DiscoveryEngine/GoogleCloudDiscoveryengineV1SearchRequestSearchAsYouTypeSpec.php
OK	/htdocs/application/third_party/omnipay/vendor/google/apiclient-services/src/DiscoveryEngine/GoogleCloudDiscoveryengineV1SearchResponseSummaryCitationSource.php
OK	/htdocs/application/third_party/omnipay/vendor/google/apiclient-services/src/DiscoveryEngine/GoogleCloudDiscoveryengineV1Sitemap.php
OK	/htdocs/application/third_party/omnipay/vendor/google/apiclient-services/src/DiscoveryEngine/GoogleCloudDiscoveryengineV1TrainCustomModelResponse.php
OK	/htdocs/application/third_party/omnipay/vendor/google/apiclient-services/src/DiscoveryEngine/GoogleMonitoringV3TimeInterval.php
OK	/htdocs/application/third_party/omnipay/vendor/google/apiclient-services/src/DiscoveryEngine/Resource/ProjectsLocationsCollectionsDataConnectorOperations.php
OK	/htdocs/application/third_party/omnipay/vendor/google/apiclient-services/src/DiscoveryEngine/Resource/ProjectsLocationsCollectionsDataStoresSchemas.php
OK	/htdocs/application/third_party/omnipay/vendor/google/apiclient-services/src/DiscoveryEngine/Resource/ProjectsLocationsCollectionsEngines.php
OK	/htdocs/application/third_party/omnipay/vendor/google/apiclient-services/src/DiscoveryEngine/Resource/ProjectsLocationsDataStoresCompletionSuggestions.php
OK	/htdocs/application/third_party/omnipay/vendor/google/apiclient-services/src/DiscoveryEngine/Resource/ProjectsLocationsDataStoresSiteSearchEngineTargetSites.php
OK	/htdocs/application/third_party/omnipay/vendor/google/apiclient-services/src/DisplayVideo/AdGroup.php
OK	/htdocs/application/third_party/omnipay/vendor/google/apiclient-services/src/DisplayVideo/AdvertiserTargetingConfig.php
OK	/htdocs/application/third_party/omnipay/vendor/google/apiclient-services/src/DisplayVideo/AppCategoryAssignedTargetingOptionDetails.php
OK	/htdocs/application/third_party/omnipay/vendor/google/apiclient-services/src/DisplayVideo/AudioVideoOffset.php
OK	/htdocs/application/third_party/omnipay/vendor/google/apiclient-services/src/DisplayVideo/BulkEditAssignedLocationsRequest.php
OK	/htdocs/application/third_party/omnipay/vendor/google/apiclient-services/src/DisplayVideo/BulkEditSitesRequest.php
OK	/htdocs/application/third_party/omnipay/vendor/google/apiclient-services/src/DisplayVideo/BusinessChainSearchTerms.php
OK	/htdocs/application/third_party/omnipay/vendor/google/apiclient-services/src/DisplayVideo/CmHybridConfig.php
OK	/htdocs/application/third_party/omnipay/vendor/google/apiclient-services/src/DisplayVideo/ContentGenreTargetingOptionDetails.php
OK	/htdocs/application/third_party/omnipay/vendor/google/apiclient-services/src/DisplayVideo/CreateSdfDownloadTaskRequest.php
OK	/htdocs/application/third_party/omnipay/vendor/google/apiclient-services/src/DisplayVideo/CustomList.php
OK	/htdocs/application/third_party/omnipay/vendor/google/apiclient-services/src/DisplayVideo/DeviceTypeTargetingOptionDetails.php
OK	/htdocs/application/third_party/omnipay/vendor/google/apiclient-services/src/DisplayVideo/DuplicateLineItemRequest.php
OK	/htdocs/application/third_party/omnipay/vendor/google/apiclient-services/src/DisplayVideo/ExchangeConfigEnabledExchange.php
OK	/htdocs/application/third_party/omnipay/vendor/google/apiclient-services/src/DisplayVideo/FloodlightGroup.php
OK	/htdocs/application/third_party/omnipay/vendor/google/apiclient-services/src/DisplayVideo/GuaranteedOrder.php
OK	/htdocs/application/third_party/omnipay/vendor/google/apiclient-services/src/DisplayVideo/InventorySource.php
OK	/htdocs/application/third_party/omnipay/vendor/google/apiclient-services/src/DisplayVideo/KeywordAssignedTargetingOptionDetails.php
OK	/htdocs/application/third_party/omnipay/vendor/google/apiclient-services/src/DisplayVideo/ListAdvertisersResponse.php
OK	/htdocs/application/third_party/omnipay/vendor/google/apiclient-services/src/DisplayVideo/ListFirstAndThirdPartyAudiencesResponse.php
OK	/htdocs/application/third_party/omnipay/vendor/google/apiclient-services/src/DisplayVideo/ListLocationListsResponse.php
OK	/htdocs/application/third_party/omnipay/vendor/google/apiclient-services/src/DisplayVideo/LocationList.php
OK	/htdocs/application/third_party/omnipay/vendor/google/apiclient-services/src/DisplayVideo/NegativeKeyword.php
OK	/htdocs/application/third_party/omnipay/vendor/google/apiclient-services/src/DisplayVideo/Pacing.php
OK	/htdocs/application/third_party/omnipay/vendor/google/apiclient-services/src/DisplayVideo/PerformanceGoalBidStrategy.php
OK	/htdocs/application/third_party/omnipay/vendor/google/apiclient-services/src/DisplayVideo/RemarketingConfig.php
OK	/htdocs/application/third_party/omnipay/vendor/google/apiclient-services/src/DisplayVideo/SearchTargetingOptionsRequest.php
OK	/htdocs/application/third_party/omnipay/vendor/google/apiclient-services/src/DisplayVideo/ThirdPartyMeasurementConfigs.php
OK	/htdocs/application/third_party/omnipay/vendor/google/apiclient-services/src/DisplayVideo/UserRewardedContentAssignedTargetingOptionDetails.php
OK	/htdocs/application/third_party/omnipay/vendor/google/apiclient-services/src/DisplayVideo/YoutubeAdGroupAssignedTargetingOption.php
OK	/htdocs/application/third_party/omnipay/vendor/google/apiclient-services/src/DisplayVideo/Resource/AdvertisersAdGroupsTargetingTypesAssignedTargetingOptions.php
OK	/htdocs/application/third_party/omnipay/vendor/google/apiclient-services/src/DisplayVideo/Resource/AdvertisersLineItems.php
OK	/htdocs/application/third_party/omnipay/vendor/google/apiclient-services/src/DisplayVideo/Resource/AdvertisersYoutubeAdGroupsTargetingTypes.php
OK	/htdocs/application/third_party/omnipay/vendor/google/apiclient-services/src/DisplayVideo/Resource/GuaranteedOrders.php
OK	/htdocs/application/third_party/omnipay/vendor/google/apiclient-services/src/DisplayVideo/Resource/Sdfuploadtasks.php
OK	/htdocs/application/third_party/omnipay/vendor/google/apiclient-services/src/DLP/GooglePrivacyDlpV2AllText.php
OK	/htdocs/application/third_party/omnipay/vendor/google/apiclient-services/src/DLP/GooglePrivacyDlpV2BigQueryOptions.php
OK	/htdocs/application/third_party/omnipay/vendor/google/apiclient-services/src/DLP/GooglePrivacyDlpV2CategoricalStatsHistogramBucket.php
OK	/htdocs/application/third_party/omnipay/vendor/google/apiclient-services/src/DLP/GooglePrivacyDlpV2CloudStorageRegexFileSet.php
OK	/htdocs/application/third_party/omnipay/vendor/google/apiclient-services/src/DLP/GooglePrivacyDlpV2CreateDiscoveryConfigRequest.php
OK	/htdocs/application/third_party/omnipay/vendor/google/apiclient-services/src/DLP/GooglePrivacyDlpV2DatabaseResourceRegex.php
OK	/htdocs/application/third_party/omnipay/vendor/google/apiclient-services/src/DLP/GooglePrivacyDlpV2DatastoreOptions.php
OK	/htdocs/application/third_party/omnipay/vendor/google/apiclient-services/src/DLP/GooglePrivacyDlpV2DeltaPresenceEstimationQuasiIdValues.php
OK	/htdocs/application/third_party/omnipay/vendor/google/apiclient-services/src/DLP/GooglePrivacyDlpV2DiscoveryCloudStorageGenerationCadence.php
OK	/htdocs/application/third_party/omnipay/vendor/google/apiclient-services/src/DLP/GooglePrivacyDlpV2DiscoveryVertexDatasetConditions.php
OK	/htdocs/application/third_party/omnipay/vendor/google/apiclient-services/src/DLP/GooglePrivacyDlpV2FieldId.php
OK	/htdocs/application/third_party/omnipay/vendor/google/apiclient-services/src/DLP/GooglePrivacyDlpV2FindingLimits.php
OK	/htdocs/application/third_party/omnipay/vendor/google/apiclient-services/src/DLP/GooglePrivacyDlpV2ImageFallbackLocation.php
OK	/htdocs/application/third_party/omnipay/vendor/google/apiclient-services/src/DLP/GooglePrivacyDlpV2InfoTypeTransformation.php
OK	/htdocs/application/third_party/omnipay/vendor/google/apiclient-services/src/DLP/GooglePrivacyDlpV2JobTrigger.php
OK	/htdocs/application/third_party/omnipay/vendor/google/apiclient-services/src/DLP/GooglePrivacyDlpV2LargeCustomDictionaryConfig.php
OK	/htdocs/application/third_party/omnipay/vendor/google/apiclient-services/src/DLP/GooglePrivacyDlpV2ListDlpJobsResponse.php
OK	/htdocs/application/third_party/omnipay/vendor/google/apiclient-services/src/DLP/GooglePrivacyDlpV2NumericalStatsConfig.php
OK	/htdocs/application/third_party/omnipay/vendor/google/apiclient-services/src/DLP/GooglePrivacyDlpV2PartitionId.php
OK	/htdocs/application/third_party/omnipay/vendor/google/apiclient-services/src/DLP/GooglePrivacyDlpV2PublishToSecurityCommandCenter.php
OK	/htdocs/application/third_party/omnipay/vendor/google/apiclient-services/src/DLP/GooglePrivacyDlpV2RecordLocation.php
OK	/htdocs/application/third_party/omnipay/vendor/google/apiclient-services/src/DLP/GooglePrivacyDlpV2ReplaceValueConfig.php
OK	/htdocs/application/third_party/omnipay/vendor/google/apiclient-services/src/DLP/GooglePrivacyDlpV2SecretManagerCredential.php
OK	/htdocs/application/third_party/omnipay/vendor/google/apiclient-services/src/DLP/GooglePrivacyDlpV2SummaryResult.php
OK	/htdocs/application/third_party/omnipay/vendor/google/apiclient-services/src/DLP/GooglePrivacyDlpV2TimePartConfig.php
OK	/htdocs/application/third_party/omnipay/vendor/google/apiclient-services/src/DLP/GooglePrivacyDlpV2TransientCryptoKey.php
OK	/htdocs/application/third_party/omnipay/vendor/google/apiclient-services/src/DLP/GooglePrivacyDlpV2VertexDatasetCollection.php
OK	/htdocs/application/third_party/omnipay/vendor/google/apiclient-services/src/DLP/Resource/LocationsInfoTypes.php
OK	/htdocs/application/third_party/omnipay/vendor/google/apiclient-services/src/DLP/Resource/OrganizationsLocationsJobTriggers.php
OK	/htdocs/application/third_party/omnipay/vendor/google/apiclient-services/src/DLP/Resource/ProjectsLocations.php
OK	/htdocs/application/third_party/omnipay/vendor/google/apiclient-services/src/DLP/Resource/ProjectsLocationsStoredInfoTypes.php
OK	/htdocs/application/third_party/omnipay/vendor/google/apiclient-services/src/Dns/GoogleIamV1Binding.php
OK	/htdocs/application/third_party/omnipay/vendor/google/apiclient-services/src/Dns/ManagedZoneOperationsListResponse.php
OK	/htdocs/application/third_party/omnipay/vendor/google/apiclient-services/src/Dns/OperationManagedZoneContext.php
OK	/htdocs/application/third_party/omnipay/vendor/google/apiclient-services/src/Dns/ResourceRecordSet.php
OK	/htdocs/application/third_party/omnipay/vendor/google/apiclient-services/src/Dns/ResponsePolicyRulesListResponse.php
OK	/htdocs/application/third_party/omnipay/vendor/google/apiclient-services/src/Dns/Resource/DnsKeys.php
OK	/htdocs/application/third_party/omnipay/vendor/google/apiclient-services/src/Docs/BackgroundSuggestionState.php
OK	/htdocs/application/third_party/omnipay/vendor/google/apiclient-services/src/Docs/CreateFootnoteResponse.php
OK	/htdocs/application/third_party/omnipay/vendor/google/apiclient-services/src/Docs/DeleteParagraphBulletsRequest.php
OK	/htdocs/application/third_party/omnipay/vendor/google/apiclient-services/src/Docs/EmbeddedObject.php
OK	/htdocs/application/third_party/omnipay/vendor/google/apiclient-services/src/Docs/ImageProperties.php
OK	/htdocs/application/third_party/omnipay/vendor/google/apiclient-services/src/Docs/InsertTableRequest.php
OK	/htdocs/application/third_party/omnipay/vendor/google/apiclient-services/src/Docs/NamedStyle.php
OK	/htdocs/application/third_party/omnipay/vendor/google/apiclient-services/src/Docs/ParagraphStyle.php
OK	/htdocs/application/third_party/omnipay/vendor/google/apiclient-services/src/Docs/ReplaceAllTextResponse.php
OK	/htdocs/application/third_party/omnipay/vendor/google/apiclient-services/src/Docs/ShadingSuggestionState.php
OK	/htdocs/application/third_party/omnipay/vendor/google/apiclient-services/src/Docs/SuggestedParagraphStyle.php
OK	/htdocs/application/third_party/omnipay/vendor/google/apiclient-services/src/Docs/TableColumnProperties.php
OK	/htdocs/application/third_party/omnipay/vendor/google/apiclient-services/src/Docs/TextStyleSuggestionState.php
OK	/htdocs/application/third_party/omnipay/vendor/google/apiclient-services/src/Document/GoogleCloudDocumentaiUiv1beta3AutoLabelDocumentsMetadata.php
OK	/htdocs/application/third_party/omnipay/vendor/google/apiclient-services/src/Document/GoogleCloudDocumentaiUiv1beta3CommonOperationMetadata.php
OK	/htdocs/application/third_party/omnipay/vendor/google/apiclient-services/src/Document/GoogleCloudDocumentaiUiv1beta3DocumentIdUnmanagedDocumentId.php
OK	/htdocs/application/third_party/omnipay/vendor/google/apiclient-services/src/Document/GoogleCloudDocumentaiUiv1beta3ImportDocumentsMetadataImportConfigValidationResult.php
OK	/htdocs/application/third_party/omnipay/vendor/google/apiclient-services/src/Document/GoogleCloudDocumentaiUiv1beta3SampleDocumentsMetadata.php
OK	/htdocs/application/third_party/omnipay/vendor/google/apiclient-services/src/Document/GoogleCloudDocumentaiUiv1beta3UpdateLabelerPoolOperationMetadata.php
OK	/htdocs/application/third_party/omnipay/vendor/google/apiclient-services/src/Document/GoogleCloudDocumentaiV1beta1Document.php
OK	/htdocs/application/third_party/omnipay/vendor/google/apiclient-services/src/Document/GoogleCloudDocumentaiV1beta1DocumentDocumentLayoutDocumentLayoutBlockLayoutTableCell.php
OK	/htdocs/application/third_party/omnipay/vendor/google/apiclient-services/src/Document/GoogleCloudDocumentaiV1beta1DocumentPageDimension.php
OK	/htdocs/application/third_party/omnipay/vendor/google/apiclient-services/src/Document/GoogleCloudDocumentaiV1beta1DocumentPageTableTableRow.php
OK	/htdocs/application/third_party/omnipay/vendor/google/apiclient-services/src/Document/GoogleCloudDocumentaiV1beta1DocumentTextAnchor.php
OK	/htdocs/application/third_party/omnipay/vendor/google/apiclient-services/src/Document/GoogleCloudDocumentaiV1beta2BatchProcessDocumentsResponse.php
OK	/htdocs/application/third_party/omnipay/vendor/google/apiclient-services/src/Document/GoogleCloudDocumentaiV1beta2DocumentDocumentLayoutDocumentLayoutBlockLayoutPageSpan.php
OK	/htdocs/application/third_party/omnipay/vendor/google/apiclient-services/src/Document/GoogleCloudDocumentaiV1beta2DocumentPageBlock.php
OK	/htdocs/application/third_party/omnipay/vendor/google/apiclient-services/src/Document/GoogleCloudDocumentaiV1beta2DocumentPageSymbol.php
OK	/htdocs/application/third_party/omnipay/vendor/google/apiclient-services/src/Document/GoogleCloudDocumentaiV1beta2DocumentShardInfo.php
OK	/htdocs/application/third_party/omnipay/vendor/google/apiclient-services/src/Document/GoogleCloudDocumentaiV1beta2ProcessDocumentResponse.php
OK	/htdocs/application/third_party/omnipay/vendor/google/apiclient-services/src/Document/GoogleCloudDocumentaiV1beta3DatasetSpannerIndexingConfig.php
OK	/htdocs/application/third_party/omnipay/vendor/google/apiclient-services/src/Document/GoogleCloudDocumentaiV1beta3EnableProcessorResponse.php
OK	/htdocs/application/third_party/omnipay/vendor/google/apiclient-services/src/Document/GoogleCloudDocumentaiV1beta3ReviewDocumentResponse.php
OK	/htdocs/application/third_party/omnipay/vendor/google/apiclient-services/src/Document/GoogleCloudDocumentaiV1DeleteProcessorMetadata.php
OK	/htdocs/application/third_party/omnipay/vendor/google/apiclient-services/src/Document/GoogleCloudDocumentaiV1DocumentChunkedDocumentChunkChunkPageHeader.php
OK	/htdocs/application/third_party/omnipay/vendor/google/apiclient-services/src/Document/GoogleCloudDocumentaiV1DocumentEntityNormalizedValue.php
OK	/htdocs/application/third_party/omnipay/vendor/google/apiclient-services/src/Document/GoogleCloudDocumentaiV1DocumentPageFormField.php
OK	/htdocs/application/third_party/omnipay/vendor/google/apiclient-services/src/Document/GoogleCloudDocumentaiV1DocumentPageToken.php
OK	/htdocs/application/third_party/omnipay/vendor/google/apiclient-services/src/Document/GoogleCloudDocumentaiV1DocumentSchemaMetadata.php
OK	/htdocs/application/third_party/omnipay/vendor/google/apiclient-services/src/Document/GoogleCloudDocumentaiV1EvaluateProcessorVersionRequest.php
OK	/htdocs/application/third_party/omnipay/vendor/google/apiclient-services/src/Document/GoogleCloudDocumentaiV1HumanReviewLabelingMetadata.php
OK	/htdocs/application/third_party/omnipay/vendor/google/apiclient-services/src/Document/GoogleCloudDocumentaiV1ProcessOptionsIndividualPageSelector.php
OK	/htdocs/application/third_party/omnipay/vendor/google/apiclient-services/src/Document/GoogleCloudDocumentaiV1ProcessRequest.php
OK	/htdocs/application/third_party/omnipay/vendor/google/apiclient-services/src/Document/GoogleCloudDocumentaiV1SetDefaultProcessorVersionRequest.php
OK	/htdocs/application/third_party/omnipay/vendor/google/apiclient-services/src/Document/GoogleCloudDocumentaiV1Vertex.php
OK	/htdocs/application/third_party/omnipay/vendor/google/apiclient-services/src/Document/GoogleTypeTimeZone.php
OK	/htdocs/application/third_party/omnipay/vendor/google/apiclient-services/src/Document/Resource/Uiv1beta3Projects.php
OK	/htdocs/application/third_party/omnipay/vendor/google/apiclient-services/src/DomainsRDAP/Resource/V1.php
OK	/htdocs/application/third_party/omnipay/vendor/google/apiclient-services/src/DoubleClickBidManager/PathQueryOptions.php
OK	/htdocs/application/third_party/omnipay/vendor/google/apiclient-services/src/DoubleClickBidManager/Resource/Queries.php
OK	/htdocs/application/third_party/omnipay/vendor/google/apiclient-services/src/Doubleclicksearch/ReportRequest.php
OK	/htdocs/application/third_party/omnipay/vendor/google/apiclient-services/src/Drive/About.php
OK	/htdocs/application/third_party/omnipay/vendor/google/apiclient-services/src/Drive/Comment.php
OK	/htdocs/application/third_party/omnipay/vendor/google/apiclient-services/src/Drive/DriveFileImageMediaMetadataLocation.php
OK	/htdocs/application/third_party/omnipay/vendor/google/apiclient-services/src/Drive/LabelList.php
OK	/htdocs/application/third_party/omnipay/vendor/google/apiclient-services/src/Drive/ReplyList.php
OK	/htdocs/application/third_party/omnipay/vendor/google/apiclient-services/src/Drive/Resource/About.php
OK	/htdocs/application/third_party/omnipay/vendor/google/apiclient-services/src/Drive/Resource/Replies.php
OK	/htdocs/application/third_party/omnipay/vendor/google/apiclient-services/src/DriveActivity/Assignment.php
OK	/htdocs/application/third_party/omnipay/vendor/google/apiclient-services/src/DriveActivity/DriveactivityFile.php
OK	/htdocs/application/third_party/omnipay/vendor/google/apiclient-services/src/DriveActivity/Folder.php
OK	/htdocs/application/third_party/omnipay/vendor/google/apiclient-services/src/DriveActivity/QueryDriveActivityResponse.php
OK	/htdocs/application/third_party/omnipay/vendor/google/apiclient-services/src/DriveActivity/TeamDrive.php
OK	/htdocs/application/third_party/omnipay/vendor/google/apiclient-services/src/DriveLabels/GoogleAppsDriveLabelsV2BatchDeleteLabelPermissionsRequest.php
OK	/htdocs/application/third_party/omnipay/vendor/google/apiclient-services/src/DriveLabels/GoogleAppsDriveLabelsV2DeltaUpdateLabelRequestEnableFieldRequest.php
OK	/htdocs/application/third_party/omnipay/vendor/google/apiclient-services/src/DriveLabels/GoogleAppsDriveLabelsV2DeltaUpdateLabelResponseDisableFieldResponse.php
OK	/htdocs/application/third_party/omnipay/vendor/google/apiclient-services/src/DriveLabels/GoogleAppsDriveLabelsV2FieldAppliedCapabilities.php
OK	/htdocs/application/third_party/omnipay/vendor/google/apiclient-services/src/DriveLabels/GoogleAppsDriveLabelsV2FieldSelectionOptionsChoiceDisplayHints.php
OK	/htdocs/application/third_party/omnipay/vendor/google/apiclient-services/src/DriveLabels/GoogleAppsDriveLabelsV2LabelLockCapabilities.php
OK	/htdocs/application/third_party/omnipay/vendor/google/apiclient-services/src/DriveLabels/GoogleAppsDriveLabelsV2PublishLabelRequest.php
OK	/htdocs/application/third_party/omnipay/vendor/google/apiclient-services/src/DriveLabels/Resource/Labels.php
OK	/htdocs/application/third_party/omnipay/vendor/google/apiclient-services/src/Essentialcontacts/GoogleProtobufEmpty.php
OK	/htdocs/application/third_party/omnipay/vendor/google/apiclient-services/src/Eventarc/CloudRun.php
OK	/htdocs/application/third_party/omnipay/vendor/google/apiclient-services/src/Eventarc/GoogleCloudEventarcV1PipelineDestinationAuthenticationConfig.php
OK	/htdocs/application/third_party/omnipay/vendor/google/apiclient-services/src/Eventarc/GoogleLongrunningCancelOperationRequest.php
OK	/htdocs/application/third_party/omnipay/vendor/google/apiclient-services/src/Eventarc/ListPipelinesResponse.php
OK	/htdocs/application/third_party/omnipay/vendor/google/apiclient-services/src/Eventarc/SetIamPolicyRequest.php
OK	/htdocs/application/third_party/omnipay/vendor/google/apiclient-services/src/Eventarc/Resource/ProjectsLocationsKafkaSources.php
OK	/htdocs/application/third_party/omnipay/vendor/google/apiclient-services/src/FactCheckTools/GoogleFactcheckingFactchecktoolsV1alpha1ClaimReviewMarkupPage.php
OK	/htdocs/application/third_party/omnipay/vendor/google/apiclient-services/src/Fcmdata/GoogleFirebaseFcmDataV1beta1ListAndroidDeliveryDataResponse.php
OK	/htdocs/application/third_party/omnipay/vendor/google/apiclient-services/src/Firebaseappcheck/GoogleFirebaseAppcheckV1BatchGetPlayIntegrityConfigsResponse.php
OK	/htdocs/application/third_party/omnipay/vendor/google/apiclient-services/src/Firebaseappcheck/GoogleFirebaseAppcheckV1betaBatchGetAppAttestConfigsResponse.php
OK	/htdocs/application/third_party/omnipay/vendor/google/apiclient-services/src/Firebaseappcheck/GoogleFirebaseAppcheckV1betaExchangeAppAttestAttestationRequest.php
OK	/htdocs/application/third_party/omnipay/vendor/google/apiclient-services/src/Firebaseappcheck/GoogleFirebaseAppcheckV1betaGeneratePlayIntegrityChallengeRequest.php
OK	/htdocs/application/third_party/omnipay/vendor/google/apiclient-services/src/Firebaseappcheck/GoogleFirebaseAppcheckV1betaUpdateServiceRequest.php
OK	/htdocs/application/third_party/omnipay/vendor/google/apiclient-services/src/Firebaseappcheck/GoogleFirebaseAppcheckV1ExchangeSafetyNetTokenRequest.php
OK	/htdocs/application/third_party/omnipay/vendor/google/apiclient-services/src/Firebaseappcheck/GoogleFirebaseAppcheckV1RecaptchaV3Config.php
OK	/htdocs/application/third_party/omnipay/vendor/google/apiclient-services/src/Firebaseappcheck/Resource/ProjectsAppsDebugTokens.php
OK	/htdocs/application/third_party/omnipay/vendor/google/apiclient-services/src/FirebaseAppDistribution/GdataDiffChecksumsResponse.php
OK	/htdocs/application/third_party/omnipay/vendor/google/apiclient-services/src/FirebaseAppDistribution/GoogleFirebaseAppdistroV1BatchAddTestersResponse.php
OK	/htdocs/application/third_party/omnipay/vendor/google/apiclient-services/src/FirebaseAppDistribution/GoogleFirebaseAppdistroV1ListReleasesResponse.php
OK	/htdocs/application/third_party/omnipay/vendor/google/apiclient-services/src/FirebaseAppDistribution/GoogleLongrunningWaitOperationRequest.php
OK	/htdocs/application/third_party/omnipay/vendor/google/apiclient-services/src/FirebaseCloudMessaging/AndroidFcmOptions.php
OK	/htdocs/application/third_party/omnipay/vendor/google/apiclient-services/src/FirebaseCloudMessaging/Resource/Projects.php
OK	/htdocs/application/third_party/omnipay/vendor/google/apiclient-services/src/FirebaseDataConnect/GraphqlError.php
OK	/htdocs/application/third_party/omnipay/vendor/google/apiclient-services/src/FirebaseDataConnect/Operation.php
OK	/htdocs/application/third_party/omnipay/vendor/google/apiclient-services/src/FirebaseDataConnect/Resource/ProjectsLocationsServicesConnectors.php
OK	/htdocs/application/third_party/omnipay/vendor/google/apiclient-services/src/FirebaseDynamicLinks/DynamicLinkStats.php
OK	/htdocs/application/third_party/omnipay/vendor/google/apiclient-services/src/FirebaseDynamicLinks/Suffix.php
OK	/htdocs/application/third_party/omnipay/vendor/google/apiclient-services/src/FirebaseHosting/ListOperationsResponse.php
OK	/htdocs/application/third_party/omnipay/vendor/google/apiclient-services/src/FirebaseManagement/AnalyticsDetails.php
OK	/htdocs/application/third_party/omnipay/vendor/google/apiclient-services/src/FirebaseManagement/ListAvailableLocationsResponse.php
OK	/htdocs/application/third_party/omnipay/vendor/google/apiclient-services/src/FirebaseManagement/RemoveAnalyticsRequest.php
OK	/htdocs/application/third_party/omnipay/vendor/google/apiclient-services/src/FirebaseManagement/WebApp.php
OK	/htdocs/application/third_party/omnipay/vendor/google/apiclient-services/src/FirebaseML/FirebasemlEmpty.php
OK	/htdocs/application/third_party/omnipay/vendor/google/apiclient-services/src/FirebaseRealtimeDatabase/Resource/ProjectsLocations.php
OK	/htdocs/application/third_party/omnipay/vendor/google/apiclient-services/src/FirebaseRules/Metadata.php
OK	/htdocs/application/third_party/omnipay/vendor/google/apiclient-services/src/FirebaseRules/ValueCount.php
OK	/htdocs/application/third_party/omnipay/vendor/google/apiclient-services/src/Firebasestorage/RemoveFirebaseRequest.php
OK	/htdocs/application/third_party/omnipay/vendor/google/apiclient-services/src/Firestore/BeginTransactionRequest.php
OK	/htdocs/application/third_party/omnipay/vendor/google/apiclient-services/src/Firestore/DocumentDelete.php
OK	/htdocs/application/third_party/omnipay/vendor/google/apiclient-services/src/Firestore/Filter.php
OK	/htdocs/application/third_party/omnipay/vendor/google/apiclient-services/src/Firestore/GoogleFirestoreAdminV1DailyRecurrence.php
OK	/htdocs/application/third_party/omnipay/vendor/google/apiclient-services/src/Firestore/GoogleFirestoreAdminV1ImportDocumentsMetadata.php
OK	/htdocs/application/third_party/omnipay/vendor/google/apiclient-services/src/Firestore/GoogleFirestoreAdminV1LocationMetadata.php
OK	/htdocs/application/third_party/omnipay/vendor/google/apiclient-services/src/Firestore/GoogleLongrunningCancelOperationRequest.php
OK	/htdocs/application/third_party/omnipay/vendor/google/apiclient-services/src/Firestore/Order.php
OK	/htdocs/application/third_party/omnipay/vendor/google/apiclient-services/src/Firestore/RunAggregationQueryResponse.php
OK	/htdocs/application/third_party/omnipay/vendor/google/apiclient-services/src/Firestore/Value.php
OK	/htdocs/application/third_party/omnipay/vendor/google/apiclient-services/src/Firestore/Resource/ProjectsDatabasesOperations.php
OK	/htdocs/application/third_party/omnipay/vendor/google/apiclient-services/src/Fitness/DataPoint.php
OK	/htdocs/application/third_party/omnipay/vendor/google/apiclient-services/src/Fitness/ValueMapValEntry.php
OK	/htdocs/application/third_party/omnipay/vendor/google/apiclient-services/src/Forms/CorrectAnswer.php
OK	/htdocs/application/third_party/omnipay/vendor/google/apiclient-services/src/Forms/Form.php
OK	/htdocs/application/third_party/omnipay/vendor/google/apiclient-services/src/Forms/ListWatchesResponse.php
OK	/htdocs/application/third_party/omnipay/vendor/google/apiclient-services/src/Forms/Request.php
OK	/htdocs/application/third_party/omnipay/vendor/google/apiclient-services/src/Forms/UpdateSettingsRequest.php
OK	/htdocs/application/third_party/omnipay/vendor/google/apiclient-services/src/Games/AchievementIncrementResponse.php
OK	/htdocs/application/third_party/omnipay/vendor/google/apiclient-services/src/Games/Category.php
OK	/htdocs/application/third_party/omnipay/vendor/google/apiclient-services/src/Games/EventUpdateResponse.php
OK	/htdocs/application/third_party/omnipay/vendor/google/apiclient-services/src/Games/Leaderboard.php
OK	/htdocs/application/third_party/omnipay/vendor/google/apiclient-services/src/Games/PlayerEventListResponse.php
OK	/htdocs/application/third_party/omnipay/vendor/google/apiclient-services/src/Games/ProfileSettings.php
OK	/htdocs/application/third_party/omnipay/vendor/google/apiclient-services/src/Games/SnapshotListResponse.php
OK	/htdocs/application/third_party/omnipay/vendor/google/apiclient-services/src/Games/Resource/Recall.php
OK	/htdocs/application/third_party/omnipay/vendor/google/apiclient-services/src/GamesConfiguration/LeaderboardConfigurationDetail.php
OK	/htdocs/application/third_party/omnipay/vendor/google/apiclient-services/src/GameServices/CloudAuditOptions.php
OK	/htdocs/application/third_party/omnipay/vendor/google/apiclient-services/src/GameServices/FetchDeploymentStateResponse.php
OK	/htdocs/application/third_party/omnipay/vendor/google/apiclient-services/src/GameServices/ListGameServerClustersResponse.php
OK	/htdocs/application/third_party/omnipay/vendor/google/apiclient-services/src/GameServices/PreviewCreateGameServerClusterResponse.php
OK	/htdocs/application/third_party/omnipay/vendor/google/apiclient-services/src/GameServices/Status.php
OK	/htdocs/application/third_party/omnipay/vendor/google/apiclient-services/src/GameServices/Resource/ProjectsLocationsOperations.php
OK	/htdocs/application/third_party/omnipay/vendor/google/apiclient-services/src/GamesManagement/PlayerName.php
OK	/htdocs/application/third_party/omnipay/vendor/google/apiclient-services/src/Genomics/CancelOperationRequest.php
OK	/htdocs/application/third_party/omnipay/vendor/google/apiclient-services/src/Genomics/GenomicsEmpty.php
OK	/htdocs/application/third_party/omnipay/vendor/google/apiclient-services/src/Genomics/RunPipelineRequest.php
OK	/htdocs/application/third_party/omnipay/vendor/google/apiclient-services/src/Genomics/Resource/Pipelines.php
OK	/htdocs/application/third_party/omnipay/vendor/google/apiclient-services/src/GKEHub/AppDevExperienceStatus.php
OK	/htdocs/application/third_party/omnipay/vendor/google/apiclient-services/src/GKEHub/ClusterUpgradeGKEUpgradeFeatureCondition.php
OK	/htdocs/application/third_party/omnipay/vendor/google/apiclient-services/src/GKEHub/CommonFleetDefaultMemberConfigSpec.php
OK	/htdocs/application/third_party/omnipay/vendor/google/apiclient-services/src/GKEHub/ConfigManagementGitConfig.php
OK	/htdocs/application/third_party/omnipay/vendor/google/apiclient-services/src/GKEHub/ConfigManagementPolicyController.php
OK	/htdocs/application/third_party/omnipay/vendor/google/apiclient-services/src/GKEHub/DefaultClusterConfig.php
OK	/htdocs/application/third_party/omnipay/vendor/google/apiclient-services/src/GKEHub/FleetObservabilityFeatureState.php
OK	/htdocs/application/third_party/omnipay/vendor/google/apiclient-services/src/GKEHub/GkehubNamespace.php
OK	/htdocs/application/third_party/omnipay/vendor/google/apiclient-services/src/GKEHub/IdentityServiceSamlConfig.php
OK	/htdocs/application/third_party/omnipay/vendor/google/apiclient-services/src/GKEHub/ListFleetsResponse.php
OK	/htdocs/application/third_party/omnipay/vendor/google/apiclient-services/src/GKEHub/Location.php
OK	/htdocs/application/third_party/omnipay/vendor/google/apiclient-services/src/GKEHub/MonitoringConfig.php
OK	/htdocs/application/third_party/omnipay/vendor/google/apiclient-services/src/GKEHub/PolicyControllerMembershipSpec.php
OK	/htdocs/application/third_party/omnipay/vendor/google/apiclient-services/src/GKEHub/PolicyControllerSpec.php
OK	/htdocs/application/third_party/omnipay/vendor/google/apiclient-services/src/GKEHub/ScopeLifecycleState.php
OK	/htdocs/application/third_party/omnipay/vendor/google/apiclient-services/src/GKEHub/ServiceMeshType.php
OK	/htdocs/application/third_party/omnipay/vendor/google/apiclient-services/src/GKEHub/Resource/ProjectsLocations.php
OK	/htdocs/application/third_party/omnipay/vendor/google/apiclient-services/src/GKEOnPrem/BareMetalAdminApiServerArgument.php
OK	/htdocs/application/third_party/omnipay/vendor/google/apiclient-services/src/GKEOnPrem/BareMetalAdminManualLbConfig.php
OK	/htdocs/application/third_party/omnipay/vendor/google/apiclient-services/src/GKEOnPrem/BareMetalBgpPeerConfig.php
OK	/htdocs/application/third_party/omnipay/vendor/google/apiclient-services/src/GKEOnPrem/BareMetalLoadBalancerNodePoolConfig.php
OK	/htdocs/application/third_party/omnipay/vendor/google/apiclient-services/src/GKEOnPrem/BareMetalNodePool.php
OK	/htdocs/application/third_party/omnipay/vendor/google/apiclient-services/src/GKEOnPrem/BareMetalWorkloadNodeConfig.php
OK	/htdocs/application/third_party/omnipay/vendor/google/apiclient-services/src/GKEOnPrem/Expr.php
OK	/htdocs/application/third_party/omnipay/vendor/google/apiclient-services/src/GKEOnPrem/Metric.php
OK	/htdocs/application/third_party/omnipay/vendor/google/apiclient-services/src/GKEOnPrem/SetIamPolicyRequest.php
OK	/htdocs/application/third_party/omnipay/vendor/google/apiclient-services/src/GKEOnPrem/VmwareAdminAddonNodeConfig.php
OK	/htdocs/application/third_party/omnipay/vendor/google/apiclient-services/src/GKEOnPrem/VmwareAdminVCenterConfig.php
OK	/htdocs/application/third_party/omnipay/vendor/google/apiclient-services/src/GKEOnPrem/VmwareF5BigIpConfig.php
OK	/htdocs/application/third_party/omnipay/vendor/google/apiclient-services/src/GKEOnPrem/VmwareSeesawConfig.php
OK	/htdocs/application/third_party/omnipay/vendor/google/apiclient-services/src/GKEOnPrem/Resource/ProjectsLocationsBareMetalClusters.php
OK	/htdocs/application/third_party/omnipay/vendor/google/apiclient-services/src/GKEOnPrem/Resource/ProjectsLocationsVmwareClustersVmwareNodePoolsOperations.php
OK	/htdocs/application/third_party/omnipay/vendor/google/apiclient-services/src/Gmail/FilterAction.php
OK	/htdocs/application/third_party/omnipay/vendor/google/apiclient-services/src/Gmail/LabelColor.php
OK	/htdocs/application/third_party/omnipay/vendor/google/apiclient-services/src/Gmail/ListSmimeInfoResponse.php
OK	/htdocs/application/third_party/omnipay/vendor/google/apiclient-services/src/Gmail/SendAs.php
OK	/htdocs/application/third_party/omnipay/vendor/google/apiclient-services/src/Gmail/Resource/UsersMessages.php
OK	/htdocs/application/third_party/omnipay/vendor/google/apiclient-services/src/GoogleAnalyticsAdmin/GoogleAnalyticsAdminV1alphaAccessBetweenFilter.php
OK	/htdocs/application/third_party/omnipay/vendor/google/apiclient-services/src/GoogleAnalyticsAdmin/GoogleAnalyticsAdminV1alphaAccessNumericFilter.php
OK	/htdocs/application/third_party/omnipay/vendor/google/apiclient-services/src/GoogleAnalyticsAdmin/GoogleAnalyticsAdminV1alphaAndroidAppDataStream.php
OK	/htdocs/application/third_party/omnipay/vendor/google/apiclient-services/src/GoogleAnalyticsAdmin/GoogleAnalyticsAdminV1alphaAudienceDimensionOrMetricFilterNumericValue.php
OK	/htdocs/application/third_party/omnipay/vendor/google/apiclient-services/src/GoogleAnalyticsAdmin/GoogleAnalyticsAdminV1alphaAuditUserLinksResponse.php
OK	/htdocs/application/third_party/omnipay/vendor/google/apiclient-services/src/GoogleAnalyticsAdmin/GoogleAnalyticsAdminV1alphaCreateUserLinkRequest.php
OK	/htdocs/application/third_party/omnipay/vendor/google/apiclient-services/src/GoogleAnalyticsAdmin/GoogleAnalyticsAdminV1alphaEnhancedMeasurementSettings.php
OK	/htdocs/application/third_party/omnipay/vendor/google/apiclient-services/src/GoogleAnalyticsAdmin/GoogleAnalyticsAdminV1alphaLinkProposalStatusDetails.php
OK	/htdocs/application/third_party/omnipay/vendor/google/apiclient-services/src/GoogleAnalyticsAdmin/GoogleAnalyticsAdminV1alphaListGoogleAdsLinksResponse.php
OK	/htdocs/application/third_party/omnipay/vendor/google/apiclient-services/src/GoogleAnalyticsAdmin/GoogleAnalyticsAdminV1alphaProvisionAccountTicketResponse.php
OK	/htdocs/application/third_party/omnipay/vendor/google/apiclient-services/src/GoogleAnalyticsAdmin/GoogleAnalyticsAdminV1betaAccessDimensionHeader.php
OK	/htdocs/application/third_party/omnipay/vendor/google/apiclient-services/src/GoogleAnalyticsAdmin/GoogleAnalyticsAdminV1betaAccessOrderByMetricOrderBy.php
OK	/htdocs/application/third_party/omnipay/vendor/google/apiclient-services/src/GoogleAnalyticsAdmin/GoogleAnalyticsAdminV1betaChangeHistoryChangeChangeHistoryResource.php
OK	/htdocs/application/third_party/omnipay/vendor/google/apiclient-services/src/GoogleAnalyticsAdmin/GoogleAnalyticsAdminV1betaFirebaseLink.php
OK	/htdocs/application/third_party/omnipay/vendor/google/apiclient-services/src/GoogleAnalyticsAdmin/GoogleAnalyticsAdminV1betaListKeyEventsResponse.php
OK	/htdocs/application/third_party/omnipay/vendor/google/apiclient-services/src/GoogleAnalyticsAdmin/GoogleAnalyticsAdminV1betaSearchChangeHistoryEventsRequest.php
OK	/htdocs/application/third_party/omnipay/vendor/google/apiclient-services/src/GoogleAnalyticsAdmin/Resource/PropertiesCustomMetrics.php
OK	/htdocs/application/third_party/omnipay/vendor/google/apiclient-services/src/GoogleAnalyticsAdmin/Resource/PropertiesUserLinks.php
OK	/htdocs/application/third_party/omnipay/vendor/google/apiclient-services/src/GroupsMigration/Resource/Archive.php
OK	/htdocs/application/third_party/omnipay/vendor/google/apiclient-services/src/HangoutsChat/AttachmentDataRef.php
OK	/htdocs/application/third_party/omnipay/vendor/google/apiclient-services/src/HangoutsChat/CompleteImportSpaceRequest.php
OK	/htdocs/application/third_party/omnipay/vendor/google/apiclient-services/src/HangoutsChat/DynamiteIntegrationLogEntry.php
OK	/htdocs/application/third_party/omnipay/vendor/google/apiclient-services/src/HangoutsChat/GoogleAppsCardV1CardFixedFooter.php
OK	/htdocs/application/third_party/omnipay/vendor/google/apiclient-services/src/HangoutsChat/GoogleAppsCardV1ExtraData.php
OK	/htdocs/application/third_party/omnipay/vendor/google/apiclient-services/src/HangoutsChat/GoogleAppsCardV1OpenLink.php
OK	/htdocs/application/third_party/omnipay/vendor/google/apiclient-services/src/HangoutsChat/GoogleAppsCardV1Validation.php
OK	/htdocs/application/third_party/omnipay/vendor/google/apiclient-services/src/HangoutsChat/ListSpaceEventsResponse.php
OK	/htdocs/application/third_party/omnipay/vendor/google/apiclient-services/src/HangoutsChat/Message.php
OK	/htdocs/application/third_party/omnipay/vendor/google/apiclient-services/src/HangoutsChat/Reaction.php
OK	/htdocs/application/third_party/omnipay/vendor/google/apiclient-services/src/HangoutsChat/Space.php
OK	/htdocs/application/third_party/omnipay/vendor/google/apiclient-services/src/HangoutsChat/ThreadReadState.php
OK	/htdocs/application/third_party/omnipay/vendor/google/apiclient-services/src/HangoutsChat/Resource/Rooms.php
OK	/htdocs/application/third_party/omnipay/vendor/google/apiclient-services/src/HomeGraphService/AgentOtherDeviceId.php
OK	/htdocs/application/third_party/omnipay/vendor/google/apiclient-services/src/HomeGraphService/ReportStateAndNotificationResponse.php
OK	/htdocs/application/third_party/omnipay/vendor/google/apiclient-services/src/Iam/AuditData.php
OK	/htdocs/application/third_party/omnipay/vendor/google/apiclient-services/src/Iam/EnableServiceAccountRequest.php
OK	/htdocs/application/third_party/omnipay/vendor/google/apiclient-services/src/Iam/GoogleIamV2PolicyOperationMetadata.php
OK	/htdocs/application/third_party/omnipay/vendor/google/apiclient-services/src/Iam/LintResult.php
OK	/htdocs/application/third_party/omnipay/vendor/google/apiclient-services/src/Iam/PolicyDelta.php
OK	/htdocs/application/third_party/omnipay/vendor/google/apiclient-services/src/Iam/SetIamPolicyRequest.php
OK	/htdocs/application/third_party/omnipay/vendor/google/apiclient-services/src/Iam/UndeleteWorkloadIdentityPoolRequest.php
OK	/htdocs/application/third_party/omnipay/vendor/google/apiclient-services/src/Iam/Resource/LocationsWorkforcePoolsProvidersOperations.php
OK	/htdocs/application/third_party/omnipay/vendor/google/apiclient-services/src/Iam/Resource/ProjectsLocationsWorkloadIdentityPoolsProviders.php
OK	/htdocs/application/third_party/omnipay/vendor/google/apiclient-services/src/IAMCredentials/ServiceAccountAllowedLocations.php
OK	/htdocs/application/third_party/omnipay/vendor/google/apiclient-services/src/Ideahub/GoogleSearchIdeahubV1alphaListIdeasResponse.php
OK	/htdocs/application/third_party/omnipay/vendor/google/apiclient-services/src/Ideahub/Resource/Platforms.php
OK	/htdocs/application/third_party/omnipay/vendor/google/apiclient-services/src/IdentityToolkit/GetAccountInfoResponse.php
OK	/htdocs/application/third_party/omnipay/vendor/google/apiclient-services/src/IdentityToolkit/IdentitytoolkitRelyingpartySetAccountInfoRequest.php
OK	/htdocs/application/third_party/omnipay/vendor/google/apiclient-services/src/IdentityToolkit/IdpConfig.php
OK	/htdocs/application/third_party/omnipay/vendor/google/apiclient-services/src/IdentityToolkit/VerifyPasswordResponse.php
OK	/htdocs/application/third_party/omnipay/vendor/google/apiclient-services/src/IDS/Location.php
OK	/htdocs/application/third_party/omnipay/vendor/google/apiclient-services/src/Indexing/PublishUrlNotificationResponse.php
OK	/htdocs/application/third_party/omnipay/vendor/google/apiclient-services/src/Integrations/EnterpriseCrmEventbusAuthconfigAuthConfigTaskParam.php
OK	/htdocs/application/third_party/omnipay/vendor/google/apiclient-services/src/Integrations/EnterpriseCrmEventbusProtoCloudLoggingDetails.php
OK	/htdocs/application/third_party/omnipay/vendor/google/apiclient-services/src/Integrations/EnterpriseCrmEventbusProtoDoubleFunction.php
OK	/htdocs/application/third_party/omnipay/vendor/google/apiclient-services/src/Integrations/EnterpriseCrmEventbusProtoField.php
OK	/htdocs/application/third_party/omnipay/vendor/google/apiclient-services/src/Integrations/EnterpriseCrmEventbusProtoNextTask.php
OK	/htdocs/application/third_party/omnipay/vendor/google/apiclient-services/src/Integrations/EnterpriseCrmEventbusProtoParamSpecEntryValidationRuleDoubleRange.php
OK	/htdocs/application/third_party/omnipay/vendor/google/apiclient-services/src/Integrations/EnterpriseCrmEventbusProtoStringParameterArray.php
OK	/htdocs/application/third_party/omnipay/vendor/google/apiclient-services/src/Integrations/EnterpriseCrmEventbusProtoTaskMetadataAdmin.php
OK	/htdocs/application/third_party/omnipay/vendor/google/apiclient-services/src/Integrations/EnterpriseCrmFrontendsEventbusProtoBooleanParameterArray.php
OK	/htdocs/application/third_party/omnipay/vendor/google/apiclient-services/src/Integrations/EnterpriseCrmFrontendsEventbusProtoParameterValueType.php
OK	/htdocs/application/third_party/omnipay/vendor/google/apiclient-services/src/Integrations/EnterpriseCrmFrontendsEventbusProtoWorkflowParameters.php
OK	/htdocs/application/third_party/omnipay/vendor/google/apiclient-services/src/Integrations/GoogleCloudConnectorsV1ConfigVariable.php
OK	/htdocs/application/third_party/omnipay/vendor/google/apiclient-services/src/Integrations/GoogleCloudConnectorsV1EventingRuntimeDataWebhookSubscriptions.php
OK	/htdocs/application/third_party/omnipay/vendor/google/apiclient-services/src/Integrations/GoogleCloudIntegrationsV1alphaArchiveBundleRequest.php
OK	/htdocs/application/third_party/omnipay/vendor/google/apiclient-services/src/Integrations/GoogleCloudIntegrationsV1alphaCertificate.php
OK	/htdocs/application/third_party/omnipay/vendor/google/apiclient-services/src/Integrations/GoogleCloudIntegrationsV1alphaCreateBundleRequest.php
OK	/htdocs/application/third_party/omnipay/vendor/google/apiclient-services/src/Integrations/GoogleCloudIntegrationsV1alphaDownloadTemplateResponse.php
OK	/htdocs/application/third_party/omnipay/vendor/google/apiclient-services/src/Integrations/GoogleCloudIntegrationsV1alphaExecuteTestCasesResponse.php
OK	/htdocs/application/third_party/omnipay/vendor/google/apiclient-services/src/Integrations/GoogleCloudIntegrationsV1alphaGetClientMetadataResponse.php
OK	/htdocs/application/third_party/omnipay/vendor/google/apiclient-services/src/Integrations/GoogleCloudIntegrationsV1alphaIntegrationVersionTemplate.php
OK	/htdocs/application/third_party/omnipay/vendor/google/apiclient-services/src/Integrations/GoogleCloudIntegrationsV1alphaListIntegrationsResponse.php
OK	/htdocs/application/third_party/omnipay/vendor/google/apiclient-services/src/Integrations/GoogleCloudIntegrationsV1alphaMockConfig.php
OK	/htdocs/application/third_party/omnipay/vendor/google/apiclient-services/src/Integrations/GoogleCloudIntegrationsV1alphaOAuth2ResourceOwnerCredentials.php
OK	/htdocs/application/third_party/omnipay/vendor/google/apiclient-services/src/Integrations/GoogleCloudIntegrationsV1alphaResolveSuspensionRequest.php
OK	/htdocs/application/third_party/omnipay/vendor/google/apiclient-services/src/Integrations/GoogleCloudIntegrationsV1alphaStringParameterArray.php
OK	/htdocs/application/third_party/omnipay/vendor/google/apiclient-services/src/Integrations/GoogleCloudIntegrationsV1alphaTaskExecutionDetails.php
OK	/htdocs/application/third_party/omnipay/vendor/google/apiclient-services/src/Integrations/GoogleCloudIntegrationsV1alphaUpdateBundleRequest.php
OK	/htdocs/application/third_party/omnipay/vendor/google/apiclient-services/src/Integrations/GoogleCloudIntegrationsV1alphaValidateIntegrationVersionRequest.php
OK	/htdocs/application/third_party/omnipay/vendor/google/apiclient-services/src/Integrations/Resource/ProjectsLocationsAuthConfigs.php
OK	/htdocs/application/third_party/omnipay/vendor/google/apiclient-services/src/Integrations/Resource/ProjectsLocationsIntegrationsVersionsTestCases.php
OK	/htdocs/application/third_party/omnipay/vendor/google/apiclient-services/src/Integrations/Resource/ProjectsLocationsProductsIntegrationtemplatesVersions.php
OK	/htdocs/application/third_party/omnipay/vendor/google/apiclient-services/src/Keep/Group.php
OK	/htdocs/application/third_party/omnipay/vendor/google/apiclient-services/src/Keep/Resource/NotesPermissions.php
OK	/htdocs/application/third_party/omnipay/vendor/google/apiclient-services/src/Kmsinventory/GoogleCloudKmsV1KeyOperationAttestation.php
OK	/htdocs/application/third_party/omnipay/vendor/google/apiclient-services/src/Libraryagent/GoogleExampleLibraryagentV1Shelf.php
OK	/htdocs/application/third_party/omnipay/vendor/google/apiclient-services/src/Localservices/GoogleAdsHomeservicesLocalservicesV1MessageLead.php
OK	/htdocs/application/third_party/omnipay/vendor/google/apiclient-services/src/Logging/BucketMetadata.php
OK	/htdocs/application/third_party/omnipay/vendor/google/apiclient-services/src/Logging/Exponential.php
OK	/htdocs/application/third_party/omnipay/vendor/google/apiclient-services/src/Logging/ListLinksResponse.php
OK	/htdocs/application/third_party/omnipay/vendor/google/apiclient-services/src/Logging/ListViewsResponse.php
OK	/htdocs/application/third_party/omnipay/vendor/google/apiclient-services/src/Logging/LogMetric.php
OK	/htdocs/application/third_party/omnipay/vendor/google/apiclient-services/src/Logging/Policy.php
OK	/htdocs/application/third_party/omnipay/vendor/google/apiclient-services/src/Logging/TableSchema.php
OK	/htdocs/application/third_party/omnipay/vendor/google/apiclient-services/src/Logging/Resource/BillingAccountsExclusions.php
OK	/htdocs/application/third_party/omnipay/vendor/google/apiclient-services/src/Logging/Resource/Entries.php
OK	/htdocs/application/third_party/omnipay/vendor/google/apiclient-services/src/Logging/Resource/FoldersLocationsSavedQueries.php
OK	/htdocs/application/third_party/omnipay/vendor/google/apiclient-services/src/Logging/Resource/OrganizationsLocations.php
OK	/htdocs/application/third_party/omnipay/vendor/google/apiclient-services/src/Logging/Resource/ProjectsExclusions.php
OK	/htdocs/application/third_party/omnipay/vendor/google/apiclient-services/src/Logging/Resource/ProjectsSinks.php
OK	/htdocs/application/third_party/omnipay/vendor/google/apiclient-services/src/Looker/ExportEncryptionConfig.php
OK	/htdocs/application/third_party/omnipay/vendor/google/apiclient-services/src/Looker/Location.php
OK	/htdocs/application/third_party/omnipay/vendor/google/apiclient-services/src/Looker/SetIamPolicyRequest.php
OK	/htdocs/application/third_party/omnipay/vendor/google/apiclient-services/src/ManagedServiceforMicrosoftActiveDirectoryConsumerAPI/Backup.php
OK	/htdocs/application/third_party/omnipay/vendor/google/apiclient-services/src/ManagedServiceforMicrosoftActiveDirectoryConsumerAPI/DomainJoinMachineRequest.php
OK	/htdocs/application/third_party/omnipay/vendor/google/apiclient-services/src/ManagedServiceforMicrosoftActiveDirectoryConsumerAPI/GoogleCloudSaasacceleratorManagementProvidersV1NotificationParameter.php
OK	/htdocs/application/third_party/omnipay/vendor/google/apiclient-services/src/ManagedServiceforMicrosoftActiveDirectoryConsumerAPI/ListSqlIntegrationsResponse.php
OK	/htdocs/application/third_party/omnipay/vendor/google/apiclient-services/src/ManagedServiceforMicrosoftActiveDirectoryConsumerAPI/ResetAdminPasswordRequest.php
OK	/htdocs/application/third_party/omnipay/vendor/google/apiclient-services/src/ManagedServiceforMicrosoftActiveDirectoryConsumerAPI/ValidateTrustRequest.php
OK	/htdocs/application/third_party/omnipay/vendor/google/apiclient-services/src/ManufacturerCenter/Certification.php
OK	/htdocs/application/third_party/omnipay/vendor/google/apiclient-services/src/ManufacturerCenter/Nutrition.php
OK	/htdocs/application/third_party/omnipay/vendor/google/apiclient-services/src/MapsPlaces/GoogleMapsPlacesV1AddressDescriptorArea.php
OK	/htdocs/application/third_party/omnipay/vendor/google/apiclient-services/src/MapsPlaces/GoogleMapsPlacesV1AutocompletePlacesResponseSuggestionStructuredFormat.php
OK	/htdocs/application/third_party/omnipay/vendor/google/apiclient-services/src/MapsPlaces/GoogleMapsPlacesV1FuelOptionsFuelPrice.php
OK	/htdocs/application/third_party/omnipay/vendor/google/apiclient-services/src/MapsPlaces/GoogleMapsPlacesV1PlaceOpeningHours.php
OK	/htdocs/application/third_party/omnipay/vendor/google/apiclient-services/src/MapsPlaces/GoogleMapsPlacesV1RouteModifiers.php
OK	/htdocs/application/third_party/omnipay/vendor/google/apiclient-services/src/MapsPlaces/GoogleMapsPlacesV1SearchTextRequestSearchAlongRouteParameters.php
OK	/htdocs/application/third_party/omnipay/vendor/google/apiclient-services/src/Meet/DocsDestination.php
OK	/htdocs/application/third_party/omnipay/vendor/google/apiclient-services/src/Meet/PhoneUser.php
OK	/htdocs/application/third_party/omnipay/vendor/google/apiclient-services/src/Meet/Resource/ConferenceRecordsTranscriptsEntries.php
OK	/htdocs/application/third_party/omnipay/vendor/google/apiclient-services/src/Merchant/ItemIssueType.php
OK	/htdocs/application/third_party/omnipay/vendor/google/apiclient-services/src/Merchant/PriceInsightsProductView.php
OK	/htdocs/application/third_party/omnipay/vendor/google/apiclient-services/src/Merchant/SearchRequest.php
OK	/htdocs/application/third_party/omnipay/vendor/google/apiclient-services/src/MigrationCenterAPI/AggregationHistogram.php
OK	/htdocs/application/third_party/omnipay/vendor/google/apiclient-services/src/MigrationCenterAPI/AwsEc2PlatformDetails.php
OK	/htdocs/application/third_party/omnipay/vendor/google/apiclient-services/src/MigrationCenterAPI/CpuUsageSample.php
OK	/htdocs/application/third_party/omnipay/vendor/google/apiclient-services/src/MigrationCenterAPI/DatabaseInstance.php
OK	/htdocs/application/third_party/omnipay/vendor/google/apiclient-services/src/MigrationCenterAPI/DiskUsageSample.php
OK	/htdocs/application/third_party/omnipay/vendor/google/apiclient-services/src/MigrationCenterAPI/GoogleKubernetesEngineMigrationTarget.php
OK	/htdocs/application/third_party/omnipay/vendor/google/apiclient-services/src/MigrationCenterAPI/ImportRowError.php
OK	/htdocs/application/third_party/omnipay/vendor/google/apiclient-services/src/MigrationCenterAPI/ListImportJobsResponse.php
OK	/htdocs/application/third_party/omnipay/vendor/google/apiclient-services/src/MigrationCenterAPI/MachineNetworkDetails.php
OK	/htdocs/application/third_party/omnipay/vendor/google/apiclient-services/src/MigrationCenterAPI/MySqlVariable.php
OK	/htdocs/application/third_party/omnipay/vendor/google/apiclient-services/src/MigrationCenterAPI/Operation.php
OK	/htdocs/application/third_party/omnipay/vendor/google/apiclient-services/src/MigrationCenterAPI/RegionPreferences.php
OK	/htdocs/application/third_party/omnipay/vendor/google/apiclient-services/src/MigrationCenterAPI/ReportSummaryGroupFinding.php
OK	/htdocs/application/third_party/omnipay/vendor/google/apiclient-services/src/MigrationCenterAPI/RunImportJobRequest.php
OK	/htdocs/application/third_party/omnipay/vendor/google/apiclient-services/src/MigrationCenterAPI/SqlServerDatabaseDeployment.php
OK	/htdocs/application/third_party/omnipay/vendor/google/apiclient-services/src/MigrationCenterAPI/VirtualMachineDetails.php
OK	/htdocs/application/third_party/omnipay/vendor/google/apiclient-services/src/MigrationCenterAPI/Resource/ProjectsLocationsGroups.php
OK	/htdocs/application/third_party/omnipay/vendor/google/apiclient-services/src/Monitoring/AlertStrategy.php
OK	/htdocs/application/third_party/omnipay/vendor/google/apiclient-services/src/Monitoring/CollectdPayload.php
OK	/htdocs/application/third_party/omnipay/vendor/google/apiclient-services/src/Monitoring/Daily.php
OK	/htdocs/application/third_party/omnipay/vendor/google/apiclient-services/src/Monitoring/GetNotificationChannelVerificationCodeResponse.php
OK	/htdocs/application/third_party/omnipay/vendor/google/apiclient-services/src/Monitoring/LabelValue.php
OK	/htdocs/application/third_party/omnipay/vendor/google/apiclient-services/src/Monitoring/ListServicesResponse.php
OK	/htdocs/application/third_party/omnipay/vendor/google/apiclient-services/src/Monitoring/MetricThreshold.php
OK	/htdocs/application/third_party/omnipay/vendor/google/apiclient-services/src/Monitoring/OperationMetadata.php
OK	/htdocs/application/third_party/omnipay/vendor/google/apiclient-services/src/Monitoring/ResponseStatusCode.php
OK	/htdocs/application/third_party/omnipay/vendor/google/apiclient-services/src/Monitoring/SyntheticMonitorTarget.php
OK	/htdocs/application/third_party/omnipay/vendor/google/apiclient-services/src/Monitoring/UptimeCheckConfig.php
OK	/htdocs/application/third_party/omnipay/vendor/google/apiclient-services/src/Monitoring/Resource/ProjectsGroups.php
OK	/htdocs/application/third_party/omnipay/vendor/google/apiclient-services/src/MyBusinessAccountManagement/AcceptInvitationRequest.php
OK	/htdocs/application/third_party/omnipay/vendor/google/apiclient-services/src/MyBusinessAccountManagement/TargetLocation.php
OK	/htdocs/application/third_party/omnipay/vendor/google/apiclient-services/src/MyBusinessBusinessCalls/ListBusinessCallsInsightsResponse.php
OK	/htdocs/application/third_party/omnipay/vendor/google/apiclient-services/src/MyBusinessBusinessInformation/Categories.php
OK	/htdocs/application/third_party/omnipay/vendor/google/apiclient-services/src/MyBusinessBusinessInformation/ListAttributeMetadataResponse.php
OK	/htdocs/application/third_party/omnipay/vendor/google/apiclient-services/src/MyBusinessBusinessInformation/Places.php
OK	/htdocs/application/third_party/omnipay/vendor/google/apiclient-services/src/MyBusinessBusinessInformation/SpecialHourPeriod.php
OK	/htdocs/application/third_party/omnipay/vendor/google/apiclient-services/src/MyBusinessBusinessInformation/Resource/Locations.php
OK	/htdocs/application/third_party/omnipay/vendor/google/apiclient-services/src/MyBusinessLodging/GuestUnitFeatures.php
OK	/htdocs/application/third_party/omnipay/vendor/google/apiclient-services/src/MyBusinessLodging/Lodging.php
OK	/htdocs/application/third_party/omnipay/vendor/google/apiclient-services/src/MyBusinessLodging/Sustainability.php
OK	/htdocs/application/third_party/omnipay/vendor/google/apiclient-services/src/MyBusinessNotificationSettings/Resource/Accounts.php
OK	/htdocs/application/third_party/omnipay/vendor/google/apiclient-services/src/MyBusinessPlaceActions/OrderOnlineMetadata.php
OK	/htdocs/application/third_party/omnipay/vendor/google/apiclient-services/src/MyBusinessQA/UpsertAnswerRequest.php
OK	/htdocs/application/third_party/omnipay/vendor/google/apiclient-services/src/MyBusinessVerifications/GenerateVerificationTokenResponse.php
OK	/htdocs/application/third_party/omnipay/vendor/google/apiclient-services/src/MyBusinessVerifications/VoiceOfMerchantState.php
OK	/htdocs/application/third_party/omnipay/vendor/google/apiclient-services/src/NetAppFiles/CancelOperationRequest.php
OK	/htdocs/application/third_party/omnipay/vendor/google/apiclient-services/src/NetAppFiles/HybridPeeringDetails.php
OK	/htdocs/application/third_party/omnipay/vendor/google/apiclient-services/src/NetAppFiles/ListReplicationsResponse.php
OK	/htdocs/application/third_party/omnipay/vendor/google/apiclient-services/src/NetAppFiles/PlacerLocation.php
OK	/htdocs/application/third_party/omnipay/vendor/google/apiclient-services/src/NetAppFiles/SpannerLocation.php
OK	/htdocs/application/third_party/omnipay/vendor/google/apiclient-services/src/NetAppFiles/Volume.php
OK	/htdocs/application/third_party/omnipay/vendor/google/apiclient-services/src/NetAppFiles/Resource/ProjectsLocationsVolumes.php
OK	/htdocs/application/third_party/omnipay/vendor/google/apiclient-services/src/Networkconnectivity/BillingView.php
OK	/htdocs/application/third_party/omnipay/vendor/google/apiclient-services/src/Networkconnectivity/GoogleLongrunningOperation.php
OK	/htdocs/application/third_party/omnipay/vendor/google/apiclient-services/src/Networkconnectivity/LinkedRouterApplianceInstances.php
OK	/htdocs/application/third_party/omnipay/vendor/google/apiclient-services/src/Networkconnectivity/ListServiceClassesResponse.php
OK	/htdocs/application/third_party/omnipay/vendor/google/apiclient-services/src/Networkconnectivity/Migration.php
OK	/htdocs/application/third_party/omnipay/vendor/google/apiclient-services/src/Networkconnectivity/PscConfig.php
OK	/htdocs/application/third_party/omnipay/vendor/google/apiclient-services/src/Networkconnectivity/RouterApplianceInstance.php
OK	/htdocs/application/third_party/omnipay/vendor/google/apiclient-services/src/Networkconnectivity/SpokeTypeCount.php
OK	/htdocs/application/third_party/omnipay/vendor/google/apiclient-services/src/Networkconnectivity/Resource/ProjectsLocationsNetworkconnectivityGlobalHubs.php
OK	/htdocs/application/third_party/omnipay/vendor/google/apiclient-services/src/NetworkManagement/AbortInfo.php
OK	/htdocs/application/third_party/omnipay/vendor/google/apiclient-services/src/NetworkManagement/ConnectivityTest.php
OK	/htdocs/application/third_party/omnipay/vendor/google/apiclient-services/src/NetworkManagement/InstanceInfo.php
OK	/htdocs/application/third_party/omnipay/vendor/google/apiclient-services/src/NetworkManagement/NetworkInfo.php
OK	/htdocs/application/third_party/omnipay/vendor/google/apiclient-services/src/NetworkManagement/ServerlessNegInfo.php
OK	/htdocs/application/third_party/omnipay/vendor/google/apiclient-services/src/NetworkManagement/Resource/Projects.php
OK	/htdocs/application/third_party/omnipay/vendor/google/apiclient-services/src/NetworkSecurity/AuthzPolicyAuthzRuleFrom.php
OK	/htdocs/application/third_party/omnipay/vendor/google/apiclient-services/src/NetworkSecurity/AuthzPolicyTarget.php
OK	/htdocs/application/third_party/omnipay/vendor/google/apiclient-services/src/NetworkSecurity/GatewaySecurityPolicy.php
OK	/htdocs/application/third_party/omnipay/vendor/google/apiclient-services/src/NetworkSecurity/GoogleIamV1TestIamPermissionsResponse.php
OK	/htdocs/application/third_party/omnipay/vendor/google/apiclient-services/src/NetworkSecurity/ListLocationsResponse.php
OK	/htdocs/application/third_party/omnipay/vendor/google/apiclient-services/src/NetworkSecurity/MirroringDeployment.php
OK	/htdocs/application/third_party/omnipay/vendor/google/apiclient-services/src/NetworkSecurity/Rule.php
OK	/htdocs/application/third_party/omnipay/vendor/google/apiclient-services/src/NetworkSecurity/Resource/Organizations.php
OK	/htdocs/application/third_party/omnipay/vendor/google/apiclient-services/src/NetworkSecurity/Resource/ProjectsLocationsClientTlsPolicies.php
OK	/htdocs/application/third_party/omnipay/vendor/google/apiclient-services/src/NetworkServices/AuditConfig.php
OK	/htdocs/application/third_party/omnipay/vendor/google/apiclient-services/src/NetworkServices/ExtensionChainMatchCondition.php
OK	/htdocs/application/third_party/omnipay/vendor/google/apiclient-services/src/NetworkServices/GrpcRouteRouteMatch.php
OK	/htdocs/application/third_party/omnipay/vendor/google/apiclient-services/src/NetworkServices/HttpRouteHttpDirectResponse.php
OK	/htdocs/application/third_party/omnipay/vendor/google/apiclient-services/src/NetworkServices/ListAuthzExtensionsResponse.php
OK	/htdocs/application/third_party/omnipay/vendor/google/apiclient-services/src/NetworkServices/ListServiceBindingsResponse.php
OK	/htdocs/application/third_party/omnipay/vendor/google/apiclient-services/src/NetworkServices/OperationMetadata.php
OK	/htdocs/application/third_party/omnipay/vendor/google/apiclient-services/src/NetworkServices/TcpRouteRouteMatch.php
OK	/htdocs/application/third_party/omnipay/vendor/google/apiclient-services/src/NetworkServices/WasmPluginUsedBy.php
OK	/htdocs/application/third_party/omnipay/vendor/google/apiclient-services/src/NetworkServices/Resource/ProjectsLocationsGrpcRoutes.php
OK	/htdocs/application/third_party/omnipay/vendor/google/apiclient-services/src/NetworkServices/Resource/ProjectsLocationsServiceBindings.php
OK	/htdocs/application/third_party/omnipay/vendor/google/apiclient-services/src/OnDemandScanning/AnalysisCompleted.php
OK	/htdocs/application/third_party/omnipay/vendor/google/apiclient-services/src/OnDemandScanning/BuilderConfig.php
OK	/htdocs/application/third_party/omnipay/vendor/google/apiclient-services/src/OnDemandScanning/DiscoveryOccurrence.php
OK	/htdocs/application/third_party/omnipay/vendor/google/apiclient-services/src/OnDemandScanning/GrafeasV1SlsaProvenance02SlsaBuilder.php
OK	/htdocs/application/third_party/omnipay/vendor/google/apiclient-services/src/OnDemandScanning/Hash.php
OK	/htdocs/application/third_party/omnipay/vendor/google/apiclient-services/src/OnDemandScanning/ListOperationsResponse.php
OK	/htdocs/application/third_party/omnipay/vendor/google/apiclient-services/src/OnDemandScanning/PackageOccurrence.php
OK	/htdocs/application/third_party/omnipay/vendor/google/apiclient-services/src/OnDemandScanning/SBOMReferenceOccurrence.php
OK	/htdocs/application/third_party/omnipay/vendor/google/apiclient-services/src/OnDemandScanning/SourceContext.php
OK	/htdocs/application/third_party/omnipay/vendor/google/apiclient-services/src/OnDemandScanning/Resource/ProjectsLocationsOperations.php
OK	/htdocs/application/third_party/omnipay/vendor/google/apiclient-services/src/OracleDatabase/AutonomousDatabaseStandbySummary.php
OK	/htdocs/application/third_party/omnipay/vendor/google/apiclient-services/src/OracleDatabase/DbNodeProperties.php
OK	/htdocs/application/third_party/omnipay/vendor/google/apiclient-services/src/OracleDatabase/ListCloudExadataInfrastructuresResponse.php
OK	/htdocs/application/third_party/omnipay/vendor/google/apiclient-services/src/OracleDatabase/Operation.php
OK	/htdocs/application/third_party/omnipay/vendor/google/apiclient-services/src/OracleDatabase/Resource/ProjectsLocationsAutonomousDatabases.php
OK	/htdocs/application/third_party/omnipay/vendor/google/apiclient-services/src/OrgPolicyAPI/GoogleCloudOrgpolicyV2ConstraintBooleanConstraint.php
OK	/htdocs/application/third_party/omnipay/vendor/google/apiclient-services/src/OrgPolicyAPI/GoogleCloudOrgpolicyV2PolicySpec.php
OK	/htdocs/application/third_party/omnipay/vendor/google/apiclient-services/src/OrgPolicyAPI/Resource/Projects.php
OK	/htdocs/application/third_party/omnipay/vendor/google/apiclient-services/src/OSConfig/GcsObject.php
OK	/htdocs/application/third_party/omnipay/vendor/google/apiclient-services/src/OSConfig/InventoryWindowsUpdatePackageWindowsUpdateCategory.php
OK	/htdocs/application/third_party/omnipay/vendor/google/apiclient-services/src/OSConfig/OneTimeSchedule.php
OK	/htdocs/application/third_party/omnipay/vendor/google/apiclient-services/src/OSConfig/OSPolicyAssignmentReportOSPolicyComplianceOSPolicyResourceComplianceExecResourceOutput.php
OK	/htdocs/application/third_party/omnipay/vendor/google/apiclient-services/src/OSConfig/OSPolicyResourcePackageResource.php
OK	/htdocs/application/third_party/omnipay/vendor/google/apiclient-services/src/OSConfig/OSPolicyResourceRepositoryResourceZypperRepository.php
OK	/htdocs/application/third_party/omnipay/vendor/google/apiclient-services/src/OSConfig/ResumePatchDeploymentRequest.php
OK	/htdocs/application/third_party/omnipay/vendor/google/apiclient-services/src/OSConfig/YumSettings.php
OK	/htdocs/application/third_party/omnipay/vendor/google/apiclient-services/src/OSConfig/Resource/ProjectsLocationsOsPolicyAssignmentsOperations.php
OK	/htdocs/application/third_party/omnipay/vendor/google/apiclient-services/src/PagespeedInsights/LighthouseAuditResultV5.php
OK	/htdocs/application/third_party/omnipay/vendor/google/apiclient-services/src/PagespeedInsights/Resource/Pagespeedapi.php
OK	/htdocs/application/third_party/omnipay/vendor/google/apiclient-services/src/Parallelstore/Operation.php
OK	/htdocs/application/third_party/omnipay/vendor/google/apiclient-services/src/PaymentsResellerSubscription/GoogleCloudPaymentsResellerSubscriptionV1CreateSubscriptionIntent.php
OK	/htdocs/application/third_party/omnipay/vendor/google/apiclient-services/src/PaymentsResellerSubscription/GoogleCloudPaymentsResellerSubscriptionV1GenerateUserSessionRequest.php
OK	/htdocs/application/third_party/omnipay/vendor/google/apiclient-services/src/PaymentsResellerSubscription/GoogleCloudPaymentsResellerSubscriptionV1ProductPriceConfig.php
OK	/htdocs/application/third_party/omnipay/vendor/google/apiclient-services/src/PaymentsResellerSubscription/GoogleCloudPaymentsResellerSubscriptionV1SubscriptionUpgradeDowngradeDetails.php
OK	/htdocs/application/third_party/omnipay/vendor/google/apiclient-services/src/PaymentsResellerSubscription/Resource/PartnersUserSessions.php
OK	/htdocs/application/third_party/omnipay/vendor/google/apiclient-services/src/PeopleService/CalendarUrl.php
OK	/htdocs/application/third_party/omnipay/vendor/google/apiclient-services/src/PeopleService/DomainMembership.php
OK	/htdocs/application/third_party/omnipay/vendor/google/apiclient-services/src/PeopleService/ListContactGroupsResponse.php
OK	/htdocs/application/third_party/omnipay/vendor/google/apiclient-services/src/PeopleService/Organization.php
OK	/htdocs/application/third_party/omnipay/vendor/google/apiclient-services/src/PeopleService/SearchDirectoryPeopleResponse.php
OK	/htdocs/application/third_party/omnipay/vendor/google/apiclient-services/src/PeopleService/UserDefined.php
OK	/htdocs/application/third_party/omnipay/vendor/google/apiclient-services/src/PlayableLocations/GoogleMapsPlayablelocationsV3SampleAreaFilter.php
OK	/htdocs/application/third_party/omnipay/vendor/google/apiclient-services/src/Playcustomapp/Organization.php
OK	/htdocs/application/third_party/omnipay/vendor/google/apiclient-services/src/Playdeveloperreporting/GooglePlayDeveloperReportingV1beta1ErrorCountMetricSet.php
OK	/htdocs/application/third_party/omnipay/vendor/google/apiclient-services/src/Playdeveloperreporting/GooglePlayDeveloperReportingV1beta1QueryAnrRateMetricSetResponse.php
OK	/htdocs/application/third_party/omnipay/vendor/google/apiclient-services/src/Playdeveloperreporting/GooglePlayDeveloperReportingV1beta1QueryStuckBackgroundWakelockRateMetricSetResponse.php
OK	/htdocs/application/third_party/omnipay/vendor/google/apiclient-services/src/Playdeveloperreporting/GoogleTypeDecimal.php
OK	/htdocs/application/third_party/omnipay/vendor/google/apiclient-services/src/Playdeveloperreporting/Resource/VitalsSlowrenderingrate.php
OK	/htdocs/application/third_party/omnipay/vendor/google/apiclient-services/src/PlayIntegrity/AccountDetails.php
OK	/htdocs/application/third_party/omnipay/vendor/google/apiclient-services/src/PlayIntegrity/RequestDetails.php
OK	/htdocs/application/third_party/omnipay/vendor/google/apiclient-services/src/PolicyAnalyzer/GoogleCloudPolicyanalyzerV1QueryActivityResponse.php
OK	/htdocs/application/third_party/omnipay/vendor/google/apiclient-services/src/PolicyAnalyzer/Resource/ProjectsLocationsActivityTypesActivities.php
OK	/htdocs/application/third_party/omnipay/vendor/google/apiclient-services/src/PolicySimulator/GoogleCloudPolicysimulatorV1alphaOrgPolicyOverlayCustomConstraintOverlay.php
OK	/htdocs/application/third_party/omnipay/vendor/google/apiclient-services/src/PolicySimulator/GoogleCloudPolicysimulatorV1betaOrgPolicyOverlayPolicyOverlay.php
OK	/htdocs/application/third_party/omnipay/vendor/google/apiclient-services/src/PolicySimulator/GoogleCloudPolicysimulatorV1OrgPolicyOverlayPolicyOverlay.php
OK	/htdocs/application/third_party/omnipay/vendor/google/apiclient-services/src/PolicySimulator/GoogleIamV1AuditLogConfig.php
OK	/htdocs/application/third_party/omnipay/vendor/google/apiclient-services/src/PolicySimulator/Resource/FoldersLocationsReplays.php
OK	/htdocs/application/third_party/omnipay/vendor/google/apiclient-services/src/PolicySimulator/Resource/Projects.php
OK	/htdocs/application/third_party/omnipay/vendor/google/apiclient-services/src/PolicyTroubleshooter/GoogleCloudPolicytroubleshooterV1TroubleshootIamPolicyResponse.php
OK	/htdocs/application/third_party/omnipay/vendor/google/apiclient-services/src/Pollen/IndexInfo.php
OK	/htdocs/application/third_party/omnipay/vendor/google/apiclient-services/src/PolyService/ImageError.php
OK	/htdocs/application/third_party/omnipay/vendor/google/apiclient-services/src/PolyService/Resource/Users.php
OK	/htdocs/application/third_party/omnipay/vendor/google/apiclient-services/src/PublicCertificateAuthority/ExternalAccountKey.php
OK	/htdocs/application/third_party/omnipay/vendor/google/apiclient-services/src/Pubsub/Binding.php
OK	/htdocs/application/third_party/omnipay/vendor/google/apiclient-services/src/Pubsub/ListSchemaRevisionsResponse.php
OK	/htdocs/application/third_party/omnipay/vendor/google/apiclient-services/src/Pubsub/OidcToken.php
OK	/htdocs/application/third_party/omnipay/vendor/google/apiclient-services/src/Pubsub/ReceivedMessage.php
OK	/htdocs/application/third_party/omnipay/vendor/google/apiclient-services/src/Pubsub/TextConfig.php
OK	/htdocs/application/third_party/omnipay/vendor/google/apiclient-services/src/Pubsub/Resource/ProjectsSnapshots.php
OK	/htdocs/application/third_party/omnipay/vendor/google/apiclient-services/src/PubsubLite/ComputeMessageStatsResponse.php
OK	/htdocs/application/third_party/omnipay/vendor/google/apiclient-services/src/PubsubLite/ListTopicSubscriptionsResponse.php
OK	/htdocs/application/third_party/omnipay/vendor/google/apiclient-services/src/PubsubLite/Status.php
OK	/htdocs/application/third_party/omnipay/vendor/google/apiclient-services/src/PubsubLite/Resource/AdminProjectsLocationsTopics.php
OK	/htdocs/application/third_party/omnipay/vendor/google/apiclient-services/src/RapidMigrationAssessment/CancelOperationRequest.php
OK	/htdocs/application/third_party/omnipay/vendor/google/apiclient-services/src/RapidMigrationAssessment/ResumeCollectorRequest.php
OK	/htdocs/application/third_party/omnipay/vendor/google/apiclient-services/src/RealTimeBidding/AdTechnologyProviders.php
OK	/htdocs/application/third_party/omnipay/vendor/google/apiclient-services/src/RealTimeBidding/CreativeServingDecision.php
OK	/htdocs/application/third_party/omnipay/vendor/google/apiclient-services/src/RealTimeBidding/HttpCookieEvidence.php
OK	/htdocs/application/third_party/omnipay/vendor/google/apiclient-services/src/RealTimeBidding/OpenUserListRequest.php
OK	/htdocs/application/third_party/omnipay/vendor/google/apiclient-services/src/RealTimeBidding/UrlDownloadSize.php
OK	/htdocs/application/third_party/omnipay/vendor/google/apiclient-services/src/RealTimeBidding/Resource/Buyers.php
OK	/htdocs/application/third_party/omnipay/vendor/google/apiclient-services/src/RecaptchaEnterprise/GoogleCloudRecaptchaenterpriseV1AssessmentEnvironment.php
OK	/htdocs/application/third_party/omnipay/vendor/google/apiclient-services/src/RecaptchaEnterprise/GoogleCloudRecaptchaenterpriseV1FirewallPolicy.php
OK	/htdocs/application/third_party/omnipay/vendor/google/apiclient-services/src/RecaptchaEnterprise/GoogleCloudRecaptchaenterpriseV1ListFirewallPoliciesResponse.php
OK	/htdocs/application/third_party/omnipay/vendor/google/apiclient-services/src/RecaptchaEnterprise/GoogleCloudRecaptchaenterpriseV1RemoveIpOverrideResponse.php
OK	/htdocs/application/third_party/omnipay/vendor/google/apiclient-services/src/RecaptchaEnterprise/GoogleCloudRecaptchaenterpriseV1TransactionData.php
OK	/htdocs/application/third_party/omnipay/vendor/google/apiclient-services/src/RecaptchaEnterprise/Resource/Projects.php
OK	/htdocs/application/third_party/omnipay/vendor/google/apiclient-services/src/RecommendationsAI/GoogleCloudRecommendationengineV1beta1BigQuerySource.php
OK	/htdocs/application/third_party/omnipay/vendor/google/apiclient-services/src/RecommendationsAI/GoogleCloudRecommendationengineV1beta1Image.php
OK	/htdocs/application/third_party/omnipay/vendor/google/apiclient-services/src/RecommendationsAI/GoogleCloudRecommendationengineV1beta1PredictionApiKeyRegistration.php
OK	/htdocs/application/third_party/omnipay/vendor/google/apiclient-services/src/RecommendationsAI/GoogleCloudRecommendationengineV1beta1PurgeUserEventsResponse.php
OK	/htdocs/application/third_party/omnipay/vendor/google/apiclient-services/src/RecommendationsAI/Resource/Projects.php
OK	/htdocs/application/third_party/omnipay/vendor/google/apiclient-services/src/Recommender/GoogleCloudRecommenderV1Insight.php
OK	/htdocs/application/third_party/omnipay/vendor/google/apiclient-services/src/Recommender/GoogleCloudRecommenderV1Operation.php
OK	/htdocs/application/third_party/omnipay/vendor/google/apiclient-services/src/Recommender/GoogleTypeMoney.php
OK	/htdocs/application/third_party/omnipay/vendor/google/apiclient-services/src/Recommender/Resource/FoldersLocationsRecommendersRecommendations.php
OK	/htdocs/application/third_party/omnipay/vendor/google/apiclient-services/src/Recommender/Resource/ProjectsLocationsRecommendersRecommendations.php
OK	/htdocs/application/third_party/omnipay/vendor/google/apiclient-services/src/RemoteBuildExecution/BuildBazelRemoteExecutionV2Command.php
OK	/htdocs/application/third_party/omnipay/vendor/google/apiclient-services/src/RemoteBuildExecution/BuildBazelRemoteExecutionV2FindMissingBlobsRequest.php
OK	/htdocs/application/third_party/omnipay/vendor/google/apiclient-services/src/RemoteBuildExecution/BuildBazelRemoteExecutionV2PriorityCapabilitiesPriorityRange.php
OK	/htdocs/application/third_party/omnipay/vendor/google/apiclient-services/src/RemoteBuildExecution/GoogleDevtoolsRemotebuildbotResourceUsage.php
OK	/htdocs/application/third_party/omnipay/vendor/google/apiclient-services/src/RemoteBuildExecution/GoogleDevtoolsRemotebuildexecutionAdminV1alphaGetWorkerPoolRequest.php
OK	/htdocs/application/third_party/omnipay/vendor/google/apiclient-services/src/RemoteBuildExecution/GoogleDevtoolsRemoteworkersV1test2CommandOutputs.php
OK	/htdocs/application/third_party/omnipay/vendor/google/apiclient-services/src/RemoteBuildExecution/GoogleLongrunningOperation.php
OK	/htdocs/application/third_party/omnipay/vendor/google/apiclient-services/src/Reports/ActivityEventsParametersMessageValue.php
OK	/htdocs/application/third_party/omnipay/vendor/google/apiclient-services/src/Reports/Resource/Channels.php
OK	/htdocs/application/third_party/omnipay/vendor/google/apiclient-services/src/Reseller/Subscription.php
OK	/htdocs/application/third_party/omnipay/vendor/google/apiclient-services/src/ResourceSettings/GoogleCloudResourcesettingsV1Value.php
OK	/htdocs/application/third_party/omnipay/vendor/google/apiclient-services/src/SA360/GoogleAdsSearchads360V0CommonAgeRangeInfo.php
OK	/htdocs/application/third_party/omnipay/vendor/google/apiclient-services/src/SA360/GoogleAdsSearchads360V0CommonImageDimension.php
OK	/htdocs/application/third_party/omnipay/vendor/google/apiclient-services/src/SA360/GoogleAdsSearchads360V0CommonMetrics.php
OK	/htdocs/application/third_party/omnipay/vendor/google/apiclient-services/src/SA360/GoogleAdsSearchads360V0CommonTargetImpressionShare.php
OK	/htdocs/application/third_party/omnipay/vendor/google/apiclient-services/src/SA360/GoogleAdsSearchads360V0CommonUnifiedSitelinkAsset.php
OK	/htdocs/application/third_party/omnipay/vendor/google/apiclient-services/src/SA360/GoogleAdsSearchads360V0ErrorsSearchAds360Failure.php
OK	/htdocs/application/third_party/omnipay/vendor/google/apiclient-services/src/SA360/GoogleAdsSearchads360V0ResourcesAdGroupAdLabel.php
OK	/htdocs/application/third_party/omnipay/vendor/google/apiclient-services/src/SA360/GoogleAdsSearchads360V0ResourcesAgeRangeView.php
OK	/htdocs/application/third_party/omnipay/vendor/google/apiclient-services/src/SA360/GoogleAdsSearchads360V0ResourcesCampaign.php
OK	/htdocs/application/third_party/omnipay/vendor/google/apiclient-services/src/SA360/GoogleAdsSearchads360V0ResourcesCampaignSelectiveOptimization.php
OK	/htdocs/application/third_party/omnipay/vendor/google/apiclient-services/src/SA360/GoogleAdsSearchads360V0ResourcesCustomColumn.php
OK	/htdocs/application/third_party/omnipay/vendor/google/apiclient-services/src/SA360/GoogleAdsSearchads360V0ResourcesLanguageConstant.php
OK	/htdocs/application/third_party/omnipay/vendor/google/apiclient-services/src/SA360/GoogleAdsSearchads360V0ResourcesProductGroupView.php
OK	/htdocs/application/third_party/omnipay/vendor/google/apiclient-services/src/SA360/GoogleAdsSearchads360V0ServicesRawEventConversionDimensionHeader.php
OK	/htdocs/application/third_party/omnipay/vendor/google/apiclient-services/src/SA360/Resource/SearchAds360Fields.php
OK	/htdocs/application/third_party/omnipay/vendor/google/apiclient-services/src/Safebrowsing/GoogleSecuritySafebrowsingV4ClientInfo.php
OK	/htdocs/application/third_party/omnipay/vendor/google/apiclient-services/src/Safebrowsing/GoogleSecuritySafebrowsingV4RawIndices.php
OK	/htdocs/application/third_party/omnipay/vendor/google/apiclient-services/src/Safebrowsing/GoogleSecuritySafebrowsingV5FullHash.php
OK	/htdocs/application/third_party/omnipay/vendor/google/apiclient-services/src/Safebrowsing/ThreatEntryMetadata.php
OK	/htdocs/application/third_party/omnipay/vendor/google/apiclient-services/src/Safebrowsing/Resource/ThreatHits.php
OK	/htdocs/application/third_party/omnipay/vendor/google/apiclient-services/src/Sasportal/SasPortalDeviceAirInterface.php
OK	/htdocs/application/third_party/omnipay/vendor/google/apiclient-services/src/Sasportal/SasPortalInstallationParams.php
OK	/htdocs/application/third_party/omnipay/vendor/google/apiclient-services/src/Sasportal/SasPortalMoveNodeRequest.php
OK	/htdocs/application/third_party/omnipay/vendor/google/apiclient-services/src/Sasportal/SasPortalSignDeviceRequest.php
OK	/htdocs/application/third_party/omnipay/vendor/google/apiclient-services/src/Sasportal/Resource/CustomersNodesDeployments.php
OK	/htdocs/application/third_party/omnipay/vendor/google/apiclient-services/src/Sasportal/Resource/NodesNodesDevices.php
OK	/htdocs/application/third_party/omnipay/vendor/google/apiclient-services/src/SASPortalTesting/SasPortalDeviceConfig.php
OK	/htdocs/application/third_party/omnipay/vendor/google/apiclient-services/src/SASPortalTesting/SasPortalListCustomersResponse.php
OK	/htdocs/application/third_party/omnipay/vendor/google/apiclient-services/src/SASPortalTesting/SasPortalNode.php
OK	/htdocs/application/third_party/omnipay/vendor/google/apiclient-services/src/SASPortalTesting/SasPortalStatus.php
OK	/htdocs/application/third_party/omnipay/vendor/google/apiclient-services/src/SASPortalTesting/Resource/CustomersNodesDevices.php
OK	/htdocs/application/third_party/omnipay/vendor/google/apiclient-services/src/SASPortalTesting/Resource/NodesNodesNodes.php
OK	/htdocs/application/third_party/omnipay/vendor/google/apiclient-services/src/Script/GoogleAppsScriptTypeAddOnEntryPoint.php
OK	/htdocs/application/third_party/omnipay/vendor/google/apiclient-services/src/Script/ListValue.php
OK	/htdocs/application/third_party/omnipay/vendor/google/apiclient-services/src/Script/UpdateDeploymentRequest.php
OK	/htdocs/application/third_party/omnipay/vendor/google/apiclient-services/src/SearchConsole/ApiDimensionFilterGroup.php
OK	/htdocs/application/third_party/omnipay/vendor/google/apiclient-services/src/SearchConsole/RichResultsInspectionResult.php
OK	/htdocs/application/third_party/omnipay/vendor/google/apiclient-services/src/SearchConsole/WmxSitemapContent.php
OK	/htdocs/application/third_party/omnipay/vendor/google/apiclient-services/src/SecretManager/Automatic.php
OK	/htdocs/application/third_party/omnipay/vendor/google/apiclient-services/src/SecretManager/Location.php
OK	/htdocs/application/third_party/omnipay/vendor/google/apiclient-services/src/SecretManager/TestIamPermissionsRequest.php
OK	/htdocs/application/third_party/omnipay/vendor/google/apiclient-services/src/SecurityCommandCenter/AccessReview.php
OK	/htdocs/application/third_party/omnipay/vendor/google/apiclient-services/src/SecurityCommandCenter/AttackStepNode.php
OK	/htdocs/application/third_party/omnipay/vendor/google/apiclient-services/src/SecurityCommandCenter/BackupDisasterRecovery.php
OK	/htdocs/application/third_party/omnipay/vendor/google/apiclient-services/src/SecurityCommandCenter/Connection.php
OK	/htdocs/application/third_party/omnipay/vendor/google/apiclient-services/src/SecurityCommandCenter/DataRetentionDeletionEvent.php
OK	/htdocs/application/third_party/omnipay/vendor/google/apiclient-services/src/SecurityCommandCenter/Expr.php
OK	/htdocs/application/third_party/omnipay/vendor/google/apiclient-services/src/SecurityCommandCenter/GoogleCloudSecuritycenterV1CustomOutputSpec.php
OK	/htdocs/application/third_party/omnipay/vendor/google/apiclient-services/src/SecurityCommandCenter/GoogleCloudSecuritycenterV1p1beta1SecurityMarks.php
OK	/htdocs/application/third_party/omnipay/vendor/google/apiclient-services/src/SecurityCommandCenter/GoogleCloudSecuritycenterV2Application.php
OK	/htdocs/application/third_party/omnipay/vendor/google/apiclient-services/src/SecurityCommandCenter/GoogleCloudSecuritycenterV2BackupDisasterRecovery.php
OK	/htdocs/application/third_party/omnipay/vendor/google/apiclient-services/src/SecurityCommandCenter/GoogleCloudSecuritycenterV2Container.php
OK	/htdocs/application/third_party/omnipay/vendor/google/apiclient-services/src/SecurityCommandCenter/GoogleCloudSecuritycenterV2EnvironmentVariable.php
OK	/htdocs/application/third_party/omnipay/vendor/google/apiclient-services/src/SecurityCommandCenter/GoogleCloudSecuritycenterV2IpRules.php
OK	/htdocs/application/third_party/omnipay/vendor/google/apiclient-services/src/SecurityCommandCenter/GoogleCloudSecuritycenterV2IssueResourceGoogleCloudMetadata.php
OK	/htdocs/application/third_party/omnipay/vendor/google/apiclient-services/src/SecurityCommandCenter/GoogleCloudSecuritycenterV2MuteConfig.php
OK	/htdocs/application/third_party/omnipay/vendor/google/apiclient-services/src/SecurityCommandCenter/GoogleCloudSecuritycenterV2PortRange.php
OK	/htdocs/application/third_party/omnipay/vendor/google/apiclient-services/src/SecurityCommandCenter/GoogleCloudSecuritycenterV2SecurityPolicy.php
OK	/htdocs/application/third_party/omnipay/vendor/google/apiclient-services/src/SecurityCommandCenter/GroupFindingsRequest.php
OK	/htdocs/application/third_party/omnipay/vendor/google/apiclient-services/src/SecurityCommandCenter/Label.php
OK	/htdocs/application/third_party/omnipay/vendor/google/apiclient-services/src/SecurityCommandCenter/ListMuteConfigsResponse.php
OK	/htdocs/application/third_party/omnipay/vendor/google/apiclient-services/src/SecurityCommandCenter/Network.php
OK	/htdocs/application/third_party/omnipay/vendor/google/apiclient-services/src/SecurityCommandCenter/Policy.php
OK	/htdocs/application/third_party/omnipay/vendor/google/apiclient-services/src/SecurityCommandCenter/RunAssetDiscoveryRequest.php
OK	/htdocs/application/third_party/omnipay/vendor/google/apiclient-services/src/SecurityCommandCenter/SetIamPolicyRequest.php
OK	/htdocs/application/third_party/omnipay/vendor/google/apiclient-services/src/SecurityCommandCenter/TestIamPermissionsRequest.php
OK	/htdocs/application/third_party/omnipay/vendor/google/apiclient-services/src/SecurityCommandCenter/Resource/FoldersAssets.php
OK	/htdocs/application/third_party/omnipay/vendor/google/apiclient-services/src/SecurityCommandCenter/Resource/FoldersSecurityHealthAnalyticsSettingsEffectiveCustomModules.php
OK	/htdocs/application/third_party/omnipay/vendor/google/apiclient-services/src/SecurityCommandCenter/Resource/OrganizationsLocations.php
OK	/htdocs/application/third_party/omnipay/vendor/google/apiclient-services/src/SecurityCommandCenter/Resource/OrganizationsSimulationsAttackExposureResultsValuedResources.php
OK	/htdocs/application/third_party/omnipay/vendor/google/apiclient-services/src/SecurityCommandCenter/Resource/ProjectsEventThreatDetectionSettingsCustomModules.php
OK	/htdocs/application/third_party/omnipay/vendor/google/apiclient-services/src/SecurityCommandCenter/Resource/ProjectsSourcesFindingsExternalSystems.php
OK	/htdocs/application/third_party/omnipay/vendor/google/apiclient-services/src/SecurityPosture/GoogleCloudSecuritypostureV1PolicyRuleStringValues.php
OK	/htdocs/application/third_party/omnipay/vendor/google/apiclient-services/src/SecurityPosture/OperationMetadata.php
OK	/htdocs/application/third_party/omnipay/vendor/google/apiclient-services/src/SecurityPosture/ResourceSelector.php
OK	/htdocs/application/third_party/omnipay/vendor/google/apiclient-services/src/SecurityPosture/Resource/OrganizationsLocationsPostureTemplates.php
OK	/htdocs/application/third_party/omnipay/vendor/google/apiclient-services/src/SemanticTile/ModeledVolume.php
OK	/htdocs/application/third_party/omnipay/vendor/google/apiclient-services/src/SemanticTile/Resource/Featuretiles.php
OK	/htdocs/application/third_party/omnipay/vendor/google/apiclient-services/src/ServerlessVPCAccess/Subnet.php
OK	/htdocs/application/third_party/omnipay/vendor/google/apiclient-services/src/ServiceConsumerManagement/AuthProvider.php
OK	/htdocs/application/third_party/omnipay/vendor/google/apiclient-services/src/ServiceConsumerManagement/Control.php
OK	/htdocs/application/third_party/omnipay/vendor/google/apiclient-services/src/ServiceConsumerManagement/EnumValue.php
OK	/htdocs/application/third_party/omnipay/vendor/google/apiclient-services/src/ServiceConsumerManagement/LogDescriptor.php
OK	/htdocs/application/third_party/omnipay/vendor/google/apiclient-services/src/ServiceConsumerManagement/Monitoring.php
OK	/htdocs/application/third_party/omnipay/vendor/google/apiclient-services/src/ServiceConsumerManagement/QuotaLimit.php
OK	/htdocs/application/third_party/omnipay/vendor/google/apiclient-services/src/ServiceConsumerManagement/SystemParameterRule.php
OK	/htdocs/application/third_party/omnipay/vendor/google/apiclient-services/src/ServiceConsumerManagement/V1Beta1DisableConsumerResponse.php
OK	/htdocs/application/third_party/omnipay/vendor/google/apiclient-services/src/ServiceConsumerManagement/V1GenerateDefaultIdentityResponse.php
OK	/htdocs/application/third_party/omnipay/vendor/google/apiclient-services/src/ServiceControl/AuthenticationInfo.php
OK	/htdocs/application/third_party/omnipay/vendor/google/apiclient-services/src/ServiceControl/RequestMetadata.php
OK	/htdocs/application/third_party/omnipay/vendor/google/apiclient-services/src/ServiceControl/V2LogEntry.php
OK	/htdocs/application/third_party/omnipay/vendor/google/apiclient-services/src/ServiceDirectory/ListLocationsResponse.php
OK	/htdocs/application/third_party/omnipay/vendor/google/apiclient-services/src/ServiceDirectory/TestIamPermissionsResponse.php
OK	/htdocs/application/third_party/omnipay/vendor/google/apiclient-services/src/ServiceManagement/AuthenticationRule.php
OK	/htdocs/application/third_party/omnipay/vendor/google/apiclient-services/src/ServiceManagement/ConfigFile.php
OK	/htdocs/application/third_party/omnipay/vendor/google/apiclient-services/src/ServiceManagement/Documentation.php
OK	/htdocs/application/third_party/omnipay/vendor/google/apiclient-services/src/ServiceManagement/GenerateConfigReportRequest.php
OK	/htdocs/application/third_party/omnipay/vendor/google/apiclient-services/src/ServiceManagement/ListServiceRolloutsResponse.php
OK	/htdocs/application/third_party/omnipay/vendor/google/apiclient-services/src/ServiceManagement/MetricRule.php
OK	/htdocs/application/third_party/omnipay/vendor/google/apiclient-services/src/ServiceManagement/PhpSettings.php
OK	/htdocs/application/third_party/omnipay/vendor/google/apiclient-services/src/ServiceManagement/SourceContext.php
OK	/htdocs/application/third_party/omnipay/vendor/google/apiclient-services/src/ServiceManagement/Type.php
OK	/htdocs/application/third_party/omnipay/vendor/google/apiclient-services/src/ServiceNetworking/AddDnsZoneRequest.php
OK	/htdocs/application/third_party/omnipay/vendor/google/apiclient-services/src/ServiceNetworking/Backend.php
OK	/htdocs/application/third_party/omnipay/vendor/google/apiclient-services/src/ServiceNetworking/Context.php
OK	/htdocs/application/third_party/omnipay/vendor/google/apiclient-services/src/ServiceNetworking/DnsZone.php
OK	/htdocs/application/third_party/omnipay/vendor/google/apiclient-services/src/ServiceNetworking/GetDnsZoneResponse.php
OK	/htdocs/application/third_party/omnipay/vendor/google/apiclient-services/src/ServiceNetworking/ListDnsZonesResponse.php
OK	/htdocs/application/third_party/omnipay/vendor/google/apiclient-services/src/ServiceNetworking/MetricRule.php
OK	/htdocs/application/third_party/omnipay/vendor/google/apiclient-services/src/ServiceNetworking/PeeredDnsDomainMetadata.php
OK	/htdocs/application/third_party/omnipay/vendor/google/apiclient-services/src/ServiceNetworking/RemoveDnsZoneMetadata.php
OK	/htdocs/application/third_party/omnipay/vendor/google/apiclient-services/src/ServiceNetworking/SourceInfo.php
OK	/htdocs/application/third_party/omnipay/vendor/google/apiclient-services/src/ServiceNetworking/ValidateConsumerConfigRequest.php
OK	/htdocs/application/third_party/omnipay/vendor/google/apiclient-services/src/ServiceNetworking/Resource/ServicesProjectsServicenetworkingGlobal.php
OK	/htdocs/application/third_party/omnipay/vendor/google/apiclient-services/src/ServiceUsage/AnalyzeConsumerPolicyMetadata.php
OK	/htdocs/application/third_party/omnipay/vendor/google/apiclient-services/src/ServiceUsage/BatchEnableServicesRequest.php
OK	/htdocs/application/third_party/omnipay/vendor/google/apiclient-services/src/ServiceUsage/CppSettings.php
OK	/htdocs/application/third_party/omnipay/vendor/google/apiclient-services/src/ServiceUsage/EnableRule.php
OK	/htdocs/application/third_party/omnipay/vendor/google/apiclient-services/src/ServiceUsage/GoogleApiServiceusageV1beta1GetServiceIdentityResponse.php
OK	/htdocs/application/third_party/omnipay/vendor/google/apiclient-services/src/ServiceUsage/GoogleApiServiceusageV2betaConsumerPolicy.php
OK	/htdocs/application/third_party/omnipay/vendor/google/apiclient-services/src/ServiceUsage/ImportAdminQuotaPoliciesResponse.php
OK	/htdocs/application/third_party/omnipay/vendor/google/apiclient-services/src/ServiceUsage/Method.php
OK	/htdocs/application/third_party/omnipay/vendor/google/apiclient-services/src/ServiceUsage/Operation.php
OK	/htdocs/application/third_party/omnipay/vendor/google/apiclient-services/src/ServiceUsage/RubySettings.php
OK	/htdocs/application/third_party/omnipay/vendor/google/apiclient-services/src/ServiceUsage/Type.php
OK	/htdocs/application/third_party/omnipay/vendor/google/apiclient-services/src/Sheets/AddChartResponse.php
OK	/htdocs/application/third_party/omnipay/vendor/google/apiclient-services/src/Sheets/AddSheetRequest.php
OK	/htdocs/application/third_party/omnipay/vendor/google/apiclient-services/src/Sheets/BasicChartAxis.php
OK	/htdocs/application/third_party/omnipay/vendor/google/apiclient-services/src/Sheets/BatchGetValuesResponse.php
OK	/htdocs/application/third_party/omnipay/vendor/google/apiclient-services/src/Sheets/Border.php
OK	/htdocs/application/third_party/omnipay/vendor/google/apiclient-services/src/Sheets/ChartAxisViewWindowOptions.php
OK	/htdocs/application/third_party/omnipay/vendor/google/apiclient-services/src/Sheets/ColorStyle.php
OK	/htdocs/application/third_party/omnipay/vendor/google/apiclient-services/src/Sheets/DataSource.php
OK	/htdocs/application/third_party/omnipay/vendor/google/apiclient-services/src/Sheets/DataSourceSheetDimensionRange.php
OK	/htdocs/application/third_party/omnipay/vendor/google/apiclient-services/src/Sheets/DeleteDimensionGroupRequest.php
OK	/htdocs/application/third_party/omnipay/vendor/google/apiclient-services/src/Sheets/DeveloperMetadataLocation.php
OK	/htdocs/application/third_party/omnipay/vendor/google/apiclient-services/src/Sheets/EmbeddedObjectPosition.php
OK	/htdocs/application/third_party/omnipay/vendor/google/apiclient-services/src/Sheets/GridProperties.php
OK	/htdocs/application/third_party/omnipay/vendor/google/apiclient-services/src/Sheets/Link.php
OK	/htdocs/application/third_party/omnipay/vendor/google/apiclient-services/src/Sheets/Padding.php
OK	/htdocs/application/third_party/omnipay/vendor/google/apiclient-services/src/Sheets/PointStyle.php
OK	/htdocs/application/third_party/omnipay/vendor/google/apiclient-services/src/Sheets/SearchDeveloperMetadataRequest.php
OK	/htdocs/application/third_party/omnipay/vendor/google/apiclient-services/src/Sheets/SpreadsheetProperties.php
OK	/htdocs/application/third_party/omnipay/vendor/google/apiclient-services/src/Sheets/TrimWhitespaceResponse.php
OK	/htdocs/application/third_party/omnipay/vendor/google/apiclient-services/src/Sheets/UpdateDimensionGroupRequest.php
OK	/htdocs/application/third_party/omnipay/vendor/google/apiclient-services/src/Sheets/UpdateValuesResponse.php
OK	/htdocs/application/third_party/omnipay/vendor/google/apiclient-services/src/ShoppingContent/AccountAddress.php
OK	/htdocs/application/third_party/omnipay/vendor/google/apiclient-services/src/ShoppingContent/AccountImageImprovementsSettings.php
OK	/htdocs/application/third_party/omnipay/vendor/google/apiclient-services/src/ShoppingContent/AccountsCustomBatchResponse.php
OK	/htdocs/application/third_party/omnipay/vendor/google/apiclient-services/src/ShoppingContent/AccountstatusesCustomBatchResponseEntry.php
OK	/htdocs/application/third_party/omnipay/vendor/google/apiclient-services/src/ShoppingContent/AccounttaxListResponse.php
OK	/htdocs/application/third_party/omnipay/vendor/google/apiclient-services/src/ShoppingContent/AttributionSettings.php
OK	/htdocs/application/third_party/omnipay/vendor/google/apiclient-services/src/ShoppingContent/Callout.php
OK	/htdocs/application/third_party/omnipay/vendor/google/apiclient-services/src/ShoppingContent/CompetitiveVisibility.php
OK	/htdocs/application/third_party/omnipay/vendor/google/apiclient-services/src/ShoppingContent/DatafeedsCustomBatchRequestEntry.php
OK	/htdocs/application/third_party/omnipay/vendor/google/apiclient-services/src/ShoppingContent/DatafeedStatusExample.php
OK	/htdocs/application/third_party/omnipay/vendor/google/apiclient-services/src/ShoppingContent/FreeListingsProgramStatus.php
OK	/htdocs/application/third_party/omnipay/vendor/google/apiclient-services/src/ShoppingContent/InputField.php
OK	/htdocs/application/third_party/omnipay/vendor/google/apiclient-services/src/ShoppingContent/InvoiceSummaryAdditionalChargeSummary.php
OK	/htdocs/application/third_party/omnipay/vendor/google/apiclient-services/src/ShoppingContent/LiasettingsCustomBatchResponseEntry.php
OK	/htdocs/application/third_party/omnipay/vendor/google/apiclient-services/src/ShoppingContent/ListBusinessMessagesLinksResponse.php
OK	/htdocs/application/third_party/omnipay/vendor/google/apiclient-services/src/ShoppingContent/LocalInventory.php
OK	/htdocs/application/third_party/omnipay/vendor/google/apiclient-services/src/ShoppingContent/MethodQuota.php
OK	/htdocs/application/third_party/omnipay/vendor/google/apiclient-services/src/ShoppingContent/OrderDeliveryDetails.php
OK	/htdocs/application/third_party/omnipay/vendor/google/apiclient-services/src/ShoppingContent/OrderLineItemReturnInfo.php
OK	/htdocs/application/third_party/omnipay/vendor/google/apiclient-services/src/ShoppingContent/OrderreportsListTransactionsResponse.php
OK	/htdocs/application/third_party/omnipay/vendor/google/apiclient-services/src/ShoppingContent/OrderreturnsRefundOperation.php
OK	/htdocs/application/third_party/omnipay/vendor/google/apiclient-services/src/ShoppingContent/OrdersCreateTestOrderRequest.php
OK	/htdocs/application/third_party/omnipay/vendor/google/apiclient-services/src/ShoppingContent/OrderShipmentLineItemShipment.php
OK	/htdocs/application/third_party/omnipay/vendor/google/apiclient-services/src/ShoppingContent/OrdersReturnRefundLineItemResponse.php
OK	/htdocs/application/third_party/omnipay/vendor/google/apiclient-services/src/ShoppingContent/OrderTrackingSignalLineItemDetails.php
OK	/htdocs/application/third_party/omnipay/vendor/google/apiclient-services/src/ShoppingContent/PosDataProvidersPosDataProvider.php
OK	/htdocs/application/third_party/omnipay/vendor/google/apiclient-services/src/ShoppingContent/PriceAmount.php
OK	/htdocs/application/third_party/omnipay/vendor/google/apiclient-services/src/ShoppingContent/ProductIssue.php
OK	/htdocs/application/third_party/omnipay/vendor/google/apiclient-services/src/ShoppingContent/ProductStatusDestinationStatus.php
OK	/htdocs/application/third_party/omnipay/vendor/google/apiclient-services/src/ShoppingContent/ProductUnitPricingBaseMeasure.php
OK	/htdocs/application/third_party/omnipay/vendor/google/apiclient-services/src/ShoppingContent/PubsubNotificationSettings.php
OK	/htdocs/application/third_party/omnipay/vendor/google/apiclient-services/src/ShoppingContent/RegionalinventoryCustomBatchResponseEntry.php
OK	/htdocs/application/third_party/omnipay/vendor/google/apiclient-services/src/ShoppingContent/RepricingRule.php
OK	/htdocs/application/third_party/omnipay/vendor/google/apiclient-services/src/ShoppingContent/RequestPhoneVerificationResponse.php
OK	/htdocs/application/third_party/omnipay/vendor/google/apiclient-services/src/ShoppingContent/ReturnpolicyCustomBatchRequest.php
OK	/htdocs/application/third_party/omnipay/vendor/google/apiclient-services/src/ShoppingContent/ReturnPricingInfo.php
OK	/htdocs/application/third_party/omnipay/vendor/google/apiclient-services/src/ShoppingContent/SettlementreportsListResponse.php
OK	/htdocs/application/third_party/omnipay/vendor/google/apiclient-services/src/ShoppingContent/ShippingsettingsCustomBatchRequestEntry.php
OK	/htdocs/application/third_party/omnipay/vendor/google/apiclient-services/src/ShoppingContent/TestOrderAddress.php
OK	/htdocs/application/third_party/omnipay/vendor/google/apiclient-services/src/ShoppingContent/TransitTableTransitTimeRowTransitTimeValue.php
OK	/htdocs/application/third_party/omnipay/vendor/google/apiclient-services/src/ShoppingContent/WarehouseBasedDeliveryTime.php
OK	/htdocs/application/third_party/omnipay/vendor/google/apiclient-services/src/ShoppingContent/Resource/Buyongoogleprograms.php
OK	/htdocs/application/third_party/omnipay/vendor/google/apiclient-services/src/ShoppingContent/Resource/Merchantsupport.php
OK	/htdocs/application/third_party/omnipay/vendor/google/apiclient-services/src/ShoppingContent/Resource/Promotions.php
OK	/htdocs/application/third_party/omnipay/vendor/google/apiclient-services/src/ShoppingContent/Resource/Settlementreports.php
OK	/htdocs/application/third_party/omnipay/vendor/google/apiclient-services/src/Slides/Autofit.php
OK	/htdocs/application/third_party/omnipay/vendor/google/apiclient-services/src/Slides/CreateShapeRequest.php
OK	/htdocs/application/third_party/omnipay/vendor/google/apiclient-services/src/Slides/DeleteParagraphBulletsRequest.php
OK	/htdocs/application/third_party/omnipay/vendor/google/apiclient-services/src/Slides/InsertTableColumnsRequest.php
OK	/htdocs/application/third_party/omnipay/vendor/google/apiclient-services/src/Slides/MergeTableCellsRequest.php
OK	/htdocs/application/third_party/omnipay/vendor/google/apiclient-services/src/Slides/ParagraphMarker.php
OK	/htdocs/application/third_party/omnipay/vendor/google/apiclient-services/src/Slides/ReplaceAllTextResponse.php
OK	/htdocs/application/third_party/omnipay/vendor/google/apiclient-services/src/Slides/Size.php
OK	/htdocs/application/third_party/omnipay/vendor/google/apiclient-services/src/Slides/TableBorderRow.php
OK	/htdocs/application/third_party/omnipay/vendor/google/apiclient-services/src/Slides/TextStyle.php
OK	/htdocs/application/third_party/omnipay/vendor/google/apiclient-services/src/Slides/UpdateParagraphStyleRequest.php
OK	/htdocs/application/third_party/omnipay/vendor/google/apiclient-services/src/Slides/WeightedFontFamily.php
OK	/htdocs/application/third_party/omnipay/vendor/google/apiclient-services/src/SmartDeviceManagement/GoogleHomeEnterpriseSdmV1Room.php
OK	/htdocs/application/third_party/omnipay/vendor/google/apiclient-services/src/Solar/FinancialDetails.php
OK	/htdocs/application/third_party/omnipay/vendor/google/apiclient-services/src/Solar/SolarPotential.php
OK	/htdocs/application/third_party/omnipay/vendor/google/apiclient-services/src/Spanner/BackupInfo.php
OK	/htdocs/application/third_party/omnipay/vendor/google/apiclient-services/src/Spanner/ChildLink.php
OK	/htdocs/application/third_party/omnipay/vendor/google/apiclient-services/src/Spanner/CreateInstanceConfigMetadata.php
OK	/htdocs/application/third_party/omnipay/vendor/google/apiclient-services/src/Spanner/DerivedMetric.php
OK	/htdocs/application/third_party/omnipay/vendor/google/apiclient-services/src/Spanner/FreeInstanceMetadata.php
OK	/htdocs/application/third_party/omnipay/vendor/google/apiclient-services/src/Spanner/InstanceOperationProgress.php
OK	/htdocs/application/third_party/omnipay/vendor/google/apiclient-services/src/Spanner/ListDatabaseRolesResponse.php
OK	/htdocs/application/third_party/omnipay/vendor/google/apiclient-services/src/Spanner/MetricMatrix.php
OK	/htdocs/application/third_party/omnipay/vendor/google/apiclient-services/src/Spanner/PartitionOptions.php
OK	/htdocs/application/third_party/omnipay/vendor/google/apiclient-services/src/Spanner/ReadRequest.php
OK	/htdocs/application/third_party/omnipay/vendor/google/apiclient-services/src/Spanner/ResultSetStats.php
OK	/htdocs/application/third_party/omnipay/vendor/google/apiclient-services/src/Spanner/Status.php
OK	/htdocs/application/third_party/omnipay/vendor/google/apiclient-services/src/Spanner/UpdateInstanceConfigMetadata.php
OK	/htdocs/application/third_party/omnipay/vendor/google/apiclient-services/src/Spanner/Resource/ProjectsInstanceConfigsSsdCaches.php
OK	/htdocs/application/third_party/omnipay/vendor/google/apiclient-services/src/Spanner/Resource/ProjectsInstancesInstancePartitionOperations.php
OK	/htdocs/application/third_party/omnipay/vendor/google/apiclient-services/src/Speech/ListOperationsResponse.php
OK	/htdocs/application/third_party/omnipay/vendor/google/apiclient-services/src/Speech/RecognizeResponse.php
OK	/htdocs/application/third_party/omnipay/vendor/google/apiclient-services/src/Speech/Resource/Operations.php
OK	/htdocs/application/third_party/omnipay/vendor/google/apiclient-services/src/SQLAdmin/BackupConfiguration.php
OK	/htdocs/application/third_party/omnipay/vendor/google/apiclient-services/src/SQLAdmin/DatabaseInstanceFailoverReplica.php
OK	/htdocs/application/third_party/omnipay/vendor/google/apiclient-services/src/SQLAdmin/ExportContextCsvExportOptions.php
OK	/htdocs/application/third_party/omnipay/vendor/google/apiclient-services/src/SQLAdmin/ImportContext.php
OK	/htdocs/application/third_party/omnipay/vendor/google/apiclient-services/src/SQLAdmin/InstancesDemoteRequest.php
OK	/htdocs/application/third_party/omnipay/vendor/google/apiclient-services/src/SQLAdmin/Interval.php
OK	/htdocs/application/third_party/omnipay/vendor/google/apiclient-services/src/SQLAdmin/OperationMetadata.php
OK	/htdocs/application/third_party/omnipay/vendor/google/apiclient-services/src/SQLAdmin/RotateServerCertificateContext.php
OK	/htdocs/application/third_party/omnipay/vendor/google/apiclient-services/src/SQLAdmin/SqlInstancesStartExternalSyncRequest.php
OK	/htdocs/application/third_party/omnipay/vendor/google/apiclient-services/src/SQLAdmin/SslCertsInsertRequest.php
OK	/htdocs/application/third_party/omnipay/vendor/google/apiclient-services/src/SQLAdmin/Resource/Connect.php
OK	/htdocs/application/third_party/omnipay/vendor/google/apiclient-services/src/Storage/AnywhereCache.php
OK	/htdocs/application/third_party/omnipay/vendor/google/apiclient-services/src/Storage/BucketIamConfiguration.php
OK	/htdocs/application/third_party/omnipay/vendor/google/apiclient-services/src/Storage/BucketOwner.php
OK	/htdocs/application/third_party/omnipay/vendor/google/apiclient-services/src/Storage/ComposeRequestSourceObjects.php
OK	/htdocs/application/third_party/omnipay/vendor/google/apiclient-services/src/Storage/ManagedFolder.php
OK	/htdocs/application/third_party/omnipay/vendor/google/apiclient-services/src/Storage/RewriteResponse.php
OK	/htdocs/application/third_party/omnipay/vendor/google/apiclient-services/src/Storage/Resource/DefaultObjectAccessControls.php
OK	/htdocs/application/third_party/omnipay/vendor/google/apiclient-services/src/Storagetransfer/AwsS3CompatibleData.php
OK	/htdocs/application/third_party/omnipay/vendor/google/apiclient-services/src/Storagetransfer/GcsData.php
OK	/htdocs/application/third_party/omnipay/vendor/google/apiclient-services/src/Storagetransfer/NotificationConfig.php
OK	/htdocs/application/third_party/omnipay/vendor/google/apiclient-services/src/Storagetransfer/Status.php
OK	/htdocs/application/third_party/omnipay/vendor/google/apiclient-services/src/Storagetransfer/Resource/ProjectsAgentPools.php
OK	/htdocs/application/third_party/omnipay/vendor/google/apiclient-services/src/StreetViewPublish/InsufficientGpsFailureDetails.php
OK	/htdocs/application/third_party/omnipay/vendor/google/apiclient-services/src/StreetViewPublish/PhotoResponse.php
OK	/htdocs/application/third_party/omnipay/vendor/google/apiclient-services/src/StreetViewPublish/Resource/PhotoSequences.php
OK	/htdocs/application/third_party/omnipay/vendor/google/apiclient-services/src/TagManager/Condition.php
OK	/htdocs/application/third_party/omnipay/vendor/google/apiclient-services/src/TagManager/Environment.php
OK	/htdocs/application/third_party/omnipay/vendor/google/apiclient-services/src/TagManager/ListEnabledBuiltInVariablesResponse.php
OK	/htdocs/application/third_party/omnipay/vendor/google/apiclient-services/src/TagManager/MergeConflict.php
OK	/htdocs/application/third_party/omnipay/vendor/google/apiclient-services/src/TagManager/RevertZoneResponse.php
OK	/htdocs/application/third_party/omnipay/vendor/google/apiclient-services/src/TagManager/Workspace.php
OK	/htdocs/application/third_party/omnipay/vendor/google/apiclient-services/src/TagManager/Resource/AccountsContainersWorkspacesBuiltInVariables.php
OK	/htdocs/application/third_party/omnipay/vendor/google/apiclient-services/src/Tasks/DriveResourceInfo.php
OK	/htdocs/application/third_party/omnipay/vendor/google/apiclient-services/src/Testing/AndroidDeviceList.php
OK	/htdocs/application/third_party/omnipay/vendor/google/apiclient-services/src/Testing/CancelDeviceSessionRequest.php
OK	/htdocs/application/third_party/omnipay/vendor/google/apiclient-services/src/Testing/EnvironmentMatrix.php
OK	/htdocs/application/third_party/omnipay/vendor/google/apiclient-services/src/Testing/IosRoboTest.php
OK	/htdocs/application/third_party/omnipay/vendor/google/apiclient-services/src/Testing/Metadata.php
OK	/htdocs/application/third_party/omnipay/vendor/google/apiclient-services/src/Testing/RoboStartingIntent.php
OK	/htdocs/application/third_party/omnipay/vendor/google/apiclient-services/src/Testing/TestMatrix.php
OK	/htdocs/application/third_party/omnipay/vendor/google/apiclient-services/src/Testing/Resource/ApplicationDetailService.php
OK	/htdocs/application/third_party/omnipay/vendor/google/apiclient-services/src/Texttospeech/GenerateVoiceCloningKeyResponse.php
OK	/htdocs/application/third_party/omnipay/vendor/google/apiclient-services/src/Texttospeech/SynthesizeLongAudioRequest.php
OK	/htdocs/application/third_party/omnipay/vendor/google/apiclient-services/src/Texttospeech/Resource/ProjectsLocationsOperations.php
OK	/htdocs/application/third_party/omnipay/vendor/google/apiclient-services/src/ToolResults/AssetIssue.php
OK	/htdocs/application/third_party/omnipay/vendor/google/apiclient-services/src/ToolResults/EncounteredNonAndroidUiWidgetScreen.php
OK	/htdocs/application/third_party/omnipay/vendor/google/apiclient-services/src/ToolResults/InAppPurchasesFound.php
OK	/htdocs/application/third_party/omnipay/vendor/google/apiclient-services/src/ToolResults/ListExecutionsResponse.php
OK	/htdocs/application/third_party/omnipay/vendor/google/apiclient-services/src/ToolResults/MergedResult.php
OK	/htdocs/application/third_party/omnipay/vendor/google/apiclient-services/src/ToolResults/PerformedGoogleLogin.php
OK	/htdocs/application/third_party/omnipay/vendor/google/apiclient-services/src/ToolResults/ScreenshotCluster.php
OK	/htdocs/application/third_party/omnipay/vendor/google/apiclient-services/src/ToolResults/SuggestionClusterProto.php
OK	/htdocs/application/third_party/omnipay/vendor/google/apiclient-services/src/ToolResults/ToolExitCode.php
OK	/htdocs/application/third_party/omnipay/vendor/google/apiclient-services/src/ToolResults/Resource/ProjectsHistoriesExecutionsEnvironments.php
OK	/htdocs/application/third_party/omnipay/vendor/google/apiclient-services/src/TPU/AttachedDisk.php
OK	/htdocs/application/third_party/omnipay/vendor/google/apiclient-services/src/TPU/Interval.php
OK	/htdocs/application/third_party/omnipay/vendor/google/apiclient-services/src/TPU/Node.php
OK	/htdocs/application/third_party/omnipay/vendor/google/apiclient-services/src/TPU/ServiceAccount.php
OK	/htdocs/application/third_party/omnipay/vendor/google/apiclient-services/src/TPU/TpuEmpty.php
OK	/htdocs/application/third_party/omnipay/vendor/google/apiclient-services/src/TrafficDirectorService/ClientStatusRequest.php
OK	/htdocs/application/third_party/omnipay/vendor/google/apiclient-services/src/TrafficDirectorService/EndpointsConfigDump.php
OK	/htdocs/application/third_party/omnipay/vendor/google/apiclient-services/src/TrafficDirectorService/OrMatcher.php
OK	/htdocs/application/third_party/omnipay/vendor/google/apiclient-services/src/TrafficDirectorService/StaticRouteConfig.php
OK	/htdocs/application/third_party/omnipay/vendor/google/apiclient-services/src/Transcoder/AnimationStatic.php
OK	/htdocs/application/third_party/omnipay/vendor/google/apiclient-services/src/Transcoder/Deblock.php
OK	/htdocs/application/third_party/omnipay/vendor/google/apiclient-services/src/Transcoder/H264ColorFormatSDR.php
OK	/htdocs/application/third_party/omnipay/vendor/google/apiclient-services/src/Transcoder/Manifest.php
OK	/htdocs/application/third_party/omnipay/vendor/google/apiclient-services/src/Transcoder/PubsubDestination.php
OK	/htdocs/application/third_party/omnipay/vendor/google/apiclient-services/src/Transcoder/Vp9CodecSettings.php
OK	/htdocs/application/third_party/omnipay/vendor/google/apiclient-services/src/Translate/AdaptiveMtTranslateRequest.php
OK	/htdocs/application/third_party/omnipay/vendor/google/apiclient-services/src/Translate/DetectLanguageRequest.php
OK	/htdocs/application/third_party/omnipay/vendor/google/apiclient-services/src/Translate/Glossary.php
OK	/htdocs/application/third_party/omnipay/vendor/google/apiclient-services/src/Translate/LanguageCodePair.php
OK	/htdocs/application/third_party/omnipay/vendor/google/apiclient-services/src/Translate/Location.php
OK	/htdocs/application/third_party/omnipay/vendor/google/apiclient-services/src/Translate/SupportedLanguages.php
OK	/htdocs/application/third_party/omnipay/vendor/google/apiclient-services/src/Translate/Resource/ProjectsLocationsAdaptiveMtDatasets.php
OK	/htdocs/application/third_party/omnipay/vendor/google/apiclient-services/src/TravelImpactModel/Date.php
OK	/htdocs/application/third_party/omnipay/vendor/google/apiclient-services/src/Vault/AddMatterPermissionsRequest.php
OK	/htdocs/application/third_party/omnipay/vendor/google/apiclient-services/src/Vault/DriveDocumentIds.php
OK	/htdocs/application/third_party/omnipay/vendor/google/apiclient-services/src/Vault/HangoutsChatInfo.php
OK	/htdocs/application/third_party/omnipay/vendor/google/apiclient-services/src/Vault/ListHeldAccountsResponse.php
OK	/htdocs/application/third_party/omnipay/vendor/google/apiclient-services/src/Vault/Query.php
OK	/htdocs/application/third_party/omnipay/vendor/google/apiclient-services/src/Vault/UserInfo.php
OK	/htdocs/application/third_party/omnipay/vendor/google/apiclient-services/src/Verifiedaccess/DeviceSignals.php
OK	/htdocs/application/third_party/omnipay/vendor/google/apiclient-services/src/VersionHistory/Platform.php
OK	/htdocs/application/third_party/omnipay/vendor/google/apiclient-services/src/Vision/AsyncAnnotateFileRequest.php
OK	/htdocs/application/third_party/omnipay/vendor/google/apiclient-services/src/Vision/BoundingPoly.php
OK	/htdocs/application/third_party/omnipay/vendor/google/apiclient-services/src/Vision/Feature.php
OK	/htdocs/application/third_party/omnipay/vendor/google/apiclient-services/src/Vision/GoogleCloudVisionV1p1beta1DominantColorsAnnotation.php
OK	/htdocs/application/third_party/omnipay/vendor/google/apiclient-services/src/Vision/GoogleCloudVisionV1p1beta1OperationMetadata.php
OK	/htdocs/application/third_party/omnipay/vendor/google/apiclient-services/src/Vision/GoogleCloudVisionV1p1beta1SafeSearchAnnotation.php
OK	/htdocs/application/third_party/omnipay/vendor/google/apiclient-services/src/Vision/GoogleCloudVisionV1p1beta1Word.php
OK	/htdocs/application/third_party/omnipay/vendor/google/apiclient-services/src/Vision/GoogleCloudVisionV1p2beta1FaceAnnotation.php
OK	/htdocs/application/third_party/omnipay/vendor/google/apiclient-services/src/Vision/GoogleCloudVisionV1p2beta1Page.php
OK	/htdocs/application/third_party/omnipay/vendor/google/apiclient-services/src/Vision/GoogleCloudVisionV1p2beta1TextAnnotation.php
OK	/htdocs/application/third_party/omnipay/vendor/google/apiclient-services/src/Vision/GoogleCloudVisionV1p3beta1AnnotateImageResponse.php
OK	/htdocs/application/third_party/omnipay/vendor/google/apiclient-services/src/Vision/GoogleCloudVisionV1p3beta1FaceAnnotationLandmark.php
OK	/htdocs/application/third_party/omnipay/vendor/google/apiclient-services/src/Vision/GoogleCloudVisionV1p3beta1Page.php
OK	/htdocs/application/third_party/omnipay/vendor/google/apiclient-services/src/Vision/GoogleCloudVisionV1p3beta1Symbol.php
OK	/htdocs/application/third_party/omnipay/vendor/google/apiclient-services/src/Vision/GoogleCloudVisionV1p4beta1AnnotateFileResponse.php
OK	/htdocs/application/third_party/omnipay/vendor/google/apiclient-services/src/Vision/GoogleCloudVisionV1p4beta1CropHintsAnnotation.php
OK	/htdocs/application/third_party/omnipay/vendor/google/apiclient-services/src/Vision/GoogleCloudVisionV1p4beta1LocalizedObjectAnnotation.php
OK	/htdocs/application/third_party/omnipay/vendor/google/apiclient-services/src/Vision/GoogleCloudVisionV1p4beta1ProductSearchResultsObjectAnnotation.php
OK	/htdocs/application/third_party/omnipay/vendor/google/apiclient-services/src/Vision/GoogleCloudVisionV1p4beta1WebDetectionWebEntity.php
OK	/htdocs/application/third_party/omnipay/vendor/google/apiclient-services/src/Vision/ImportProductSetsInputConfig.php
OK	/htdocs/application/third_party/omnipay/vendor/google/apiclient-services/src/Vision/ListReferenceImagesResponse.php
OK	/htdocs/application/third_party/omnipay/vendor/google/apiclient-services/src/Vision/ProductSearchParams.php
OK	/htdocs/application/third_party/omnipay/vendor/google/apiclient-services/src/Vision/TextAnnotation.php
OK	/htdocs/application/third_party/omnipay/vendor/google/apiclient-services/src/Vision/Resource/Files.php
OK	/htdocs/application/third_party/omnipay/vendor/google/apiclient-services/src/Vision/Resource/ProjectsLocationsProducts.php
OK	/htdocs/application/third_party/omnipay/vendor/google/apiclient-services/src/VMMigrationService/AwsDiskDetails.php
OK	/htdocs/application/third_party/omnipay/vendor/google/apiclient-services/src/VMMigrationService/CancelCloneJobRequest.php
OK	/htdocs/application/third_party/omnipay/vendor/google/apiclient-services/src/VMMigrationService/ComputeEngineTargetDefaults.php
OK	/htdocs/application/third_party/omnipay/vendor/google/apiclient-services/src/VMMigrationService/DiskImageTargetDetails.php
OK	/htdocs/application/third_party/omnipay/vendor/google/apiclient-services/src/VMMigrationService/ImageImportOsAdaptationParameters.php
OK	/htdocs/application/third_party/omnipay/vendor/google/apiclient-services/src/VMMigrationService/ListLocationsResponse.php
OK	/htdocs/application/third_party/omnipay/vendor/google/apiclient-services/src/VMMigrationService/MigratingVm.php
OK	/htdocs/application/third_party/omnipay/vendor/google/apiclient-services/src/VMMigrationService/PersistentDiskDefaults.php
OK	/htdocs/application/third_party/omnipay/vendor/google/apiclient-services/src/VMMigrationService/SchedulingNodeAffinity.php
OK	/htdocs/application/third_party/omnipay/vendor/google/apiclient-services/src/VMMigrationService/UpgradeStatus.php
OK	/htdocs/application/third_party/omnipay/vendor/google/apiclient-services/src/VMMigrationService/Resource/Projects.php
OK	/htdocs/application/third_party/omnipay/vendor/google/apiclient-services/src/VMMigrationService/Resource/ProjectsLocationsSourcesMigratingVmsReplicationCycles.php
OK	/htdocs/application/third_party/omnipay/vendor/google/apiclient-services/src/VMwareEngine/DnsBindPermission.php
OK	/htdocs/application/third_party/omnipay/vendor/google/apiclient-services/src/VMwareEngine/ListAnnouncementsResponse.php
OK	/htdocs/application/third_party/omnipay/vendor/google/apiclient-services/src/VMwareEngine/ListOperationsResponse.php
OK	/htdocs/application/third_party/omnipay/vendor/google/apiclient-services/src/VMwareEngine/ManagementDnsZoneBinding.php
OK	/htdocs/application/third_party/omnipay/vendor/google/apiclient-services/src/VMwareEngine/Policy.php
OK	/htdocs/application/third_party/omnipay/vendor/google/apiclient-services/src/VMwareEngine/Subnet.php
OK	/htdocs/application/third_party/omnipay/vendor/google/apiclient-services/src/VMwareEngine/VpcNetwork.php
OK	/htdocs/application/third_party/omnipay/vendor/google/apiclient-services/src/VMwareEngine/Resource/ProjectsLocationsPrivateCloudsClusters.php
OK	/htdocs/application/third_party/omnipay/vendor/google/apiclient-services/src/VMwareEngine/Resource/ProjectsLocationsVmwareengineGlobalNetworkPeerings.php
OK	/htdocs/application/third_party/omnipay/vendor/google/apiclient-services/src/Walletobjects/BarcodeSectionDetail.php
OK	/htdocs/application/third_party/omnipay/vendor/google/apiclient-services/src/Walletobjects/CompositeMedia.php
OK	/htdocs/application/third_party/omnipay/vendor/google/apiclient-services/src/Walletobjects/DiscoverableProgramMerchantSigninInfo.php
OK	/htdocs/application/third_party/omnipay/vendor/google/apiclient-services/src/Walletobjects/EventVenue.php
OK	/htdocs/application/third_party/omnipay/vendor/google/apiclient-services/src/Walletobjects/FlightObjectListResponse.php
OK	/htdocs/application/third_party/omnipay/vendor/google/apiclient-services/src/Walletobjects/GiftCardObjectAddMessageResponse.php
OK	/htdocs/application/third_party/omnipay/vendor/google/apiclient-services/src/Walletobjects/JwtResource.php
OK	/htdocs/application/third_party/omnipay/vendor/google/apiclient-services/src/Walletobjects/LoyaltyObjectListResponse.php
OK	/htdocs/application/third_party/omnipay/vendor/google/apiclient-services/src/Walletobjects/ObjectId.php
OK	/htdocs/application/third_party/omnipay/vendor/google/apiclient-services/src/Walletobjects/PrivateUri.php
OK	/htdocs/application/third_party/omnipay/vendor/google/apiclient-services/src/Walletobjects/SetPassUpdateNoticeResponse.php
OK	/htdocs/application/third_party/omnipay/vendor/google/apiclient-services/src/Walletobjects/TransitClassAddMessageResponse.php
OK	/htdocs/application/third_party/omnipay/vendor/google/apiclient-services/src/Walletobjects/UploadPrivateImageResponse.php
OK	/htdocs/application/third_party/omnipay/vendor/google/apiclient-services/src/Walletobjects/Resource/Jwt.php
OK	/htdocs/application/third_party/omnipay/vendor/google/apiclient-services/src/Walletobjects/Resource/WalletobjectsV1PrivateContent.php
OK	/htdocs/application/third_party/omnipay/vendor/google/apiclient-services/src/Webmasters/WmxSite.php
OK	/htdocs/application/third_party/omnipay/vendor/google/apiclient-services/src/WebRisk/GoogleCloudWebriskV1SearchHashesResponseThreatHash.php
OK	/htdocs/application/third_party/omnipay/vendor/google/apiclient-services/src/WebRisk/GoogleRpcStatus.php
OK	/htdocs/application/third_party/omnipay/vendor/google/apiclient-services/src/WorkflowExecutions/Exception.php
OK	/htdocs/application/third_party/omnipay/vendor/google/apiclient-services/src/WorkflowExecutions/Status.php
OK	/htdocs/application/third_party/omnipay/vendor/google/apiclient-services/src/WorkflowExecutions/Resource/ProjectsLocationsWorkflowsExecutionsStepEntries.php
OK	/htdocs/application/third_party/omnipay/vendor/google/apiclient-services/src/Workflows/Resource/Projects.php
OK	/htdocs/application/third_party/omnipay/vendor/google/apiclient-services/src/WorkloadManager/CloudAsset.php
OK	/htdocs/application/third_party/omnipay/vendor/google/apiclient-services/src/WorkloadManager/FrontEndServer.php
OK	/htdocs/application/third_party/omnipay/vendor/google/apiclient-services/src/WorkloadManager/ListScannedResourcesResponse.php
OK	/htdocs/application/third_party/omnipay/vendor/google/apiclient-services/src/WorkloadManager/ResourceFilter.php
OK	/htdocs/application/third_party/omnipay/vendor/google/apiclient-services/src/WorkloadManager/SapDiscoveryResource.php
OK	/htdocs/application/third_party/omnipay/vendor/google/apiclient-services/src/WorkloadManager/ShellCommand.php
OK	/htdocs/application/third_party/omnipay/vendor/google/apiclient-services/src/WorkloadManager/TorsoValidation.php
OK	/htdocs/application/third_party/omnipay/vendor/google/apiclient-services/src/WorkloadManager/Resource/ProjectsLocationsEvaluationsExecutions.php
OK	/htdocs/application/third_party/omnipay/vendor/google/apiclient-services/src/WorkspaceEvents/ReactivateSubscriptionRequest.php
OK	/htdocs/application/third_party/omnipay/vendor/google/apiclient-services/src/YouTube/ActivityContentDetailsComment.php
OK	/htdocs/application/third_party/omnipay/vendor/google/apiclient-services/src/YouTube/CaptionListResponse.php
OK	/htdocs/application/third_party/omnipay/vendor/google/apiclient-services/src/YouTube/ChannelListResponse.php
OK	/htdocs/application/third_party/omnipay/vendor/google/apiclient-services/src/YouTube/ChannelStatus.php
OK	/htdocs/application/third_party/omnipay/vendor/google/apiclient-services/src/YouTube/CommentThreadSnippet.php
OK	/htdocs/application/third_party/omnipay/vendor/google/apiclient-services/src/YouTube/ImageSettings.php
OK	/htdocs/application/third_party/omnipay/vendor/google/apiclient-services/src/YouTube/LiveBroadcastStatistics.php
OK	/htdocs/application/third_party/omnipay/vendor/google/apiclient-services/src/YouTube/LiveChatMessageRetractedDetails.php
OK	/htdocs/application/third_party/omnipay/vendor/google/apiclient-services/src/YouTube/LiveChatUserBannedMessageDetails.php
OK	/htdocs/application/third_party/omnipay/vendor/google/apiclient-services/src/YouTube/MembershipsDetails.php
OK	/htdocs/application/third_party/omnipay/vendor/google/apiclient-services/src/YouTube/PlaylistImageListResponse.php
OK	/htdocs/application/third_party/omnipay/vendor/google/apiclient-services/src/YouTube/PropertyValue.php
OK	/htdocs/application/third_party/omnipay/vendor/google/apiclient-services/src/YouTube/SuperChatEventListResponse.php
OK	/htdocs/application/third_party/omnipay/vendor/google/apiclient-services/src/YouTube/TokenPagination.php
OK	/htdocs/application/third_party/omnipay/vendor/google/apiclient-services/src/YouTube/VideoContentDetailsRegionRestriction.php
OK	/htdocs/application/third_party/omnipay/vendor/google/apiclient-services/src/YouTube/VideoProcessingDetailsProcessingProgress.php
OK	/htdocs/application/third_party/omnipay/vendor/google/apiclient-services/src/YouTube/Resource/AbuseReports.php
OK	/htdocs/application/third_party/omnipay/vendor/google/apiclient-services/src/YouTube/Resource/LiveChatMessages.php
OK	/htdocs/application/third_party/omnipay/vendor/google/apiclient-services/src/YouTube/Resource/ThirdPartyLinks.php
OK	/htdocs/application/third_party/omnipay/vendor/google/apiclient-services/src/YouTube/Resource/YoutubeV3LiveChatMessages.php
OK	/htdocs/application/third_party/omnipay/vendor/google/apiclient-services/src/YouTubeAnalytics/ResultTableColumnHeader.php
OK	/htdocs/application/third_party/omnipay/vendor/google/apiclient-services/src/YouTubeReporting/GdataDownloadParameters.php
OK	/htdocs/application/third_party/omnipay/vendor/google/apiclient-services/src/YouTubeReporting/Resource/Media.php
OK	/htdocs/application/third_party/omnipay/vendor/google/auth/src/CacheTrait.php
OK	/htdocs/application/third_party/omnipay/vendor/google/auth/src/ProjectIdProviderInterface.php
OK	/htdocs/application/third_party/omnipay/vendor/google/auth/src/Credentials/ExternalAccountCredentials.php
OK	/htdocs/application/third_party/omnipay/vendor/google/auth/src/ExecutableHandler/ExecutableHandler.php
OK	/htdocs/application/third_party/omnipay/vendor/google/auth/src/Middleware/SimpleMiddleware.php
OK	/htdocs/application/third_party/omnipay/vendor/guzzlehttp/guzzle/src/functions_include.php
OK	/htdocs/application/third_party/omnipay/vendor/guzzlehttp/guzzle/src/Cookie/CookieJar.php
OK	/htdocs/application/third_party/omnipay/vendor/guzzlehttp/guzzle/src/Exception/TooManyRedirectsException.php
OK	/htdocs/application/third_party/omnipay/vendor/guzzlehttp/promises/composer.json
OK	/htdocs/application/third_party/omnipay/vendor/guzzlehttp/promises/src/PromiseInterface.php
OK	/htdocs/application/third_party/omnipay/vendor/guzzlehttp/psr7/src/BufferStream.php
OK	/htdocs/application/third_party/omnipay/vendor/guzzlehttp/psr7/src/MultipartStream.php
OK	/htdocs/application/third_party/omnipay/vendor/guzzlehttp/psr7/src/Uri.php
OK	/htdocs/application/third_party/omnipay/vendor/moneyphp/money/resources/binance.php
OK	/htdocs/application/third_party/omnipay/vendor/moneyphp/money/src/MoneyFormatter.php
OK	/htdocs/application/third_party/omnipay/vendor/moneyphp/money/src/Exception/FormatterException.php
OK	/htdocs/application/third_party/omnipay/vendor/moneyphp/money/src/Formatter/BitcoinMoneyFormatter.php
OK	/htdocs/application/third_party/omnipay/vendor/monolog/monolog/LICENSE
OK	/htdocs/application/third_party/omnipay/vendor/monolog/monolog/src/Monolog/Attribute/AsMonologProcessor.php
OK	/htdocs/application/third_party/omnipay/vendor/monolog/monolog/src/Monolog/Formatter/LineFormatter.php
OK	/htdocs/application/third_party/omnipay/vendor/monolog/monolog/src/Monolog/Handler/AmqpHandler.php
OK	/htdocs/application/third_party/omnipay/vendor/monolog/monolog/src/Monolog/Handler/FallbackGroupHandler.php
OK	/htdocs/application/third_party/omnipay/vendor/monolog/monolog/src/Monolog/Handler/HandlerWrapper.php
OK	/htdocs/application/third_party/omnipay/vendor/monolog/monolog/src/Monolog/Handler/NoopHandler.php
OK	/htdocs/application/third_party/omnipay/vendor/monolog/monolog/src/Monolog/Handler/RotatingFileHandler.php
OK	/htdocs/application/third_party/omnipay/vendor/monolog/monolog/src/Monolog/Handler/TestHandler.php
OK	/htdocs/application/third_party/omnipay/vendor/monolog/monolog/src/Monolog/Processor/HostnameProcessor.php
OK	/htdocs/application/third_party/omnipay/vendor/monolog/monolog/src/Monolog/Processor/WebProcessor.php
OK	/htdocs/application/third_party/omnipay/vendor/mpdf/mpdf/.github/CONTRIBUTING.md
OK	/htdocs/application/third_party/omnipay/vendor/mpdf/mpdf/data/lang2fonts.css
OK	/htdocs/application/third_party/omnipay/vendor/mpdf/mpdf/data/collations/Alsatian_France.php
OK	/htdocs/application/third_party/omnipay/vendor/mpdf/mpdf/data/collations/Arabic_Qatar.php
OK	/htdocs/application/third_party/omnipay/vendor/mpdf/mpdf/data/collations/Breton_France.php
OK	/htdocs/application/third_party/omnipay/vendor/mpdf/mpdf/data/collations/English_Belize.php
OK	/htdocs/application/third_party/omnipay/vendor/mpdf/mpdf/data/collations/English_United_Kingdom.php
OK	/htdocs/application/third_party/omnipay/vendor/mpdf/mpdf/data/collations/French_Switzerland.php
OK	/htdocs/application/third_party/omnipay/vendor/mpdf/mpdf/data/collations/Hungarian_Hungary.php
OK	/htdocs/application/third_party/omnipay/vendor/mpdf/mpdf/data/collations/Kiswahili_Kenya.php
OK	/htdocs/application/third_party/omnipay/vendor/mpdf/mpdf/data/collations/Norwegian_(Nynorsk)_Norway.php
OK	/htdocs/application/third_party/omnipay/vendor/mpdf/mpdf/data/collations/Sami_(Inari)_Finland.php
OK	/htdocs/application/third_party/omnipay/vendor/mpdf/mpdf/data/collations/Serbian_(Latin)_Serbia.php
OK	/htdocs/application/third_party/omnipay/vendor/mpdf/mpdf/data/collations/Spanish_El_Salvador.php
OK	/htdocs/application/third_party/omnipay/vendor/mpdf/mpdf/data/collations/Spanish_Venezuela.php
OK	/htdocs/application/third_party/omnipay/vendor/mpdf/mpdf/data/collations/Uzbek_(Latin)_Uzbekistan.php
OK	/htdocs/application/third_party/omnipay/vendor/mpdf/mpdf/data/font/chelveticabi.php
OK	/htdocs/application/third_party/omnipay/vendor/mpdf/mpdf/data/patterns/es.php
OK	/htdocs/application/third_party/omnipay/vendor/mpdf/mpdf/src/CssManager.php
OK	/htdocs/application/third_party/omnipay/vendor/mpdf/mpdf/src/Otl.php
OK	/htdocs/application/third_party/omnipay/vendor/mpdf/mpdf/src/Watermark.php
OK	/htdocs/application/third_party/omnipay/vendor/mpdf/mpdf/src/Barcode/EanUpc.php
OK	/htdocs/application/third_party/omnipay/vendor/mpdf/mpdf/src/Config/FontVariables.php
OK	/htdocs/application/third_party/omnipay/vendor/mpdf/mpdf/src/Exception/AssetFetchingException.php
OK	/htdocs/application/third_party/omnipay/vendor/mpdf/mpdf/src/Gif/Gif.php
OK	/htdocs/application/third_party/omnipay/vendor/mpdf/mpdf/src/Image/ImageProcessor.php
OK	/htdocs/application/third_party/omnipay/vendor/mpdf/mpdf/src/Shaper/Indic.php
OK	/htdocs/application/third_party/omnipay/vendor/mpdf/mpdf/src/Tag/Bdo.php
OK	/htdocs/application/third_party/omnipay/vendor/mpdf/mpdf/src/Tag/Dd.php
OK	/htdocs/application/third_party/omnipay/vendor/mpdf/mpdf/src/Tag/Footer.php
OK	/htdocs/application/third_party/omnipay/vendor/mpdf/mpdf/src/Tag/I.php
OK	/htdocs/application/third_party/omnipay/vendor/mpdf/mpdf/src/Tag/Meter.php
OK	/htdocs/application/third_party/omnipay/vendor/mpdf/mpdf/src/Tag/Q.php
OK	/htdocs/application/third_party/omnipay/vendor/mpdf/mpdf/src/Tag/Strong.php
OK	/htdocs/application/third_party/omnipay/vendor/mpdf/mpdf/src/Tag/Th.php
OK	/htdocs/application/third_party/omnipay/vendor/mpdf/mpdf/src/Tag/Ul.php
OK	/htdocs/application/third_party/omnipay/vendor/mpdf/mpdf/src/Writer/FontWriter.php
OK	/htdocs/application/third_party/omnipay/vendor/mpdf/mpdf/ttfonts/Aegean.otf
OK	/htdocs/application/third_party/omnipay/vendor/mpdf/mpdf/ttfonts/DejaVuSansCondensed-BoldOblique.ttf
OK	/htdocs/application/third_party/omnipay/vendor/mpdf/mpdf/ttfonts/DejaVuSerifCondensed-BoldItalic.ttf
OK	/htdocs/application/third_party/omnipay/vendor/mpdf/mpdf/ttfonts/FreeSansBold.ttf
OK	/htdocs/application/third_party/omnipay/vendor/mpdf/mpdf/ttfonts/Jomolhari-OFL.txt
OK	/htdocs/application/third_party/omnipay/vendor/mpdf/mpdf/ttfonts/Padauk-book.ttf
OK	/htdocs/application/third_party/omnipay/vendor/mpdf/mpdf/ttfonts/TharlonOFL.txt
OK	/htdocs/application/third_party/omnipay/vendor/mpdf/psr-http-message-shim/src/Response.php
OK	/htdocs/application/third_party/omnipay/vendor/mtdowling/jmespath.php/bin/jp.php
OK	/htdocs/application/third_party/omnipay/vendor/mtdowling/jmespath.php/src/TreeInterpreter.php
OK	/htdocs/application/third_party/omnipay/vendor/myclabs/deep-copy/src/DeepCopy/Filter/ReplaceFilter.php
OK	/htdocs/application/third_party/omnipay/vendor/myclabs/deep-copy/src/DeepCopy/TypeFilter/ShallowCopyFilter.php
OK	/htdocs/application/third_party/omnipay/vendor/omnipay/common/UPGRADE.md
OK	/htdocs/application/third_party/omnipay/vendor/omnipay/common/src/Common/ItemInterface.php
OK	/htdocs/application/third_party/omnipay/vendor/omnipay/common/src/Common/Http/Exception/NetworkException.php
OK	/htdocs/application/third_party/omnipay/vendor/omnipay/paypal/composer.json
OK	/htdocs/application/third_party/omnipay/vendor/omnipay/paypal/src/PayPalItemBag.php
OK	/htdocs/application/third_party/omnipay/vendor/omnipay/paypal/src/Message/ExpressFetchCheckoutRequest.php
OK	/htdocs/application/third_party/omnipay/vendor/omnipay/paypal/src/Message/Response.php
OK	/htdocs/application/third_party/omnipay/vendor/omnipay/paypal/src/Message/RestFetchPurchaseRequest.php
OK	/htdocs/application/third_party/omnipay/vendor/omnipay/paypal/src/Message/RestTokenRequest.php
OK	/htdocs/application/third_party/omnipay/vendor/omnipay/paypal/tests/Message/ExpressAuthorizeRequestTest.php
OK	/htdocs/application/third_party/omnipay/vendor/omnipay/paypal/tests/Message/ProPurchaseRequestTest.php
OK	/htdocs/application/third_party/omnipay/vendor/omnipay/paypal/tests/Message/RestDeleteCardRequestTest.php
OK	/htdocs/application/third_party/omnipay/vendor/omnipay/paypal/tests/Message/RestVerifyWebhookSignatureResponseTest.php
OK	/htdocs/application/third_party/omnipay/vendor/omnipay/paypal/tests/Mock/ExpressVoidSuccess.txt
OK	/htdocs/application/third_party/omnipay/vendor/omnipay/paypal/tests/Mock/RestPurchaseSuccess.txt
OK	/htdocs/application/third_party/omnipay/vendor/omnipay/stripe/phpunit.xml.dist
OK	/htdocs/application/third_party/omnipay/vendor/omnipay/stripe/src/Message/CancelSubscriptionRequest.php
OK	/htdocs/application/third_party/omnipay/vendor/omnipay/stripe/src/Message/DeleteCouponRequest.php
OK	/htdocs/application/third_party/omnipay/vendor/omnipay/stripe/src/Message/FetchInvoiceLinesRequest.php
OK	/htdocs/application/third_party/omnipay/vendor/omnipay/stripe/src/Message/RefundRequest.php
OK	/htdocs/application/third_party/omnipay/vendor/omnipay/stripe/src/Message/PaymentIntents/AuthorizeRequest.php
OK	/htdocs/application/third_party/omnipay/vendor/omnipay/stripe/src/Message/SetupIntents/CreateSetupIntentRequest.php
OK	/htdocs/application/third_party/omnipay/vendor/omnipay/stripe/tests/CheckoutGatewayTest.php
OK	/htdocs/application/third_party/omnipay/vendor/omnipay/stripe/tests/Message/CreateTokenRequestTest.php
OK	/htdocs/application/third_party/omnipay/vendor/omnipay/stripe/tests/Message/FetchEventRequestTest.php
OK	/htdocs/application/third_party/omnipay/vendor/omnipay/stripe/tests/Message/ListPlansTest.php
OK	/htdocs/application/third_party/omnipay/vendor/omnipay/stripe/tests/Message/PaymentIntents/AuthorizeRequestTest.php
OK	/htdocs/application/third_party/omnipay/vendor/omnipay/stripe/tests/Message/PaymentIntents/Mock/AttachPaymentMethodSuccess.txt
OK	/htdocs/application/third_party/omnipay/vendor/omnipay/stripe/tests/Message/PaymentIntents/Mock/DetachPaymentMethodFailure.txt
OK	/htdocs/application/third_party/omnipay/vendor/omnipay/stripe/tests/Message/Transfers/FetchTransferRequestTest.php
OK	/htdocs/application/third_party/omnipay/vendor/omnipay/stripe/tests/Mock/CreateCouponFailure.txt
OK	/htdocs/application/third_party/omnipay/vendor/omnipay/stripe/tests/Mock/DeleteCardFailure.txt
OK	/htdocs/application/third_party/omnipay/vendor/omnipay/stripe/tests/Mock/FetchApplicationFeeFailure.txt
OK	/htdocs/application/third_party/omnipay/vendor/omnipay/stripe/tests/Mock/FetchInvoiceFailure.txt
OK	/htdocs/application/third_party/omnipay/vendor/omnipay/stripe/tests/Mock/FetchSubscriptionSchedulesSuccess.txt
OK	/htdocs/application/third_party/omnipay/vendor/omnipay/stripe/tests/Mock/PurchaseFailureWithoutCode.txt
OK	/htdocs/application/third_party/omnipay/vendor/omnipay/stripe/tests/Mock/UpdateSubscriptionFailure.txt
OK	/htdocs/application/third_party/omnipay/vendor/omnipay/stripe/tests/Mock/Transfers/ListTransferReversalsSuccess.txt
OK	/htdocs/application/third_party/omnipay/vendor/paragonie/constant_time_encoding/src/Binary.php
OK	/htdocs/application/third_party/omnipay/vendor/paragonie/random_compat/lib/random.php
OK	/htdocs/application/third_party/omnipay/vendor/php-http/discovery/src/NotFoundException.php
OK	/htdocs/application/third_party/omnipay/vendor/php-http/discovery/src/Exception/PuliUnavailableException.php
OK	/htdocs/application/third_party/omnipay/vendor/php-http/guzzle7-adapter/psalm.xml
OK	/htdocs/application/third_party/omnipay/vendor/php-http/httplug/src/HttpAsyncClient.php
OK	/htdocs/application/third_party/omnipay/vendor/php-http/message/composer.json
OK	/htdocs/application/third_party/omnipay/vendor/php-http/message/src/Authentication/AutoBasicAuth.php
OK	/htdocs/application/third_party/omnipay/vendor/php-http/message/src/Decorator/ResponseDecorator.php
OK	/htdocs/application/third_party/omnipay/vendor/php-http/message/src/Exception/UnexpectedValueException.php
OK	/htdocs/application/third_party/omnipay/vendor/php-http/message/src/StreamFactory/GuzzleStreamFactory.php
OK	/htdocs/application/third_party/omnipay/vendor/php-http/message-factory/src/RequestFactory.php
OK	/htdocs/application/third_party/omnipay/vendor/phpseclib/phpseclib/AUTHORS
OK	/htdocs/application/third_party/omnipay/vendor/phpseclib/phpseclib/phpseclib/Crypt/DH.php
OK	/htdocs/application/third_party/omnipay/vendor/phpseclib/phpseclib/phpseclib/Crypt/Twofish.php
OK	/htdocs/application/third_party/omnipay/vendor/phpseclib/phpseclib/phpseclib/Crypt/Common/Formats/Keys/PuTTY.php
OK	/htdocs/application/third_party/omnipay/vendor/phpseclib/phpseclib/phpseclib/Crypt/DSA/Formats/Keys/OpenSSH.php
OK	/htdocs/application/third_party/omnipay/vendor/phpseclib/phpseclib/phpseclib/Crypt/EC/BaseCurves/Base.php
OK	/htdocs/application/third_party/omnipay/vendor/phpseclib/phpseclib/phpseclib/Crypt/EC/Curves/brainpoolP256r1.php
OK	/htdocs/application/third_party/omnipay/vendor/phpseclib/phpseclib/phpseclib/Crypt/EC/Curves/nistb233.php
OK	/htdocs/application/third_party/omnipay/vendor/phpseclib/phpseclib/phpseclib/Crypt/EC/Curves/prime192v1.php
OK	/htdocs/application/third_party/omnipay/vendor/phpseclib/phpseclib/phpseclib/Crypt/EC/Curves/secp160r1.php
OK	/htdocs/application/third_party/omnipay/vendor/phpseclib/phpseclib/phpseclib/Crypt/EC/Curves/sect131r1.php
OK	/htdocs/application/third_party/omnipay/vendor/phpseclib/phpseclib/phpseclib/Crypt/EC/Curves/sect409k1.php
OK	/htdocs/application/third_party/omnipay/vendor/phpseclib/phpseclib/phpseclib/Crypt/EC/Formats/Keys/PuTTY.php
OK	/htdocs/application/third_party/omnipay/vendor/phpseclib/phpseclib/phpseclib/Crypt/RSA/Formats/Keys/PKCS8.php
OK	/htdocs/application/third_party/omnipay/vendor/phpseclib/phpseclib/phpseclib/Exception/InvalidPacketLengthException.php
OK	/htdocs/application/third_party/omnipay/vendor/phpseclib/phpseclib/phpseclib/File/ASN1/Element.php
OK	/htdocs/application/third_party/omnipay/vendor/phpseclib/phpseclib/phpseclib/File/ASN1/Maps/BaseDistance.php
OK	/htdocs/application/third_party/omnipay/vendor/phpseclib/phpseclib/phpseclib/File/ASN1/Maps/CertPolicyId.php
OK	/htdocs/application/third_party/omnipay/vendor/phpseclib/phpseclib/phpseclib/File/ASN1/Maps/DistributionPoint.php
OK	/htdocs/application/third_party/omnipay/vendor/phpseclib/phpseclib/phpseclib/File/ASN1/Maps/EncryptedPrivateKeyInfo.php
OK	/htdocs/application/third_party/omnipay/vendor/phpseclib/phpseclib/phpseclib/File/ASN1/Maps/HashAlgorithm.php
OK	/htdocs/application/third_party/omnipay/vendor/phpseclib/phpseclib/phpseclib/File/ASN1/Maps/netscape_cert_type.php
OK	/htdocs/application/third_party/omnipay/vendor/phpseclib/phpseclib/phpseclib/File/ASN1/Maps/PBES2params.php
OK	/htdocs/application/third_party/omnipay/vendor/phpseclib/phpseclib/phpseclib/File/ASN1/Maps/PrivateDomainName.php
OK	/htdocs/application/third_party/omnipay/vendor/phpseclib/phpseclib/phpseclib/File/ASN1/Maps/RSAPrivateKey.php
OK	/htdocs/application/third_party/omnipay/vendor/phpseclib/phpseclib/phpseclib/File/ASN1/Maps/Time.php
OK	/htdocs/application/third_party/omnipay/vendor/phpseclib/phpseclib/phpseclib/Math/BigInteger/Engines/PHP.php
OK	/htdocs/application/third_party/omnipay/vendor/phpseclib/phpseclib/phpseclib/Math/BigInteger/Engines/PHP/Montgomery.php
OK	/htdocs/application/third_party/omnipay/vendor/phpseclib/phpseclib/phpseclib/Net/SFTP.php
OK	/htdocs/application/third_party/omnipay/vendor/psr/cache/src/CacheItemPoolInterface.php
OK	/htdocs/application/third_party/omnipay/vendor/psr/http-factory/README.md
OK	/htdocs/application/third_party/omnipay/vendor/psr/http-message/docs/PSR7-Usage.md
OK	/htdocs/application/third_party/omnipay/vendor/psr/log/src/InvalidArgumentException.php
OK	/htdocs/application/third_party/omnipay/vendor/setasign/fpdi/LICENSE.txt
OK	/htdocs/application/third_party/omnipay/vendor/setasign/fpdi/src/Math/Matrix.php
OK	/htdocs/application/third_party/omnipay/vendor/setasign/fpdi/src/PdfParser/Filter/Ascii85.php
OK	/htdocs/application/third_party/omnipay/vendor/setasign/fpdi/src/PdfParser/Type/PdfHexString.php
OK	/htdocs/application/third_party/omnipay/vendor/setasign/fpdi/src/PdfReader/PageBoundaries.php
OK	/htdocs/application/third_party/omnipay/vendor/sonata-project/google-authenticator/sample/tmpl/loggedin.php
OK	/htdocs/application/third_party/omnipay/vendor/stripe/stripe-php/CHANGELOG.md
OK	/htdocs/application/third_party/omnipay/vendor/stripe/stripe-php/lib/ApiRequestor.php
OK	/htdocs/application/third_party/omnipay/vendor/stripe/stripe-php/lib/Capability.php
OK	/htdocs/application/third_party/omnipay/vendor/stripe/stripe-php/lib/CustomerBalanceTransaction.php
OK	/htdocs/application/third_party/omnipay/vendor/stripe/stripe-php/lib/Invoice.php
OK	/htdocs/application/third_party/omnipay/vendor/stripe/stripe-php/lib/PaymentIntent.php
OK	/htdocs/application/third_party/omnipay/vendor/stripe/stripe-php/lib/PromotionCode.php
OK	/htdocs/application/third_party/omnipay/vendor/stripe/stripe-php/lib/SetupIntent.php
OK	/htdocs/application/third_party/omnipay/vendor/stripe/stripe-php/lib/SubscriptionItem.php
OK	/htdocs/application/third_party/omnipay/vendor/stripe/stripe-php/lib/Webhook.php
OK	/htdocs/application/third_party/omnipay/vendor/stripe/stripe-php/lib/Apps/Secret.php
OK	/htdocs/application/third_party/omnipay/vendor/stripe/stripe-php/lib/Capital/FinancingTransaction.php
OK	/htdocs/application/third_party/omnipay/vendor/stripe/stripe-php/lib/Exception/CardException.php
OK	/htdocs/application/third_party/omnipay/vendor/stripe/stripe-php/lib/Exception/OAuth/InvalidGrantException.php
OK	/htdocs/application/third_party/omnipay/vendor/stripe/stripe-php/lib/FinancialConnections/Session.php
OK	/htdocs/application/third_party/omnipay/vendor/stripe/stripe-php/lib/Issuing/CardDetails.php
OK	/htdocs/application/third_party/omnipay/vendor/stripe/stripe-php/lib/Radar/ValueListItem.php
OK	/htdocs/application/third_party/omnipay/vendor/stripe/stripe-php/lib/Service/BalanceTransactionService.php
OK	/htdocs/application/third_party/omnipay/vendor/stripe/stripe-php/lib/Service/ExchangeRateService.php
OK	/htdocs/application/third_party/omnipay/vendor/stripe/stripe-php/lib/Service/PaymentMethodConfigurationService.php
OK	/htdocs/application/third_party/omnipay/vendor/stripe/stripe-php/lib/Service/SetupIntentService.php
OK	/htdocs/application/third_party/omnipay/vendor/stripe/stripe-php/lib/Service/WebhookEndpointService.php
OK	/htdocs/application/third_party/omnipay/vendor/stripe/stripe-php/lib/Service/Capital/FinancingOfferService.php
OK	/htdocs/application/third_party/omnipay/vendor/stripe/stripe-php/lib/Service/FinancialConnections/AccountService.php
OK	/htdocs/application/third_party/omnipay/vendor/stripe/stripe-php/lib/Service/Identity/VerificationSessionService.php
OK	/htdocs/application/third_party/omnipay/vendor/stripe/stripe-php/lib/Service/Radar/EarlyFraudWarningService.php
OK	/htdocs/application/third_party/omnipay/vendor/stripe/stripe-php/lib/Service/Tax/RegistrationService.php
OK	/htdocs/application/third_party/omnipay/vendor/stripe/stripe-php/lib/Service/TestHelpers/RefundService.php
OK	/htdocs/application/third_party/omnipay/vendor/stripe/stripe-php/lib/Service/TestHelpers/Treasury/OutboundTransferService.php
OK	/htdocs/application/third_party/omnipay/vendor/stripe/stripe-php/lib/Service/Treasury/TransactionEntryService.php
OK	/htdocs/application/third_party/omnipay/vendor/stripe/stripe-php/lib/Terminal/Configuration.php
OK	/htdocs/application/third_party/omnipay/vendor/stripe/stripe-php/lib/Treasury/OutboundTransfer.php
OK	/htdocs/application/third_party/omnipay/vendor/stripe/stripe-php/lib/Util/Set.php
OK	/htdocs/application/third_party/omnipay/vendor/symfony/http-foundation/composer.json
OK	/htdocs/application/third_party/omnipay/vendor/symfony/http-foundation/RedirectResponse.php
OK	/htdocs/application/third_party/omnipay/vendor/symfony/http-foundation/Exception/BadRequestException.php
OK	/htdocs/application/third_party/omnipay/vendor/symfony/http-foundation/File/Exception/ExtensionFileException.php
OK	/htdocs/application/third_party/omnipay/vendor/symfony/http-foundation/RateLimiter/RequestRateLimiterInterface.php
OK	/htdocs/application/third_party/omnipay/vendor/symfony/http-foundation/Session/SessionBagInterface.php
OK	/htdocs/application/third_party/omnipay/vendor/symfony/http-foundation/Session/Storage/MockArraySessionStorage.php
OK	/htdocs/application/third_party/omnipay/vendor/symfony/http-foundation/Session/Storage/Handler/MemcachedSessionHandler.php
OK	/htdocs/application/third_party/omnipay/vendor/symfony/http-foundation/Test/Constraint/ResponseCookieValueSame.php
OK	/htdocs/application/third_party/omnipay/vendor/symfony/polyfill-mbstring/composer.json
OK	/htdocs/application/third_party/omnipay/vendor/symfony/polyfill-php83/Php83.php
OK	/htdocs/application/third_party/omnipay/vendor/symfony/polyfill-php83/Resources/stubs/SQLite3Exception.php
OK	/htdocs/application/views/share.php
OK	/htdocs/application/views/admin/search.php
OK	/htdocs/application/views/admin/admitcard/createadmitcard.php
OK	/htdocs/application/views/admin/book/editbook.php
OK	/htdocs/application/views/admin/certificate/preview_certificate.php
OK	/htdocs/application/views/admin/chat/chats.php
OK	/htdocs/application/views/admin/contenttype/edit.php
OK	/htdocs/application/views/admin/examgroup/addexam.php
OK	/htdocs/application/views/admin/examgroup/_partialexamSubjectDropdown.php
OK	/htdocs/application/views/admin/examresult/_printpdfmarksheet.php
OK	/htdocs/application/views/admin/expensehead/expenseheadShow.php
OK	/htdocs/application/views/admin/feetype/feetypeEdit.php
OK	/htdocs/application/views/admin/front/gallery/index.php
OK	/htdocs/application/views/admin/front/pages/edit.php
OK	/htdocs/application/views/admin/frontoffice/enquiryeditmodalview.php
OK	/htdocs/application/views/admin/frontoffice/referenceeditview.php
OK	/htdocs/application/views/admin/grade/creategrade.php
OK	/htdocs/application/views/admin/incomehead/incomeheadCreate.php
OK	/htdocs/application/views/admin/itemstock/itemList.php
OK	/htdocs/application/views/admin/language/migratelang.php
OK	/htdocs/application/views/admin/librarian/_student.php
OK	/htdocs/application/views/admin/mailsms/schedule/sms/edit_sms_class.php
OK	/htdocs/application/views/admin/marksheet/editmarksheet.php
OK	/htdocs/application/views/admin/notification/_notification.php
OK	/htdocs/application/views/admin/onlineexam/_getstudentresult.php
OK	/htdocs/application/views/admin/payroll/payslipview.php
OK	/htdocs/application/views/admin/question/_addform.php
OK	/htdocs/application/views/admin/roomtype/create.php
OK	/htdocs/application/views/admin/staff/disablestaff.php
OK	/htdocs/application/views/admin/staffattendance/staffattendancelist.php
OK	/htdocs/application/views/admin/subjectattendence/reportbydate.php
OK	/htdocs/application/views/admin/teacher/assignTeacher.php
OK	/htdocs/application/views/admin/timetable/timetableList.php
OK	/htdocs/application/views/admin/transfercertificate/verify_tc.php
OK	/htdocs/application/views/admin/video_tutorial/index.php
OK	/htdocs/application/views/balancefees/index.php
OK	/htdocs/application/views/errors/error_message.php
OK	/htdocs/application/views/errors/html/error_general.php
OK	/htdocs/application/views/financereports/expensegroup.php
OK	/htdocs/application/views/financereports/_feeCollectionStudentDeposit.php
OK	/htdocs/application/views/homework/homework_evaluation.php
OK	/htdocs/application/views/layout/theme-color.php
OK	/htdocs/application/views/onlineadmission/dpopay/index.php
OK	/htdocs/application/views/onlineadmission/payhere/index.php
OK	/htdocs/application/views/onlineadmission/toyyibpay/index.php
OK	/htdocs/application/views/print/print_fee_receipt_pdf.php
OK	/htdocs/application/views/reports/bookduereport.php
OK	/htdocs/application/views/reports/leaverequestreport.php
OK	/htdocs/application/views/reports/pdfStudentDeposite.php
OK	/htdocs/application/views/reports/student_ratio_report.php
OK	/htdocs/application/views/reports/_library.php
OK	/htdocs/application/views/setting/backendtheme.php
OK	/htdocs/application/views/setting/settingList.php
OK	/htdocs/application/views/student/parentlanguageSwitcher.php
OK	/htdocs/application/views/studentfee/reportByClass.php
OK	/htdocs/application/views/themes/bold_blue/layout.php
OK	/htdocs/application/views/themes/darkgray/footer.php
OK	/htdocs/application/views/themes/darkgray/pages/page.php
OK	/htdocs/application/views/themes/default/pages/editadmission.php
OK	/htdocs/application/views/themes/material_pink/social_media.php
OK	/htdocs/application/views/themes/shadow_white/header.php
OK	/htdocs/application/views/themes/shadow_white/pages/read.php
OK	/htdocs/application/views/themes/yellow/pages/examresult.php
OK	/htdocs/application/views/user/paymentfailed.php
OK	/htdocs/application/views/user/chat/_chatupdate.php
OK	/htdocs/application/views/user/gateway/billplz/index.php
OK	/htdocs/application/views/user/gateway/midtrans/index.php
OK	/htdocs/application/views/user/gateway/pesapal/index.php
OK	/htdocs/application/views/user/homework/dailyassignmentlist.php
OK	/htdocs/application/views/user/onlineexam/view.php
OK	/htdocs/application/views/user/syllabus/status.php
DONE	2993	0
